route;date;hour;prediction
1;2025-11-01;0;3
1;2025-11-01;1;0
1;2025-11-01;2;0
1;2025-11-01;3;0
1;2025-11-01;4;7
1;2025-11-01;5;105
1;2025-11-01;6;461
1;2025-11-01;7;1354
1;2025-11-01;8;1797
1;2025-11-01;9;1447
1;2025-11-01;10;1374
1;2025-11-01;11;1367
1;2025-11-01;12;1432
1;2025-11-01;13;1477
1;2025-11-01;14;1436
1;2025-11-01;15;1507
1;2025-11-01;16;1530
1;2025-11-01;17;1717
1;2025-11-01;18;1616
1;2025-11-01;19;1233
1;2025-11-01;20;826
1;2025-11-01;21;449
1;2025-11-01;22;152
1;2025-11-01;23;30
1;2025-11-02;0;0
1;2025-11-02;1;0
1;2025-11-02;2;0
1;2025-11-02;3;0
1;2025-11-02;4;0
1;2025-11-02;5;0
1;2025-11-02;6;110
1;2025-11-02;7;227
1;2025-11-02;8;326
1;2025-11-02;9;528
1;2025-11-02;10;630
1;2025-11-02;11;650
1;2025-11-02;12;775
1;2025-11-02;13;801
1;2025-11-02;14;763
1;2025-11-02;15;694
1;2025-11-02;16;669
1;2025-11-02;17;630
1;2025-11-02;18;524
1;2025-11-02;19;408
1;2025-11-02;20;310
1;2025-11-02;21;217
1;2025-11-02;22;46
1;2025-11-02;23;3
1;2025-11-03;0;0
1;2025-11-03;1;0
1;2025-11-03;2;0
1;2025-11-03;3;0
1;2025-11-03;4;0
1;2025-11-03;5;11
1;2025-11-03;6;154
1;2025-11-03;7;320
1;2025-11-03;8;479
1;2025-11-03;9;610
1;2025-11-03;10;658
1;2025-11-03;11;645
1;2025-11-03;12;749
1;2025-11-03;13;757
1;2025-11-03;14;722
1;2025-11-03;15;672
1;2025-11-03;16;708
1;2025-11-03;17;710
1;2025-11-03;18;667
1;2025-11-03;19;545
1;2025-11-03;20;347
1;2025-11-03;21;252
1;2025-11-03;22;69
1;2025-11-03;23;18
1;2025-11-04;0;2
1;2025-11-04;1;0
1;2025-11-04;2;0
1;2025-11-04;3;0
1;2025-11-04;4;0
1;2025-11-04;5;13
1;2025-11-04;6;160
1;2025-11-04;7;337
1;2025-11-04;8;409
1;2025-11-04;9;539
1;2025-11-04;10;590
1;2025-11-04;11;563
1;2025-11-04;12;630
1;2025-11-04;13;660
1;2025-11-04;14;689
1;2025-11-04;15;652
1;2025-11-04;16;644
1;2025-11-04;17;641
1;2025-11-04;18;602
1;2025-11-04;19;507
1;2025-11-04;20;357
1;2025-11-04;21;262
1;2025-11-04;22;74
1;2025-11-04;23;15
1;2025-11-05;0;5
1;2025-11-05;1;0
1;2025-11-05;2;0
1;2025-11-05;3;0
1;2025-11-05;4;5
1;2025-11-05;5;112
1;2025-11-05;6;470
1;2025-11-05;7;1397
1;2025-11-05;8;1895
1;2025-11-05;9;1443
1;2025-11-05;10;1358
1;2025-11-05;11;1346
1;2025-11-05;12;1399
1;2025-11-05;13;1442
1;2025-11-05;14;1372
1;2025-11-05;15;1439
1;2025-11-05;16;1480
1;2025-11-05;17;1739
1;2025-11-05;18;1762
1;2025-11-05;19;1351
1;2025-11-05;20;852
1;2025-11-05;21;457
1;2025-11-05;22;177
1;2025-11-05;23;35
1;2025-11-06;0;5
1;2025-11-06;1;0
1;2025-11-06;2;0
1;2025-11-06;3;0
1;2025-11-06;4;5
1;2025-11-06;5;110
1;2025-11-06;6;483
1;2025-11-06;7;1419
1;2025-11-06;8;1913
1;2025-11-06;9;1470
1;2025-11-06;10;1375
1;2025-11-06;11;1313
1;2025-11-06;12;1406
1;2025-11-06;13;1436
1;2025-11-06;14;1373
1;2025-11-06;15;1432
1;2025-11-06;16;1486
1;2025-11-06;17;1740
1;2025-11-06;18;1775
1;2025-11-06;19;1352
1;2025-11-06;20;819
1;2025-11-06;21;456
1;2025-11-06;22;181
1;2025-11-06;23;32
1;2025-11-07;0;7
1;2025-11-07;1;0
1;2025-11-07;2;0
1;2025-11-07;3;0
1;2025-11-07;4;8
1;2025-11-07;5;123
1;2025-11-07;6;477
1;2025-11-07;7;1393
1;2025-11-07;8;1851
1;2025-11-07;9;1400
1;2025-11-07;10;1348
1;2025-11-07;11;1351
1;2025-11-07;12;1397
1;2025-11-07;13;1445
1;2025-11-07;14;1374
1;2025-11-07;15;1482
1;2025-11-07;16;1569
1;2025-11-07;17;1744
1;2025-11-07;18;1608
1;2025-11-07;19;1246
1;2025-11-07;20;797
1;2025-11-07;21;463
1;2025-11-07;22;192
1;2025-11-07;23;53
1;2025-11-08;0;11
1;2025-11-08;1;0
1;2025-11-08;2;0
1;2025-11-08;3;0
1;2025-11-08;4;0
1;2025-11-08;5;21
1;2025-11-08;6;151
1;2025-11-08;7;348
1;2025-11-08;8;508
1;2025-11-08;9;758
1;2025-11-08;10;858
1;2025-11-08;11;820
1;2025-11-08;12;931
1;2025-11-08;13;962
1;2025-11-08;14;928
1;2025-11-08;15;856
1;2025-11-08;16;823
1;2025-11-08;17;773
1;2025-11-08;18;650
1;2025-11-08;19;577
1;2025-11-08;20;394
1;2025-11-08;21;277
1;2025-11-08;22;84
1;2025-11-08;23;26
1;2025-11-09;0;1
1;2025-11-09;1;0
1;2025-11-09;2;0
1;2025-11-09;3;0
1;2025-11-09;4;0
1;2025-11-09;5;12
1;2025-11-09;6;131
1;2025-11-09;7;251
1;2025-11-09;8;345
1;2025-11-09;9;548
1;2025-11-09;10;652
1;2025-11-09;11;656
1;2025-11-09;12;767
1;2025-11-09;13;793
1;2025-11-09;14;756
1;2025-11-09;15;684
1;2025-11-09;16;652
1;2025-11-09;17;613
1;2025-11-09;18;503
1;2025-11-09;19;398
1;2025-11-09;20;296
1;2025-11-09;21;217
1;2025-11-09;22;48
1;2025-11-09;23;4
1;2025-11-10;0;0
1;2025-11-10;1;0
1;2025-11-10;2;0
1;2025-11-10;3;0
1;2025-11-10;4;7
1;2025-11-10;5;109
1;2025-11-10;6;465
1;2025-11-10;7;1404
1;2025-11-10;8;1877
1;2025-11-10;9;1426
1;2025-11-10;10;1317
1;2025-11-10;11;1293
1;2025-11-10;12;1356
1;2025-11-10;13;1381
1;2025-11-10;14;1324
1;2025-11-10;15;1411
1;2025-11-10;16;1459
1;2025-11-10;17;1720
1;2025-11-10;18;1722
1;2025-11-10;19;1345
1;2025-11-10;20;824
1;2025-11-10;21;417
1;2025-11-10;22;144
1;2025-11-10;23;16
1;2025-11-11;0;0
1;2025-11-11;1;0
1;2025-11-11;2;0
1;2025-11-11;3;0
1;2025-11-11;4;6
1;2025-11-11;5;100
1;2025-11-11;6;465
1;2025-11-11;7;1422
1;2025-11-11;8;1909
1;2025-11-11;9;1453
1;2025-11-11;10;1345
1;2025-11-11;11;1312
1;2025-11-11;12;1372
1;2025-11-11;13;1412
1;2025-11-11;14;1346
1;2025-11-11;15;1408
1;2025-11-11;16;1446
1;2025-11-11;17;1709
1;2025-11-11;18;1743
1;2025-11-11;19;1345
1;2025-11-11;20;832
1;2025-11-11;21;431
1;2025-11-11;22;158
1;2025-11-11;23;16
1;2025-11-12;0;0
1;2025-11-12;1;0
1;2025-11-12;2;0
1;2025-11-12;3;0
1;2025-11-12;4;6
1;2025-11-12;5;108
1;2025-11-12;6;471
1;2025-11-12;7;1405
1;2025-11-12;8;1897
1;2025-11-12;9;1451
1;2025-11-12;10;1337
1;2025-11-12;11;1310
1;2025-11-12;12;1384
1;2025-11-12;13;1413
1;2025-11-12;14;1339
1;2025-11-12;15;1410
1;2025-11-12;16;1458
1;2025-11-12;17;1719
1;2025-11-12;18;1737
1;2025-11-12;19;1333
1;2025-11-12;20;831
1;2025-11-12;21;439
1;2025-11-12;22;167
1;2025-11-12;23;21
1;2025-11-13;0;0
1;2025-11-13;1;0
1;2025-11-13;2;0
1;2025-11-13;3;0
1;2025-11-13;4;7
1;2025-11-13;5;94
1;2025-11-13;6;455
1;2025-11-13;7;1389
1;2025-11-13;8;1897
1;2025-11-13;9;1447
1;2025-11-13;10;1352
1;2025-11-13;11;1328
1;2025-11-13;12;1404
1;2025-11-13;13;1425
1;2025-11-13;14;1376
1;2025-11-13;15;1453
1;2025-11-13;16;1497
1;2025-11-13;17;1742
1;2025-11-13;18;1767
1;2025-11-13;19;1341
1;2025-11-13;20;841
1;2025-11-13;21;441
1;2025-11-13;22;154
1;2025-11-13;23;20
1;2025-11-14;0;0
1;2025-11-14;1;0
1;2025-11-14;2;0
1;2025-11-14;3;0
1;2025-11-14;4;7
1;2025-11-14;5;105
1;2025-11-14;6;453
1;2025-11-14;7;1364
1;2025-11-14;8;1837
1;2025-11-14;9;1414
1;2025-11-14;10;1335
1;2025-11-14;11;1332
1;2025-11-14;12;1390
1;2025-11-14;13;1430
1;2025-11-14;14;1367
1;2025-11-14;15;1478
1;2025-11-14;16;1547
1;2025-11-14;17;1728
1;2025-11-14;18;1596
1;2025-11-14;19;1235
1;2025-11-14;20;792
1;2025-11-14;21;440
1;2025-11-14;22;169
1;2025-11-14;23;34
1;2025-11-15;0;0
1;2025-11-15;1;0
1;2025-11-15;2;0
1;2025-11-15;3;0
1;2025-11-15;4;2
1;2025-11-15;5;3
1;2025-11-15;6;135
1;2025-11-15;7;326
1;2025-11-15;8;471
1;2025-11-15;9;658
1;2025-11-15;10;741
1;2025-11-15;11;696
1;2025-11-15;12;802
1;2025-11-15;13;900
1;2025-11-15;14;898
1;2025-11-15;15;815
1;2025-11-15;16;766
1;2025-11-15;17;748
1;2025-11-15;18;614
1;2025-11-15;19;547
1;2025-11-15;20;371
1;2025-11-15;21;252
1;2025-11-15;22;61
1;2025-11-15;23;8
1;2025-11-16;0;0
1;2025-11-16;1;0
1;2025-11-16;2;0
1;2025-11-16;3;0
1;2025-11-16;4;0
1;2025-11-16;5;0
1;2025-11-16;6;114
1;2025-11-16;7;237
1;2025-11-16;8;335
1;2025-11-16;9;547
1;2025-11-16;10;651
1;2025-11-16;11;660
1;2025-11-16;12;768
1;2025-11-16;13;792
1;2025-11-16;14;750
1;2025-11-16;15;679
1;2025-11-16;16;642
1;2025-11-16;17;620
1;2025-11-16;18;507
1;2025-11-16;19;410
1;2025-11-16;20;303
1;2025-11-16;21;220
1;2025-11-16;22;50
1;2025-11-16;23;6
1;2025-11-17;0;0
1;2025-11-17;1;0
1;2025-11-17;2;0
1;2025-11-17;3;0
1;2025-11-17;4;10
1;2025-11-17;5;106
1;2025-11-17;6;469
1;2025-11-17;7;1408
1;2025-11-17;8;1885
1;2025-11-17;9;1427
1;2025-11-17;10;1326
1;2025-11-17;11;1294
1;2025-11-17;12;1347
1;2025-11-17;13;1300
1;2025-11-17;14;1301
1;2025-11-17;15;1396
1;2025-11-17;16;1447
1;2025-11-17;17;1712
1;2025-11-17;18;1719
1;2025-11-17;19;1344
1;2025-11-17;20;820
1;2025-11-17;21;408
1;2025-11-17;22;139
1;2025-11-17;23;10
1;2025-11-18;0;0
1;2025-11-18;1;0
1;2025-11-18;2;0
1;2025-11-18;3;0
1;2025-11-18;4;8
1;2025-11-18;5;71
1;2025-11-18;6;482
1;2025-11-18;7;1436
1;2025-11-18;8;1908
1;2025-11-18;9;1400
1;2025-11-18;10;1285
1;2025-11-18;11;1335
1;2025-11-18;12;1403
1;2025-11-18;13;1371
1;2025-11-18;14;1297
1;2025-11-18;15;1421
1;2025-11-18;16;1456
1;2025-11-18;17;1715
1;2025-11-18;18;1744
1;2025-11-18;19;1342
1;2025-11-18;20;832
1;2025-11-18;21;434
1;2025-11-18;22;158
1;2025-11-18;23;17
1;2025-11-19;0;0
1;2025-11-19;1;0
1;2025-11-19;2;0
1;2025-11-19;3;0
1;2025-11-19;4;7
1;2025-11-19;5;109
1;2025-11-19;6;475
1;2025-11-19;7;1412
1;2025-11-19;8;1908
1;2025-11-19;9;1460
1;2025-11-19;10;1353
1;2025-11-19;11;1334
1;2025-11-19;12;1390
1;2025-11-19;13;1417
1;2025-11-19;14;1362
1;2025-11-19;15;1436
1;2025-11-19;16;1475
1;2025-11-19;17;1731
1;2025-11-19;18;1745
1;2025-11-19;19;1342
1;2025-11-19;20;841
1;2025-11-19;21;441
1;2025-11-19;22;170
1;2025-11-19;23;28
1;2025-11-20;0;0
1;2025-11-20;1;0
1;2025-11-20;2;0
1;2025-11-20;3;0
1;2025-11-20;4;7
1;2025-11-20;5;95
1;2025-11-20;6;467
1;2025-11-20;7;1407
1;2025-11-20;8;1914
1;2025-11-20;9;1461
1;2025-11-20;10;1362
1;2025-11-20;11;1332
1;2025-11-20;12;1398
1;2025-11-20;13;1418
1;2025-11-20;14;1358
1;2025-11-20;15;1432
1;2025-11-20;16;1482
1;2025-11-20;17;1728
1;2025-11-20;18;1759
1;2025-11-20;19;1347
1;2025-11-20;20;837
1;2025-11-20;21;435
1;2025-11-20;22;161
1;2025-11-20;23;22
1;2025-11-21;0;0
1;2025-11-21;1;0
1;2025-11-21;2;0
1;2025-11-21;3;0
1;2025-11-21;4;6
1;2025-11-21;5;95
1;2025-11-21;6;457
1;2025-11-21;7;1383
1;2025-11-21;8;1856
1;2025-11-21;9;1410
1;2025-11-21;10;1329
1;2025-11-21;11;1324
1;2025-11-21;12;1374
1;2025-11-21;13;1405
1;2025-11-21;14;1344
1;2025-11-21;15;1456
1;2025-11-21;16;1526
1;2025-11-21;17;1707
1;2025-11-21;18;1583
1;2025-11-21;19;1220
1;2025-11-21;20;768
1;2025-11-21;21;427
1;2025-11-21;22;160
1;2025-11-21;23;25
1;2025-11-22;0;0
1;2025-11-22;1;0
1;2025-11-22;2;0
1;2025-11-22;3;0
1;2025-11-22;4;1
1;2025-11-22;5;0
1;2025-11-22;6;140
1;2025-11-22;7;338
1;2025-11-22;8;495
1;2025-11-22;9;713
1;2025-11-22;10;833
1;2025-11-22;11;790
1;2025-11-22;12;892
1;2025-11-22;13;912
1;2025-11-22;14;886
1;2025-11-22;15;813
1;2025-11-22;16;784
1;2025-11-22;17;750
1;2025-11-22;18;623
1;2025-11-22;19;554
1;2025-11-22;20;373
1;2025-11-22;21;236
1;2025-11-22;22;61
1;2025-11-22;23;10
1;2025-11-23;0;0
1;2025-11-23;1;0
1;2025-11-23;2;0
1;2025-11-23;3;0
1;2025-11-23;4;0
1;2025-11-23;5;0
1;2025-11-23;6;117
1;2025-11-23;7;242
1;2025-11-23;8;342
1;2025-11-23;9;543
1;2025-11-23;10;642
1;2025-11-23;11;640
1;2025-11-23;12;759
1;2025-11-23;13;791
1;2025-11-23;14;761
1;2025-11-23;15;694
1;2025-11-23;16;657
1;2025-11-23;17;628
1;2025-11-23;18;511
1;2025-11-23;19;409
1;2025-11-23;20;306
1;2025-11-23;21;220
1;2025-11-23;22;53
1;2025-11-23;23;7
1;2025-11-24;0;0
1;2025-11-24;1;0
1;2025-11-24;2;0
1;2025-11-24;3;0
1;2025-11-24;4;10
1;2025-11-24;5;88
1;2025-11-24;6;466
1;2025-11-24;7;1411
1;2025-11-24;8;1879
1;2025-11-24;9;1419
1;2025-11-24;10;1302
1;2025-11-24;11;1243
1;2025-11-24;12;1348
1;2025-11-24;13;1382
1;2025-11-24;14;1322
1;2025-11-24;15;1387
1;2025-11-24;16;1453
1;2025-11-24;17;1720
1;2025-11-24;18;1725
1;2025-11-24;19;1350
1;2025-11-24;20;822
1;2025-11-24;21;415
1;2025-11-24;22;148
1;2025-11-24;23;14
1;2025-11-25;0;0
1;2025-11-25;1;0
1;2025-11-25;2;0
1;2025-11-25;3;0
1;2025-11-25;4;7
1;2025-11-25;5;99
1;2025-11-25;6;470
1;2025-11-25;7;1435
1;2025-11-25;8;1922
1;2025-11-25;9;1462
1;2025-11-25;10;1359
1;2025-11-25;11;1334
1;2025-11-25;12;1385
1;2025-11-25;13;1404
1;2025-11-25;14;1343
1;2025-11-25;15;1418
1;2025-11-25;16;1457
1;2025-11-25;17;1717
1;2025-11-25;18;1753
1;2025-11-25;19;1352
1;2025-11-25;20;836
1;2025-11-25;21;434
1;2025-11-25;22;158
1;2025-11-25;23;20
1;2025-11-26;0;0
1;2025-11-26;1;0
1;2025-11-26;2;0
1;2025-11-26;3;0
1;2025-11-26;4;8
1;2025-11-26;5;90
1;2025-11-26;6;458
1;2025-11-26;7;1411
1;2025-11-26;8;1909
1;2025-11-26;9;1448
1;2025-11-26;10;1319
1;2025-11-26;11;1307
1;2025-11-26;12;1383
1;2025-11-26;13;1416
1;2025-11-26;14;1350
1;2025-11-26;15;1424
1;2025-11-26;16;1422
1;2025-11-26;17;1692
1;2025-11-26;18;1745
1;2025-11-26;19;1337
1;2025-11-26;20;833
1;2025-11-26;21;426
1;2025-11-26;22;159
1;2025-11-26;23;20
1;2025-11-27;0;0
1;2025-11-27;1;0
1;2025-11-27;2;0
1;2025-11-27;3;0
1;2025-11-27;4;7
1;2025-11-27;5;94
1;2025-11-27;6;459
1;2025-11-27;7;1389
1;2025-11-27;8;1897
1;2025-11-27;9;1443
1;2025-11-27;10;1345
1;2025-11-27;11;1287
1;2025-11-27;12;1355
1;2025-11-27;13;1410
1;2025-11-27;14;1323
1;2025-11-27;15;1427
1;2025-11-27;16;1467
1;2025-11-27;17;1715
1;2025-11-27;18;1725
1;2025-11-27;19;1307
1;2025-11-27;20;817
1;2025-11-27;21;426
1;2025-11-27;22;152
1;2025-11-27;23;23
1;2025-11-28;0;0
1;2025-11-28;1;0
1;2025-11-28;2;0
1;2025-11-28;3;0
1;2025-11-28;4;4
1;2025-11-28;5;112
1;2025-11-28;6;454
1;2025-11-28;7;1365
1;2025-11-28;8;1844
1;2025-11-28;9;1402
1;2025-11-28;10;1316
1;2025-11-28;11;1313
1;2025-11-28;12;1366
1;2025-11-28;13;1402
1;2025-11-28;14;1341
1;2025-11-28;15;1450
1;2025-11-28;16;1520
1;2025-11-28;17;1708
1;2025-11-28;18;1575
1;2025-11-28;19;1214
1;2025-11-28;20;768
1;2025-11-28;21;430
1;2025-11-28;22;161
1;2025-11-28;23;28
1;2025-11-29;0;0
1;2025-11-29;1;0
1;2025-11-29;2;0
1;2025-11-29;3;0
1;2025-11-29;4;0
1;2025-11-29;5;5
1;2025-11-29;6;136
1;2025-11-29;7;327
1;2025-11-29;8;491
1;2025-11-29;9;748
1;2025-11-29;10;833
1;2025-11-29;11;790
1;2025-11-29;12;896
1;2025-11-29;13;915
1;2025-11-29;14;895
1;2025-11-29;15;816
1;2025-11-29;16;787
1;2025-11-29;17;750
1;2025-11-29;18;615
1;2025-11-29;19;548
1;2025-11-29;20;372
1;2025-11-29;21;258
1;2025-11-29;22;69
1;2025-11-29;23;12
1;2025-11-30;0;0
1;2025-11-30;1;0
1;2025-11-30;2;0
1;2025-11-30;3;0
1;2025-11-30;4;0
1;2025-11-30;5;0
1;2025-11-30;6;115
1;2025-11-30;7;241
1;2025-11-30;8;344
1;2025-11-30;9;541
1;2025-11-30;10;636
1;2025-11-30;11;640
1;2025-11-30;12;754
1;2025-11-30;13;782
1;2025-11-30;14;740
1;2025-11-30;15;669
1;2025-11-30;16;651
1;2025-11-30;17;619
1;2025-11-30;18;505
1;2025-11-30;19;398
1;2025-11-30;20;299
1;2025-11-30;21;219
1;2025-11-30;22;52
1;2025-11-30;23;4
1;2025-12-01;0;0
1;2025-12-01;1;0
1;2025-12-01;2;0
1;2025-12-01;3;0
1;2025-12-01;4;8
1;2025-12-01;5;106
1;2025-12-01;6;467
1;2025-12-01;7;1412
1;2025-12-01;8;1889
1;2025-12-01;9;1433
1;2025-12-01;10;1324
1;2025-12-01;11;1304
1;2025-12-01;12;1362
1;2025-12-01;13;1384
1;2025-12-01;14;1330
1;2025-12-01;15;1418
1;2025-12-01;16;1468
1;2025-12-01;17;1719
1;2025-12-01;18;1730
1;2025-12-01;19;1349
1;2025-12-01;20;820
1;2025-12-01;21;418
1;2025-12-01;22;146
1;2025-12-01;23;15
1;2025-12-02;0;0
1;2025-12-02;1;0
1;2025-12-02;2;0
1;2025-12-02;3;0
1;2025-12-02;4;7
1;2025-12-02;5;100
1;2025-12-02;6;468
1;2025-12-02;7;1431
1;2025-12-02;8;1918
1;2025-12-02;9;1459
1;2025-12-02;10;1358
1;2025-12-02;11;1325
1;2025-12-02;12;1381
1;2025-12-02;13;1402
1;2025-12-02;14;1341
1;2025-12-02;15;1416
1;2025-12-02;16;1458
1;2025-12-02;17;1715
1;2025-12-02;18;1751
1;2025-12-02;19;1350
1;2025-12-02;20;837
1;2025-12-02;21;435
1;2025-12-02;22;159
1;2025-12-02;23;17
1;2025-12-03;0;0
1;2025-12-03;1;0
1;2025-12-03;2;0
1;2025-12-03;3;0
1;2025-12-03;4;7
1;2025-12-03;5;109
1;2025-12-03;6;474
1;2025-12-03;7;1413
1;2025-12-03;8;1907
1;2025-12-03;9;1460
1;2025-12-03;10;1354
1;2025-12-03;11;1332
1;2025-12-03;12;1390
1;2025-12-03;13;1415
1;2025-12-03;14;1361
1;2025-12-03;15;1434
1;2025-12-03;16;1474
1;2025-12-03;17;1728
1;2025-12-03;18;1746
1;2025-12-03;19;1339
1;2025-12-03;20;838
1;2025-12-03;21;442
1;2025-12-03;22;170
1;2025-12-03;23;23
1;2025-12-04;0;0
1;2025-12-04;1;0
1;2025-12-04;2;0
1;2025-12-04;3;0
1;2025-12-04;4;7
1;2025-12-04;5;96
1;2025-12-04;6;463
1;2025-12-04;7;1405
1;2025-12-04;8;1911
1;2025-12-04;9;1462
1;2025-12-04;10;1360
1;2025-12-04;11;1326
1;2025-12-04;12;1392
1;2025-12-04;13;1414
1;2025-12-04;14;1355
1;2025-12-04;15;1428
1;2025-12-04;16;1473
1;2025-12-04;17;1728
1;2025-12-04;18;1749
1;2025-12-04;19;1333
1;2025-12-04;20;835
1;2025-12-04;21;435
1;2025-12-04;22;160
1;2025-12-04;23;19
1;2025-12-05;0;0
1;2025-12-05;1;0
1;2025-12-05;2;0
1;2025-12-05;3;0
1;2025-12-05;4;7
1;2025-12-05;5;108
1;2025-12-05;6;456
1;2025-12-05;7;1379
1;2025-12-05;8;1855
1;2025-12-05;9;1408
1;2025-12-05;10;1324
1;2025-12-05;11;1318
1;2025-12-05;12;1364
1;2025-12-05;13;1402
1;2025-12-05;14;1342
1;2025-12-05;15;1450
1;2025-12-05;16;1518
1;2025-12-05;17;1706
1;2025-12-05;18;1575
1;2025-12-05;19;1214
1;2025-12-05;20;773
1;2025-12-05;21;429
1;2025-12-05;22;158
1;2025-12-05;23;26
1;2025-12-06;0;0
1;2025-12-06;1;0
1;2025-12-06;2;0
1;2025-12-06;3;0
1;2025-12-06;4;0
1;2025-12-06;5;3
1;2025-12-06;6;132
1;2025-12-06;7;324
1;2025-12-06;8;486
1;2025-12-06;9;745
1;2025-12-06;10;830
1;2025-12-06;11;783
1;2025-12-06;12;894
1;2025-12-06;13;919
1;2025-12-06;14;891
1;2025-12-06;15;818
1;2025-12-06;16;783
1;2025-12-06;17;753
1;2025-12-06;18;620
1;2025-12-06;19;553
1;2025-12-06;20;369
1;2025-12-06;21;255
1;2025-12-06;22;64
1;2025-12-06;23;10
1;2025-12-07;0;0
1;2025-12-07;1;0
1;2025-12-07;2;0
1;2025-12-07;3;0
1;2025-12-07;4;0
1;2025-12-07;5;0
1;2025-12-07;6;115
1;2025-12-07;7;242
1;2025-12-07;8;344
1;2025-12-07;9;544
1;2025-12-07;10;642
1;2025-12-07;11;647
1;2025-12-07;12;762
1;2025-12-07;13;788
1;2025-12-07;14;748
1;2025-12-07;15;677
1;2025-12-07;16;657
1;2025-12-07;17;619
1;2025-12-07;18;505
1;2025-12-07;19;398
1;2025-12-07;20;300
1;2025-12-07;21;222
1;2025-12-07;22;56
1;2025-12-07;23;6
1;2025-12-08;0;0
1;2025-12-08;1;0
1;2025-12-08;2;0
1;2025-12-08;3;0
1;2025-12-08;4;8
1;2025-12-08;5;109
1;2025-12-08;6;467
1;2025-12-08;7;1412
1;2025-12-08;8;1889
1;2025-12-08;9;1429
1;2025-12-08;10;1326
1;2025-12-08;11;1303
1;2025-12-08;12;1362
1;2025-12-08;13;1384
1;2025-12-08;14;1330
1;2025-12-08;15;1418
1;2025-12-08;16;1468
1;2025-12-08;17;1719
1;2025-12-08;18;1730
1;2025-12-08;19;1349
1;2025-12-08;20;820
1;2025-12-08;21;418
1;2025-12-08;22;147
1;2025-12-08;23;15
1;2025-12-09;0;0
1;2025-12-09;1;0
1;2025-12-09;2;0
1;2025-12-09;3;0
1;2025-12-09;4;7
1;2025-12-09;5;99
1;2025-12-09;6;472
1;2025-12-09;7;1434
1;2025-12-09;8;1920
1;2025-12-09;9;1460
1;2025-12-09;10;1360
1;2025-12-09;11;1326
1;2025-12-09;12;1381
1;2025-12-09;13;1402
1;2025-12-09;14;1340
1;2025-12-09;15;1425
1;2025-12-09;16;1457
1;2025-12-09;17;1714
1;2025-12-09;18;1751
1;2025-12-09;19;1350
1;2025-12-09;20;837
1;2025-12-09;21;434
1;2025-12-09;22;163
1;2025-12-09;23;25
1;2025-12-10;0;0
1;2025-12-10;1;0
1;2025-12-10;2;0
1;2025-12-10;3;0
1;2025-12-10;4;7
1;2025-12-10;5;99
1;2025-12-10;6;467
1;2025-12-10;7;1412
1;2025-12-10;8;1913
1;2025-12-10;9;1465
1;2025-12-10;10;1358
1;2025-12-10;11;1326
1;2025-12-10;12;1394
1;2025-12-10;13;1416
1;2025-12-10;14;1362
1;2025-12-10;15;1437
1;2025-12-10;16;1474
1;2025-12-10;17;1731
1;2025-12-10;18;1745
1;2025-12-10;19;1342
1;2025-12-10;20;841
1;2025-12-10;21;441
1;2025-12-10;22;170
1;2025-12-10;23;24
1;2025-12-11;0;0
1;2025-12-11;1;0
1;2025-12-11;2;0
1;2025-12-11;3;0
1;2025-12-11;4;7
1;2025-12-11;5;95
1;2025-12-11;6;462
1;2025-12-11;7;1401
1;2025-12-11;8;1893
1;2025-12-11;9;1431
1;2025-12-11;10;1333
1;2025-12-11;11;1317
1;2025-12-11;12;1381
1;2025-12-11;13;1404
1;2025-12-11;14;1352
1;2025-12-11;15;1406
1;2025-12-11;16;1459
1;2025-12-11;17;1722
1;2025-12-11;18;1738
1;2025-12-11;19;1310
1;2025-12-11;20;825
1;2025-12-11;21;425
1;2025-12-11;22;157
1;2025-12-11;23;19
1;2025-12-12;0;0
1;2025-12-12;1;0
1;2025-12-12;2;0
1;2025-12-12;3;0
1;2025-12-12;4;6
1;2025-12-12;5;100
1;2025-12-12;6;442
1;2025-12-12;7;1360
1;2025-12-12;8;1826
1;2025-12-12;9;1392
1;2025-12-12;10;1312
1;2025-12-12;11;1307
1;2025-12-12;12;1353
1;2025-12-12;13;1371
1;2025-12-12;14;1312
1;2025-12-12;15;1422
1;2025-12-12;16;1461
1;2025-12-12;17;1702
1;2025-12-12;18;1581
1;2025-12-12;19;1229
1;2025-12-12;20;773
1;2025-12-12;21;431
1;2025-12-12;22;157
1;2025-12-12;23;33
1;2025-12-13;0;0
1;2025-12-13;1;0
1;2025-12-13;2;0
1;2025-12-13;3;0
1;2025-12-13;4;0
1;2025-12-13;5;0
1;2025-12-13;6;138
1;2025-12-13;7;332
1;2025-12-13;8;498
1;2025-12-13;9;742
1;2025-12-13;10;832
1;2025-12-13;11;795
1;2025-12-13;12;896
1;2025-12-13;13;918
1;2025-12-13;14;886
1;2025-12-13;15;811
1;2025-12-13;16;777
1;2025-12-13;17;744
1;2025-12-13;18;618
1;2025-12-13;19;552
1;2025-12-13;20;365
1;2025-12-13;21;252
1;2025-12-13;22;58
1;2025-12-13;23;17
1;2025-12-14;0;0
1;2025-12-14;1;0
1;2025-12-14;2;0
1;2025-12-14;3;0
1;2025-12-14;4;0
1;2025-12-14;5;0
1;2025-12-14;6;111
1;2025-12-14;7;235
1;2025-12-14;8;341
1;2025-12-14;9;530
1;2025-12-14;10;634
1;2025-12-14;11;641
1;2025-12-14;12;750
1;2025-12-14;13;781
1;2025-12-14;14;731
1;2025-12-14;15;670
1;2025-12-14;16;647
1;2025-12-14;17;607
1;2025-12-14;18;497
1;2025-12-14;19;394
1;2025-12-14;20;290
1;2025-12-14;21;223
1;2025-12-14;22;50
1;2025-12-14;23;7
1;2025-12-15;0;0
1;2025-12-15;1;0
1;2025-12-15;2;0
1;2025-12-15;3;0
1;2025-12-15;4;8
1;2025-12-15;5;103
1;2025-12-15;6;457
1;2025-12-15;7;1404
1;2025-12-15;8;1872
1;2025-12-15;9;1415
1;2025-12-15;10;1305
1;2025-12-15;11;1277
1;2025-12-15;12;1333
1;2025-12-15;13;1360
1;2025-12-15;14;1306
1;2025-12-15;15;1407
1;2025-12-15;16;1453
1;2025-12-15;17;1699
1;2025-12-15;18;1723
1;2025-12-15;19;1350
1;2025-12-15;20;813
1;2025-12-15;21;415
1;2025-12-15;22;137
1;2025-12-15;23;9
1;2025-12-16;0;0
1;2025-12-16;1;0
1;2025-12-16;2;0
1;2025-12-16;3;0
1;2025-12-16;4;7
1;2025-12-16;5;94
1;2025-12-16;6;467
1;2025-12-16;7;1433
1;2025-12-16;8;1915
1;2025-12-16;9;1456
1;2025-12-16;10;1369
1;2025-12-16;11;1318
1;2025-12-16;12;1368
1;2025-12-16;13;1369
1;2025-12-16;14;1346
1;2025-12-16;15;1418
1;2025-12-16;16;1457
1;2025-12-16;17;1717
1;2025-12-16;18;1750
1;2025-12-16;19;1349
1;2025-12-16;20;837
1;2025-12-16;21;434
1;2025-12-16;22;157
1;2025-12-16;23;17
1;2025-12-17;0;0
1;2025-12-17;1;0
1;2025-12-17;2;0
1;2025-12-17;3;0
1;2025-12-17;4;7
1;2025-12-17;5;109
1;2025-12-17;6;472
1;2025-12-17;7;1411
1;2025-12-17;8;1906
1;2025-12-17;9;1458
1;2025-12-17;10;1353
1;2025-12-17;11;1332
1;2025-12-17;12;1386
1;2025-12-17;13;1415
1;2025-12-17;14;1358
1;2025-12-17;15;1436
1;2025-12-17;16;1475
1;2025-12-17;17;1732
1;2025-12-17;18;1746
1;2025-12-17;19;1343
1;2025-12-17;20;841
1;2025-12-17;21;441
1;2025-12-17;22;170
1;2025-12-17;23;24
1;2025-12-18;0;0
1;2025-12-18;1;0
1;2025-12-18;2;0
1;2025-12-18;3;0
1;2025-12-18;4;7
1;2025-12-18;5;95
1;2025-12-18;6;462
1;2025-12-18;7;1405
1;2025-12-18;8;1911
1;2025-12-18;9;1462
1;2025-12-18;10;1361
1;2025-12-18;11;1332
1;2025-12-18;12;1396
1;2025-12-18;13;1417
1;2025-12-18;14;1357
1;2025-12-18;15;1433
1;2025-12-18;16;1482
1;2025-12-18;17;1728
1;2025-12-18;18;1756
1;2025-12-18;19;1337
1;2025-12-18;20;835
1;2025-12-18;21;434
1;2025-12-18;22;165
1;2025-12-18;23;19
1;2025-12-19;0;0
1;2025-12-19;1;0
1;2025-12-19;2;0
1;2025-12-19;3;0
1;2025-12-19;4;7
1;2025-12-19;5;106
1;2025-12-19;6;455
1;2025-12-19;7;1379
1;2025-12-19;8;1855
1;2025-12-19;9;1410
1;2025-12-19;10;1329
1;2025-12-19;11;1327
1;2025-12-19;12;1376
1;2025-12-19;13;1407
1;2025-12-19;14;1350
1;2025-12-19;15;1468
1;2025-12-19;16;1529
1;2025-12-19;17;1707
1;2025-12-19;18;1590
1;2025-12-19;19;1229
1;2025-12-19;20;771
1;2025-12-19;21;427
1;2025-12-19;22;159
1;2025-12-19;23;28
1;2025-12-20;0;0
1;2025-12-20;1;0
1;2025-12-20;2;0
1;2025-12-20;3;0
1;2025-12-20;4;0
1;2025-12-20;5;3
1;2025-12-20;6;141
1;2025-12-20;7;327
1;2025-12-20;8;491
1;2025-12-20;9;749
1;2025-12-20;10;836
1;2025-12-20;11;796
1;2025-12-20;12;900
1;2025-12-20;13;915
1;2025-12-20;14;895
1;2025-12-20;15;822
1;2025-12-20;16;790
1;2025-12-20;17;751
1;2025-12-20;18;617
1;2025-12-20;19;558
1;2025-12-20;20;374
1;2025-12-20;21;256
1;2025-12-20;22;63
1;2025-12-20;23;13
1;2025-12-21;0;0
1;2025-12-21;1;0
1;2025-12-21;2;0
1;2025-12-21;3;0
1;2025-12-21;4;0
1;2025-12-21;5;0
1;2025-12-21;6;111
1;2025-12-21;7;249
1;2025-12-21;8;352
1;2025-12-21;9;543
1;2025-12-21;10;641
1;2025-12-21;11;645
1;2025-12-21;12;761
1;2025-12-21;13;786
1;2025-12-21;14;746
1;2025-12-21;15;676
1;2025-12-21;16;657
1;2025-12-21;17;619
1;2025-12-21;18;505
1;2025-12-21;19;398
1;2025-12-21;20;300
1;2025-12-21;21;222
1;2025-12-21;22;53
1;2025-12-21;23;5
1;2025-12-22;0;0
1;2025-12-22;1;0
1;2025-12-22;2;0
1;2025-12-22;3;0
1;2025-12-22;4;8
1;2025-12-22;5;109
1;2025-12-22;6;467
1;2025-12-22;7;1411
1;2025-12-22;8;1888
1;2025-12-22;9;1434
1;2025-12-22;10;1326
1;2025-12-22;11;1298
1;2025-12-22;12;1363
1;2025-12-22;13;1384
1;2025-12-22;14;1330
1;2025-12-22;15;1418
1;2025-12-22;16;1464
1;2025-12-22;17;1727
1;2025-12-22;18;1740
1;2025-12-22;19;1364
1;2025-12-22;20;822
1;2025-12-22;21;418
1;2025-12-22;22;140
1;2025-12-22;23;22
1;2025-12-23;0;0
1;2025-12-23;1;0
1;2025-12-23;2;0
1;2025-12-23;3;0
1;2025-12-23;4;7
1;2025-12-23;5;103
1;2025-12-23;6;469
1;2025-12-23;7;1429
1;2025-12-23;8;1908
1;2025-12-23;9;1443
1;2025-12-23;10;1334
1;2025-12-23;11;1315
1;2025-12-23;12;1357
1;2025-12-23;13;1385
1;2025-12-23;14;1311
1;2025-12-23;15;1404
1;2025-12-23;16;1449
1;2025-12-23;17;1701
1;2025-12-23;18;1737
1;2025-12-23;19;1339
1;2025-12-23;20;824
1;2025-12-23;21;435
1;2025-12-23;22;153
1;2025-12-23;23;21
1;2025-12-24;0;0
1;2025-12-24;1;0
1;2025-12-24;2;0
1;2025-12-24;3;0
1;2025-12-24;4;7
1;2025-12-24;5;117
1;2025-12-24;6;470
1;2025-12-24;7;1415
1;2025-12-24;8;1904
1;2025-12-24;9;1450
1;2025-12-24;10;1336
1;2025-12-24;11;1325
1;2025-12-24;12;1363
1;2025-12-24;13;1404
1;2025-12-24;14;1333
1;2025-12-24;15;1413
1;2025-12-24;16;1468
1;2025-12-24;17;1718
1;2025-12-24;18;1738
1;2025-12-24;19;1330
1;2025-12-24;20;817
1;2025-12-24;21;431
1;2025-12-24;22;158
1;2025-12-24;23;25
1;2025-12-25;0;0
1;2025-12-25;1;0
1;2025-12-25;2;0
1;2025-12-25;3;0
1;2025-12-25;4;7
1;2025-12-25;5;93
1;2025-12-25;6;469
1;2025-12-25;7;1403
1;2025-12-25;8;1910
1;2025-12-25;9;1460
1;2025-12-25;10;1360
1;2025-12-25;11;1336
1;2025-12-25;12;1403
1;2025-12-25;13;1425
1;2025-12-25;14;1363
1;2025-12-25;15;1441
1;2025-12-25;16;1479
1;2025-12-25;17;1729
1;2025-12-25;18;1727
1;2025-12-25;19;1353
1;2025-12-25;20;818
1;2025-12-25;21;437
1;2025-12-25;22;146
1;2025-12-25;23;19
1;2025-12-26;0;0
1;2025-12-26;1;0
1;2025-12-26;2;0
1;2025-12-26;3;0
1;2025-12-26;4;7
1;2025-12-26;5;106
1;2025-12-26;6;437
1;2025-12-26;7;1377
1;2025-12-26;8;1857
1;2025-12-26;9;1401
1;2025-12-26;10;1304
1;2025-12-26;11;1311
1;2025-12-26;12;1348
1;2025-12-26;13;1407
1;2025-12-26;14;1349
1;2025-12-26;15;1454
1;2025-12-26;16;1522
1;2025-12-26;17;1712
1;2025-12-26;18;1591
1;2025-12-26;19;1219
1;2025-12-26;20;779
1;2025-12-26;21;432
1;2025-12-26;22;171
1;2025-12-26;23;20
1;2025-12-27;0;0
1;2025-12-27;1;0
1;2025-12-27;2;0
1;2025-12-27;3;0
1;2025-12-27;4;0
1;2025-12-27;5;4
1;2025-12-27;6;144
1;2025-12-27;7;338
1;2025-12-27;8;496
1;2025-12-27;9;727
1;2025-12-27;10;842
1;2025-12-27;11;802
1;2025-12-27;12;907
1;2025-12-27;13;924
1;2025-12-27;14;897
1;2025-12-27;15;825
1;2025-12-27;16;781
1;2025-12-27;17;755
1;2025-12-27;18;622
1;2025-12-27;19;564
1;2025-12-27;20;374
1;2025-12-27;21;261
1;2025-12-27;22;59
1;2025-12-27;23;27
1;2025-12-28;0;0
1;2025-12-28;1;0
1;2025-12-28;2;0
1;2025-12-28;3;0
1;2025-12-28;4;0
1;2025-12-28;5;0
1;2025-12-28;6;127
1;2025-12-28;7;230
1;2025-12-28;8;334
1;2025-12-28;9;554
1;2025-12-28;10;651
1;2025-12-28;11;635
1;2025-12-28;12;757
1;2025-12-28;13;789
1;2025-12-28;14;747
1;2025-12-28;15;680
1;2025-12-28;16;657
1;2025-12-28;17;631
1;2025-12-28;18;520
1;2025-12-28;19;418
1;2025-12-28;20;319
1;2025-12-28;21;232
1;2025-12-28;22;69
1;2025-12-28;23;16
1;2025-12-29;0;0
1;2025-12-29;1;0
1;2025-12-29;2;0
1;2025-12-29;3;0
1;2025-12-29;4;8
1;2025-12-29;5;102
1;2025-12-29;6;471
1;2025-12-29;7;1416
1;2025-12-29;8;1901
1;2025-12-29;9;1443
1;2025-12-29;10;1340
1;2025-12-29;11;1306
1;2025-12-29;12;1372
1;2025-12-29;13;1393
1;2025-12-29;14;1330
1;2025-12-29;15;1425
1;2025-12-29;16;1467
1;2025-12-29;17;1728
1;2025-12-29;18;1745
1;2025-12-29;19;1372
1;2025-12-29;20;834
1;2025-12-29;21;425
1;2025-12-29;22;152
1;2025-12-29;23;27
1;2025-12-30;0;0
1;2025-12-30;1;0
1;2025-12-30;2;0
1;2025-12-30;3;0
1;2025-12-30;4;7
1;2025-12-30;5;103
1;2025-12-30;6;485
1;2025-12-30;7;1459
1;2025-12-30;8;1923
1;2025-12-30;9;1445
1;2025-12-30;10;1343
1;2025-12-30;11;1312
1;2025-12-30;12;1410
1;2025-12-30;13;1429
1;2025-12-30;14;1367
1;2025-12-30;15;1444
1;2025-12-30;16;1477
1;2025-12-30;17;1735
1;2025-12-30;18;1789
1;2025-12-30;19;1362
1;2025-12-30;20;840
1;2025-12-30;21;443
1;2025-12-30;22;175
1;2025-12-30;23;40
1;2025-12-31;0;0
1;2025-12-31;1;0
1;2025-12-31;2;0
1;2025-12-31;3;0
1;2025-12-31;4;0
1;2025-12-31;5;10
1;2025-12-31;6;164
1;2025-12-31;7;341
1;2025-12-31;8;496
1;2025-12-31;9;630
1;2025-12-31;10;666
1;2025-12-31;11;652
1;2025-12-31;12;759
1;2025-12-31;13;779
1;2025-12-31;14;733
1;2025-12-31;15;679
1;2025-12-31;16;688
1;2025-12-31;17;673
1;2025-12-31;18;602
1;2025-12-31;19;517
1;2025-12-31;20;351
1;2025-12-31;21;259
1;2025-12-31;22;78
1;2025-12-31;23;15
5;2025-11-01;0;0
5;2025-11-01;1;0
5;2025-11-01;2;0
5;2025-11-01;3;0
5;2025-11-01;4;0
5;2025-11-01;5;0
5;2025-11-01;6;0
5;2025-11-01;7;0
5;2025-11-01;8;0
5;2025-11-01;9;0
5;2025-11-01;10;0
5;2025-11-01;11;0
5;2025-11-01;12;0
5;2025-11-01;13;0
5;2025-11-01;14;0
5;2025-11-01;15;0
5;2025-11-01;16;0
5;2025-11-01;17;0
5;2025-11-01;18;0
5;2025-11-01;19;0
5;2025-11-01;20;0
5;2025-11-01;21;0
5;2025-11-01;22;0
5;2025-11-01;23;0
5;2025-11-02;0;0
5;2025-11-02;1;0
5;2025-11-02;2;0
5;2025-11-02;3;0
5;2025-11-02;4;0
5;2025-11-02;5;0
5;2025-11-02;6;0
5;2025-11-02;7;0
5;2025-11-02;8;0
5;2025-11-02;9;0
5;2025-11-02;10;0
5;2025-11-02;11;0
5;2025-11-02;12;0
5;2025-11-02;13;0
5;2025-11-02;14;0
5;2025-11-02;15;0
5;2025-11-02;16;0
5;2025-11-02;17;0
5;2025-11-02;18;0
5;2025-11-02;19;0
5;2025-11-02;20;0
5;2025-11-02;21;0
5;2025-11-02;22;0
5;2025-11-02;23;0
5;2025-11-03;0;0
5;2025-11-03;1;0
5;2025-11-03;2;0
5;2025-11-03;3;0
5;2025-11-03;4;0
5;2025-11-03;5;0
5;2025-11-03;6;0
5;2025-11-03;7;0
5;2025-11-03;8;0
5;2025-11-03;9;0
5;2025-11-03;10;0
5;2025-11-03;11;0
5;2025-11-03;12;0
5;2025-11-03;13;0
5;2025-11-03;14;0
5;2025-11-03;15;0
5;2025-11-03;16;0
5;2025-11-03;17;0
5;2025-11-03;18;0
5;2025-11-03;19;0
5;2025-11-03;20;0
5;2025-11-03;21;0
5;2025-11-03;22;0
5;2025-11-03;23;0
5;2025-11-04;0;0
5;2025-11-04;1;0
5;2025-11-04;2;0
5;2025-11-04;3;0
5;2025-11-04;4;0
5;2025-11-04;5;0
5;2025-11-04;6;0
5;2025-11-04;7;0
5;2025-11-04;8;0
5;2025-11-04;9;0
5;2025-11-04;10;0
5;2025-11-04;11;0
5;2025-11-04;12;0
5;2025-11-04;13;0
5;2025-11-04;14;0
5;2025-11-04;15;0
5;2025-11-04;16;0
5;2025-11-04;17;0
5;2025-11-04;18;0
5;2025-11-04;19;0
5;2025-11-04;20;0
5;2025-11-04;21;0
5;2025-11-04;22;0
5;2025-11-04;23;0
5;2025-11-05;0;0
5;2025-11-05;1;0
5;2025-11-05;2;0
5;2025-11-05;3;0
5;2025-11-05;4;0
5;2025-11-05;5;0
5;2025-11-05;6;0
5;2025-11-05;7;0
5;2025-11-05;8;0
5;2025-11-05;9;0
5;2025-11-05;10;0
5;2025-11-05;11;0
5;2025-11-05;12;0
5;2025-11-05;13;0
5;2025-11-05;14;0
5;2025-11-05;15;0
5;2025-11-05;16;0
5;2025-11-05;17;0
5;2025-11-05;18;0
5;2025-11-05;19;0
5;2025-11-05;20;0
5;2025-11-05;21;0
5;2025-11-05;22;0
5;2025-11-05;23;0
5;2025-11-06;0;0
5;2025-11-06;1;0
5;2025-11-06;2;0
5;2025-11-06;3;0
5;2025-11-06;4;0
5;2025-11-06;5;0
5;2025-11-06;6;0
5;2025-11-06;7;0
5;2025-11-06;8;0
5;2025-11-06;9;0
5;2025-11-06;10;0
5;2025-11-06;11;0
5;2025-11-06;12;0
5;2025-11-06;13;0
5;2025-11-06;14;0
5;2025-11-06;15;0
5;2025-11-06;16;0
5;2025-11-06;17;0
5;2025-11-06;18;0
5;2025-11-06;19;0
5;2025-11-06;20;0
5;2025-11-06;21;0
5;2025-11-06;22;0
5;2025-11-06;23;0
5;2025-11-07;0;0
5;2025-11-07;1;0
5;2025-11-07;2;0
5;2025-11-07;3;0
5;2025-11-07;4;0
5;2025-11-07;5;0
5;2025-11-07;6;0
5;2025-11-07;7;0
5;2025-11-07;8;0
5;2025-11-07;9;0
5;2025-11-07;10;0
5;2025-11-07;11;0
5;2025-11-07;12;0
5;2025-11-07;13;0
5;2025-11-07;14;0
5;2025-11-07;15;0
5;2025-11-07;16;0
5;2025-11-07;17;0
5;2025-11-07;18;0
5;2025-11-07;19;0
5;2025-11-07;20;0
5;2025-11-07;21;0
5;2025-11-07;22;0
5;2025-11-07;23;0
5;2025-11-08;0;0
5;2025-11-08;1;0
5;2025-11-08;2;0
5;2025-11-08;3;0
5;2025-11-08;4;0
5;2025-11-08;5;0
5;2025-11-08;6;0
5;2025-11-08;7;0
5;2025-11-08;8;0
5;2025-11-08;9;0
5;2025-11-08;10;0
5;2025-11-08;11;0
5;2025-11-08;12;0
5;2025-11-08;13;0
5;2025-11-08;14;0
5;2025-11-08;15;0
5;2025-11-08;16;0
5;2025-11-08;17;0
5;2025-11-08;18;0
5;2025-11-08;19;0
5;2025-11-08;20;0
5;2025-11-08;21;0
5;2025-11-08;22;0
5;2025-11-08;23;0
5;2025-11-09;0;0
5;2025-11-09;1;0
5;2025-11-09;2;0
5;2025-11-09;3;0
5;2025-11-09;4;0
5;2025-11-09;5;0
5;2025-11-09;6;0
5;2025-11-09;7;0
5;2025-11-09;8;0
5;2025-11-09;9;0
5;2025-11-09;10;0
5;2025-11-09;11;0
5;2025-11-09;12;0
5;2025-11-09;13;0
5;2025-11-09;14;0
5;2025-11-09;15;0
5;2025-11-09;16;0
5;2025-11-09;17;0
5;2025-11-09;18;0
5;2025-11-09;19;0
5;2025-11-09;20;0
5;2025-11-09;21;0
5;2025-11-09;22;0
5;2025-11-09;23;0
5;2025-11-10;0;0
5;2025-11-10;1;0
5;2025-11-10;2;0
5;2025-11-10;3;0
5;2025-11-10;4;0
5;2025-11-10;5;0
5;2025-11-10;6;0
5;2025-11-10;7;0
5;2025-11-10;8;0
5;2025-11-10;9;0
5;2025-11-10;10;0
5;2025-11-10;11;0
5;2025-11-10;12;0
5;2025-11-10;13;0
5;2025-11-10;14;0
5;2025-11-10;15;0
5;2025-11-10;16;0
5;2025-11-10;17;0
5;2025-11-10;18;0
5;2025-11-10;19;0
5;2025-11-10;20;0
5;2025-11-10;21;0
5;2025-11-10;22;0
5;2025-11-10;23;0
5;2025-11-11;0;0
5;2025-11-11;1;0
5;2025-11-11;2;0
5;2025-11-11;3;0
5;2025-11-11;4;0
5;2025-11-11;5;0
5;2025-11-11;6;0
5;2025-11-11;7;0
5;2025-11-11;8;0
5;2025-11-11;9;0
5;2025-11-11;10;0
5;2025-11-11;11;0
5;2025-11-11;12;0
5;2025-11-11;13;0
5;2025-11-11;14;0
5;2025-11-11;15;0
5;2025-11-11;16;0
5;2025-11-11;17;0
5;2025-11-11;18;0
5;2025-11-11;19;0
5;2025-11-11;20;0
5;2025-11-11;21;0
5;2025-11-11;22;0
5;2025-11-11;23;0
5;2025-11-12;0;0
5;2025-11-12;1;0
5;2025-11-12;2;0
5;2025-11-12;3;0
5;2025-11-12;4;0
5;2025-11-12;5;0
5;2025-11-12;6;0
5;2025-11-12;7;0
5;2025-11-12;8;0
5;2025-11-12;9;0
5;2025-11-12;10;0
5;2025-11-12;11;0
5;2025-11-12;12;0
5;2025-11-12;13;0
5;2025-11-12;14;0
5;2025-11-12;15;0
5;2025-11-12;16;0
5;2025-11-12;17;0
5;2025-11-12;18;0
5;2025-11-12;19;0
5;2025-11-12;20;0
5;2025-11-12;21;0
5;2025-11-12;22;0
5;2025-11-12;23;0
5;2025-11-13;0;0
5;2025-11-13;1;0
5;2025-11-13;2;0
5;2025-11-13;3;0
5;2025-11-13;4;0
5;2025-11-13;5;0
5;2025-11-13;6;0
5;2025-11-13;7;0
5;2025-11-13;8;0
5;2025-11-13;9;0
5;2025-11-13;10;0
5;2025-11-13;11;0
5;2025-11-13;12;0
5;2025-11-13;13;0
5;2025-11-13;14;0
5;2025-11-13;15;0
5;2025-11-13;16;0
5;2025-11-13;17;0
5;2025-11-13;18;0
5;2025-11-13;19;0
5;2025-11-13;20;0
5;2025-11-13;21;0
5;2025-11-13;22;0
5;2025-11-13;23;0
5;2025-11-14;0;0
5;2025-11-14;1;0
5;2025-11-14;2;0
5;2025-11-14;3;0
5;2025-11-14;4;0
5;2025-11-14;5;0
5;2025-11-14;6;0
5;2025-11-14;7;0
5;2025-11-14;8;0
5;2025-11-14;9;0
5;2025-11-14;10;0
5;2025-11-14;11;0
5;2025-11-14;12;0
5;2025-11-14;13;0
5;2025-11-14;14;0
5;2025-11-14;15;0
5;2025-11-14;16;0
5;2025-11-14;17;0
5;2025-11-14;18;0
5;2025-11-14;19;0
5;2025-11-14;20;0
5;2025-11-14;21;0
5;2025-11-14;22;0
5;2025-11-14;23;0
5;2025-11-15;0;0
5;2025-11-15;1;0
5;2025-11-15;2;0
5;2025-11-15;3;0
5;2025-11-15;4;0
5;2025-11-15;5;0
5;2025-11-15;6;0
5;2025-11-15;7;0
5;2025-11-15;8;0
5;2025-11-15;9;0
5;2025-11-15;10;0
5;2025-11-15;11;0
5;2025-11-15;12;0
5;2025-11-15;13;0
5;2025-11-15;14;0
5;2025-11-15;15;0
5;2025-11-15;16;0
5;2025-11-15;17;0
5;2025-11-15;18;0
5;2025-11-15;19;0
5;2025-11-15;20;0
5;2025-11-15;21;0
5;2025-11-15;22;0
5;2025-11-15;23;0
5;2025-11-16;0;0
5;2025-11-16;1;0
5;2025-11-16;2;0
5;2025-11-16;3;0
5;2025-11-16;4;0
5;2025-11-16;5;0
5;2025-11-16;6;0
5;2025-11-16;7;0
5;2025-11-16;8;0
5;2025-11-16;9;0
5;2025-11-16;10;0
5;2025-11-16;11;0
5;2025-11-16;12;0
5;2025-11-16;13;0
5;2025-11-16;14;0
5;2025-11-16;15;0
5;2025-11-16;16;0
5;2025-11-16;17;0
5;2025-11-16;18;0
5;2025-11-16;19;0
5;2025-11-16;20;0
5;2025-11-16;21;0
5;2025-11-16;22;0
5;2025-11-16;23;0
5;2025-11-17;0;0
5;2025-11-17;1;0
5;2025-11-17;2;0
5;2025-11-17;3;0
5;2025-11-17;4;0
5;2025-11-17;5;0
5;2025-11-17;6;0
5;2025-11-17;7;0
5;2025-11-17;8;0
5;2025-11-17;9;0
5;2025-11-17;10;0
5;2025-11-17;11;0
5;2025-11-17;12;0
5;2025-11-17;13;0
5;2025-11-17;14;0
5;2025-11-17;15;0
5;2025-11-17;16;0
5;2025-11-17;17;0
5;2025-11-17;18;0
5;2025-11-17;19;0
5;2025-11-17;20;0
5;2025-11-17;21;0
5;2025-11-17;22;0
5;2025-11-17;23;0
5;2025-11-18;0;0
5;2025-11-18;1;0
5;2025-11-18;2;0
5;2025-11-18;3;0
5;2025-11-18;4;0
5;2025-11-18;5;0
5;2025-11-18;6;0
5;2025-11-18;7;0
5;2025-11-18;8;0
5;2025-11-18;9;0
5;2025-11-18;10;0
5;2025-11-18;11;0
5;2025-11-18;12;0
5;2025-11-18;13;0
5;2025-11-18;14;0
5;2025-11-18;15;0
5;2025-11-18;16;0
5;2025-11-18;17;0
5;2025-11-18;18;0
5;2025-11-18;19;0
5;2025-11-18;20;0
5;2025-11-18;21;0
5;2025-11-18;22;0
5;2025-11-18;23;0
5;2025-11-19;0;0
5;2025-11-19;1;0
5;2025-11-19;2;0
5;2025-11-19;3;0
5;2025-11-19;4;0
5;2025-11-19;5;0
5;2025-11-19;6;0
5;2025-11-19;7;0
5;2025-11-19;8;0
5;2025-11-19;9;0
5;2025-11-19;10;0
5;2025-11-19;11;0
5;2025-11-19;12;0
5;2025-11-19;13;0
5;2025-11-19;14;0
5;2025-11-19;15;0
5;2025-11-19;16;0
5;2025-11-19;17;0
5;2025-11-19;18;0
5;2025-11-19;19;0
5;2025-11-19;20;0
5;2025-11-19;21;0
5;2025-11-19;22;0
5;2025-11-19;23;0
5;2025-11-20;0;0
5;2025-11-20;1;0
5;2025-11-20;2;0
5;2025-11-20;3;0
5;2025-11-20;4;0
5;2025-11-20;5;0
5;2025-11-20;6;0
5;2025-11-20;7;0
5;2025-11-20;8;0
5;2025-11-20;9;0
5;2025-11-20;10;0
5;2025-11-20;11;0
5;2025-11-20;12;0
5;2025-11-20;13;0
5;2025-11-20;14;0
5;2025-11-20;15;0
5;2025-11-20;16;0
5;2025-11-20;17;0
5;2025-11-20;18;0
5;2025-11-20;19;0
5;2025-11-20;20;0
5;2025-11-20;21;0
5;2025-11-20;22;0
5;2025-11-20;23;0
5;2025-11-21;0;0
5;2025-11-21;1;0
5;2025-11-21;2;0
5;2025-11-21;3;0
5;2025-11-21;4;0
5;2025-11-21;5;0
5;2025-11-21;6;0
5;2025-11-21;7;0
5;2025-11-21;8;0
5;2025-11-21;9;0
5;2025-11-21;10;0
5;2025-11-21;11;0
5;2025-11-21;12;0
5;2025-11-21;13;0
5;2025-11-21;14;0
5;2025-11-21;15;0
5;2025-11-21;16;0
5;2025-11-21;17;0
5;2025-11-21;18;0
5;2025-11-21;19;0
5;2025-11-21;20;0
5;2025-11-21;21;0
5;2025-11-21;22;0
5;2025-11-21;23;0
5;2025-11-22;0;0
5;2025-11-22;1;0
5;2025-11-22;2;0
5;2025-11-22;3;0
5;2025-11-22;4;0
5;2025-11-22;5;0
5;2025-11-22;6;0
5;2025-11-22;7;0
5;2025-11-22;8;0
5;2025-11-22;9;0
5;2025-11-22;10;0
5;2025-11-22;11;0
5;2025-11-22;12;0
5;2025-11-22;13;0
5;2025-11-22;14;0
5;2025-11-22;15;0
5;2025-11-22;16;0
5;2025-11-22;17;0
5;2025-11-22;18;0
5;2025-11-22;19;0
5;2025-11-22;20;0
5;2025-11-22;21;0
5;2025-11-22;22;0
5;2025-11-22;23;0
5;2025-11-23;0;0
5;2025-11-23;1;0
5;2025-11-23;2;0
5;2025-11-23;3;0
5;2025-11-23;4;0
5;2025-11-23;5;0
5;2025-11-23;6;0
5;2025-11-23;7;0
5;2025-11-23;8;0
5;2025-11-23;9;0
5;2025-11-23;10;0
5;2025-11-23;11;0
5;2025-11-23;12;0
5;2025-11-23;13;0
5;2025-11-23;14;0
5;2025-11-23;15;0
5;2025-11-23;16;0
5;2025-11-23;17;0
5;2025-11-23;18;0
5;2025-11-23;19;0
5;2025-11-23;20;0
5;2025-11-23;21;0
5;2025-11-23;22;0
5;2025-11-23;23;0
5;2025-11-24;0;0
5;2025-11-24;1;0
5;2025-11-24;2;0
5;2025-11-24;3;0
5;2025-11-24;4;0
5;2025-11-24;5;0
5;2025-11-24;6;0
5;2025-11-24;7;0
5;2025-11-24;8;0
5;2025-11-24;9;0
5;2025-11-24;10;0
5;2025-11-24;11;0
5;2025-11-24;12;0
5;2025-11-24;13;0
5;2025-11-24;14;0
5;2025-11-24;15;0
5;2025-11-24;16;0
5;2025-11-24;17;0
5;2025-11-24;18;0
5;2025-11-24;19;0
5;2025-11-24;20;0
5;2025-11-24;21;0
5;2025-11-24;22;0
5;2025-11-24;23;0
5;2025-11-25;0;0
5;2025-11-25;1;0
5;2025-11-25;2;0
5;2025-11-25;3;0
5;2025-11-25;4;0
5;2025-11-25;5;0
5;2025-11-25;6;0
5;2025-11-25;7;0
5;2025-11-25;8;0
5;2025-11-25;9;0
5;2025-11-25;10;0
5;2025-11-25;11;0
5;2025-11-25;12;0
5;2025-11-25;13;0
5;2025-11-25;14;0
5;2025-11-25;15;0
5;2025-11-25;16;0
5;2025-11-25;17;0
5;2025-11-25;18;0
5;2025-11-25;19;0
5;2025-11-25;20;0
5;2025-11-25;21;0
5;2025-11-25;22;0
5;2025-11-25;23;0
5;2025-11-26;0;0
5;2025-11-26;1;0
5;2025-11-26;2;0
5;2025-11-26;3;0
5;2025-11-26;4;0
5;2025-11-26;5;0
5;2025-11-26;6;0
5;2025-11-26;7;0
5;2025-11-26;8;0
5;2025-11-26;9;0
5;2025-11-26;10;0
5;2025-11-26;11;0
5;2025-11-26;12;0
5;2025-11-26;13;0
5;2025-11-26;14;0
5;2025-11-26;15;0
5;2025-11-26;16;0
5;2025-11-26;17;0
5;2025-11-26;18;0
5;2025-11-26;19;0
5;2025-11-26;20;0
5;2025-11-26;21;0
5;2025-11-26;22;0
5;2025-11-26;23;0
5;2025-11-27;0;0
5;2025-11-27;1;0
5;2025-11-27;2;0
5;2025-11-27;3;0
5;2025-11-27;4;0
5;2025-11-27;5;0
5;2025-11-27;6;0
5;2025-11-27;7;0
5;2025-11-27;8;0
5;2025-11-27;9;0
5;2025-11-27;10;0
5;2025-11-27;11;0
5;2025-11-27;12;0
5;2025-11-27;13;0
5;2025-11-27;14;0
5;2025-11-27;15;0
5;2025-11-27;16;0
5;2025-11-27;17;0
5;2025-11-27;18;0
5;2025-11-27;19;0
5;2025-11-27;20;0
5;2025-11-27;21;0
5;2025-11-27;22;0
5;2025-11-27;23;0
5;2025-11-28;0;0
5;2025-11-28;1;0
5;2025-11-28;2;0
5;2025-11-28;3;0
5;2025-11-28;4;0
5;2025-11-28;5;0
5;2025-11-28;6;0
5;2025-11-28;7;0
5;2025-11-28;8;0
5;2025-11-28;9;0
5;2025-11-28;10;0
5;2025-11-28;11;0
5;2025-11-28;12;0
5;2025-11-28;13;0
5;2025-11-28;14;0
5;2025-11-28;15;0
5;2025-11-28;16;0
5;2025-11-28;17;0
5;2025-11-28;18;0
5;2025-11-28;19;0
5;2025-11-28;20;0
5;2025-11-28;21;0
5;2025-11-28;22;0
5;2025-11-28;23;0
5;2025-11-29;0;0
5;2025-11-29;1;0
5;2025-11-29;2;0
5;2025-11-29;3;0
5;2025-11-29;4;0
5;2025-11-29;5;0
5;2025-11-29;6;0
5;2025-11-29;7;0
5;2025-11-29;8;0
5;2025-11-29;9;0
5;2025-11-29;10;0
5;2025-11-29;11;0
5;2025-11-29;12;0
5;2025-11-29;13;0
5;2025-11-29;14;0
5;2025-11-29;15;0
5;2025-11-29;16;0
5;2025-11-29;17;0
5;2025-11-29;18;0
5;2025-11-29;19;0
5;2025-11-29;20;0
5;2025-11-29;21;0
5;2025-11-29;22;0
5;2025-11-29;23;0
5;2025-11-30;0;0
5;2025-11-30;1;0
5;2025-11-30;2;0
5;2025-11-30;3;0
5;2025-11-30;4;0
5;2025-11-30;5;0
5;2025-11-30;6;0
5;2025-11-30;7;0
5;2025-11-30;8;0
5;2025-11-30;9;0
5;2025-11-30;10;0
5;2025-11-30;11;0
5;2025-11-30;12;0
5;2025-11-30;13;0
5;2025-11-30;14;0
5;2025-11-30;15;0
5;2025-11-30;16;0
5;2025-11-30;17;0
5;2025-11-30;18;0
5;2025-11-30;19;0
5;2025-11-30;20;0
5;2025-11-30;21;0
5;2025-11-30;22;0
5;2025-11-30;23;0
5;2025-12-01;0;0
5;2025-12-01;1;0
5;2025-12-01;2;0
5;2025-12-01;3;0
5;2025-12-01;4;0
5;2025-12-01;5;0
5;2025-12-01;6;0
5;2025-12-01;7;0
5;2025-12-01;8;0
5;2025-12-01;9;0
5;2025-12-01;10;0
5;2025-12-01;11;0
5;2025-12-01;12;0
5;2025-12-01;13;0
5;2025-12-01;14;0
5;2025-12-01;15;0
5;2025-12-01;16;0
5;2025-12-01;17;0
5;2025-12-01;18;0
5;2025-12-01;19;0
5;2025-12-01;20;0
5;2025-12-01;21;0
5;2025-12-01;22;0
5;2025-12-01;23;0
5;2025-12-02;0;0
5;2025-12-02;1;0
5;2025-12-02;2;0
5;2025-12-02;3;0
5;2025-12-02;4;0
5;2025-12-02;5;0
5;2025-12-02;6;0
5;2025-12-02;7;0
5;2025-12-02;8;0
5;2025-12-02;9;0
5;2025-12-02;10;0
5;2025-12-02;11;0
5;2025-12-02;12;0
5;2025-12-02;13;0
5;2025-12-02;14;0
5;2025-12-02;15;0
5;2025-12-02;16;0
5;2025-12-02;17;0
5;2025-12-02;18;0
5;2025-12-02;19;0
5;2025-12-02;20;0
5;2025-12-02;21;0
5;2025-12-02;22;0
5;2025-12-02;23;0
5;2025-12-03;0;0
5;2025-12-03;1;0
5;2025-12-03;2;0
5;2025-12-03;3;0
5;2025-12-03;4;0
5;2025-12-03;5;0
5;2025-12-03;6;0
5;2025-12-03;7;0
5;2025-12-03;8;0
5;2025-12-03;9;0
5;2025-12-03;10;0
5;2025-12-03;11;0
5;2025-12-03;12;0
5;2025-12-03;13;0
5;2025-12-03;14;0
5;2025-12-03;15;0
5;2025-12-03;16;0
5;2025-12-03;17;0
5;2025-12-03;18;0
5;2025-12-03;19;0
5;2025-12-03;20;0
5;2025-12-03;21;0
5;2025-12-03;22;0
5;2025-12-03;23;0
5;2025-12-04;0;0
5;2025-12-04;1;0
5;2025-12-04;2;0
5;2025-12-04;3;0
5;2025-12-04;4;0
5;2025-12-04;5;0
5;2025-12-04;6;0
5;2025-12-04;7;0
5;2025-12-04;8;0
5;2025-12-04;9;0
5;2025-12-04;10;0
5;2025-12-04;11;0
5;2025-12-04;12;0
5;2025-12-04;13;0
5;2025-12-04;14;0
5;2025-12-04;15;0
5;2025-12-04;16;0
5;2025-12-04;17;0
5;2025-12-04;18;0
5;2025-12-04;19;0
5;2025-12-04;20;0
5;2025-12-04;21;0
5;2025-12-04;22;0
5;2025-12-04;23;0
5;2025-12-05;0;0
5;2025-12-05;1;0
5;2025-12-05;2;0
5;2025-12-05;3;0
5;2025-12-05;4;0
5;2025-12-05;5;0
5;2025-12-05;6;0
5;2025-12-05;7;0
5;2025-12-05;8;0
5;2025-12-05;9;0
5;2025-12-05;10;0
5;2025-12-05;11;0
5;2025-12-05;12;0
5;2025-12-05;13;0
5;2025-12-05;14;0
5;2025-12-05;15;0
5;2025-12-05;16;0
5;2025-12-05;17;0
5;2025-12-05;18;0
5;2025-12-05;19;0
5;2025-12-05;20;0
5;2025-12-05;21;0
5;2025-12-05;22;0
5;2025-12-05;23;0
5;2025-12-06;0;0
5;2025-12-06;1;0
5;2025-12-06;2;0
5;2025-12-06;3;0
5;2025-12-06;4;0
5;2025-12-06;5;0
5;2025-12-06;6;0
5;2025-12-06;7;0
5;2025-12-06;8;0
5;2025-12-06;9;0
5;2025-12-06;10;0
5;2025-12-06;11;0
5;2025-12-06;12;0
5;2025-12-06;13;0
5;2025-12-06;14;0
5;2025-12-06;15;0
5;2025-12-06;16;0
5;2025-12-06;17;0
5;2025-12-06;18;0
5;2025-12-06;19;0
5;2025-12-06;20;0
5;2025-12-06;21;0
5;2025-12-06;22;0
5;2025-12-06;23;0
5;2025-12-07;0;0
5;2025-12-07;1;0
5;2025-12-07;2;0
5;2025-12-07;3;0
5;2025-12-07;4;0
5;2025-12-07;5;0
5;2025-12-07;6;0
5;2025-12-07;7;0
5;2025-12-07;8;0
5;2025-12-07;9;0
5;2025-12-07;10;0
5;2025-12-07;11;0
5;2025-12-07;12;0
5;2025-12-07;13;0
5;2025-12-07;14;0
5;2025-12-07;15;0
5;2025-12-07;16;0
5;2025-12-07;17;0
5;2025-12-07;18;0
5;2025-12-07;19;0
5;2025-12-07;20;0
5;2025-12-07;21;0
5;2025-12-07;22;0
5;2025-12-07;23;0
5;2025-12-08;0;0
5;2025-12-08;1;0
5;2025-12-08;2;0
5;2025-12-08;3;0
5;2025-12-08;4;0
5;2025-12-08;5;0
5;2025-12-08;6;0
5;2025-12-08;7;0
5;2025-12-08;8;0
5;2025-12-08;9;0
5;2025-12-08;10;0
5;2025-12-08;11;0
5;2025-12-08;12;0
5;2025-12-08;13;0
5;2025-12-08;14;0
5;2025-12-08;15;0
5;2025-12-08;16;0
5;2025-12-08;17;0
5;2025-12-08;18;0
5;2025-12-08;19;0
5;2025-12-08;20;0
5;2025-12-08;21;0
5;2025-12-08;22;0
5;2025-12-08;23;0
5;2025-12-09;0;0
5;2025-12-09;1;0
5;2025-12-09;2;0
5;2025-12-09;3;0
5;2025-12-09;4;0
5;2025-12-09;5;0
5;2025-12-09;6;0
5;2025-12-09;7;0
5;2025-12-09;8;0
5;2025-12-09;9;0
5;2025-12-09;10;0
5;2025-12-09;11;0
5;2025-12-09;12;0
5;2025-12-09;13;0
5;2025-12-09;14;0
5;2025-12-09;15;0
5;2025-12-09;16;0
5;2025-12-09;17;0
5;2025-12-09;18;0
5;2025-12-09;19;0
5;2025-12-09;20;0
5;2025-12-09;21;0
5;2025-12-09;22;0
5;2025-12-09;23;0
5;2025-12-10;0;0
5;2025-12-10;1;0
5;2025-12-10;2;0
5;2025-12-10;3;0
5;2025-12-10;4;0
5;2025-12-10;5;0
5;2025-12-10;6;0
5;2025-12-10;7;0
5;2025-12-10;8;0
5;2025-12-10;9;0
5;2025-12-10;10;0
5;2025-12-10;11;0
5;2025-12-10;12;0
5;2025-12-10;13;0
5;2025-12-10;14;0
5;2025-12-10;15;0
5;2025-12-10;16;0
5;2025-12-10;17;0
5;2025-12-10;18;0
5;2025-12-10;19;0
5;2025-12-10;20;0
5;2025-12-10;21;0
5;2025-12-10;22;0
5;2025-12-10;23;0
5;2025-12-11;0;0
5;2025-12-11;1;0
5;2025-12-11;2;0
5;2025-12-11;3;0
5;2025-12-11;4;0
5;2025-12-11;5;0
5;2025-12-11;6;0
5;2025-12-11;7;0
5;2025-12-11;8;0
5;2025-12-11;9;0
5;2025-12-11;10;0
5;2025-12-11;11;0
5;2025-12-11;12;0
5;2025-12-11;13;0
5;2025-12-11;14;0
5;2025-12-11;15;0
5;2025-12-11;16;0
5;2025-12-11;17;0
5;2025-12-11;18;0
5;2025-12-11;19;0
5;2025-12-11;20;0
5;2025-12-11;21;0
5;2025-12-11;22;0
5;2025-12-11;23;0
5;2025-12-12;0;0
5;2025-12-12;1;0
5;2025-12-12;2;0
5;2025-12-12;3;0
5;2025-12-12;4;0
5;2025-12-12;5;0
5;2025-12-12;6;0
5;2025-12-12;7;0
5;2025-12-12;8;0
5;2025-12-12;9;0
5;2025-12-12;10;0
5;2025-12-12;11;0
5;2025-12-12;12;0
5;2025-12-12;13;0
5;2025-12-12;14;0
5;2025-12-12;15;0
5;2025-12-12;16;0
5;2025-12-12;17;0
5;2025-12-12;18;0
5;2025-12-12;19;0
5;2025-12-12;20;0
5;2025-12-12;21;0
5;2025-12-12;22;0
5;2025-12-12;23;0
5;2025-12-13;0;0
5;2025-12-13;1;0
5;2025-12-13;2;0
5;2025-12-13;3;0
5;2025-12-13;4;0
5;2025-12-13;5;0
5;2025-12-13;6;0
5;2025-12-13;7;0
5;2025-12-13;8;0
5;2025-12-13;9;0
5;2025-12-13;10;0
5;2025-12-13;11;0
5;2025-12-13;12;0
5;2025-12-13;13;0
5;2025-12-13;14;0
5;2025-12-13;15;0
5;2025-12-13;16;0
5;2025-12-13;17;0
5;2025-12-13;18;0
5;2025-12-13;19;0
5;2025-12-13;20;0
5;2025-12-13;21;0
5;2025-12-13;22;0
5;2025-12-13;23;0
5;2025-12-14;0;0
5;2025-12-14;1;0
5;2025-12-14;2;0
5;2025-12-14;3;0
5;2025-12-14;4;0
5;2025-12-14;5;0
5;2025-12-14;6;0
5;2025-12-14;7;0
5;2025-12-14;8;0
5;2025-12-14;9;0
5;2025-12-14;10;0
5;2025-12-14;11;0
5;2025-12-14;12;0
5;2025-12-14;13;0
5;2025-12-14;14;0
5;2025-12-14;15;0
5;2025-12-14;16;0
5;2025-12-14;17;0
5;2025-12-14;18;0
5;2025-12-14;19;0
5;2025-12-14;20;0
5;2025-12-14;21;0
5;2025-12-14;22;0
5;2025-12-14;23;0
5;2025-12-15;0;0
5;2025-12-15;1;0
5;2025-12-15;2;0
5;2025-12-15;3;0
5;2025-12-15;4;0
5;2025-12-15;5;0
5;2025-12-15;6;0
5;2025-12-15;7;0
5;2025-12-15;8;0
5;2025-12-15;9;0
5;2025-12-15;10;0
5;2025-12-15;11;0
5;2025-12-15;12;0
5;2025-12-15;13;0
5;2025-12-15;14;0
5;2025-12-15;15;0
5;2025-12-15;16;0
5;2025-12-15;17;0
5;2025-12-15;18;0
5;2025-12-15;19;0
5;2025-12-15;20;0
5;2025-12-15;21;0
5;2025-12-15;22;0
5;2025-12-15;23;0
5;2025-12-16;0;0
5;2025-12-16;1;0
5;2025-12-16;2;0
5;2025-12-16;3;0
5;2025-12-16;4;0
5;2025-12-16;5;0
5;2025-12-16;6;0
5;2025-12-16;7;0
5;2025-12-16;8;0
5;2025-12-16;9;0
5;2025-12-16;10;0
5;2025-12-16;11;0
5;2025-12-16;12;0
5;2025-12-16;13;0
5;2025-12-16;14;0
5;2025-12-16;15;0
5;2025-12-16;16;0
5;2025-12-16;17;0
5;2025-12-16;18;0
5;2025-12-16;19;0
5;2025-12-16;20;0
5;2025-12-16;21;0
5;2025-12-16;22;0
5;2025-12-16;23;0
5;2025-12-17;0;0
5;2025-12-17;1;0
5;2025-12-17;2;0
5;2025-12-17;3;0
5;2025-12-17;4;0
5;2025-12-17;5;0
5;2025-12-17;6;0
5;2025-12-17;7;0
5;2025-12-17;8;0
5;2025-12-17;9;0
5;2025-12-17;10;0
5;2025-12-17;11;0
5;2025-12-17;12;0
5;2025-12-17;13;0
5;2025-12-17;14;0
5;2025-12-17;15;0
5;2025-12-17;16;0
5;2025-12-17;17;0
5;2025-12-17;18;0
5;2025-12-17;19;0
5;2025-12-17;20;0
5;2025-12-17;21;0
5;2025-12-17;22;0
5;2025-12-17;23;0
5;2025-12-18;0;0
5;2025-12-18;1;0
5;2025-12-18;2;0
5;2025-12-18;3;0
5;2025-12-18;4;0
5;2025-12-18;5;0
5;2025-12-18;6;0
5;2025-12-18;7;0
5;2025-12-18;8;0
5;2025-12-18;9;0
5;2025-12-18;10;0
5;2025-12-18;11;0
5;2025-12-18;12;0
5;2025-12-18;13;0
5;2025-12-18;14;0
5;2025-12-18;15;0
5;2025-12-18;16;0
5;2025-12-18;17;0
5;2025-12-18;18;0
5;2025-12-18;19;0
5;2025-12-18;20;0
5;2025-12-18;21;0
5;2025-12-18;22;0
5;2025-12-18;23;0
5;2025-12-19;0;0
5;2025-12-19;1;0
5;2025-12-19;2;0
5;2025-12-19;3;0
5;2025-12-19;4;0
5;2025-12-19;5;0
5;2025-12-19;6;0
5;2025-12-19;7;0
5;2025-12-19;8;0
5;2025-12-19;9;0
5;2025-12-19;10;0
5;2025-12-19;11;0
5;2025-12-19;12;0
5;2025-12-19;13;0
5;2025-12-19;14;0
5;2025-12-19;15;0
5;2025-12-19;16;0
5;2025-12-19;17;0
5;2025-12-19;18;0
5;2025-12-19;19;0
5;2025-12-19;20;0
5;2025-12-19;21;0
5;2025-12-19;22;0
5;2025-12-19;23;0
5;2025-12-20;0;0
5;2025-12-20;1;0
5;2025-12-20;2;0
5;2025-12-20;3;0
5;2025-12-20;4;0
5;2025-12-20;5;0
5;2025-12-20;6;0
5;2025-12-20;7;0
5;2025-12-20;8;0
5;2025-12-20;9;0
5;2025-12-20;10;0
5;2025-12-20;11;0
5;2025-12-20;12;0
5;2025-12-20;13;0
5;2025-12-20;14;0
5;2025-12-20;15;0
5;2025-12-20;16;0
5;2025-12-20;17;0
5;2025-12-20;18;0
5;2025-12-20;19;0
5;2025-12-20;20;0
5;2025-12-20;21;0
5;2025-12-20;22;0
5;2025-12-20;23;0
5;2025-12-21;0;0
5;2025-12-21;1;0
5;2025-12-21;2;0
5;2025-12-21;3;0
5;2025-12-21;4;0
5;2025-12-21;5;0
5;2025-12-21;6;0
5;2025-12-21;7;0
5;2025-12-21;8;0
5;2025-12-21;9;0
5;2025-12-21;10;0
5;2025-12-21;11;0
5;2025-12-21;12;0
5;2025-12-21;13;0
5;2025-12-21;14;0
5;2025-12-21;15;0
5;2025-12-21;16;0
5;2025-12-21;17;0
5;2025-12-21;18;0
5;2025-12-21;19;0
5;2025-12-21;20;0
5;2025-12-21;21;0
5;2025-12-21;22;0
5;2025-12-21;23;0
5;2025-12-22;0;0
5;2025-12-22;1;0
5;2025-12-22;2;0
5;2025-12-22;3;0
5;2025-12-22;4;0
5;2025-12-22;5;0
5;2025-12-22;6;0
5;2025-12-22;7;0
5;2025-12-22;8;0
5;2025-12-22;9;0
5;2025-12-22;10;0
5;2025-12-22;11;0
5;2025-12-22;12;0
5;2025-12-22;13;0
5;2025-12-22;14;0
5;2025-12-22;15;0
5;2025-12-22;16;0
5;2025-12-22;17;0
5;2025-12-22;18;0
5;2025-12-22;19;0
5;2025-12-22;20;0
5;2025-12-22;21;0
5;2025-12-22;22;0
5;2025-12-22;23;0
5;2025-12-23;0;0
5;2025-12-23;1;0
5;2025-12-23;2;0
5;2025-12-23;3;0
5;2025-12-23;4;0
5;2025-12-23;5;0
5;2025-12-23;6;0
5;2025-12-23;7;0
5;2025-12-23;8;0
5;2025-12-23;9;0
5;2025-12-23;10;0
5;2025-12-23;11;0
5;2025-12-23;12;0
5;2025-12-23;13;0
5;2025-12-23;14;0
5;2025-12-23;15;0
5;2025-12-23;16;0
5;2025-12-23;17;0
5;2025-12-23;18;0
5;2025-12-23;19;0
5;2025-12-23;20;0
5;2025-12-23;21;0
5;2025-12-23;22;0
5;2025-12-23;23;0
5;2025-12-24;0;0
5;2025-12-24;1;0
5;2025-12-24;2;0
5;2025-12-24;3;0
5;2025-12-24;4;0
5;2025-12-24;5;0
5;2025-12-24;6;0
5;2025-12-24;7;0
5;2025-12-24;8;0
5;2025-12-24;9;0
5;2025-12-24;10;0
5;2025-12-24;11;0
5;2025-12-24;12;0
5;2025-12-24;13;0
5;2025-12-24;14;0
5;2025-12-24;15;0
5;2025-12-24;16;0
5;2025-12-24;17;0
5;2025-12-24;18;0
5;2025-12-24;19;0
5;2025-12-24;20;0
5;2025-12-24;21;0
5;2025-12-24;22;0
5;2025-12-24;23;0
5;2025-12-25;0;0
5;2025-12-25;1;0
5;2025-12-25;2;0
5;2025-12-25;3;0
5;2025-12-25;4;0
5;2025-12-25;5;0
5;2025-12-25;6;0
5;2025-12-25;7;0
5;2025-12-25;8;0
5;2025-12-25;9;0
5;2025-12-25;10;0
5;2025-12-25;11;0
5;2025-12-25;12;0
5;2025-12-25;13;0
5;2025-12-25;14;0
5;2025-12-25;15;0
5;2025-12-25;16;0
5;2025-12-25;17;0
5;2025-12-25;18;0
5;2025-12-25;19;0
5;2025-12-25;20;0
5;2025-12-25;21;0
5;2025-12-25;22;0
5;2025-12-25;23;0
5;2025-12-26;0;0
5;2025-12-26;1;0
5;2025-12-26;2;0
5;2025-12-26;3;0
5;2025-12-26;4;0
5;2025-12-26;5;0
5;2025-12-26;6;0
5;2025-12-26;7;0
5;2025-12-26;8;0
5;2025-12-26;9;0
5;2025-12-26;10;0
5;2025-12-26;11;0
5;2025-12-26;12;0
5;2025-12-26;13;0
5;2025-12-26;14;0
5;2025-12-26;15;0
5;2025-12-26;16;0
5;2025-12-26;17;0
5;2025-12-26;18;0
5;2025-12-26;19;0
5;2025-12-26;20;0
5;2025-12-26;21;0
5;2025-12-26;22;0
5;2025-12-26;23;0
5;2025-12-27;0;0
5;2025-12-27;1;0
5;2025-12-27;2;0
5;2025-12-27;3;0
5;2025-12-27;4;0
5;2025-12-27;5;0
5;2025-12-27;6;0
5;2025-12-27;7;0
5;2025-12-27;8;0
5;2025-12-27;9;0
5;2025-12-27;10;0
5;2025-12-27;11;0
5;2025-12-27;12;0
5;2025-12-27;13;0
5;2025-12-27;14;0
5;2025-12-27;15;0
5;2025-12-27;16;0
5;2025-12-27;17;0
5;2025-12-27;18;0
5;2025-12-27;19;0
5;2025-12-27;20;0
5;2025-12-27;21;0
5;2025-12-27;22;0
5;2025-12-27;23;0
5;2025-12-28;0;0
5;2025-12-28;1;0
5;2025-12-28;2;0
5;2025-12-28;3;0
5;2025-12-28;4;0
5;2025-12-28;5;0
5;2025-12-28;6;0
5;2025-12-28;7;0
5;2025-12-28;8;0
5;2025-12-28;9;0
5;2025-12-28;10;0
5;2025-12-28;11;0
5;2025-12-28;12;0
5;2025-12-28;13;0
5;2025-12-28;14;0
5;2025-12-28;15;0
5;2025-12-28;16;0
5;2025-12-28;17;0
5;2025-12-28;18;0
5;2025-12-28;19;0
5;2025-12-28;20;0
5;2025-12-28;21;0
5;2025-12-28;22;0
5;2025-12-28;23;0
5;2025-12-29;0;0
5;2025-12-29;1;0
5;2025-12-29;2;0
5;2025-12-29;3;0
5;2025-12-29;4;0
5;2025-12-29;5;0
5;2025-12-29;6;0
5;2025-12-29;7;0
5;2025-12-29;8;0
5;2025-12-29;9;0
5;2025-12-29;10;0
5;2025-12-29;11;0
5;2025-12-29;12;0
5;2025-12-29;13;0
5;2025-12-29;14;0
5;2025-12-29;15;0
5;2025-12-29;16;0
5;2025-12-29;17;0
5;2025-12-29;18;0
5;2025-12-29;19;0
5;2025-12-29;20;0
5;2025-12-29;21;0
5;2025-12-29;22;0
5;2025-12-29;23;0
5;2025-12-30;0;0
5;2025-12-30;1;0
5;2025-12-30;2;0
5;2025-12-30;3;0
5;2025-12-30;4;0
5;2025-12-30;5;0
5;2025-12-30;6;0
5;2025-12-30;7;0
5;2025-12-30;8;0
5;2025-12-30;9;0
5;2025-12-30;10;0
5;2025-12-30;11;0
5;2025-12-30;12;0
5;2025-12-30;13;0
5;2025-12-30;14;0
5;2025-12-30;15;0
5;2025-12-30;16;0
5;2025-12-30;17;0
5;2025-12-30;18;0
5;2025-12-30;19;0
5;2025-12-30;20;0
5;2025-12-30;21;0
5;2025-12-30;22;0
5;2025-12-30;23;0
5;2025-12-31;0;0
5;2025-12-31;1;0
5;2025-12-31;2;0
5;2025-12-31;3;0
5;2025-12-31;4;0
5;2025-12-31;5;0
5;2025-12-31;6;0
5;2025-12-31;7;0
5;2025-12-31;8;0
5;2025-12-31;9;0
5;2025-12-31;10;0
5;2025-12-31;11;0
5;2025-12-31;12;0
5;2025-12-31;13;0
5;2025-12-31;14;0
5;2025-12-31;15;0
5;2025-12-31;16;0
5;2025-12-31;17;0
5;2025-12-31;18;0
5;2025-12-31;19;0
5;2025-12-31;20;0
5;2025-12-31;21;0
5;2025-12-31;22;0
5;2025-12-31;23;0
7;2025-11-01;0;68
7;2025-11-01;1;18
7;2025-11-01;2;0
7;2025-11-01;3;0
7;2025-11-01;4;3
7;2025-11-01;5;142
7;2025-11-01;6;549
7;2025-11-01;7;1495
7;2025-11-01;8;2330
7;2025-11-01;9;1778
7;2025-11-01;10;1560
7;2025-11-01;11;1527
7;2025-11-01;12;1640
7;2025-11-01;13;1654
7;2025-11-01;14;1699
7;2025-11-01;15;1771
7;2025-11-01;16;1855
7;2025-11-01;17;2218
7;2025-11-01;18;2178
7;2025-11-01;19;1555
7;2025-11-01;20;1017
7;2025-11-01;21;533
7;2025-11-01;22;210
7;2025-11-01;23;193
7;2025-11-02;0;29
7;2025-11-02;1;10
7;2025-11-02;2;0
7;2025-11-02;3;0
7;2025-11-02;4;0
7;2025-11-02;5;0
7;2025-11-02;6;112
7;2025-11-02;7;196
7;2025-11-02;8;381
7;2025-11-02;9;469
7;2025-11-02;10;458
7;2025-11-02;11;617
7;2025-11-02;12;687
7;2025-11-02;13;685
7;2025-11-02;14;711
7;2025-11-02;15;710
7;2025-11-02;16;662
7;2025-11-02;17;701
7;2025-11-02;18;634
7;2025-11-02;19;481
7;2025-11-02;20;428
7;2025-11-02;21;317
7;2025-11-02;22;117
7;2025-11-02;23;85
7;2025-11-03;0;53
7;2025-11-03;1;8
7;2025-11-03;2;0
7;2025-11-03;3;0
7;2025-11-03;4;0
7;2025-11-03;5;70
7;2025-11-03;6;270
7;2025-11-03;7;354
7;2025-11-03;8;635
7;2025-11-03;9;635
7;2025-11-03;10;638
7;2025-11-03;11;719
7;2025-11-03;12;813
7;2025-11-03;13;810
7;2025-11-03;14;816
7;2025-11-03;15;836
7;2025-11-03;16;816
7;2025-11-03;17;893
7;2025-11-03;18;902
7;2025-11-03;19;689
7;2025-11-03;20;487
7;2025-11-03;21;432
7;2025-11-03;22;213
7;2025-11-03;23;147
7;2025-11-04;0;67
7;2025-11-04;1;5
7;2025-11-04;2;0
7;2025-11-04;3;0
7;2025-11-04;4;0
7;2025-11-04;5;95
7;2025-11-04;6;318
7;2025-11-04;7;388
7;2025-11-04;8;649
7;2025-11-04;9;643
7;2025-11-04;10;651
7;2025-11-04;11;746
7;2025-11-04;12;795
7;2025-11-04;13;835
7;2025-11-04;14;884
7;2025-11-04;15;903
7;2025-11-04;16;829
7;2025-11-04;17;911
7;2025-11-04;18;934
7;2025-11-04;19;718
7;2025-11-04;20;518
7;2025-11-04;21;474
7;2025-11-04;22;238
7;2025-11-04;23;169
7;2025-11-05;0;56
7;2025-11-05;1;7
7;2025-11-05;2;0
7;2025-11-05;3;0
7;2025-11-05;4;3
7;2025-11-05;5;188
7;2025-11-05;6;583
7;2025-11-05;7;1541
7;2025-11-05;8;2479
7;2025-11-05;9;1840
7;2025-11-05;10;1620
7;2025-11-05;11;1531
7;2025-11-05;12;1630
7;2025-11-05;13;1588
7;2025-11-05;14;1642
7;2025-11-05;15;1764
7;2025-11-05;16;1833
7;2025-11-05;17;2345
7;2025-11-05;18;2478
7;2025-11-05;19;1676
7;2025-11-05;20;1051
7;2025-11-05;21;602
7;2025-11-05;22;279
7;2025-11-05;23;198
7;2025-11-06;0;56
7;2025-11-06;1;14
7;2025-11-06;2;0
7;2025-11-06;3;0
7;2025-11-06;4;2
7;2025-11-06;5;183
7;2025-11-06;6;621
7;2025-11-06;7;1572
7;2025-11-06;8;2495
7;2025-11-06;9;1831
7;2025-11-06;10;1584
7;2025-11-06;11;1513
7;2025-11-06;12;1617
7;2025-11-06;13;1592
7;2025-11-06;14;1646
7;2025-11-06;15;1739
7;2025-11-06;16;1826
7;2025-11-06;17;2324
7;2025-11-06;18;2474
7;2025-11-06;19;1679
7;2025-11-06;20;1024
7;2025-11-06;21;603
7;2025-11-06;22;273
7;2025-11-06;23;200
7;2025-11-07;0;63
7;2025-11-07;1;8
7;2025-11-07;2;0
7;2025-11-07;3;0
7;2025-11-07;4;0
7;2025-11-07;5;166
7;2025-11-07;6;590
7;2025-11-07;7;1522
7;2025-11-07;8;2332
7;2025-11-07;9;1780
7;2025-11-07;10;1544
7;2025-11-07;11;1495
7;2025-11-07;12;1632
7;2025-11-07;13;1613
7;2025-11-07;14;1662
7;2025-11-07;15;1779
7;2025-11-07;16;1910
7;2025-11-07;17;2284
7;2025-11-07;18;2146
7;2025-11-07;19;1550
7;2025-11-07;20;1003
7;2025-11-07;21;573
7;2025-11-07;22;284
7;2025-11-07;23;227
7;2025-11-08;0;64
7;2025-11-08;1;15
7;2025-11-08;2;0
7;2025-11-08;3;0
7;2025-11-08;4;3
7;2025-11-08;5;46
7;2025-11-08;6;213
7;2025-11-08;7;352
7;2025-11-08;8;610
7;2025-11-08;9;631
7;2025-11-08;10;644
7;2025-11-08;11;759
7;2025-11-08;12;883
7;2025-11-08;13;849
7;2025-11-08;14;884
7;2025-11-08;15;871
7;2025-11-08;16;825
7;2025-11-08;17;826
7;2025-11-08;18;794
7;2025-11-08;19;676
7;2025-11-08;20;501
7;2025-11-08;21;393
7;2025-11-08;22;167
7;2025-11-08;23;147
7;2025-11-09;0;54
7;2025-11-09;1;11
7;2025-11-09;2;0
7;2025-11-09;3;0
7;2025-11-09;4;0
7;2025-11-09;5;3
7;2025-11-09;6;139
7;2025-11-09;7;220
7;2025-11-09;8;383
7;2025-11-09;9;480
7;2025-11-09;10;481
7;2025-11-09;11;616
7;2025-11-09;12;685
7;2025-11-09;13;696
7;2025-11-09;14;711
7;2025-11-09;15;707
7;2025-11-09;16;646
7;2025-11-09;17;681
7;2025-11-09;18;628
7;2025-11-09;19;490
7;2025-11-09;20;413
7;2025-11-09;21;318
7;2025-11-09;22;119
7;2025-11-09;23;86
7;2025-11-10;0;36
7;2025-11-10;1;9
7;2025-11-10;2;0
7;2025-11-10;3;0
7;2025-11-10;4;1
7;2025-11-10;5;155
7;2025-11-10;6;560
7;2025-11-10;7;1524
7;2025-11-10;8;2439
7;2025-11-10;9;1812
7;2025-11-10;10;1542
7;2025-11-10;11;1450
7;2025-11-10;12;1575
7;2025-11-10;13;1560
7;2025-11-10;14;1588
7;2025-11-10;15;1712
7;2025-11-10;16;1793
7;2025-11-10;17;2316
7;2025-11-10;18;2415
7;2025-11-10;19;1678
7;2025-11-10;20;1001
7;2025-11-10;21;527
7;2025-11-10;22;221
7;2025-11-10;23;140
7;2025-11-11;0;31
7;2025-11-11;1;8
7;2025-11-11;2;0
7;2025-11-11;3;0
7;2025-11-11;4;2
7;2025-11-11;5;166
7;2025-11-11;6;602
7;2025-11-11;7;1549
7;2025-11-11;8;2503
7;2025-11-11;9;1835
7;2025-11-11;10;1607
7;2025-11-11;11;1533
7;2025-11-11;12;1614
7;2025-11-11;13;1618
7;2025-11-11;14;1647
7;2025-11-11;15;1739
7;2025-11-11;16;1813
7;2025-11-11;17;2357
7;2025-11-11;18;2491
7;2025-11-11;19;1731
7;2025-11-11;20;1040
7;2025-11-11;21;583
7;2025-11-11;22;251
7;2025-11-11;23;170
7;2025-11-12;0;35
7;2025-11-12;1;5
7;2025-11-12;2;0
7;2025-11-12;3;0
7;2025-11-12;4;1
7;2025-11-12;5;166
7;2025-11-12;6;588
7;2025-11-12;7;1547
7;2025-11-12;8;2513
7;2025-11-12;9;1844
7;2025-11-12;10;1619
7;2025-11-12;11;1540
7;2025-11-12;12;1654
7;2025-11-12;13;1619
7;2025-11-12;14;1667
7;2025-11-12;15;1767
7;2025-11-12;16;1840
7;2025-11-12;17;2370
7;2025-11-12;18;2484
7;2025-11-12;19;1705
7;2025-11-12;20;1037
7;2025-11-12;21;577
7;2025-11-12;22;253
7;2025-11-12;23;175
7;2025-11-13;0;38
7;2025-11-13;1;12
7;2025-11-13;2;0
7;2025-11-13;3;0
7;2025-11-13;4;0
7;2025-11-13;5;163
7;2025-11-13;6;599
7;2025-11-13;7;1547
7;2025-11-13;8;2501
7;2025-11-13;9;1824
7;2025-11-13;10;1581
7;2025-11-13;11;1507
7;2025-11-13;12;1637
7;2025-11-13;13;1611
7;2025-11-13;14;1661
7;2025-11-13;15;1745
7;2025-11-13;16;1842
7;2025-11-13;17;2337
7;2025-11-13;18;2479
7;2025-11-13;19;1698
7;2025-11-13;20;1040
7;2025-11-13;21;589
7;2025-11-13;22;250
7;2025-11-13;23;174
7;2025-11-14;0;40
7;2025-11-14;1;5
7;2025-11-14;2;0
7;2025-11-14;3;0
7;2025-11-14;4;1
7;2025-11-14;5;150
7;2025-11-14;6;562
7;2025-11-14;7;1497
7;2025-11-14;8;2331
7;2025-11-14;9;1793
7;2025-11-14;10;1567
7;2025-11-14;11;1508
7;2025-11-14;12;1640
7;2025-11-14;13;1623
7;2025-11-14;14;1666
7;2025-11-14;15;1771
7;2025-11-14;16;1909
7;2025-11-14;17;2286
7;2025-11-14;18;2145
7;2025-11-14;19;1555
7;2025-11-14;20;1000
7;2025-11-14;21;562
7;2025-11-14;22;271
7;2025-11-14;23;211
7;2025-11-15;0;45
7;2025-11-15;1;17
7;2025-11-15;2;0
7;2025-11-15;3;0
7;2025-11-15;4;2
7;2025-11-15;5;18
7;2025-11-15;6;199
7;2025-11-15;7;333
7;2025-11-15;8;616
7;2025-11-15;9;631
7;2025-11-15;10;617
7;2025-11-15;11;723
7;2025-11-15;12;844
7;2025-11-15;13;823
7;2025-11-15;14;876
7;2025-11-15;15;838
7;2025-11-15;16;805
7;2025-11-15;17;825
7;2025-11-15;18;783
7;2025-11-15;19;697
7;2025-11-15;20;482
7;2025-11-15;21;364
7;2025-11-15;22;140
7;2025-11-15;23;104
7;2025-11-16;0;31
7;2025-11-16;1;6
7;2025-11-16;2;0
7;2025-11-16;3;0
7;2025-11-16;4;0
7;2025-11-16;5;0
7;2025-11-16;6;117
7;2025-11-16;7;195
7;2025-11-16;8;384
7;2025-11-16;9;476
7;2025-11-16;10;474
7;2025-11-16;11;615
7;2025-11-16;12;679
7;2025-11-16;13;687
7;2025-11-16;14;726
7;2025-11-16;15;691
7;2025-11-16;16;649
7;2025-11-16;17;689
7;2025-11-16;18;607
7;2025-11-16;19;473
7;2025-11-16;20;414
7;2025-11-16;21;313
7;2025-11-16;22;114
7;2025-11-16;23;73
7;2025-11-17;0;35
7;2025-11-17;1;5
7;2025-11-17;2;0
7;2025-11-17;3;0
7;2025-11-17;4;0
7;2025-11-17;5;153
7;2025-11-17;6;572
7;2025-11-17;7;1533
7;2025-11-17;8;2443
7;2025-11-17;9;1812
7;2025-11-17;10;1544
7;2025-11-17;11;1452
7;2025-11-17;12;1567
7;2025-11-17;13;1500
7;2025-11-17;14;1571
7;2025-11-17;15;1701
7;2025-11-17;16;1782
7;2025-11-17;17;2301
7;2025-11-17;18;2404
7;2025-11-17;19;1666
7;2025-11-17;20;992
7;2025-11-17;21;522
7;2025-11-17;22;214
7;2025-11-17;23;133
7;2025-11-18;0;23
7;2025-11-18;1;4
7;2025-11-18;2;0
7;2025-11-18;3;0
7;2025-11-18;4;8
7;2025-11-18;5;161
7;2025-11-18;6;615
7;2025-11-18;7;1568
7;2025-11-18;8;2469
7;2025-11-18;9;1805
7;2025-11-18;10;1576
7;2025-11-18;11;1530
7;2025-11-18;12;1619
7;2025-11-18;13;1608
7;2025-11-18;14;1606
7;2025-11-18;15;1743
7;2025-11-18;16;1808
7;2025-11-18;17;2357
7;2025-11-18;18;2486
7;2025-11-18;19;1730
7;2025-11-18;20;1032
7;2025-11-18;21;579
7;2025-11-18;22;255
7;2025-11-18;23;168
7;2025-11-19;0;32
7;2025-11-19;1;1
7;2025-11-19;2;0
7;2025-11-19;3;0
7;2025-11-19;4;2
7;2025-11-19;5;166
7;2025-11-19;6;596
7;2025-11-19;7;1551
7;2025-11-19;8;2520
7;2025-11-19;9;1847
7;2025-11-19;10;1619
7;2025-11-19;11;1537
7;2025-11-19;12;1647
7;2025-11-19;13;1606
7;2025-11-19;14;1667
7;2025-11-19;15;1762
7;2025-11-19;16;1850
7;2025-11-19;17;2369
7;2025-11-19;18;2481
7;2025-11-19;19;1704
7;2025-11-19;20;1044
7;2025-11-19;21;578
7;2025-11-19;22;254
7;2025-11-19;23;171
7;2025-11-20;0;33
7;2025-11-20;1;10
7;2025-11-20;2;0
7;2025-11-20;3;0
7;2025-11-20;4;0
7;2025-11-20;5;164
7;2025-11-20;6;608
7;2025-11-20;7;1550
7;2025-11-20;8;2511
7;2025-11-20;9;1836
7;2025-11-20;10;1593
7;2025-11-20;11;1524
7;2025-11-20;12;1645
7;2025-11-20;13;1615
7;2025-11-20;14;1681
7;2025-11-20;15;1758
7;2025-11-20;16;1853
7;2025-11-20;17;2351
7;2025-11-20;18;2486
7;2025-11-20;19;1723
7;2025-11-20;20;1041
7;2025-11-20;21;578
7;2025-11-20;22;251
7;2025-11-20;23;170
7;2025-11-21;0;44
7;2025-11-21;1;6
7;2025-11-21;2;0
7;2025-11-21;3;0
7;2025-11-21;4;6
7;2025-11-21;5;164
7;2025-11-21;6;569
7;2025-11-21;7;1518
7;2025-11-21;8;2376
7;2025-11-21;9;1792
7;2025-11-21;10;1565
7;2025-11-21;11;1509
7;2025-11-21;12;1640
7;2025-11-21;13;1626
7;2025-11-21;14;1697
7;2025-11-21;15;1781
7;2025-11-21;16;1920
7;2025-11-21;17;2298
7;2025-11-21;18;2140
7;2025-11-21;19;1584
7;2025-11-21;20;994
7;2025-11-21;21;542
7;2025-11-21;22;249
7;2025-11-21;23;187
7;2025-11-22;0;37
7;2025-11-22;1;13
7;2025-11-22;2;0
7;2025-11-22;3;0
7;2025-11-22;4;5
7;2025-11-22;5;13
7;2025-11-22;6;191
7;2025-11-22;7;348
7;2025-11-22;8;605
7;2025-11-22;9;633
7;2025-11-22;10;651
7;2025-11-22;11;763
7;2025-11-22;12;891
7;2025-11-22;13;859
7;2025-11-22;14;904
7;2025-11-22;15;867
7;2025-11-22;16;830
7;2025-11-22;17;839
7;2025-11-22;18;797
7;2025-11-22;19;708
7;2025-11-22;20;500
7;2025-11-22;21;373
7;2025-11-22;22;139
7;2025-11-22;23;114
7;2025-11-23;0;32
7;2025-11-23;1;10
7;2025-11-23;2;0
7;2025-11-23;3;0
7;2025-11-23;4;0
7;2025-11-23;5;0
7;2025-11-23;6;117
7;2025-11-23;7;199
7;2025-11-23;8;392
7;2025-11-23;9;480
7;2025-11-23;10;475
7;2025-11-23;11;593
7;2025-11-23;12;675
7;2025-11-23;13;690
7;2025-11-23;14;729
7;2025-11-23;15;711
7;2025-11-23;16;663
7;2025-11-23;17;693
7;2025-11-23;18;615
7;2025-11-23;19;476
7;2025-11-23;20;418
7;2025-11-23;21;312
7;2025-11-23;22;111
7;2025-11-23;23;73
7;2025-11-24;0;32
7;2025-11-24;1;11
7;2025-11-24;2;0
7;2025-11-24;3;0
7;2025-11-24;4;4
7;2025-11-24;5;132
7;2025-11-24;6;571
7;2025-11-24;7;1520
7;2025-11-24;8;2425
7;2025-11-24;9;1819
7;2025-11-24;10;1546
7;2025-11-24;11;1390
7;2025-11-24;12;1572
7;2025-11-24;13;1558
7;2025-11-24;14;1569
7;2025-11-24;15;1694
7;2025-11-24;16;1784
7;2025-11-24;17;2315
7;2025-11-24;18;2411
7;2025-11-24;19;1684
7;2025-11-24;20;1007
7;2025-11-24;21;530
7;2025-11-24;22;221
7;2025-11-24;23;136
7;2025-11-25;0;36
7;2025-11-25;1;8
7;2025-11-25;2;0
7;2025-11-25;3;0
7;2025-11-25;4;3
7;2025-11-25;5;167
7;2025-11-25;6;611
7;2025-11-25;7;1551
7;2025-11-25;8;2503
7;2025-11-25;9;1838
7;2025-11-25;10;1611
7;2025-11-25;11;1538
7;2025-11-25;12;1640
7;2025-11-25;13;1620
7;2025-11-25;14;1661
7;2025-11-25;15;1755
7;2025-11-25;16;1837
7;2025-11-25;17;2354
7;2025-11-25;18;2487
7;2025-11-25;19;1737
7;2025-11-25;20;1048
7;2025-11-25;21;581
7;2025-11-25;22;257
7;2025-11-25;23;168
7;2025-11-26;0;37
7;2025-11-26;1;5
7;2025-11-26;2;0
7;2025-11-26;3;0
7;2025-11-26;4;0
7;2025-11-26;5;148
7;2025-11-26;6;584
7;2025-11-26;7;1562
7;2025-11-26;8;2495
7;2025-11-26;9;1831
7;2025-11-26;10;1591
7;2025-11-26;11;1511
7;2025-11-26;12;1600
7;2025-11-26;13;1613
7;2025-11-26;14;1670
7;2025-11-26;15;1732
7;2025-11-26;16;1818
7;2025-11-26;17;2353
7;2025-11-26;18;2477
7;2025-11-26;19;1708
7;2025-11-26;20;1038
7;2025-11-26;21;592
7;2025-11-26;22;252
7;2025-11-26;23;172
7;2025-11-27;0;34
7;2025-11-27;1;8
7;2025-11-27;2;0
7;2025-11-27;3;0
7;2025-11-27;4;1
7;2025-11-27;5;163
7;2025-11-27;6;601
7;2025-11-27;7;1551
7;2025-11-27;8;2505
7;2025-11-27;9;1816
7;2025-11-27;10;1582
7;2025-11-27;11;1520
7;2025-11-27;12;1631
7;2025-11-27;13;1596
7;2025-11-27;14;1632
7;2025-11-27;15;1735
7;2025-11-27;16;1819
7;2025-11-27;17;2320
7;2025-11-27;18;2422
7;2025-11-27;19;1687
7;2025-11-27;20;1024
7;2025-11-27;21;592
7;2025-11-27;22;253
7;2025-11-27;23;182
7;2025-11-28;0;70
7;2025-11-28;1;11
7;2025-11-28;2;0
7;2025-11-28;3;0
7;2025-11-28;4;2
7;2025-11-28;5;162
7;2025-11-28;6;561
7;2025-11-28;7;1498
7;2025-11-28;8;2367
7;2025-11-28;9;1790
7;2025-11-28;10;1563
7;2025-11-28;11;1505
7;2025-11-28;12;1660
7;2025-11-28;13;1633
7;2025-11-28;14;1693
7;2025-11-28;15;1790
7;2025-11-28;16;1917
7;2025-11-28;17;2305
7;2025-11-28;18;2152
7;2025-11-28;19;1583
7;2025-11-28;20;987
7;2025-11-28;21;543
7;2025-11-28;22;255
7;2025-11-28;23;192
7;2025-11-29;0;43
7;2025-11-29;1;14
7;2025-11-29;2;0
7;2025-11-29;3;0
7;2025-11-29;4;2
7;2025-11-29;5;25
7;2025-11-29;6;200
7;2025-11-29;7;333
7;2025-11-29;8;631
7;2025-11-29;9;641
7;2025-11-29;10;652
7;2025-11-29;11;766
7;2025-11-29;12;895
7;2025-11-29;13;867
7;2025-11-29;14;916
7;2025-11-29;15;868
7;2025-11-29;16;835
7;2025-11-29;17;840
7;2025-11-29;18;798
7;2025-11-29;19;707
7;2025-11-29;20;498
7;2025-11-29;21;374
7;2025-11-29;22;148
7;2025-11-29;23;126
7;2025-11-30;0;38
7;2025-11-30;1;11
7;2025-11-30;2;0
7;2025-11-30;3;0
7;2025-11-30;4;0
7;2025-11-30;5;0
7;2025-11-30;6;122
7;2025-11-30;7;203
7;2025-11-30;8;396
7;2025-11-30;9;484
7;2025-11-30;10;471
7;2025-11-30;11;602
7;2025-11-30;12;686
7;2025-11-30;13;691
7;2025-11-30;14;716
7;2025-11-30;15;707
7;2025-11-30;16;655
7;2025-11-30;17;704
7;2025-11-30;18;630
7;2025-11-30;19;489
7;2025-11-30;20;416
7;2025-11-30;21;316
7;2025-11-30;22;121
7;2025-11-30;23;86
7;2025-12-01;0;37
7;2025-12-01;1;7
7;2025-12-01;2;0
7;2025-12-01;3;0
7;2025-12-01;4;3
7;2025-12-01;5;153
7;2025-12-01;6;571
7;2025-12-01;7;1531
7;2025-12-01;8;2448
7;2025-12-01;9;1812
7;2025-12-01;10;1548
7;2025-12-01;11;1456
7;2025-12-01;12;1573
7;2025-12-01;13;1560
7;2025-12-01;14;1587
7;2025-12-01;15;1708
7;2025-12-01;16;1802
7;2025-12-01;17;2316
7;2025-12-01;18;2415
7;2025-12-01;19;1685
7;2025-12-01;20;1008
7;2025-12-01;21;531
7;2025-12-01;22;226
7;2025-12-01;23;141
7;2025-12-02;0;35
7;2025-12-02;1;9
7;2025-12-02;2;0
7;2025-12-02;3;0
7;2025-12-02;4;4
7;2025-12-02;5;169
7;2025-12-02;6;613
7;2025-12-02;7;1554
7;2025-12-02;8;2507
7;2025-12-02;9;1841
7;2025-12-02;10;1614
7;2025-12-02;11;1543
7;2025-12-02;12;1647
7;2025-12-02;13;1625
7;2025-12-02;14;1664
7;2025-12-02;15;1757
7;2025-12-02;16;1839
7;2025-12-02;17;2358
7;2025-12-02;18;2490
7;2025-12-02;19;1742
7;2025-12-02;20;1050
7;2025-12-02;21;586
7;2025-12-02;22;258
7;2025-12-02;23;171
7;2025-12-03;0;39
7;2025-12-03;1;7
7;2025-12-03;2;0
7;2025-12-03;3;0
7;2025-12-03;4;1
7;2025-12-03;5;167
7;2025-12-03;6;596
7;2025-12-03;7;1551
7;2025-12-03;8;2520
7;2025-12-03;9;1850
7;2025-12-03;10;1621
7;2025-12-03;11;1540
7;2025-12-03;12;1655
7;2025-12-03;13;1608
7;2025-12-03;14;1660
7;2025-12-03;15;1765
7;2025-12-03;16;1851
7;2025-12-03;17;2372
7;2025-12-03;18;2485
7;2025-12-03;19;1712
7;2025-12-03;20;1048
7;2025-12-03;21;581
7;2025-12-03;22;257
7;2025-12-03;23;176
7;2025-12-04;0;42
7;2025-12-04;1;12
7;2025-12-04;2;0
7;2025-12-04;3;0
7;2025-12-04;4;1
7;2025-12-04;5;162
7;2025-12-04;6;607
7;2025-12-04;7;1551
7;2025-12-04;8;2515
7;2025-12-04;9;1837
7;2025-12-04;10;1593
7;2025-12-04;11;1519
7;2025-12-04;12;1646
7;2025-12-04;13;1614
7;2025-12-04;14;1675
7;2025-12-04;15;1761
7;2025-12-04;16;1849
7;2025-12-04;17;2351
7;2025-12-04;18;2485
7;2025-12-04;19;1719
7;2025-12-04;20;1039
7;2025-12-04;21;579
7;2025-12-04;22;252
7;2025-12-04;23;174
7;2025-12-05;0;45
7;2025-12-05;1;8
7;2025-12-05;2;0
7;2025-12-05;3;0
7;2025-12-05;4;1
7;2025-12-05;5;151
7;2025-12-05;6;579
7;2025-12-05;7;1502
7;2025-12-05;8;2379
7;2025-12-05;9;1793
7;2025-12-05;10;1566
7;2025-12-05;11;1506
7;2025-12-05;12;1658
7;2025-12-05;13;1631
7;2025-12-05;14;1692
7;2025-12-05;15;1790
7;2025-12-05;16;1918
7;2025-12-05;17;2305
7;2025-12-05;18;2152
7;2025-12-05;19;1583
7;2025-12-05;20;982
7;2025-12-05;21;543
7;2025-12-05;22;255
7;2025-12-05;23;194
7;2025-12-06;0;41
7;2025-12-06;1;14
7;2025-12-06;2;0
7;2025-12-06;3;0
7;2025-12-06;4;0
7;2025-12-06;5;21
7;2025-12-06;6;195
7;2025-12-06;7;333
7;2025-12-06;8;629
7;2025-12-06;9;640
7;2025-12-06;10;651
7;2025-12-06;11;761
7;2025-12-06;12;896
7;2025-12-06;13;864
7;2025-12-06;14;909
7;2025-12-06;15;868
7;2025-12-06;16;828
7;2025-12-06;17;838
7;2025-12-06;18;798
7;2025-12-06;19;702
7;2025-12-06;20;489
7;2025-12-06;21;369
7;2025-12-06;22;146
7;2025-12-06;23;124
7;2025-12-07;0;34
7;2025-12-07;1;10
7;2025-12-07;2;0
7;2025-12-07;3;0
7;2025-12-07;4;0
7;2025-12-07;5;0
7;2025-12-07;6;122
7;2025-12-07;7;203
7;2025-12-07;8;395
7;2025-12-07;9;485
7;2025-12-07;10;476
7;2025-12-07;11;604
7;2025-12-07;12;683
7;2025-12-07;13;690
7;2025-12-07;14;721
7;2025-12-07;15;701
7;2025-12-07;16;661
7;2025-12-07;17;702
7;2025-12-07;18;626
7;2025-12-07;19;492
7;2025-12-07;20;423
7;2025-12-07;21;320
7;2025-12-07;22;122
7;2025-12-07;23;84
7;2025-12-08;0;43
7;2025-12-08;1;9
7;2025-12-08;2;0
7;2025-12-08;3;0
7;2025-12-08;4;4
7;2025-12-08;5;160
7;2025-12-08;6;570
7;2025-12-08;7;1531
7;2025-12-08;8;2448
7;2025-12-08;9;1817
7;2025-12-08;10;1546
7;2025-12-08;11;1455
7;2025-12-08;12;1573
7;2025-12-08;13;1562
7;2025-12-08;14;1601
7;2025-12-08;15;1708
7;2025-12-08;16;1803
7;2025-12-08;17;2317
7;2025-12-08;18;2415
7;2025-12-08;19;1686
7;2025-12-08;20;1008
7;2025-12-08;21;531
7;2025-12-08;22;226
7;2025-12-08;23;141
7;2025-12-09;0;35
7;2025-12-09;1;9
7;2025-12-09;2;0
7;2025-12-09;3;0
7;2025-12-09;4;4
7;2025-12-09;5;167
7;2025-12-09;6;611
7;2025-12-09;7;1549
7;2025-12-09;8;2505
7;2025-12-09;9;1838
7;2025-12-09;10;1612
7;2025-12-09;11;1542
7;2025-12-09;12;1646
7;2025-12-09;13;1626
7;2025-12-09;14;1665
7;2025-12-09;15;1754
7;2025-12-09;16;1833
7;2025-12-09;17;2358
7;2025-12-09;18;2492
7;2025-12-09;19;1741
7;2025-12-09;20;1050
7;2025-12-09;21;585
7;2025-12-09;22;252
7;2025-12-09;23;156
7;2025-12-10;0;39
7;2025-12-10;1;7
7;2025-12-10;2;0
7;2025-12-10;3;0
7;2025-12-10;4;1
7;2025-12-10;5;170
7;2025-12-10;6;592
7;2025-12-10;7;1563
7;2025-12-10;8;2509
7;2025-12-10;9;1829
7;2025-12-10;10;1606
7;2025-12-10;11;1521
7;2025-12-10;12;1647
7;2025-12-10;13;1606
7;2025-12-10;14;1667
7;2025-12-10;15;1762
7;2025-12-10;16;1851
7;2025-12-10;17;2369
7;2025-12-10;18;2481
7;2025-12-10;19;1704
7;2025-12-10;20;1044
7;2025-12-10;21;578
7;2025-12-10;22;252
7;2025-12-10;23;171
7;2025-12-11;0;33
7;2025-12-11;1;10
7;2025-12-11;2;0
7;2025-12-11;3;0
7;2025-12-11;4;1
7;2025-12-11;5;160
7;2025-12-11;6;607
7;2025-12-11;7;1552
7;2025-12-11;8;2502
7;2025-12-11;9;1814
7;2025-12-11;10;1598
7;2025-12-11;11;1520
7;2025-12-11;12;1631
7;2025-12-11;13;1606
7;2025-12-11;14;1670
7;2025-12-11;15;1749
7;2025-12-11;16;1844
7;2025-12-11;17;2348
7;2025-12-11;18;2460
7;2025-12-11;19;1716
7;2025-12-11;20;1035
7;2025-12-11;21;588
7;2025-12-11;22;252
7;2025-12-11;23;175
7;2025-12-12;0;45
7;2025-12-12;1;8
7;2025-12-12;2;0
7;2025-12-12;3;0
7;2025-12-12;4;0
7;2025-12-12;5;145
7;2025-12-12;6;561
7;2025-12-12;7;1494
7;2025-12-12;8;2345
7;2025-12-12;9;1777
7;2025-12-12;10;1558
7;2025-12-12;11;1495
7;2025-12-12;12;1642
7;2025-12-12;13;1617
7;2025-12-12;14;1652
7;2025-12-12;15;1751
7;2025-12-12;16;1877
7;2025-12-12;17;2250
7;2025-12-12;18;2128
7;2025-12-12;19;1594
7;2025-12-12;20;991
7;2025-12-12;21;534
7;2025-12-12;22;253
7;2025-12-12;23;174
7;2025-12-13;0;35
7;2025-12-13;1;9
7;2025-12-13;2;0
7;2025-12-13;3;0
7;2025-12-13;4;4
7;2025-12-13;5;26
7;2025-12-13;6;201
7;2025-12-13;7;348
7;2025-12-13;8;617
7;2025-12-13;9;637
7;2025-12-13;10;651
7;2025-12-13;11;768
7;2025-12-13;12;885
7;2025-12-13;13;860
7;2025-12-13;14;916
7;2025-12-13;15;859
7;2025-12-13;16;829
7;2025-12-13;17;831
7;2025-12-13;18;783
7;2025-12-13;19;695
7;2025-12-13;20;476
7;2025-12-13;21;373
7;2025-12-13;22;136
7;2025-12-13;23;110
7;2025-12-14;0;43
7;2025-12-14;1;12
7;2025-12-14;2;0
7;2025-12-14;3;0
7;2025-12-14;4;0
7;2025-12-14;5;0
7;2025-12-14;6;115
7;2025-12-14;7;194
7;2025-12-14;8;383
7;2025-12-14;9;483
7;2025-12-14;10;479
7;2025-12-14;11;607
7;2025-12-14;12;676
7;2025-12-14;13;687
7;2025-12-14;14;721
7;2025-12-14;15;700
7;2025-12-14;16;655
7;2025-12-14;17;698
7;2025-12-14;18;617
7;2025-12-14;19;475
7;2025-12-14;20;411
7;2025-12-14;21;310
7;2025-12-14;22;110
7;2025-12-14;23;72
7;2025-12-15;0;17
7;2025-12-15;1;0
7;2025-12-15;2;0
7;2025-12-15;3;0
7;2025-12-15;4;1
7;2025-12-15;5;120
7;2025-12-15;6;536
7;2025-12-15;7;1512
7;2025-12-15;8;2419
7;2025-12-15;9;1796
7;2025-12-15;10;1523
7;2025-12-15;11;1404
7;2025-12-15;12;1530
7;2025-12-15;13;1538
7;2025-12-15;14;1603
7;2025-12-15;15;1703
7;2025-12-15;16;1802
7;2025-12-15;17;2303
7;2025-12-15;18;2406
7;2025-12-15;19;1688
7;2025-12-15;20;998
7;2025-12-15;21;523
7;2025-12-15;22;216
7;2025-12-15;23;133
7;2025-12-16;0;34
7;2025-12-16;1;5
7;2025-12-16;2;0
7;2025-12-16;3;0
7;2025-12-16;4;0
7;2025-12-16;5;168
7;2025-12-16;6;614
7;2025-12-16;7;1551
7;2025-12-16;8;2504
7;2025-12-16;9;1838
7;2025-12-16;10;1609
7;2025-12-16;11;1524
7;2025-12-16;12;1609
7;2025-12-16;13;1597
7;2025-12-16;14;1621
7;2025-12-16;15;1746
7;2025-12-16;16;1825
7;2025-12-16;17;2354
7;2025-12-16;18;2487
7;2025-12-16;19;1727
7;2025-12-16;20;1042
7;2025-12-16;21;576
7;2025-12-16;22;252
7;2025-12-16;23;165
7;2025-12-17;0;31
7;2025-12-17;1;4
7;2025-12-17;2;0
7;2025-12-17;3;0
7;2025-12-17;4;0
7;2025-12-17;5;164
7;2025-12-17;6;587
7;2025-12-17;7;1549
7;2025-12-17;8;2521
7;2025-12-17;9;1847
7;2025-12-17;10;1621
7;2025-12-17;11;1538
7;2025-12-17;12;1646
7;2025-12-17;13;1603
7;2025-12-17;14;1657
7;2025-12-17;15;1762
7;2025-12-17;16;1850
7;2025-12-17;17;2369
7;2025-12-17;18;2481
7;2025-12-17;19;1705
7;2025-12-17;20;1044
7;2025-12-17;21;578
7;2025-12-17;22;254
7;2025-12-17;23;172
7;2025-12-18;0;35
7;2025-12-18;1;9
7;2025-12-18;2;0
7;2025-12-18;3;0
7;2025-12-18;4;2
7;2025-12-18;5;162
7;2025-12-18;6;606
7;2025-12-18;7;1550
7;2025-12-18;8;2511
7;2025-12-18;9;1831
7;2025-12-18;10;1591
7;2025-12-18;11;1520
7;2025-12-18;12;1637
7;2025-12-18;13;1609
7;2025-12-18;14;1679
7;2025-12-18;15;1754
7;2025-12-18;16;1850
7;2025-12-18;17;2346
7;2025-12-18;18;2478
7;2025-12-18;19;1717
7;2025-12-18;20;1045
7;2025-12-18;21;577
7;2025-12-18;22;247
7;2025-12-18;23;167
7;2025-12-19;0;39
7;2025-12-19;1;5
7;2025-12-19;2;0
7;2025-12-19;3;0
7;2025-12-19;4;2
7;2025-12-19;5;149
7;2025-12-19;6;577
7;2025-12-19;7;1501
7;2025-12-19;8;2375
7;2025-12-19;9;1792
7;2025-12-19;10;1565
7;2025-12-19;11;1508
7;2025-12-19;12;1647
7;2025-12-19;13;1627
7;2025-12-19;14;1693
7;2025-12-19;15;1778
7;2025-12-19;16;1916
7;2025-12-19;17;2287
7;2025-12-19;18;2137
7;2025-12-19;19;1579
7;2025-12-19;20;991
7;2025-12-19;21;539
7;2025-12-19;22;246
7;2025-12-19;23;182
7;2025-12-20;0;35
7;2025-12-20;1;13
7;2025-12-20;2;0
7;2025-12-20;3;0
7;2025-12-20;4;1
7;2025-12-20;5;21
7;2025-12-20;6;200
7;2025-12-20;7;333
7;2025-12-20;8;631
7;2025-12-20;9;640
7;2025-12-20;10;652
7;2025-12-20;11;767
7;2025-12-20;12;895
7;2025-12-20;13;867
7;2025-12-20;14;915
7;2025-12-20;15;868
7;2025-12-20;16;834
7;2025-12-20;17;839
7;2025-12-20;18;798
7;2025-12-20;19;705
7;2025-12-20;20;492
7;2025-12-20;21;367
7;2025-12-20;22;144
7;2025-12-20;23;121
7;2025-12-21;0;32
7;2025-12-21;1;13
7;2025-12-21;2;0
7;2025-12-21;3;0
7;2025-12-21;4;1
7;2025-12-21;5;0
7;2025-12-21;6;115
7;2025-12-21;7;216
7;2025-12-21;8;376
7;2025-12-21;9;480
7;2025-12-21;10;473
7;2025-12-21;11;600
7;2025-12-21;12;675
7;2025-12-21;13;683
7;2025-12-21;14;718
7;2025-12-21;15;702
7;2025-12-21;16;661
7;2025-12-21;17;701
7;2025-12-21;18;626
7;2025-12-21;19;491
7;2025-12-21;20;423
7;2025-12-21;21;316
7;2025-12-21;22;111
7;2025-12-21;23;78
7;2025-12-22;0;35
7;2025-12-22;1;10
7;2025-12-22;2;0
7;2025-12-22;3;0
7;2025-12-22;4;1
7;2025-12-22;5;157
7;2025-12-22;6;569
7;2025-12-22;7;1528
7;2025-12-22;8;2448
7;2025-12-22;9;1814
7;2025-12-22;10;1542
7;2025-12-22;11;1452
7;2025-12-22;12;1567
7;2025-12-22;13;1560
7;2025-12-22;14;1599
7;2025-12-22;15;1672
7;2025-12-22;16;1789
7;2025-12-22;17;2314
7;2025-12-22;18;2398
7;2025-12-22;19;1691
7;2025-12-22;20;994
7;2025-12-22;21;518
7;2025-12-22;22;212
7;2025-12-22;23;124
7;2025-12-23;0;36
7;2025-12-23;1;9
7;2025-12-23;2;0
7;2025-12-23;3;0
7;2025-12-23;4;0
7;2025-12-23;5;142
7;2025-12-23;6;588
7;2025-12-23;7;1538
7;2025-12-23;8;2510
7;2025-12-23;9;1848
7;2025-12-23;10;1624
7;2025-12-23;11;1528
7;2025-12-23;12;1617
7;2025-12-23;13;1612
7;2025-12-23;14;1634
7;2025-12-23;15;1736
7;2025-12-23;16;1808
7;2025-12-23;17;2337
7;2025-12-23;18;2482
7;2025-12-23;19;1729
7;2025-12-23;20;1046
7;2025-12-23;21;580
7;2025-12-23;22;264
7;2025-12-23;23;172
7;2025-12-24;0;43
7;2025-12-24;1;10
7;2025-12-24;2;0
7;2025-12-24;3;0
7;2025-12-24;4;4
7;2025-12-24;5;177
7;2025-12-24;6;600
7;2025-12-24;7;1564
7;2025-12-24;8;2532
7;2025-12-24;9;1868
7;2025-12-24;10;1642
7;2025-12-24;11;1542
7;2025-12-24;12;1612
7;2025-12-24;13;1607
7;2025-12-24;14;1641
7;2025-12-24;15;1734
7;2025-12-24;16;1818
7;2025-12-24;17;2341
7;2025-12-24;18;2459
7;2025-12-24;19;1705
7;2025-12-24;20;1026
7;2025-12-24;21;578
7;2025-12-24;22;266
7;2025-12-24;23;162
7;2025-12-25;0;46
7;2025-12-25;1;12
7;2025-12-25;2;0
7;2025-12-25;3;0
7;2025-12-25;4;0
7;2025-12-25;5;164
7;2025-12-25;6;605
7;2025-12-25;7;1562
7;2025-12-25;8;2518
7;2025-12-25;9;1843
7;2025-12-25;10;1592
7;2025-12-25;11;1523
7;2025-12-25;12;1650
7;2025-12-25;13;1607
7;2025-12-25;14;1687
7;2025-12-25;15;1769
7;2025-12-25;16;1866
7;2025-12-25;17;2339
7;2025-12-25;18;2472
7;2025-12-25;19;1723
7;2025-12-25;20;1024
7;2025-12-25;21;586
7;2025-12-25;22;235
7;2025-12-25;23;162
7;2025-12-26;0;43
7;2025-12-26;1;12
7;2025-12-26;2;0
7;2025-12-26;3;0
7;2025-12-26;4;0
7;2025-12-26;5;151
7;2025-12-26;6;561
7;2025-12-26;7;1503
7;2025-12-26;8;2349
7;2025-12-26;9;1790
7;2025-12-26;10;1544
7;2025-12-26;11;1507
7;2025-12-26;12;1620
7;2025-12-26;13;1601
7;2025-12-26;14;1641
7;2025-12-26;15;1767
7;2025-12-26;16;1888
7;2025-12-26;17;2254
7;2025-12-26;18;2130
7;2025-12-26;19;1577
7;2025-12-26;20;981
7;2025-12-26;21;550
7;2025-12-26;22;265
7;2025-12-26;23;200
7;2025-12-27;0;45
7;2025-12-27;1;10
7;2025-12-27;2;0
7;2025-12-27;3;0
7;2025-12-27;4;1
7;2025-12-27;5;28
7;2025-12-27;6;200
7;2025-12-27;7;341
7;2025-12-27;8;634
7;2025-12-27;9;641
7;2025-12-27;10;658
7;2025-12-27;11;769
7;2025-12-27;12;893
7;2025-12-27;13;866
7;2025-12-27;14;911
7;2025-12-27;15;874
7;2025-12-27;16;834
7;2025-12-27;17;839
7;2025-12-27;18;797
7;2025-12-27;19;710
7;2025-12-27;20;497
7;2025-12-27;21;380
7;2025-12-27;22;145
7;2025-12-27;23;125
7;2025-12-28;0;47
7;2025-12-28;1;13
7;2025-12-28;2;0
7;2025-12-28;3;0
7;2025-12-28;4;3
7;2025-12-28;5;0
7;2025-12-28;6;120
7;2025-12-28;7;181
7;2025-12-28;8;378
7;2025-12-28;9;493
7;2025-12-28;10;475
7;2025-12-28;11;599
7;2025-12-28;12;658
7;2025-12-28;13;676
7;2025-12-28;14;703
7;2025-12-28;15;691
7;2025-12-28;16;660
7;2025-12-28;17;696
7;2025-12-28;18;620
7;2025-12-28;19;488
7;2025-12-28;20;416
7;2025-12-28;21;327
7;2025-12-28;22;128
7;2025-12-28;23;87
7;2025-12-29;0;41
7;2025-12-29;1;10
7;2025-12-29;2;0
7;2025-12-29;3;0
7;2025-12-29;4;8
7;2025-12-29;5;167
7;2025-12-29;6;575
7;2025-12-29;7;1541
7;2025-12-29;8;2446
7;2025-12-29;9;1822
7;2025-12-29;10;1549
7;2025-12-29;11;1441
7;2025-12-29;12;1569
7;2025-12-29;13;1554
7;2025-12-29;14;1592
7;2025-12-29;15;1716
7;2025-12-29;16;1811
7;2025-12-29;17;2301
7;2025-12-29;18;2404
7;2025-12-29;19;1705
7;2025-12-29;20;1003
7;2025-12-29;21;531
7;2025-12-29;22;224
7;2025-12-29;23;133
7;2025-12-30;0;46
7;2025-12-30;1;9
7;2025-12-30;2;0
7;2025-12-30;3;0
7;2025-12-30;4;7
7;2025-12-30;5;180
7;2025-12-30;6;611
7;2025-12-30;7;1578
7;2025-12-30;8;2506
7;2025-12-30;9;1825
7;2025-12-30;10;1612
7;2025-12-30;11;1521
7;2025-12-30;12;1635
7;2025-12-30;13;1637
7;2025-12-30;14;1676
7;2025-12-30;15;1779
7;2025-12-30;16;1867
7;2025-12-30;17;2349
7;2025-12-30;18;2490
7;2025-12-30;19;1733
7;2025-12-30;20;1041
7;2025-12-30;21;601
7;2025-12-30;22;269
7;2025-12-30;23;165
7;2025-12-31;0;79
7;2025-12-31;1;17
7;2025-12-31;2;0
7;2025-12-31;3;0
7;2025-12-31;4;8
7;2025-12-31;5;95
7;2025-12-31;6;318
7;2025-12-31;7;416
7;2025-12-31;8;757
7;2025-12-31;9;699
7;2025-12-31;10;720
7;2025-12-31;11;780
7;2025-12-31;12;893
7;2025-12-31;13;849
7;2025-12-31;14;897
7;2025-12-31;15;906
7;2025-12-31;16;860
7;2025-12-31;17;943
7;2025-12-31;18;926
7;2025-12-31;19;728
7;2025-12-31;20;541
7;2025-12-31;21;465
7;2025-12-31;22;247
7;2025-12-31;23;162
11;2025-11-01;0;112
11;2025-11-01;1;4
11;2025-11-01;2;0
11;2025-11-01;3;0
11;2025-11-01;4;0
11;2025-11-01;5;227
11;2025-11-01;6;1344
11;2025-11-01;7;2315
11;2025-11-01;8;3056
11;2025-11-01;9;2404
11;2025-11-01;10;1996
11;2025-11-01;11;2005
11;2025-11-01;12;2083
11;2025-11-01;13;2110
11;2025-11-01;14;2178
11;2025-11-01;15;2185
11;2025-11-01;16;2399
11;2025-11-01;17;2842
11;2025-11-01;18;2858
11;2025-11-01;19;2183
11;2025-11-01;20;1465
11;2025-11-01;21;905
11;2025-11-01;22;393
11;2025-11-01;23;307
11;2025-11-02;0;93
11;2025-11-02;1;8
11;2025-11-02;2;0
11;2025-11-02;3;0
11;2025-11-02;4;0
11;2025-11-02;5;107
11;2025-11-02;6;487
11;2025-11-02;7;574
11;2025-11-02;8;714
11;2025-11-02;9;929
11;2025-11-02;10;1060
11;2025-11-02;11;1423
11;2025-11-02;12;1560
11;2025-11-02;13;1462
11;2025-11-02;14;1586
11;2025-11-02;15;1595
11;2025-11-02;16;1560
11;2025-11-02;17;1636
11;2025-11-02;18;1382
11;2025-11-02;19;1127
11;2025-11-02;20;851
11;2025-11-02;21;589
11;2025-11-02;22;326
11;2025-11-02;23;228
11;2025-11-03;0;63
11;2025-11-03;1;12
11;2025-11-03;2;0
11;2025-11-03;3;0
11;2025-11-03;4;0
11;2025-11-03;5;174
11;2025-11-03;6;604
11;2025-11-03;7;690
11;2025-11-03;8;808
11;2025-11-03;9;960
11;2025-11-03;10;1063
11;2025-11-03;11;1290
11;2025-11-03;12;1361
11;2025-11-03;13;1339
11;2025-11-03;14;1371
11;2025-11-03;15;1381
11;2025-11-03;16;1487
11;2025-11-03;17;1580
11;2025-11-03;18;1475
11;2025-11-03;19;1283
11;2025-11-03;20;911
11;2025-11-03;21;623
11;2025-11-03;22;381
11;2025-11-03;23;244
11;2025-11-04;0;82
11;2025-11-04;1;4
11;2025-11-04;2;0
11;2025-11-04;3;0
11;2025-11-04;4;0
11;2025-11-04;5;188
11;2025-11-04;6;610
11;2025-11-04;7;677
11;2025-11-04;8;808
11;2025-11-04;9;915
11;2025-11-04;10;1011
11;2025-11-04;11;1239
11;2025-11-04;12;1317
11;2025-11-04;13;1348
11;2025-11-04;14;1535
11;2025-11-04;15;1544
11;2025-11-04;16;1480
11;2025-11-04;17;1590
11;2025-11-04;18;1512
11;2025-11-04;19;1310
11;2025-11-04;20;937
11;2025-11-04;21;632
11;2025-11-04;22;388
11;2025-11-04;23;248
11;2025-11-05;0;66
11;2025-11-05;1;0
11;2025-11-05;2;0
11;2025-11-05;3;0
11;2025-11-05;4;0
11;2025-11-05;5;248
11;2025-11-05;6;1292
11;2025-11-05;7;2336
11;2025-11-05;8;3169
11;2025-11-05;9;2381
11;2025-11-05;10;1934
11;2025-11-05;11;1925
11;2025-11-05;12;1960
11;2025-11-05;13;2017
11;2025-11-05;14;2019
11;2025-11-05;15;2035
11;2025-11-05;16;2247
11;2025-11-05;17;2816
11;2025-11-05;18;3011
11;2025-11-05;19;2256
11;2025-11-05;20;1473
11;2025-11-05;21;862
11;2025-11-05;22;384
11;2025-11-05;23;235
11;2025-11-06;0;71
11;2025-11-06;1;4
11;2025-11-06;2;0
11;2025-11-06;3;0
11;2025-11-06;4;0
11;2025-11-06;5;267
11;2025-11-06;6;1366
11;2025-11-06;7;2366
11;2025-11-06;8;3172
11;2025-11-06;9;2435
11;2025-11-06;10;1987
11;2025-11-06;11;1857
11;2025-11-06;12;1999
11;2025-11-06;13;2058
11;2025-11-06;14;2050
11;2025-11-06;15;2041
11;2025-11-06;16;2279
11;2025-11-06;17;2848
11;2025-11-06;18;3049
11;2025-11-06;19;2282
11;2025-11-06;20;1443
11;2025-11-06;21;894
11;2025-11-06;22;427
11;2025-11-06;23;256
11;2025-11-07;0;73
11;2025-11-07;1;0
11;2025-11-07;2;0
11;2025-11-07;3;0
11;2025-11-07;4;0
11;2025-11-07;5;230
11;2025-11-07;6;1304
11;2025-11-07;7;2303
11;2025-11-07;8;2993
11;2025-11-07;9;2294
11;2025-11-07;10;1925
11;2025-11-07;11;1903
11;2025-11-07;12;1957
11;2025-11-07;13;1985
11;2025-11-07;14;2060
11;2025-11-07;15;2093
11;2025-11-07;16;2342
11;2025-11-07;17;2795
11;2025-11-07;18;2576
11;2025-11-07;19;2092
11;2025-11-07;20;1421
11;2025-11-07;21;861
11;2025-11-07;22;389
11;2025-11-07;23;275
11;2025-11-08;0;118
11;2025-11-08;1;9
11;2025-11-08;2;0
11;2025-11-08;3;0
11;2025-11-08;4;0
11;2025-11-08;5;198
11;2025-11-08;6;766
11;2025-11-08;7;817
11;2025-11-08;8;1028
11;2025-11-08;9;1164
11;2025-11-08;10;1340
11;2025-11-08;11;1627
11;2025-11-08;12;1761
11;2025-11-08;13;1719
11;2025-11-08;14;1779
11;2025-11-08;15;1718
11;2025-11-08;16;1722
11;2025-11-08;17;1746
11;2025-11-08;18;1543
11;2025-11-08;19;1436
11;2025-11-08;20;1075
11;2025-11-08;21;753
11;2025-11-08;22;418
11;2025-11-08;23;318
11;2025-11-09;0;123
11;2025-11-09;1;14
11;2025-11-09;2;0
11;2025-11-09;3;0
11;2025-11-09;4;0
11;2025-11-09;5;132
11;2025-11-09;6;523
11;2025-11-09;7;597
11;2025-11-09;8;728
11;2025-11-09;9;951
11;2025-11-09;10;1086
11;2025-11-09;11;1425
11;2025-11-09;12;1558
11;2025-11-09;13;1522
11;2025-11-09;14;1581
11;2025-11-09;15;1583
11;2025-11-09;16;1544
11;2025-11-09;17;1611
11;2025-11-09;18;1361
11;2025-11-09;19;1102
11;2025-11-09;20;833
11;2025-11-09;21;589
11;2025-11-09;22;327
11;2025-11-09;23;228
11;2025-11-10;0;53
11;2025-11-10;1;10
11;2025-11-10;2;0
11;2025-11-10;3;0
11;2025-11-10;4;0
11;2025-11-10;5;229
11;2025-11-10;6;1306
11;2025-11-10;7;2333
11;2025-11-10;8;3082
11;2025-11-10;9;2351
11;2025-11-10;10;1862
11;2025-11-10;11;1846
11;2025-11-10;12;1863
11;2025-11-10;13;1930
11;2025-11-10;14;1933
11;2025-11-10;15;1995
11;2025-11-10;16;2202
11;2025-11-10;17;2787
11;2025-11-10;18;2943
11;2025-11-10;19;2213
11;2025-11-10;20;1417
11;2025-11-10;21;816
11;2025-11-10;22;348
11;2025-11-10;23;194
11;2025-11-11;0;45
11;2025-11-11;1;3
11;2025-11-11;2;0
11;2025-11-11;3;0
11;2025-11-11;4;0
11;2025-11-11;5;241
11;2025-11-11;6;1315
11;2025-11-11;7;2352
11;2025-11-11;8;3196
11;2025-11-11;9;2394
11;2025-11-11;10;1909
11;2025-11-11;11;1879
11;2025-11-11;12;1921
11;2025-11-11;13;2011
11;2025-11-11;14;2020
11;2025-11-11;15;2010
11;2025-11-11;16;2240
11;2025-11-11;17;2801
11;2025-11-11;18;3011
11;2025-11-11;19;2257
11;2025-11-11;20;1464
11;2025-11-11;21;835
11;2025-11-11;22;370
11;2025-11-11;23;204
11;2025-11-12;0;52
11;2025-11-12;1;1
11;2025-11-12;2;0
11;2025-11-12;3;0
11;2025-11-12;4;0
11;2025-11-12;5;233
11;2025-11-12;6;1288
11;2025-11-12;7;2343
11;2025-11-12;8;3171
11;2025-11-12;9;2390
11;2025-11-12;10;1898
11;2025-11-12;11;1862
11;2025-11-12;12;1915
11;2025-11-12;13;1968
11;2025-11-12;14;1988
11;2025-11-12;15;1988
11;2025-11-12;16;2230
11;2025-11-12;17;2796
11;2025-11-12;18;2987
11;2025-11-12;19;2244
11;2025-11-12;20;1455
11;2025-11-12;21;845
11;2025-11-12;22;371
11;2025-11-12;23;218
11;2025-11-13;0;52
11;2025-11-13;1;5
11;2025-11-13;2;0
11;2025-11-13;3;0
11;2025-11-13;4;0
11;2025-11-13;5;236
11;2025-11-13;6;1317
11;2025-11-13;7;2337
11;2025-11-13;8;3150
11;2025-11-13;9;2404
11;2025-11-13;10;1957
11;2025-11-13;11;1917
11;2025-11-13;12;1991
11;2025-11-13;13;2055
11;2025-11-13;14;2052
11;2025-11-13;15;2075
11;2025-11-13;16;2301
11;2025-11-13;17;2854
11;2025-11-13;18;3051
11;2025-11-13;19;2278
11;2025-11-13;20;1493
11;2025-11-13;21;877
11;2025-11-13;22;398
11;2025-11-13;23;240
11;2025-11-14;0;61
11;2025-11-14;1;0
11;2025-11-14;2;0
11;2025-11-14;3;0
11;2025-11-14;4;0
11;2025-11-14;5;224
11;2025-11-14;6;1289
11;2025-11-14;7;2289
11;2025-11-14;8;2997
11;2025-11-14;9;2345
11;2025-11-14;10;1924
11;2025-11-14;11;1913
11;2025-11-14;12;1963
11;2025-11-14;13;1998
11;2025-11-14;14;2069
11;2025-11-14;15;2099
11;2025-11-14;16;2351
11;2025-11-14;17;2802
11;2025-11-14;18;2585
11;2025-11-14;19;2098
11;2025-11-14;20;1417
11;2025-11-14;21;853
11;2025-11-14;22;381
11;2025-11-14;23;267
11;2025-11-15;0;90
11;2025-11-15;1;0
11;2025-11-15;2;0
11;2025-11-15;3;0
11;2025-11-15;4;0
11;2025-11-15;5;167
11;2025-11-15;6;687
11;2025-11-15;7;754
11;2025-11-15;8;985
11;2025-11-15;9;1071
11;2025-11-15;10;1204
11;2025-11-15;11;1443
11;2025-11-15;12;1548
11;2025-11-15;13;1628
11;2025-11-15;14;1769
11;2025-11-15;15;1707
11;2025-11-15;16;1732
11;2025-11-15;17;1728
11;2025-11-15;18;1522
11;2025-11-15;19;1400
11;2025-11-15;20;1067
11;2025-11-15;21;752
11;2025-11-15;22;379
11;2025-11-15;23;289
11;2025-11-16;0;77
11;2025-11-16;1;6
11;2025-11-16;2;0
11;2025-11-16;3;0
11;2025-11-16;4;0
11;2025-11-16;5;105
11;2025-11-16;6;477
11;2025-11-16;7;577
11;2025-11-16;8;721
11;2025-11-16;9;925
11;2025-11-16;10;1069
11;2025-11-16;11;1437
11;2025-11-16;12;1580
11;2025-11-16;13;1530
11;2025-11-16;14;1570
11;2025-11-16;15;1542
11;2025-11-16;16;1532
11;2025-11-16;17;1600
11;2025-11-16;18;1347
11;2025-11-16;19;1091
11;2025-11-16;20;810
11;2025-11-16;21;582
11;2025-11-16;22;318
11;2025-11-16;23;232
11;2025-11-17;0;52
11;2025-11-17;1;11
11;2025-11-17;2;0
11;2025-11-17;3;0
11;2025-11-17;4;1
11;2025-11-17;5;232
11;2025-11-17;6;1319
11;2025-11-17;7;2352
11;2025-11-17;8;3103
11;2025-11-17;9;2373
11;2025-11-17;10;1839
11;2025-11-17;11;1823
11;2025-11-17;12;1805
11;2025-11-17;13;1809
11;2025-11-17;14;1870
11;2025-11-17;15;1916
11;2025-11-17;16;2183
11;2025-11-17;17;2784
11;2025-11-17;18;2942
11;2025-11-17;19;2217
11;2025-11-17;20;1425
11;2025-11-17;21;787
11;2025-11-17;22;347
11;2025-11-17;23;190
11;2025-11-18;0;39
11;2025-11-18;1;2
11;2025-11-18;2;0
11;2025-11-18;3;0
11;2025-11-18;4;0
11;2025-11-18;5;197
11;2025-11-18;6;1317
11;2025-11-18;7;2355
11;2025-11-18;8;3173
11;2025-11-18;9;2328
11;2025-11-18;10;1801
11;2025-11-18;11;1847
11;2025-11-18;12;1899
11;2025-11-18;13;1927
11;2025-11-18;14;1940
11;2025-11-18;15;1971
11;2025-11-18;16;2249
11;2025-11-18;17;2799
11;2025-11-18;18;2991
11;2025-11-18;19;2246
11;2025-11-18;20;1443
11;2025-11-18;21;840
11;2025-11-18;22;371
11;2025-11-18;23;205
11;2025-11-19;0;47
11;2025-11-19;1;5
11;2025-11-19;2;0
11;2025-11-19;3;0
11;2025-11-19;4;0
11;2025-11-19;5;230
11;2025-11-19;6;1287
11;2025-11-19;7;2347
11;2025-11-19;8;3177
11;2025-11-19;9;2394
11;2025-11-19;10;1919
11;2025-11-19;11;1909
11;2025-11-19;12;1941
11;2025-11-19;13;2011
11;2025-11-19;14;2000
11;2025-11-19;15;2015
11;2025-11-19;16;2231
11;2025-11-19;17;2799
11;2025-11-19;18;3003
11;2025-11-19;19;2248
11;2025-11-19;20;1453
11;2025-11-19;21;849
11;2025-11-19;22;368
11;2025-11-19;23;211
11;2025-11-20;0;48
11;2025-11-20;1;4
11;2025-11-20;2;0
11;2025-11-20;3;0
11;2025-11-20;4;0
11;2025-11-20;5;248
11;2025-11-20;6;1325
11;2025-11-20;7;2345
11;2025-11-20;8;3161
11;2025-11-20;9;2424
11;2025-11-20;10;1960
11;2025-11-20;11;1914
11;2025-11-20;12;1969
11;2025-11-20;13;2036
11;2025-11-20;14;2023
11;2025-11-20;15;2040
11;2025-11-20;16;2273
11;2025-11-20;17;2827
11;2025-11-20;18;3028
11;2025-11-20;19;2258
11;2025-11-20;20;1477
11;2025-11-20;21;871
11;2025-11-20;22;392
11;2025-11-20;23;235
11;2025-11-21;0;71
11;2025-11-21;1;4
11;2025-11-21;2;0
11;2025-11-21;3;0
11;2025-11-21;4;0
11;2025-11-21;5;233
11;2025-11-21;6;1277
11;2025-11-21;7;2304
11;2025-11-21;8;3016
11;2025-11-21;9;2346
11;2025-11-21;10;1913
11;2025-11-21;11;1895
11;2025-11-21;12;1932
11;2025-11-21;13;1981
11;2025-11-21;14;2047
11;2025-11-21;15;2082
11;2025-11-21;16;2343
11;2025-11-21;17;2783
11;2025-11-21;18;2571
11;2025-11-21;19;2083
11;2025-11-21;20;1405
11;2025-11-21;21;862
11;2025-11-21;22;381
11;2025-11-21;23;257
11;2025-11-22;0;91
11;2025-11-22;1;6
11;2025-11-22;2;0
11;2025-11-22;3;0
11;2025-11-22;4;0
11;2025-11-22;5;169
11;2025-11-22;6;732
11;2025-11-22;7;806
11;2025-11-22;8;1027
11;2025-11-22;9;1127
11;2025-11-22;10;1313
11;2025-11-22;11;1604
11;2025-11-22;12;1732
11;2025-11-22;13;1700
11;2025-11-22;14;1741
11;2025-11-22;15;1686
11;2025-11-22;16;1707
11;2025-11-22;17;1724
11;2025-11-22;18;1520
11;2025-11-22;19;1416
11;2025-11-22;20;1045
11;2025-11-22;21;672
11;2025-11-22;22;369
11;2025-11-22;23;269
11;2025-11-23;0;91
11;2025-11-23;1;6
11;2025-11-23;2;0
11;2025-11-23;3;0
11;2025-11-23;4;0
11;2025-11-23;5;106
11;2025-11-23;6;497
11;2025-11-23;7;575
11;2025-11-23;8;721
11;2025-11-23;9;910
11;2025-11-23;10;1040
11;2025-11-23;11;1411
11;2025-11-23;12;1579
11;2025-11-23;13;1528
11;2025-11-23;14;1605
11;2025-11-23;15;1603
11;2025-11-23;16;1580
11;2025-11-23;17;1607
11;2025-11-23;18;1345
11;2025-11-23;19;1085
11;2025-11-23;20;798
11;2025-11-23;21;566
11;2025-11-23;22;318
11;2025-11-23;23;224
11;2025-11-24;0;48
11;2025-11-24;1;17
11;2025-11-24;2;0
11;2025-11-24;3;0
11;2025-11-24;4;0
11;2025-11-24;5;194
11;2025-11-24;6;1262
11;2025-11-24;7;2314
11;2025-11-24;8;3075
11;2025-11-24;9;2311
11;2025-11-24;10;1786
11;2025-11-24;11;1714
11;2025-11-24;12;1808
11;2025-11-24;13;1904
11;2025-11-24;14;1893
11;2025-11-24;15;1915
11;2025-11-24;16;2202
11;2025-11-24;17;2791
11;2025-11-24;18;2948
11;2025-11-24;19;2212
11;2025-11-24;20;1416
11;2025-11-24;21;825
11;2025-11-24;22;347
11;2025-11-24;23;194
11;2025-11-25;0;45
11;2025-11-25;1;3
11;2025-11-25;2;0
11;2025-11-25;3;0
11;2025-11-25;4;0
11;2025-11-25;5;235
11;2025-11-25;6;1309
11;2025-11-25;7;2356
11;2025-11-25;8;3202
11;2025-11-25;9;2397
11;2025-11-25;10;1912
11;2025-11-25;11;1880
11;2025-11-25;12;1919
11;2025-11-25;13;1996
11;2025-11-25;14;1999
11;2025-11-25;15;2009
11;2025-11-25;16;2239
11;2025-11-25;17;2800
11;2025-11-25;18;3018
11;2025-11-25;19;2260
11;2025-11-25;20;1464
11;2025-11-25;21;840
11;2025-11-25;22;368
11;2025-11-25;23;206
11;2025-11-26;0;51
11;2025-11-26;1;6
11;2025-11-26;2;0
11;2025-11-26;3;0
11;2025-11-26;4;0
11;2025-11-26;5;239
11;2025-11-26;6;1288
11;2025-11-26;7;2334
11;2025-11-26;8;3160
11;2025-11-26;9;2357
11;2025-11-26;10;1872
11;2025-11-26;11;1853
11;2025-11-26;12;1927
11;2025-11-26;13;1997
11;2025-11-26;14;1985
11;2025-11-26;15;2016
11;2025-11-26;16;2185
11;2025-11-26;17;2743
11;2025-11-26;18;2994
11;2025-11-26;19;2209
11;2025-11-26;20;1431
11;2025-11-26;21;830
11;2025-11-26;22;350
11;2025-11-26;23;213
11;2025-11-27;0;47
11;2025-11-27;1;5
11;2025-11-27;2;0
11;2025-11-27;3;0
11;2025-11-27;4;0
11;2025-11-27;5;236
11;2025-11-27;6;1328
11;2025-11-27;7;2337
11;2025-11-27;8;3153
11;2025-11-27;9;2399
11;2025-11-27;10;1953
11;2025-11-27;11;1827
11;2025-11-27;12;1873
11;2025-11-27;13;1986
11;2025-11-27;14;1939
11;2025-11-27;15;2040
11;2025-11-27;16;2275
11;2025-11-27;17;2779
11;2025-11-27;18;2940
11;2025-11-27;19;2176
11;2025-11-27;20;1430
11;2025-11-27;21;842
11;2025-11-27;22;354
11;2025-11-27;23;224
11;2025-11-28;0;71
11;2025-11-28;1;5
11;2025-11-28;2;0
11;2025-11-28;3;0
11;2025-11-28;4;0
11;2025-11-28;5;230
11;2025-11-28;6;1289
11;2025-11-28;7;2291
11;2025-11-28;8;3007
11;2025-11-28;9;2343
11;2025-11-28;10;1911
11;2025-11-28;11;1889
11;2025-11-28;12;1944
11;2025-11-28;13;1984
11;2025-11-28;14;2049
11;2025-11-28;15;2077
11;2025-11-28;16;2345
11;2025-11-28;17;2786
11;2025-11-28;18;2568
11;2025-11-28;19;2088
11;2025-11-28;20;1408
11;2025-11-28;21;863
11;2025-11-28;22;383
11;2025-11-28;23;258
11;2025-11-29;0;92
11;2025-11-29;1;5
11;2025-11-29;2;0
11;2025-11-29;3;0
11;2025-11-29;4;0
11;2025-11-29;5;174
11;2025-11-29;6;731
11;2025-11-29;7;801
11;2025-11-29;8;1027
11;2025-11-29;9;1155
11;2025-11-29;10;1320
11;2025-11-29;11;1602
11;2025-11-29;12;1732
11;2025-11-29;13;1693
11;2025-11-29;14;1738
11;2025-11-29;15;1681
11;2025-11-29;16;1703
11;2025-11-29;17;1725
11;2025-11-29;18;1521
11;2025-11-29;19;1416
11;2025-11-29;20;1043
11;2025-11-29;21;729
11;2025-11-29;22;385
11;2025-11-29;23;291
11;2025-11-30;0;84
11;2025-11-30;1;6
11;2025-11-30;2;0
11;2025-11-30;3;0
11;2025-11-30;4;0
11;2025-11-30;5;107
11;2025-11-30;6;486
11;2025-11-30;7;579
11;2025-11-30;8;720
11;2025-11-30;9;926
11;2025-11-30;10;1056
11;2025-11-30;11;1395
11;2025-11-30;12;1536
11;2025-11-30;13;1500
11;2025-11-30;14;1554
11;2025-11-30;15;1563
11;2025-11-30;16;1535
11;2025-11-30;17;1614
11;2025-11-30;18;1352
11;2025-11-30;19;1100
11;2025-11-30;20;826
11;2025-11-30;21;589
11;2025-11-30;22;328
11;2025-11-30;23;229
11;2025-12-01;0;54
11;2025-12-01;1;10
11;2025-12-01;2;0
11;2025-12-01;3;0
11;2025-12-01;4;0
11;2025-12-01;5;229
11;2025-12-01;6;1306
11;2025-12-01;7;2338
11;2025-12-01;8;3088
11;2025-12-01;9;2352
11;2025-12-01;10;1863
11;2025-12-01;11;1853
11;2025-12-01;12;1863
11;2025-12-01;13;1933
11;2025-12-01;14;1934
11;2025-12-01;15;1997
11;2025-12-01;16;2204
11;2025-12-01;17;2792
11;2025-12-01;18;2949
11;2025-12-01;19;2212
11;2025-12-01;20;1414
11;2025-12-01;21;819
11;2025-12-01;22;344
11;2025-12-01;23;193
11;2025-12-02;0;44
11;2025-12-02;1;3
11;2025-12-02;2;0
11;2025-12-02;3;0
11;2025-12-02;4;0
11;2025-12-02;5;239
11;2025-12-02;6;1314
11;2025-12-02;7;2357
11;2025-12-02;8;3200
11;2025-12-02;9;2397
11;2025-12-02;10;1912
11;2025-12-02;11;1883
11;2025-12-02;12;1918
11;2025-12-02;13;1997
11;2025-12-02;14;2000
11;2025-12-02;15;2009
11;2025-12-02;16;2240
11;2025-12-02;17;2800
11;2025-12-02;18;3017
11;2025-12-02;19;2257
11;2025-12-02;20;1462
11;2025-12-02;21;839
11;2025-12-02;22;369
11;2025-12-02;23;204
11;2025-12-03;0;49
11;2025-12-03;1;2
11;2025-12-03;2;0
11;2025-12-03;3;0
11;2025-12-03;4;0
11;2025-12-03;5;230
11;2025-12-03;6;1287
11;2025-12-03;7;2348
11;2025-12-03;8;3177
11;2025-12-03;9;2394
11;2025-12-03;10;1920
11;2025-12-03;11;1911
11;2025-12-03;12;1943
11;2025-12-03;13;2011
11;2025-12-03;14;2002
11;2025-12-03;15;2017
11;2025-12-03;16;2232
11;2025-12-03;17;2798
11;2025-12-03;18;2999
11;2025-12-03;19;2244
11;2025-12-03;20;1454
11;2025-12-03;21;849
11;2025-12-03;22;371
11;2025-12-03;23;216
11;2025-12-04;0;52
11;2025-12-04;1;6
11;2025-12-04;2;0
11;2025-12-04;3;0
11;2025-12-04;4;0
11;2025-12-04;5;236
11;2025-12-04;6;1328
11;2025-12-04;7;2347
11;2025-12-04;8;3164
11;2025-12-04;9;2424
11;2025-12-04;10;1960
11;2025-12-04;11;1915
11;2025-12-04;12;1970
11;2025-12-04;13;2035
11;2025-12-04;14;2024
11;2025-12-04;15;2037
11;2025-12-04;16;2276
11;2025-12-04;17;2825
11;2025-12-04;18;3025
11;2025-12-04;19;2260
11;2025-12-04;20;1484
11;2025-12-04;21;870
11;2025-12-04;22;399
11;2025-12-04;23;238
11;2025-12-05;0;60
11;2025-12-05;1;0
11;2025-12-05;2;0
11;2025-12-05;3;0
11;2025-12-05;4;0
11;2025-12-05;5;226
11;2025-12-05;6;1285
11;2025-12-05;7;2302
11;2025-12-05;8;3016
11;2025-12-05;9;2347
11;2025-12-05;10;1914
11;2025-12-05;11;1892
11;2025-12-05;12;1947
11;2025-12-05;13;1984
11;2025-12-05;14;2049
11;2025-12-05;15;2079
11;2025-12-05;16;2346
11;2025-12-05;17;2786
11;2025-12-05;18;2568
11;2025-12-05;19;2088
11;2025-12-05;20;1412
11;2025-12-05;21;863
11;2025-12-05;22;383
11;2025-12-05;23;257
11;2025-12-06;0;92
11;2025-12-06;1;5
11;2025-12-06;2;0
11;2025-12-06;3;0
11;2025-12-06;4;0
11;2025-12-06;5;175
11;2025-12-06;6;732
11;2025-12-06;7;801
11;2025-12-06;8;1028
11;2025-12-06;9;1160
11;2025-12-06;10;1318
11;2025-12-06;11;1602
11;2025-12-06;12;1731
11;2025-12-06;13;1692
11;2025-12-06;14;1739
11;2025-12-06;15;1688
11;2025-12-06;16;1705
11;2025-12-06;17;1726
11;2025-12-06;18;1522
11;2025-12-06;19;1419
11;2025-12-06;20;1047
11;2025-12-06;21;731
11;2025-12-06;22;387
11;2025-12-06;23;291
11;2025-12-07;0;92
11;2025-12-07;1;7
11;2025-12-07;2;0
11;2025-12-07;3;0
11;2025-12-07;4;0
11;2025-12-07;5;108
11;2025-12-07;6;487
11;2025-12-07;7;578
11;2025-12-07;8;719
11;2025-12-07;9;925
11;2025-12-07;10;1056
11;2025-12-07;11;1395
11;2025-12-07;12;1535
11;2025-12-07;13;1498
11;2025-12-07;14;1553
11;2025-12-07;15;1560
11;2025-12-07;16;1532
11;2025-12-07;17;1611
11;2025-12-07;18;1351
11;2025-12-07;19;1097
11;2025-12-07;20;816
11;2025-12-07;21;580
11;2025-12-07;22;326
11;2025-12-07;23;229
11;2025-12-08;0;53
11;2025-12-08;1;10
11;2025-12-08;2;0
11;2025-12-08;3;0
11;2025-12-08;4;0
11;2025-12-08;5;228
11;2025-12-08;6;1306
11;2025-12-08;7;2338
11;2025-12-08;8;3088
11;2025-12-08;9;2354
11;2025-12-08;10;1863
11;2025-12-08;11;1854
11;2025-12-08;12;1863
11;2025-12-08;13;1933
11;2025-12-08;14;1932
11;2025-12-08;15;1997
11;2025-12-08;16;2203
11;2025-12-08;17;2792
11;2025-12-08;18;2949
11;2025-12-08;19;2212
11;2025-12-08;20;1414
11;2025-12-08;21;819
11;2025-12-08;22;344
11;2025-12-08;23;192
11;2025-12-09;0;44
11;2025-12-09;1;2
11;2025-12-09;2;0
11;2025-12-09;3;0
11;2025-12-09;4;0
11;2025-12-09;5;236
11;2025-12-09;6;1327
11;2025-12-09;7;2372
11;2025-12-09;8;3216
11;2025-12-09;9;2395
11;2025-12-09;10;1909
11;2025-12-09;11;1882
11;2025-12-09;12;1919
11;2025-12-09;13;1997
11;2025-12-09;14;1997
11;2025-12-09;15;2006
11;2025-12-09;16;2239
11;2025-12-09;17;2802
11;2025-12-09;18;3017
11;2025-12-09;19;2257
11;2025-12-09;20;1461
11;2025-12-09;21;839
11;2025-12-09;22;345
11;2025-12-09;23;187
11;2025-12-10;0;54
11;2025-12-10;1;9
11;2025-12-10;2;0
11;2025-12-10;3;0
11;2025-12-10;4;0
11;2025-12-10;5;236
11;2025-12-10;6;1286
11;2025-12-10;7;2347
11;2025-12-10;8;3201
11;2025-12-10;9;2400
11;2025-12-10;10;1913
11;2025-12-10;11;1891
11;2025-12-10;12;1942
11;2025-12-10;13;2010
11;2025-12-10;14;1995
11;2025-12-10;15;2011
11;2025-12-10;16;2229
11;2025-12-10;17;2799
11;2025-12-10;18;3002
11;2025-12-10;19;2248
11;2025-12-10;20;1453
11;2025-12-10;21;849
11;2025-12-10;22;368
11;2025-12-10;23;215
11;2025-12-11;0;52
11;2025-12-11;1;6
11;2025-12-11;2;0
11;2025-12-11;3;0
11;2025-12-11;4;0
11;2025-12-11;5;236
11;2025-12-11;6;1328
11;2025-12-11;7;2348
11;2025-12-11;8;3121
11;2025-12-11;9;2372
11;2025-12-11;10;1888
11;2025-12-11;11;1869
11;2025-12-11;12;1919
11;2025-12-11;13;2018
11;2025-12-11;14;2025
11;2025-12-11;15;2001
11;2025-12-11;16;2240
11;2025-12-11;17;2787
11;2025-12-11;18;2942
11;2025-12-11;19;2181
11;2025-12-11;20;1432
11;2025-12-11;21;840
11;2025-12-11;22;385
11;2025-12-11;23;238
11;2025-12-12;0;60
11;2025-12-12;1;0
11;2025-12-12;2;0
11;2025-12-12;3;0
11;2025-12-12;4;0
11;2025-12-12;5;220
11;2025-12-12;6;1259
11;2025-12-12;7;2286
11;2025-12-12;8;2990
11;2025-12-12;9;2329
11;2025-12-12;10;1888
11;2025-12-12;11;1883
11;2025-12-12;12;1879
11;2025-12-12;13;1903
11;2025-12-12;14;1965
11;2025-12-12;15;1995
11;2025-12-12;16;2298
11;2025-12-12;17;2761
11;2025-12-12;18;2593
11;2025-12-12;19;2087
11;2025-12-12;20;1402
11;2025-12-12;21;865
11;2025-12-12;22;365
11;2025-12-12;23;244
11;2025-12-13;0;86
11;2025-12-13;1;8
11;2025-12-13;2;0
11;2025-12-13;3;0
11;2025-12-13;4;0
11;2025-12-13;5;172
11;2025-12-13;6;735
11;2025-12-13;7;811
11;2025-12-13;8;1029
11;2025-12-13;9;1152
11;2025-12-13;10;1313
11;2025-12-13;11;1603
11;2025-12-13;12;1735
11;2025-12-13;13;1697
11;2025-12-13;14;1727
11;2025-12-13;15;1679
11;2025-12-13;16;1706
11;2025-12-13;17;1726
11;2025-12-13;18;1517
11;2025-12-13;19;1399
11;2025-12-13;20;1045
11;2025-12-13;21;693
11;2025-12-13;22;381
11;2025-12-13;23;289
11;2025-12-14;0;70
11;2025-12-14;1;2
11;2025-12-14;2;0
11;2025-12-14;3;0
11;2025-12-14;4;0
11;2025-12-14;5;104
11;2025-12-14;6;478
11;2025-12-14;7;574
11;2025-12-14;8;717
11;2025-12-14;9;923
11;2025-12-14;10;1043
11;2025-12-14;11;1403
11;2025-12-14;12;1545
11;2025-12-14;13;1503
11;2025-12-14;14;1541
11;2025-12-14;15;1536
11;2025-12-14;16;1535
11;2025-12-14;17;1603
11;2025-12-14;18;1350
11;2025-12-14;19;1094
11;2025-12-14;20;799
11;2025-12-14;21;573
11;2025-12-14;22;319
11;2025-12-14;23;230
11;2025-12-15;0;54
11;2025-12-15;1;12
11;2025-12-15;2;0
11;2025-12-15;3;0
11;2025-12-15;4;1
11;2025-12-15;5;240
11;2025-12-15;6;1325
11;2025-12-15;7;2350
11;2025-12-15;8;3108
11;2025-12-15;9;2384
11;2025-12-15;10;1874
11;2025-12-15;11;1813
11;2025-12-15;12;1879
11;2025-12-15;13;1947
11;2025-12-15;14;1931
11;2025-12-15;15;2002
11;2025-12-15;16;2218
11;2025-12-15;17;2799
11;2025-12-15;18;2959
11;2025-12-15;19;2231
11;2025-12-15;20;1426
11;2025-12-15;21;838
11;2025-12-15;22;353
11;2025-12-15;23;202
11;2025-12-16;0;44
11;2025-12-16;1;3
11;2025-12-16;2;0
11;2025-12-16;3;0
11;2025-12-16;4;0
11;2025-12-16;5;243
11;2025-12-16;6;1320
11;2025-12-16;7;2369
11;2025-12-16;8;3212
11;2025-12-16;9;2404
11;2025-12-16;10;1889
11;2025-12-16;11;1843
11;2025-12-16;12;1863
11;2025-12-16;13;1922
11;2025-12-16;14;1955
11;2025-12-16;15;2008
11;2025-12-16;16;2239
11;2025-12-16;17;2802
11;2025-12-16;18;3016
11;2025-12-16;19;2264
11;2025-12-16;20;1476
11;2025-12-16;21;851
11;2025-12-16;22;373
11;2025-12-16;23;206
11;2025-12-17;0;50
11;2025-12-17;1;3
11;2025-12-17;2;0
11;2025-12-17;3;0
11;2025-12-17;4;0
11;2025-12-17;5;233
11;2025-12-17;6;1290
11;2025-12-17;7;2354
11;2025-12-17;8;3182
11;2025-12-17;9;2395
11;2025-12-17;10;1919
11;2025-12-17;11;1910
11;2025-12-17;12;1943
11;2025-12-17;13;2014
11;2025-12-17;14;2005
11;2025-12-17;15;2016
11;2025-12-17;16;2231
11;2025-12-17;17;2797
11;2025-12-17;18;3002
11;2025-12-17;19;2247
11;2025-12-17;20;1454
11;2025-12-17;21;849
11;2025-12-17;22;369
11;2025-12-17;23;216
11;2025-12-18;0;52
11;2025-12-18;1;4
11;2025-12-18;2;0
11;2025-12-18;3;0
11;2025-12-18;4;0
11;2025-12-18;5;235
11;2025-12-18;6;1327
11;2025-12-18;7;2347
11;2025-12-18;8;3164
11;2025-12-18;9;2424
11;2025-12-18;10;1960
11;2025-12-18;11;1913
11;2025-12-18;12;1970
11;2025-12-18;13;2035
11;2025-12-18;14;2019
11;2025-12-18;15;2036
11;2025-12-18;16;2272
11;2025-12-18;17;2825
11;2025-12-18;18;3029
11;2025-12-18;19;2258
11;2025-12-18;20;1482
11;2025-12-18;21;875
11;2025-12-18;22;403
11;2025-12-18;23;238
11;2025-12-19;0;59
11;2025-12-19;1;0
11;2025-12-19;2;0
11;2025-12-19;3;0
11;2025-12-19;4;0
11;2025-12-19;5;224
11;2025-12-19;6;1284
11;2025-12-19;7;2301
11;2025-12-19;8;3015
11;2025-12-19;9;2346
11;2025-12-19;10;1914
11;2025-12-19;11;1894
11;2025-12-19;12;1946
11;2025-12-19;13;1980
11;2025-12-19;14;2042
11;2025-12-19;15;2093
11;2025-12-19;16;2358
11;2025-12-19;17;2794
11;2025-12-19;18;2567
11;2025-12-19;19;2081
11;2025-12-19;20;1401
11;2025-12-19;21;857
11;2025-12-19;22;374
11;2025-12-19;23;251
11;2025-12-20;0;89
11;2025-12-20;1;4
11;2025-12-20;2;0
11;2025-12-20;3;0
11;2025-12-20;4;0
11;2025-12-20;5;170
11;2025-12-20;6;730
11;2025-12-20;7;801
11;2025-12-20;8;1027
11;2025-12-20;9;1152
11;2025-12-20;10;1317
11;2025-12-20;11;1600
11;2025-12-20;12;1732
11;2025-12-20;13;1693
11;2025-12-20;14;1734
11;2025-12-20;15;1681
11;2025-12-20;16;1703
11;2025-12-20;17;1725
11;2025-12-20;18;1520
11;2025-12-20;19;1413
11;2025-12-20;20;1038
11;2025-12-20;21;725
11;2025-12-20;22;379
11;2025-12-20;23;288
11;2025-12-21;0;87
11;2025-12-21;1;6
11;2025-12-21;2;0
11;2025-12-21;3;0
11;2025-12-21;4;0
11;2025-12-21;5;105
11;2025-12-21;6;472
11;2025-12-21;7;575
11;2025-12-21;8;720
11;2025-12-21;9;910
11;2025-12-21;10;1041
11;2025-12-21;11;1394
11;2025-12-21;12;1535
11;2025-12-21;13;1497
11;2025-12-21;14;1549
11;2025-12-21;15;1556
11;2025-12-21;16;1532
11;2025-12-21;17;1611
11;2025-12-21;18;1350
11;2025-12-21;19;1097
11;2025-12-21;20;816
11;2025-12-21;21;571
11;2025-12-21;22;319
11;2025-12-21;23;228
11;2025-12-22;0;34
11;2025-12-22;1;0
11;2025-12-22;2;0
11;2025-12-22;3;0
11;2025-12-22;4;0
11;2025-12-22;5;228
11;2025-12-22;6;1306
11;2025-12-22;7;2338
11;2025-12-22;8;3089
11;2025-12-22;9;2338
11;2025-12-22;10;1800
11;2025-12-22;11;1823
11;2025-12-22;12;1845
11;2025-12-22;13;1933
11;2025-12-22;14;1931
11;2025-12-22;15;1949
11;2025-12-22;16;2214
11;2025-12-22;17;2796
11;2025-12-22;18;2932
11;2025-12-22;19;2224
11;2025-12-22;20;1416
11;2025-12-22;21;827
11;2025-12-22;22;313
11;2025-12-22;23;166
11;2025-12-23;0;42
11;2025-12-23;1;2
11;2025-12-23;2;0
11;2025-12-23;3;0
11;2025-12-23;4;0
11;2025-12-23;5;244
11;2025-12-23;6;1322
11;2025-12-23;7;2354
11;2025-12-23;8;3208
11;2025-12-23;9;2410
11;2025-12-23;10;1911
11;2025-12-23;11;1888
11;2025-12-23;12;1921
11;2025-12-23;13;2002
11;2025-12-23;14;1984
11;2025-12-23;15;2004
11;2025-12-23;16;2243
11;2025-12-23;17;2798
11;2025-12-23;18;3015
11;2025-12-23;19;2257
11;2025-12-23;20;1454
11;2025-12-23;21;837
11;2025-12-23;22;364
11;2025-12-23;23;210
11;2025-12-24;0;50
11;2025-12-24;1;5
11;2025-12-24;2;0
11;2025-12-24;3;0
11;2025-12-24;4;1
11;2025-12-24;5;240
11;2025-12-24;6;1301
11;2025-12-24;7;2346
11;2025-12-24;8;3181
11;2025-12-24;9;2407
11;2025-12-24;10;1915
11;2025-12-24;11;1913
11;2025-12-24;12;1940
11;2025-12-24;13;2015
11;2025-12-24;14;1982
11;2025-12-24;15;2007
11;2025-12-24;16;2237
11;2025-12-24;17;2798
11;2025-12-24;18;3000
11;2025-12-24;19;2251
11;2025-12-24;20;1455
11;2025-12-24;21;841
11;2025-12-24;22;372
11;2025-12-24;23;213
11;2025-12-25;0;33
11;2025-12-25;1;0
11;2025-12-25;2;0
11;2025-12-25;3;0
11;2025-12-25;4;0
11;2025-12-25;5;234
11;2025-12-25;6;1302
11;2025-12-25;7;2355
11;2025-12-25;8;3166
11;2025-12-25;9;2429
11;2025-12-25;10;1962
11;2025-12-25;11;1911
11;2025-12-25;12;1973
11;2025-12-25;13;2037
11;2025-12-25;14;2013
11;2025-12-25;15;2024
11;2025-12-25;16;2281
11;2025-12-25;17;2762
11;2025-12-25;18;2933
11;2025-12-25;19;2248
11;2025-12-25;20;1484
11;2025-12-25;21;847
11;2025-12-25;22;381
11;2025-12-25;23;222
11;2025-12-26;0;60
11;2025-12-26;1;12
11;2025-12-26;2;0
11;2025-12-26;3;0
11;2025-12-26;4;0
11;2025-12-26;5;217
11;2025-12-26;6;1289
11;2025-12-26;7;2307
11;2025-12-26;8;3022
11;2025-12-26;9;2338
11;2025-12-26;10;1891
11;2025-12-26;11;1845
11;2025-12-26;12;1900
11;2025-12-26;13;1987
11;2025-12-26;14;2031
11;2025-12-26;15;2075
11;2025-12-26;16;2333
11;2025-12-26;17;2758
11;2025-12-26;18;2563
11;2025-12-26;19;2078
11;2025-12-26;20;1407
11;2025-12-26;21;863
11;2025-12-26;22;374
11;2025-12-26;23;261
11;2025-12-27;0;92
11;2025-12-27;1;5
11;2025-12-27;2;0
11;2025-12-27;3;0
11;2025-12-27;4;0
11;2025-12-27;5;174
11;2025-12-27;6;738
11;2025-12-27;7;812
11;2025-12-27;8;1037
11;2025-12-27;9;1158
11;2025-12-27;10;1330
11;2025-12-27;11;1620
11;2025-12-27;12;1737
11;2025-12-27;13;1696
11;2025-12-27;14;1737
11;2025-12-27;15;1687
11;2025-12-27;16;1710
11;2025-12-27;17;1732
11;2025-12-27;18;1529
11;2025-12-27;19;1414
11;2025-12-27;20;1049
11;2025-12-27;21;733
11;2025-12-27;22;339
11;2025-12-27;23;272
11;2025-12-28;0;74
11;2025-12-28;1;6
11;2025-12-28;2;0
11;2025-12-28;3;0
11;2025-12-28;4;0
11;2025-12-28;5;81
11;2025-12-28;6;462
11;2025-12-28;7;517
11;2025-12-28;8;661
11;2025-12-28;9;894
11;2025-12-28;10;1034
11;2025-12-28;11;1300
11;2025-12-28;12;1480
11;2025-12-28;13;1443
11;2025-12-28;14;1514
11;2025-12-28;15;1461
11;2025-12-28;16;1537
11;2025-12-28;17;1608
11;2025-12-28;18;1355
11;2025-12-28;19;1100
11;2025-12-28;20;817
11;2025-12-28;21;564
11;2025-12-28;22;316
11;2025-12-28;23;236
11;2025-12-29;0;54
11;2025-12-29;1;12
11;2025-12-29;2;0
11;2025-12-29;3;0
11;2025-12-29;4;1
11;2025-12-29;5;208
11;2025-12-29;6;1331
11;2025-12-29;7;2367
11;2025-12-29;8;3093
11;2025-12-29;9;2371
11;2025-12-29;10;1853
11;2025-12-29;11;1827
11;2025-12-29;12;1839
11;2025-12-29;13;1913
11;2025-12-29;14;1883
11;2025-12-29;15;1950
11;2025-12-29;16;2181
11;2025-12-29;17;2771
11;2025-12-29;18;2913
11;2025-12-29;19;2184
11;2025-12-29;20;1407
11;2025-12-29;21;785
11;2025-12-29;22;321
11;2025-12-29;23;169
11;2025-12-30;0;32
11;2025-12-30;1;0
11;2025-12-30;2;0
11;2025-12-30;3;0
11;2025-12-30;4;0
11;2025-12-30;5;213
11;2025-12-30;6;1307
11;2025-12-30;7;2365
11;2025-12-30;8;3156
11;2025-12-30;9;2356
11;2025-12-30;10;1841
11;2025-12-30;11;1795
11;2025-12-30;12;1872
11;2025-12-30;13;1964
11;2025-12-30;14;1941
11;2025-12-30;15;1972
11;2025-12-30;16;2211
11;2025-12-30;17;2750
11;2025-12-30;18;2982
11;2025-12-30;19;2190
11;2025-12-30;20;1432
11;2025-12-30;21;805
11;2025-12-30;22;350
11;2025-12-30;23;188
11;2025-12-31;0;49
11;2025-12-31;1;0
11;2025-12-31;2;0
11;2025-12-31;3;0
11;2025-12-31;4;0
11;2025-12-31;5;163
11;2025-12-31;6;583
11;2025-12-31;7;705
11;2025-12-31;8;897
11;2025-12-31;9;1011
11;2025-12-31;10;1071
11;2025-12-31;11;1347
11;2025-12-31;12;1512
11;2025-12-31;13;1433
11;2025-12-31;14;1462
11;2025-12-31;15;1417
11;2025-12-31;16;1466
11;2025-12-31;17;1526
11;2025-12-31;18;1348
11;2025-12-31;19;1238
11;2025-12-31;20;889
11;2025-12-31;21;606
11;2025-12-31;22;368
11;2025-12-31;23;236
12;2025-11-01;0;73
12;2025-11-01;1;0
12;2025-11-01;2;0
12;2025-11-01;3;0
12;2025-11-01;4;0
12;2025-11-01;5;302
12;2025-11-01;6;1372
12;2025-11-01;7;2573
12;2025-11-01;8;3299
12;2025-11-01;9;2486
12;2025-11-01;10;2042
12;2025-11-01;11;1988
12;2025-11-01;12;2053
12;2025-11-01;13;2148
12;2025-11-01;14;2107
12;2025-11-01;15;2347
12;2025-11-01;16;2822
12;2025-11-01;17;3065
12;2025-11-01;18;3018
12;2025-11-01;19;2314
12;2025-11-01;20;1517
12;2025-11-01;21;943
12;2025-11-01;22;424
12;2025-11-01;23;266
12;2025-11-02;0;45
12;2025-11-02;1;4
12;2025-11-02;2;0
12;2025-11-02;3;0
12;2025-11-02;4;0
12;2025-11-02;5;142
12;2025-11-02;6;493
12;2025-11-02;7;643
12;2025-11-02;8;763
12;2025-11-02;9;953
12;2025-11-02;10;1115
12;2025-11-02;11;1304
12;2025-11-02;12;1369
12;2025-11-02;13;1499
12;2025-11-02;14;1482
12;2025-11-02;15;1456
12;2025-11-02;16;1498
12;2025-11-02;17;1500
12;2025-11-02;18;1319
12;2025-11-02;19;1044
12;2025-11-02;20;787
12;2025-11-02;21;576
12;2025-11-02;22;339
12;2025-11-02;23;182
12;2025-11-03;0;31
12;2025-11-03;1;1
12;2025-11-03;2;0
12;2025-11-03;3;0
12;2025-11-03;4;0
12;2025-11-03;5;206
12;2025-11-03;6;607
12;2025-11-03;7;715
12;2025-11-03;8;861
12;2025-11-03;9;1000
12;2025-11-03;10;1151
12;2025-11-03;11;1239
12;2025-11-03;12;1273
12;2025-11-03;13;1381
12;2025-11-03;14;1313
12;2025-11-03;15;1284
12;2025-11-03;16;1464
12;2025-11-03;17;1467
12;2025-11-03;18;1445
12;2025-11-03;19;1170
12;2025-11-03;20;855
12;2025-11-03;21;702
12;2025-11-03;22;370
12;2025-11-03;23;245
12;2025-11-04;0;38
12;2025-11-04;1;0
12;2025-11-04;2;0
12;2025-11-04;3;0
12;2025-11-04;4;0
12;2025-11-04;5;204
12;2025-11-04;6;608
12;2025-11-04;7;731
12;2025-11-04;8;820
12;2025-11-04;9;939
12;2025-11-04;10;1102
12;2025-11-04;11;1107
12;2025-11-04;12;1156
12;2025-11-04;13;1341
12;2025-11-04;14;1386
12;2025-11-04;15;1360
12;2025-11-04;16;1356
12;2025-11-04;17;1368
12;2025-11-04;18;1370
12;2025-11-04;19;1138
12;2025-11-04;20;829
12;2025-11-04;21;674
12;2025-11-04;22;358
12;2025-11-04;23;214
12;2025-11-05;0;81
12;2025-11-05;1;15
12;2025-11-05;2;0
12;2025-11-05;3;0
12;2025-11-05;4;11
12;2025-11-05;5;323
12;2025-11-05;6;1387
12;2025-11-05;7;2608
12;2025-11-05;8;3437
12;2025-11-05;9;2523
12;2025-11-05;10;2050
12;2025-11-05;11;2010
12;2025-11-05;12;2054
12;2025-11-05;13;2098
12;2025-11-05;14;2004
12;2025-11-05;15;2241
12;2025-11-05;16;2710
12;2025-11-05;17;3121
12;2025-11-05;18;3212
12;2025-11-05;19;2458
12;2025-11-05;20;1578
12;2025-11-05;21;999
12;2025-11-05;22;469
12;2025-11-05;23;258
12;2025-11-06;0;50
12;2025-11-06;1;3
12;2025-11-06;2;0
12;2025-11-06;3;0
12;2025-11-06;4;20
12;2025-11-06;5;331
12;2025-11-06;6;1436
12;2025-11-06;7;2667
12;2025-11-06;8;3474
12;2025-11-06;9;2511
12;2025-11-06;10;2050
12;2025-11-06;11;1924
12;2025-11-06;12;2037
12;2025-11-06;13;2101
12;2025-11-06;14;2014
12;2025-11-06;15;2244
12;2025-11-06;16;2714
12;2025-11-06;17;3115
12;2025-11-06;18;3249
12;2025-11-06;19;2447
12;2025-11-06;20;1490
12;2025-11-06;21;968
12;2025-11-06;22;476
12;2025-11-06;23;273
12;2025-11-07;0;67
12;2025-11-07;1;7
12;2025-11-07;2;0
12;2025-11-07;3;0
12;2025-11-07;4;10
12;2025-11-07;5;316
12;2025-11-07;6;1365
12;2025-11-07;7;2567
12;2025-11-07;8;3285
12;2025-11-07;9;2430
12;2025-11-07;10;1950
12;2025-11-07;11;1916
12;2025-11-07;12;1990
12;2025-11-07;13;2067
12;2025-11-07;14;2002
12;2025-11-07;15;2315
12;2025-11-07;16;2837
12;2025-11-07;17;2998
12;2025-11-07;18;2786
12;2025-11-07;19;2257
12;2025-11-07;20;1446
12;2025-11-07;21;1006
12;2025-11-07;22;488
12;2025-11-07;23;311
12;2025-11-08;0;82
12;2025-11-08;1;8
12;2025-11-08;2;0
12;2025-11-08;3;0
12;2025-11-08;4;0
12;2025-11-08;5;243
12;2025-11-08;6;795
12;2025-11-08;7;911
12;2025-11-08;8;1013
12;2025-11-08;9;1229
12;2025-11-08;10;1428
12;2025-11-08;11;1493
12;2025-11-08;12;1516
12;2025-11-08;13;1629
12;2025-11-08;14;1557
12;2025-11-08;15;1541
12;2025-11-08;16;1553
12;2025-11-08;17;1549
12;2025-11-08;18;1448
12;2025-11-08;19;1333
12;2025-11-08;20;1005
12;2025-11-08;21;751
12;2025-11-08;22;384
12;2025-11-08;23;271
12;2025-11-09;0;84
12;2025-11-09;1;16
12;2025-11-09;2;0
12;2025-11-09;3;0
12;2025-11-09;4;0
12;2025-11-09;5;159
12;2025-11-09;6;535
12;2025-11-09;7;656
12;2025-11-09;8;744
12;2025-11-09;9;961
12;2025-11-09;10;1167
12;2025-11-09;11;1316
12;2025-11-09;12;1357
12;2025-11-09;13;1519
12;2025-11-09;14;1465
12;2025-11-09;15;1421
12;2025-11-09;16;1460
12;2025-11-09;17;1453
12;2025-11-09;18;1307
12;2025-11-09;19;1059
12;2025-11-09;20;779
12;2025-11-09;21;580
12;2025-11-09;22;341
12;2025-11-09;23;190
12;2025-11-10;0;31
12;2025-11-10;1;0
12;2025-11-10;2;0
12;2025-11-10;3;0
12;2025-11-10;4;0
12;2025-11-10;5;301
12;2025-11-10;6;1345
12;2025-11-10;7;2607
12;2025-11-10;8;3416
12;2025-11-10;9;2459
12;2025-11-10;10;1934
12;2025-11-10;11;1847
12;2025-11-10;12;1949
12;2025-11-10;13;2013
12;2025-11-10;14;1929
12;2025-11-10;15;2197
12;2025-11-10;16;2669
12;2025-11-10;17;3056
12;2025-11-10;18;3153
12;2025-11-10;19;2393
12;2025-11-10;20;1504
12;2025-11-10;21;898
12;2025-11-10;22;413
12;2025-11-10;23;222
12;2025-11-11;0;22
12;2025-11-11;1;0
12;2025-11-11;2;0
12;2025-11-11;3;0
12;2025-11-11;4;0
12;2025-11-11;5;306
12;2025-11-11;6;1376
12;2025-11-11;7;2670
12;2025-11-11;8;3525
12;2025-11-11;9;2508
12;2025-11-11;10;2009
12;2025-11-11;11;1903
12;2025-11-11;12;1967
12;2025-11-11;13;2044
12;2025-11-11;14;1950
12;2025-11-11;15;2176
12;2025-11-11;16;2643
12;2025-11-11;17;3092
12;2025-11-11;18;3250
12;2025-11-11;19;2457
12;2025-11-11;20;1525
12;2025-11-11;21;907
12;2025-11-11;22;436
12;2025-11-11;23;221
12;2025-11-12;0;39
12;2025-11-12;1;1
12;2025-11-12;2;0
12;2025-11-12;3;0
12;2025-11-12;4;3
12;2025-11-12;5;318
12;2025-11-12;6;1399
12;2025-11-12;7;2648
12;2025-11-12;8;3484
12;2025-11-12;9;2534
12;2025-11-12;10;2041
12;2025-11-12;11;1916
12;2025-11-12;12;2001
12;2025-11-12;13;2036
12;2025-11-12;14;1950
12;2025-11-12;15;2221
12;2025-11-12;16;2688
12;2025-11-12;17;3115
12;2025-11-12;18;3237
12;2025-11-12;19;2444
12;2025-11-12;20;1543
12;2025-11-12;21;942
12;2025-11-12;22;457
12;2025-11-12;23;250
12;2025-11-13;0;36
12;2025-11-13;1;1
12;2025-11-13;2;0
12;2025-11-13;3;0
12;2025-11-13;4;4
12;2025-11-13;5;305
12;2025-11-13;6;1395
12;2025-11-13;7;2655
12;2025-11-13;8;3502
12;2025-11-13;9;2499
12;2025-11-13;10;1998
12;2025-11-13;11;1925
12;2025-11-13;12;2014
12;2025-11-13;13;2089
12;2025-11-13;14;2007
12;2025-11-13;15;2268
12;2025-11-13;16;2728
12;2025-11-13;17;3113
12;2025-11-13;18;3219
12;2025-11-13;19;2433
12;2025-11-13;20;1536
12;2025-11-13;21;935
12;2025-11-13;22;436
12;2025-11-13;23;236
12;2025-11-14;0;30
12;2025-11-14;1;0
12;2025-11-14;2;0
12;2025-11-14;3;0
12;2025-11-14;4;0
12;2025-11-14;5;291
12;2025-11-14;6;1319
12;2025-11-14;7;2534
12;2025-11-14;8;3294
12;2025-11-14;9;2395
12;2025-11-14;10;1954
12;2025-11-14;11;1921
12;2025-11-14;12;1983
12;2025-11-14;13;2057
12;2025-11-14;14;2005
12;2025-11-14;15;2326
12;2025-11-14;16;2837
12;2025-11-14;17;3001
12;2025-11-14;18;2792
12;2025-11-14;19;2266
12;2025-11-14;20;1469
12;2025-11-14;21;957
12;2025-11-14;22;464
12;2025-11-14;23;278
12;2025-11-15;0;48
12;2025-11-15;1;3
12;2025-11-15;2;0
12;2025-11-15;3;0
12;2025-11-15;4;0
12;2025-11-15;5;222
12;2025-11-15;6;754
12;2025-11-15;7;897
12;2025-11-15;8;982
12;2025-11-15;9;1182
12;2025-11-15;10;1310
12;2025-11-15;11;1326
12;2025-11-15;12;1371
12;2025-11-15;13;1551
12;2025-11-15;14;1543
12;2025-11-15;15;1529
12;2025-11-15;16;1532
12;2025-11-15;17;1543
12;2025-11-15;18;1456
12;2025-11-15;19;1349
12;2025-11-15;20;990
12;2025-11-15;21;705
12;2025-11-15;22;376
12;2025-11-15;23;246
12;2025-11-16;0;49
12;2025-11-16;1;3
12;2025-11-16;2;0
12;2025-11-16;3;0
12;2025-11-16;4;0
12;2025-11-16;5;140
12;2025-11-16;6;486
12;2025-11-16;7;643
12;2025-11-16;8;761
12;2025-11-16;9;967
12;2025-11-16;10;1182
12;2025-11-16;11;1302
12;2025-11-16;12;1363
12;2025-11-16;13;1541
12;2025-11-16;14;1483
12;2025-11-16;15;1422
12;2025-11-16;16;1458
12;2025-11-16;17;1488
12;2025-11-16;18;1334
12;2025-11-16;19;1060
12;2025-11-16;20;775
12;2025-11-16;21;573
12;2025-11-16;22;339
12;2025-11-16;23;187
12;2025-11-17;0;32
12;2025-11-17;1;0
12;2025-11-17;2;0
12;2025-11-17;3;0
12;2025-11-17;4;0
12;2025-11-17;5;291
12;2025-11-17;6;1344
12;2025-11-17;7;2610
12;2025-11-17;8;3417
12;2025-11-17;9;2462
12;2025-11-17;10;1945
12;2025-11-17;11;1850
12;2025-11-17;12;1928
12;2025-11-17;13;1888
12;2025-11-17;14;1875
12;2025-11-17;15;2169
12;2025-11-17;16;2665
12;2025-11-17;17;3048
12;2025-11-17;18;3147
12;2025-11-17;19;2386
12;2025-11-17;20;1496
12;2025-11-17;21;893
12;2025-11-17;22;408
12;2025-11-17;23;217
12;2025-11-18;0;18
12;2025-11-18;1;0
12;2025-11-18;2;0
12;2025-11-18;3;0
12;2025-11-18;4;3
12;2025-11-18;5;300
12;2025-11-18;6;1415
12;2025-11-18;7;2655
12;2025-11-18;8;3469
12;2025-11-18;9;2470
12;2025-11-18;10;1943
12;2025-11-18;11;1880
12;2025-11-18;12;1994
12;2025-11-18;13;2014
12;2025-11-18;14;1932
12;2025-11-18;15;2209
12;2025-11-18;16;2654
12;2025-11-18;17;3112
12;2025-11-18;18;3262
12;2025-11-18;19;2471
12;2025-11-18;20;1524
12;2025-11-18;21;905
12;2025-11-18;22;439
12;2025-11-18;23;219
12;2025-11-19;0;32
12;2025-11-19;1;1
12;2025-11-19;2;0
12;2025-11-19;3;0
12;2025-11-19;4;2
12;2025-11-19;5;318
12;2025-11-19;6;1399
12;2025-11-19;7;2652
12;2025-11-19;8;3489
12;2025-11-19;9;2532
12;2025-11-19;10;2044
12;2025-11-19;11;1950
12;2025-11-19;12;2019
12;2025-11-19;13;2088
12;2025-11-19;14;1986
12;2025-11-19;15;2239
12;2025-11-19;16;2707
12;2025-11-19;17;3120
12;2025-11-19;18;3228
12;2025-11-19;19;2442
12;2025-11-19;20;1537
12;2025-11-19;21;938
12;2025-11-19;22;456
12;2025-11-19;23;249
12;2025-11-20;0;35
12;2025-11-20;1;1
12;2025-11-20;2;0
12;2025-11-20;3;0
12;2025-11-20;4;3
12;2025-11-20;5;305
12;2025-11-20;6;1394
12;2025-11-20;7;2667
12;2025-11-20;8;3517
12;2025-11-20;9;2520
12;2025-11-20;10;2026
12;2025-11-20;11;1931
12;2025-11-20;12;2010
12;2025-11-20;13;2088
12;2025-11-20;14;1994
12;2025-11-20;15;2241
12;2025-11-20;16;2714
12;2025-11-20;17;3117
12;2025-11-20;18;3255
12;2025-11-20;19;2453
12;2025-11-20;20;1543
12;2025-11-20;21;928
12;2025-11-20;22;457
12;2025-11-20;23;245
12;2025-11-21;0;38
12;2025-11-21;1;0
12;2025-11-21;2;0
12;2025-11-21;3;0
12;2025-11-21;4;0
12;2025-11-21;5;297
12;2025-11-21;6;1345
12;2025-11-21;7;2605
12;2025-11-21;8;3354
12;2025-11-21;9;2423
12;2025-11-21;10;1944
12;2025-11-21;11;1893
12;2025-11-21;12;1975
12;2025-11-21;13;2048
12;2025-11-21;14;1982
12;2025-11-21;15;2309
12;2025-11-21;16;2830
12;2025-11-21;17;3015
12;2025-11-21;18;2816
12;2025-11-21;19;2271
12;2025-11-21;20;1450
12;2025-11-21;21;919
12;2025-11-21;22;450
12;2025-11-21;23;268
12;2025-11-22;0;54
12;2025-11-22;1;0
12;2025-11-22;2;0
12;2025-11-22;3;0
12;2025-11-22;4;0
12;2025-11-22;5;217
12;2025-11-22;6;759
12;2025-11-22;7;934
12;2025-11-22;8;1027
12;2025-11-22;9;1216
12;2025-11-22;10;1419
12;2025-11-22;11;1463
12;2025-11-22;12;1483
12;2025-11-22;13;1616
12;2025-11-22;14;1533
12;2025-11-22;15;1531
12;2025-11-22;16;1543
12;2025-11-22;17;1542
12;2025-11-22;18;1455
12;2025-11-22;19;1348
12;2025-11-22;20;996
12;2025-11-22;21;671
12;2025-11-22;22;352
12;2025-11-22;23;243
12;2025-11-23;0;45
12;2025-11-23;1;4
12;2025-11-23;2;0
12;2025-11-23;3;0
12;2025-11-23;4;0
12;2025-11-23;5;139
12;2025-11-23;6;490
12;2025-11-23;7;651
12;2025-11-23;8;773
12;2025-11-23;9;973
12;2025-11-23;10;1144
12;2025-11-23;11;1295
12;2025-11-23;12;1366
12;2025-11-23;13;1544
12;2025-11-23;14;1492
12;2025-11-23;15;1441
12;2025-11-23;16;1487
12;2025-11-23;17;1492
12;2025-11-23;18;1336
12;2025-11-23;19;1058
12;2025-11-23;20;777
12;2025-11-23;21;575
12;2025-11-23;22;340
12;2025-11-23;23;187
12;2025-11-24;0;30
12;2025-11-24;1;1
12;2025-11-24;2;0
12;2025-11-24;3;0
12;2025-11-24;4;0
12;2025-11-24;5;268
12;2025-11-24;6;1332
12;2025-11-24;7;2633
12;2025-11-24;8;3411
12;2025-11-24;9;2471
12;2025-11-24;10;1892
12;2025-11-24;11;1719
12;2025-11-24;12;1930
12;2025-11-24;13;1969
12;2025-11-24;14;1891
12;2025-11-24;15;2150
12;2025-11-24;16;2635
12;2025-11-24;17;3056
12;2025-11-24;18;3156
12;2025-11-24;19;2394
12;2025-11-24;20;1505
12;2025-11-24;21;885
12;2025-11-24;22;417
12;2025-11-24;23;220
12;2025-11-25;0;23
12;2025-11-25;1;1
12;2025-11-25;2;0
12;2025-11-25;3;0
12;2025-11-25;4;0
12;2025-11-25;5;304
12;2025-11-25;6;1379
12;2025-11-25;7;2674
12;2025-11-25;8;3524
12;2025-11-25;9;2507
12;2025-11-25;10;2011
12;2025-11-25;11;1911
12;2025-11-25;12;1996
12;2025-11-25;13;2058
12;2025-11-25;14;1961
12;2025-11-25;15;2211
12;2025-11-25;16;2677
12;2025-11-25;17;3108
12;2025-11-25;18;3253
12;2025-11-25;19;2456
12;2025-11-25;20;1519
12;2025-11-25;21;905
12;2025-11-25;22;435
12;2025-11-25;23;219
12;2025-11-26;0;32
12;2025-11-26;1;5
12;2025-11-26;2;0
12;2025-11-26;3;0
12;2025-11-26;4;4
12;2025-11-26;5;301
12;2025-11-26;6;1384
12;2025-11-26;7;2680
12;2025-11-26;8;3485
12;2025-11-26;9;2528
12;2025-11-26;10;1990
12;2025-11-26;11;1876
12;2025-11-26;12;2017
12;2025-11-26;13;2074
12;2025-11-26;14;1979
12;2025-11-26;15;2239
12;2025-11-26;16;2645
12;2025-11-26;17;3078
12;2025-11-26;18;3241
12;2025-11-26;19;2437
12;2025-11-26;20;1517
12;2025-11-26;21;916
12;2025-11-26;22;435
12;2025-11-26;23;252
12;2025-11-27;0;31
12;2025-11-27;1;1
12;2025-11-27;2;0
12;2025-11-27;3;0
12;2025-11-27;4;4
12;2025-11-27;5;305
12;2025-11-27;6;1390
12;2025-11-27;7;2655
12;2025-11-27;8;3508
12;2025-11-27;9;2485
12;2025-11-27;10;2000
12;2025-11-27;11;1868
12;2025-11-27;12;1944
12;2025-11-27;13;2014
12;2025-11-27;14;1934
12;2025-11-27;15;2202
12;2025-11-27;16;2675
12;2025-11-27;17;3050
12;2025-11-27;18;3155
12;2025-11-27;19;2370
12;2025-11-27;20;1497
12;2025-11-27;21;911
12;2025-11-27;22;416
12;2025-11-27;23;251
12;2025-11-28;0;51
12;2025-11-28;1;2
12;2025-11-28;2;0
12;2025-11-28;3;0
12;2025-11-28;4;18
12;2025-11-28;5;303
12;2025-11-28;6;1317
12;2025-11-28;7;2559
12;2025-11-28;8;3348
12;2025-11-28;9;2421
12;2025-11-28;10;1939
12;2025-11-28;11;1889
12;2025-11-28;12;1967
12;2025-11-28;13;2053
12;2025-11-28;14;1982
12;2025-11-28;15;2313
12;2025-11-28;16;2830
12;2025-11-28;17;3018
12;2025-11-28;18;2817
12;2025-11-28;19;2271
12;2025-11-28;20;1449
12;2025-11-28;21;920
12;2025-11-28;22;454
12;2025-11-28;23;269
12;2025-11-29;0;54
12;2025-11-29;1;3
12;2025-11-29;2;0
12;2025-11-29;3;0
12;2025-11-29;4;0
12;2025-11-29;5;226
12;2025-11-29;6;758
12;2025-11-29;7;926
12;2025-11-29;8;1048
12;2025-11-29;9;1255
12;2025-11-29;10;1425
12;2025-11-29;11;1469
12;2025-11-29;12;1487
12;2025-11-29;13;1617
12;2025-11-29;14;1540
12;2025-11-29;15;1534
12;2025-11-29;16;1543
12;2025-11-29;17;1542
12;2025-11-29;18;1454
12;2025-11-29;19;1348
12;2025-11-29;20;995
12;2025-11-29;21;709
12;2025-11-29;22;379
12;2025-11-29;23;248
12;2025-11-30;0;52
12;2025-11-30;1;8
12;2025-11-30;2;0
12;2025-11-30;3;0
12;2025-11-30;4;0
12;2025-11-30;5;141
12;2025-11-30;6;493
12;2025-11-30;7;652
12;2025-11-30;8;774
12;2025-11-30;9;979
12;2025-11-30;10;1145
12;2025-11-30;11;1294
12;2025-11-30;12;1356
12;2025-11-30;13;1536
12;2025-11-30;14;1466
12;2025-11-30;15;1431
12;2025-11-30;16;1471
12;2025-11-30;17;1496
12;2025-11-30;18;1344
12;2025-11-30;19;1059
12;2025-11-30;20;779
12;2025-11-30;21;580
12;2025-11-30;22;341
12;2025-11-30;23;190
12;2025-12-01;0;31
12;2025-12-01;1;0
12;2025-12-01;2;0
12;2025-12-01;3;0
12;2025-12-01;4;2
12;2025-12-01;5;292
12;2025-12-01;6;1345
12;2025-12-01;7;2615
12;2025-12-01;8;3420
12;2025-12-01;9;2463
12;2025-12-01;10;1940
12;2025-12-01;11;1849
12;2025-12-01;12;1951
12;2025-12-01;13;2007
12;2025-12-01;14;1932
12;2025-12-01;15;2192
12;2025-12-01;16;2668
12;2025-12-01;17;3054
12;2025-12-01;18;3153
12;2025-12-01;19;2394
12;2025-12-01;20;1504
12;2025-12-01;21;895
12;2025-12-01;22;416
12;2025-12-01;23;219
12;2025-12-02;0;23
12;2025-12-02;1;1
12;2025-12-02;2;0
12;2025-12-02;3;0
12;2025-12-02;4;0
12;2025-12-02;5;304
12;2025-12-02;6;1379
12;2025-12-02;7;2677
12;2025-12-02;8;3526
12;2025-12-02;9;2510
12;2025-12-02;10;2015
12;2025-12-02;11;1912
12;2025-12-02;12;1998
12;2025-12-02;13;2058
12;2025-12-02;14;1964
12;2025-12-02;15;2211
12;2025-12-02;16;2677
12;2025-12-02;17;3109
12;2025-12-02;18;3256
12;2025-12-02;19;2456
12;2025-12-02;20;1523
12;2025-12-02;21;904
12;2025-12-02;22;438
12;2025-12-02;23;219
12;2025-12-03;0;39
12;2025-12-03;1;4
12;2025-12-03;2;0
12;2025-12-03;3;0
12;2025-12-03;4;2
12;2025-12-03;5;318
12;2025-12-03;6;1399
12;2025-12-03;7;2652
12;2025-12-03;8;3489
12;2025-12-03;9;2538
12;2025-12-03;10;2047
12;2025-12-03;11;1952
12;2025-12-03;12;2020
12;2025-12-03;13;2088
12;2025-12-03;14;1989
12;2025-12-03;15;2239
12;2025-12-03;16;2707
12;2025-12-03;17;3120
12;2025-12-03;18;3233
12;2025-12-03;19;2443
12;2025-12-03;20;1542
12;2025-12-03;21;939
12;2025-12-03;22;459
12;2025-12-03;23;249
12;2025-12-04;0;35
12;2025-12-04;1;4
12;2025-12-04;2;0
12;2025-12-04;3;0
12;2025-12-04;4;3
12;2025-12-04;5;304
12;2025-12-04;6;1393
12;2025-12-04;7;2667
12;2025-12-04;8;3519
12;2025-12-04;9;2523
12;2025-12-04;10;2026
12;2025-12-04;11;1929
12;2025-12-04;12;2005
12;2025-12-04;13;2091
12;2025-12-04;14;1991
12;2025-12-04;15;2244
12;2025-12-04;16;2713
12;2025-12-04;17;3118
12;2025-12-04;18;3254
12;2025-12-04;19;2454
12;2025-12-04;20;1540
12;2025-12-04;21;926
12;2025-12-04;22;453
12;2025-12-04;23;245
12;2025-12-05;0;38
12;2025-12-05;1;0
12;2025-12-05;2;0
12;2025-12-05;3;0
12;2025-12-05;4;0
12;2025-12-05;5;299
12;2025-12-05;6;1329
12;2025-12-05;7;2578
12;2025-12-05;8;3354
12;2025-12-05;9;2425
12;2025-12-05;10;1945
12;2025-12-05;11;1891
12;2025-12-05;12;1966
12;2025-12-05;13;2052
12;2025-12-05;14;1982
12;2025-12-05;15;2313
12;2025-12-05;16;2830
12;2025-12-05;17;3018
12;2025-12-05;18;2817
12;2025-12-05;19;2271
12;2025-12-05;20;1462
12;2025-12-05;21;920
12;2025-12-05;22;454
12;2025-12-05;23;269
12;2025-12-06;0;53
12;2025-12-06;1;0
12;2025-12-06;2;0
12;2025-12-06;3;0
12;2025-12-06;4;0
12;2025-12-06;5;224
12;2025-12-06;6;752
12;2025-12-06;7;923
12;2025-12-06;8;1048
12;2025-12-06;9;1251
12;2025-12-06;10;1416
12;2025-12-06;11;1457
12;2025-12-06;12;1480
12;2025-12-06;13;1616
12;2025-12-06;14;1534
12;2025-12-06;15;1532
12;2025-12-06;16;1541
12;2025-12-06;17;1539
12;2025-12-06;18;1452
12;2025-12-06;19;1343
12;2025-12-06;20;984
12;2025-12-06;21;707
12;2025-12-06;22;373
12;2025-12-06;23;247
12;2025-12-07;0;53
12;2025-12-07;1;7
12;2025-12-07;2;0
12;2025-12-07;3;0
12;2025-12-07;4;0
12;2025-12-07;5;141
12;2025-12-07;6;493
12;2025-12-07;7;652
12;2025-12-07;8;774
12;2025-12-07;9;979
12;2025-12-07;10;1147
12;2025-12-07;11;1297
12;2025-12-07;12;1359
12;2025-12-07;13;1535
12;2025-12-07;14;1469
12;2025-12-07;15;1431
12;2025-12-07;16;1472
12;2025-12-07;17;1494
12;2025-12-07;18;1341
12;2025-12-07;19;1059
12;2025-12-07;20;781
12;2025-12-07;21;577
12;2025-12-07;22;344
12;2025-12-07;23;188
12;2025-12-08;0;31
12;2025-12-08;1;2
12;2025-12-08;2;0
12;2025-12-08;3;0
12;2025-12-08;4;0
12;2025-12-08;5;299
12;2025-12-08;6;1346
12;2025-12-08;7;2615
12;2025-12-08;8;3420
12;2025-12-08;9;2462
12;2025-12-08;10;1940
12;2025-12-08;11;1849
12;2025-12-08;12;1951
12;2025-12-08;13;2008
12;2025-12-08;14;1932
12;2025-12-08;15;2192
12;2025-12-08;16;2668
12;2025-12-08;17;3054
12;2025-12-08;18;3153
12;2025-12-08;19;2394
12;2025-12-08;20;1504
12;2025-12-08;21;895
12;2025-12-08;22;416
12;2025-12-08;23;220
12;2025-12-09;0;23
12;2025-12-09;1;1
12;2025-12-09;2;0
12;2025-12-09;3;0
12;2025-12-09;4;0
12;2025-12-09;5;305
12;2025-12-09;6;1380
12;2025-12-09;7;2677
12;2025-12-09;8;3527
12;2025-12-09;9;2511
12;2025-12-09;10;2015
12;2025-12-09;11;1912
12;2025-12-09;12;1999
12;2025-12-09;13;2058
12;2025-12-09;14;1964
12;2025-12-09;15;2210
12;2025-12-09;16;2677
12;2025-12-09;17;3109
12;2025-12-09;18;3254
12;2025-12-09;19;2456
12;2025-12-09;20;1522
12;2025-12-09;21;903
12;2025-12-09;22;431
12;2025-12-09;23;230
12;2025-12-10;0;30
12;2025-12-10;1;6
12;2025-12-10;2;0
12;2025-12-10;3;0
12;2025-12-10;4;10
12;2025-12-10;5;306
12;2025-12-10;6;1405
12;2025-12-10;7;2682
12;2025-12-10;8;3476
12;2025-12-10;9;2535
12;2025-12-10;10;2038
12;2025-12-10;11;1933
12;2025-12-10;12;2020
12;2025-12-10;13;2088
12;2025-12-10;14;1986
12;2025-12-10;15;2238
12;2025-12-10;16;2706
12;2025-12-10;17;3119
12;2025-12-10;18;3227
12;2025-12-10;19;2442
12;2025-12-10;20;1537
12;2025-12-10;21;939
12;2025-12-10;22;456
12;2025-12-10;23;249
12;2025-12-11;0;35
12;2025-12-11;1;1
12;2025-12-11;2;0
12;2025-12-11;3;0
12;2025-12-11;4;3
12;2025-12-11;5;304
12;2025-12-11;6;1390
12;2025-12-11;7;2662
12;2025-12-11;8;3475
12;2025-12-11;9;2504
12;2025-12-11;10;2011
12;2025-12-11;11;1898
12;2025-12-11;12;1987
12;2025-12-11;13;2074
12;2025-12-11;14;1988
12;2025-12-11;15;2239
12;2025-12-11;16;2701
12;2025-12-11;17;3087
12;2025-12-11;18;3220
12;2025-12-11;19;2409
12;2025-12-11;20;1518
12;2025-12-11;21;912
12;2025-12-11;22;457
12;2025-12-11;23;246
12;2025-12-12;0;38
12;2025-12-12;1;0
12;2025-12-12;2;0
12;2025-12-12;3;0
12;2025-12-12;4;0
12;2025-12-12;5;295
12;2025-12-12;6;1336
12;2025-12-12;7;2561
12;2025-12-12;8;3339
12;2025-12-12;9;2408
12;2025-12-12;10;1942
12;2025-12-12;11;1884
12;2025-12-12;12;1961
12;2025-12-12;13;2024
12;2025-12-12;14;1975
12;2025-12-12;15;2249
12;2025-12-12;16;2779
12;2025-12-12;17;3032
12;2025-12-12;18;2841
12;2025-12-12;19;2274
12;2025-12-12;20;1453
12;2025-12-12;21;921
12;2025-12-12;22;455
12;2025-12-12;23;255
12;2025-12-13;0;52
12;2025-12-13;1;0
12;2025-12-13;2;0
12;2025-12-13;3;0
12;2025-12-13;4;0
12;2025-12-13;5;213
12;2025-12-13;6;738
12;2025-12-13;7;912
12;2025-12-13;8;1018
12;2025-12-13;9;1230
12;2025-12-13;10;1405
12;2025-12-13;11;1456
12;2025-12-13;12;1470
12;2025-12-13;13;1600
12;2025-12-13;14;1522
12;2025-12-13;15;1520
12;2025-12-13;16;1523
12;2025-12-13;17;1524
12;2025-12-13;18;1438
12;2025-12-13;19;1336
12;2025-12-13;20;967
12;2025-12-13;21;685
12;2025-12-13;22;367
12;2025-12-13;23;226
12;2025-12-14;0;46
12;2025-12-14;1;2
12;2025-12-14;2;0
12;2025-12-14;3;0
12;2025-12-14;4;0
12;2025-12-14;5;137
12;2025-12-14;6;483
12;2025-12-14;7;642
12;2025-12-14;8;753
12;2025-12-14;9;956
12;2025-12-14;10;1137
12;2025-12-14;11;1297
12;2025-12-14;12;1351
12;2025-12-14;13;1529
12;2025-12-14;14;1461
12;2025-12-14;15;1420
12;2025-12-14;16;1458
12;2025-12-14;17;1482
12;2025-12-14;18;1333
12;2025-12-14;19;1056
12;2025-12-14;20;767
12;2025-12-14;21;573
12;2025-12-14;22;345
12;2025-12-14;23;192
12;2025-12-15;0;28
12;2025-12-15;1;0
12;2025-12-15;2;0
12;2025-12-15;3;0
12;2025-12-15;4;0
12;2025-12-15;5;267
12;2025-12-15;6;1317
12;2025-12-15;7;2565
12;2025-12-15;8;3373
12;2025-12-15;9;2377
12;2025-12-15;10;1904
12;2025-12-15;11;1790
12;2025-12-15;12;1913
12;2025-12-15;13;1965
12;2025-12-15;14;1895
12;2025-12-15;15;2156
12;2025-12-15;16;2635
12;2025-12-15;17;3012
12;2025-12-15;18;3140
12;2025-12-15;19;2370
12;2025-12-15;20;1472
12;2025-12-15;21;877
12;2025-12-15;22;395
12;2025-12-15;23;215
12;2025-12-16;0;22
12;2025-12-16;1;0
12;2025-12-16;2;0
12;2025-12-16;3;0
12;2025-12-16;4;0
12;2025-12-16;5;301
12;2025-12-16;6;1378
12;2025-12-16;7;2675
12;2025-12-16;8;3520
12;2025-12-16;9;2508
12;2025-12-16;10;2012
12;2025-12-16;11;1882
12;2025-12-16;12;1962
12;2025-12-16;13;1994
12;2025-12-16;14;1961
12;2025-12-16;15;2210
12;2025-12-16;16;2678
12;2025-12-16;17;3108
12;2025-12-16;18;3257
12;2025-12-16;19;2452
12;2025-12-16;20;1519
12;2025-12-16;21;905
12;2025-12-16;22;436
12;2025-12-16;23;222
12;2025-12-17;0;37
12;2025-12-17;1;0
12;2025-12-17;2;0
12;2025-12-17;3;0
12;2025-12-17;4;1
12;2025-12-17;5;318
12;2025-12-17;6;1397
12;2025-12-17;7;2650
12;2025-12-17;8;3487
12;2025-12-17;9;2535
12;2025-12-17;10;2044
12;2025-12-17;11;1951
12;2025-12-17;12;2019
12;2025-12-17;13;2088
12;2025-12-17;14;1986
12;2025-12-17;15;2239
12;2025-12-17;16;2707
12;2025-12-17;17;3120
12;2025-12-17;18;3230
12;2025-12-17;19;2443
12;2025-12-17;20;1539
12;2025-12-17;21;939
12;2025-12-17;22;456
12;2025-12-17;23;249
12;2025-12-18;0;35
12;2025-12-18;1;2
12;2025-12-18;2;0
12;2025-12-18;3;0
12;2025-12-18;4;3
12;2025-12-18;5;304
12;2025-12-18;6;1393
12;2025-12-18;7;2665
12;2025-12-18;8;3514
12;2025-12-18;9;2517
12;2025-12-18;10;2023
12;2025-12-18;11;1931
12;2025-12-18;12;2008
12;2025-12-18;13;2087
12;2025-12-18;14;1992
12;2025-12-18;15;2241
12;2025-12-18;16;2714
12;2025-12-18;17;3117
12;2025-12-18;18;3255
12;2025-12-18;19;2454
12;2025-12-18;20;1541
12;2025-12-18;21;926
12;2025-12-18;22;453
12;2025-12-18;23;245
12;2025-12-19;0;37
12;2025-12-19;1;0
12;2025-12-19;2;0
12;2025-12-19;3;0
12;2025-12-19;4;0
12;2025-12-19;5;298
12;2025-12-19;6;1332
12;2025-12-19;7;2574
12;2025-12-19;8;3349
12;2025-12-19;9;2423
12;2025-12-19;10;1944
12;2025-12-19;11;1892
12;2025-12-19;12;1967
12;2025-12-19;13;2041
12;2025-12-19;14;1980
12;2025-12-19;15;2301
12;2025-12-19;16;2822
12;2025-12-19;17;3017
12;2025-12-19;18;2822
12;2025-12-19;19;2270
12;2025-12-19;20;1449
12;2025-12-19;21;921
12;2025-12-19;22;452
12;2025-12-19;23;267
12;2025-12-20;0;54
12;2025-12-20;1;0
12;2025-12-20;2;0
12;2025-12-20;3;0
12;2025-12-20;4;0
12;2025-12-20;5;225
12;2025-12-20;6;759
12;2025-12-20;7;929
12;2025-12-20;8;1048
12;2025-12-20;9;1255
12;2025-12-20;10;1425
12;2025-12-20;11;1468
12;2025-12-20;12;1487
12;2025-12-20;13;1611
12;2025-12-20;14;1540
12;2025-12-20;15;1527
12;2025-12-20;16;1537
12;2025-12-20;17;1542
12;2025-12-20;18;1454
12;2025-12-20;19;1347
12;2025-12-20;20;994
12;2025-12-20;21;709
12;2025-12-20;22;378
12;2025-12-20;23;248
12;2025-12-21;0;52
12;2025-12-21;1;7
12;2025-12-21;2;0
12;2025-12-21;3;0
12;2025-12-21;4;0
12;2025-12-21;5;139
12;2025-12-21;6;477
12;2025-12-21;7;672
12;2025-12-21;8;764
12;2025-12-21;9;972
12;2025-12-21;10;1144
12;2025-12-21;11;1296
12;2025-12-21;12;1355
12;2025-12-21;13;1534
12;2025-12-21;14;1465
12;2025-12-21;15;1430
12;2025-12-21;16;1472
12;2025-12-21;17;1493
12;2025-12-21;18;1341
12;2025-12-21;19;1059
12;2025-12-21;20;781
12;2025-12-21;21;577
12;2025-12-21;22;337
12;2025-12-21;23;188
12;2025-12-22;0;24
12;2025-12-22;1;7
12;2025-12-22;2;0
12;2025-12-22;3;0
12;2025-12-22;4;0
12;2025-12-22;5;300
12;2025-12-22;6;1345
12;2025-12-22;7;2613
12;2025-12-22;8;3422
12;2025-12-22;9;2483
12;2025-12-22;10;1932
12;2025-12-22;11;1847
12;2025-12-22;12;1959
12;2025-12-22;13;2008
12;2025-12-22;14;1931
12;2025-12-22;15;2188
12;2025-12-22;16;2666
12;2025-12-22;17;3053
12;2025-12-22;18;3147
12;2025-12-22;19;2391
12;2025-12-22;20;1488
12;2025-12-22;21;887
12;2025-12-22;22;401
12;2025-12-22;23;199
12;2025-12-23;0;22
12;2025-12-23;1;0
12;2025-12-23;2;0
12;2025-12-23;3;0
12;2025-12-23;4;0
12;2025-12-23;5;292
12;2025-12-23;6;1366
12;2025-12-23;7;2664
12;2025-12-23;8;3519
12;2025-12-23;9;2486
12;2025-12-23;10;1998
12;2025-12-23;11;1896
12;2025-12-23;12;1988
12;2025-12-23;13;2048
12;2025-12-23;14;1946
12;2025-12-23;15;2191
12;2025-12-23;16;2666
12;2025-12-23;17;3097
12;2025-12-23;18;3250
12;2025-12-23;19;2456
12;2025-12-23;20;1519
12;2025-12-23;21;896
12;2025-12-23;22;431
12;2025-12-23;23;222
12;2025-12-24;0;40
12;2025-12-24;1;4
12;2025-12-24;2;0
12;2025-12-24;3;0
12;2025-12-24;4;8
12;2025-12-24;5;323
12;2025-12-24;6;1407
12;2025-12-24;7;2653
12;2025-12-24;8;3478
12;2025-12-24;9;2513
12;2025-12-24;10;2029
12;2025-12-24;11;1935
12;2025-12-24;12;2026
12;2025-12-24;13;2081
12;2025-12-24;14;1978
12;2025-12-24;15;2227
12;2025-12-24;16;2700
12;2025-12-24;17;3120
12;2025-12-24;18;3244
12;2025-12-24;19;2447
12;2025-12-24;20;1528
12;2025-12-24;21;912
12;2025-12-24;22;449
12;2025-12-24;23;242
12;2025-12-25;0;17
12;2025-12-25;1;0
12;2025-12-25;2;0
12;2025-12-25;3;0
12;2025-12-25;4;4
12;2025-12-25;5;300
12;2025-12-25;6;1395
12;2025-12-25;7;2665
12;2025-12-25;8;3515
12;2025-12-25;9;2509
12;2025-12-25;10;2024
12;2025-12-25;11;1929
12;2025-12-25;12;2009
12;2025-12-25;13;2079
12;2025-12-25;14;1989
12;2025-12-25;15;2232
12;2025-12-25;16;2703
12;2025-12-25;17;3123
12;2025-12-25;18;3216
12;2025-12-25;19;2476
12;2025-12-25;20;1517
12;2025-12-25;21;913
12;2025-12-25;22;425
12;2025-12-25;23;241
12;2025-12-26;0;35
12;2025-12-26;1;6
12;2025-12-26;2;0
12;2025-12-26;3;0
12;2025-12-26;4;16
12;2025-12-26;5;292
12;2025-12-26;6;1354
12;2025-12-26;7;2633
12;2025-12-26;8;3347
12;2025-12-26;9;2475
12;2025-12-26;10;1949
12;2025-12-26;11;1879
12;2025-12-26;12;1968
12;2025-12-26;13;2043
12;2025-12-26;14;1989
12;2025-12-26;15;2300
12;2025-12-26;16;2813
12;2025-12-26;17;3043
12;2025-12-26;18;2838
12;2025-12-26;19;2299
12;2025-12-26;20;1471
12;2025-12-26;21;912
12;2025-12-26;22;456
12;2025-12-26;23;272
12;2025-12-27;0;53
12;2025-12-27;1;2
12;2025-12-27;2;0
12;2025-12-27;3;0
12;2025-12-27;4;0
12;2025-12-27;5;226
12;2025-12-27;6;761
12;2025-12-27;7;933
12;2025-12-27;8;1052
12;2025-12-27;9;1247
12;2025-12-27;10;1427
12;2025-12-27;11;1484
12;2025-12-27;12;1492
12;2025-12-27;13;1607
12;2025-12-27;14;1543
12;2025-12-27;15;1528
12;2025-12-27;16;1533
12;2025-12-27;17;1543
12;2025-12-27;18;1457
12;2025-12-27;19;1354
12;2025-12-27;20;999
12;2025-12-27;21;695
12;2025-12-27;22;357
12;2025-12-27;23;254
12;2025-12-28;0;46
12;2025-12-28;1;4
12;2025-12-28;2;0
12;2025-12-28;3;0
12;2025-12-28;4;0
12;2025-12-28;5;137
12;2025-12-28;6;494
12;2025-12-28;7;624
12;2025-12-28;8;714
12;2025-12-28;9;923
12;2025-12-28;10;1117
12;2025-12-28;11;1215
12;2025-12-28;12;1349
12;2025-12-28;13;1480
12;2025-12-28;14;1426
12;2025-12-28;15;1364
12;2025-12-28;16;1458
12;2025-12-28;17;1493
12;2025-12-28;18;1336
12;2025-12-28;19;1067
12;2025-12-28;20;779
12;2025-12-28;21;567
12;2025-12-28;22;345
12;2025-12-28;23;190
12;2025-12-29;0;34
12;2025-12-29;1;0
12;2025-12-29;2;0
12;2025-12-29;3;0
12;2025-12-29;4;2
12;2025-12-29;5;296
12;2025-12-29;6;1351
12;2025-12-29;7;2610
12;2025-12-29;8;3388
12;2025-12-29;9;2447
12;2025-12-29;10;1937
12;2025-12-29;11;1825
12;2025-12-29;12;1951
12;2025-12-29;13;1989
12;2025-12-29;14;1916
12;2025-12-29;15;2182
12;2025-12-29;16;2645
12;2025-12-29;17;3072
12;2025-12-29;18;3132
12;2025-12-29;19;2381
12;2025-12-29;20;1500
12;2025-12-29;21;867
12;2025-12-29;22;404
12;2025-12-29;23;203
12;2025-12-30;0;20
12;2025-12-30;1;0
12;2025-12-30;2;0
12;2025-12-30;3;0
12;2025-12-30;4;14
12;2025-12-30;5;301
12;2025-12-30;6;1396
12;2025-12-30;7;2694
12;2025-12-30;8;3494
12;2025-12-30;9;2503
12;2025-12-30;10;1985
12;2025-12-30;11;1856
12;2025-12-30;12;2001
12;2025-12-30;13;2032
12;2025-12-30;14;1965
12;2025-12-30;15;2213
12;2025-12-30;16;2682
12;2025-12-30;17;3112
12;2025-12-30;18;3251
12;2025-12-30;19;2425
12;2025-12-30;20;1506
12;2025-12-30;21;895
12;2025-12-30;22;441
12;2025-12-30;23;228
12;2025-12-31;0;28
12;2025-12-31;1;0
12;2025-12-31;2;0
12;2025-12-31;3;0
12;2025-12-31;4;0
12;2025-12-31;5;212
12;2025-12-31;6;671
12;2025-12-31;7;794
12;2025-12-31;8;970
12;2025-12-31;9;1070
12;2025-12-31;10;1200
12;2025-12-31;11;1274
12;2025-12-31;12;1360
12;2025-12-31;13;1430
12;2025-12-31;14;1355
12;2025-12-31;15;1364
12;2025-12-31;16;1419
12;2025-12-31;17;1453
12;2025-12-31;18;1376
12;2025-12-31;19;1164
12;2025-12-31;20;891
12;2025-12-31;21;685
12;2025-12-31;22;395
12;2025-12-31;23;231
17;2025-11-01;0;192
17;2025-11-01;1;12
17;2025-11-01;2;0
17;2025-11-01;3;0
17;2025-11-01;4;11
17;2025-11-01;5;281
17;2025-11-01;6;1478
17;2025-11-01;7;3729
17;2025-11-01;8;4848
17;2025-11-01;9;3865
17;2025-11-01;10;3215
17;2025-11-01;11;3196
17;2025-11-01;12;3257
17;2025-11-01;13;3342
17;2025-11-01;14;3480
17;2025-11-01;15;3595
17;2025-11-01;16;3977
17;2025-11-01;17;4564
17;2025-11-01;18;4487
17;2025-11-01;19;3340
17;2025-11-01;20;2373
17;2025-11-01;21;1547
17;2025-11-01;22;765
17;2025-11-01;23;485
17;2025-11-02;0;138
17;2025-11-02;1;8
17;2025-11-02;2;0
17;2025-11-02;3;0
17;2025-11-02;4;0
17;2025-11-02;5;73
17;2025-11-02;6;364
17;2025-11-02;7;853
17;2025-11-02;8;1246
17;2025-11-02;9;1689
17;2025-11-02;10;1926
17;2025-11-02;11;2539
17;2025-11-02;12;2752
17;2025-11-02;13;2868
17;2025-11-02;14;3017
17;2025-11-02;15;2994
17;2025-11-02;16;2982
17;2025-11-02;17;2989
17;2025-11-02;18;2373
17;2025-11-02;19;2096
17;2025-11-02;20;1609
17;2025-11-02;21;1024
17;2025-11-02;22;596
17;2025-11-02;23;318
17;2025-11-03;0;120
17;2025-11-03;1;13
17;2025-11-03;2;0
17;2025-11-03;3;0
17;2025-11-03;4;0
17;2025-11-03;5;150
17;2025-11-03;6;519
17;2025-11-03;7;1292
17;2025-11-03;8;1677
17;2025-11-03;9;1845
17;2025-11-03;10;2057
17;2025-11-03;11;2439
17;2025-11-03;12;2426
17;2025-11-03;13;2667
17;2025-11-03;14;2746
17;2025-11-03;15;2744
17;2025-11-03;16;2996
17;2025-11-03;17;3088
17;2025-11-03;18;2827
17;2025-11-03;19;2245
17;2025-11-03;20;1711
17;2025-11-03;21;1160
17;2025-11-03;22;644
17;2025-11-03;23;355
17;2025-11-04;0;157
17;2025-11-04;1;21
17;2025-11-04;2;0
17;2025-11-04;3;0
17;2025-11-04;4;6
17;2025-11-04;5;199
17;2025-11-04;6;615
17;2025-11-04;7;1341
17;2025-11-04;8;1596
17;2025-11-04;9;1881
17;2025-11-04;10;2031
17;2025-11-04;11;2388
17;2025-11-04;12;2433
17;2025-11-04;13;2710
17;2025-11-04;14;2998
17;2025-11-04;15;3011
17;2025-11-04;16;3050
17;2025-11-04;17;3152
17;2025-11-04;18;2863
17;2025-11-04;19;2283
17;2025-11-04;20;1728
17;2025-11-04;21;1197
17;2025-11-04;22;692
17;2025-11-04;23;400
17;2025-11-05;0;165
17;2025-11-05;1;35
17;2025-11-05;2;0
17;2025-11-05;3;0
17;2025-11-05;4;33
17;2025-11-05;5;292
17;2025-11-05;6;1485
17;2025-11-05;7;3840
17;2025-11-05;8;5100
17;2025-11-05;9;3823
17;2025-11-05;10;3097
17;2025-11-05;11;3086
17;2025-11-05;12;3130
17;2025-11-05;13;3160
17;2025-11-05;14;3288
17;2025-11-05;15;3325
17;2025-11-05;16;3715
17;2025-11-05;17;4549
17;2025-11-05;18;4713
17;2025-11-05;19;3391
17;2025-11-05;20;2362
17;2025-11-05;21;1467
17;2025-11-05;22;745
17;2025-11-05;23;387
17;2025-11-06;0;135
17;2025-11-06;1;8
17;2025-11-06;2;0
17;2025-11-06;3;0
17;2025-11-06;4;31
17;2025-11-06;5;324
17;2025-11-06;6;1541
17;2025-11-06;7;3864
17;2025-11-06;8;5155
17;2025-11-06;9;3864
17;2025-11-06;10;3147
17;2025-11-06;11;2949
17;2025-11-06;12;3134
17;2025-11-06;13;3209
17;2025-11-06;14;3295
17;2025-11-06;15;3336
17;2025-11-06;16;3737
17;2025-11-06;17;4559
17;2025-11-06;18;4700
17;2025-11-06;19;3425
17;2025-11-06;20;2244
17;2025-11-06;21;1517
17;2025-11-06;22;778
17;2025-11-06;23;418
17;2025-11-07;0;175
17;2025-11-07;1;21
17;2025-11-07;2;0
17;2025-11-07;3;0
17;2025-11-07;4;28
17;2025-11-07;5;320
17;2025-11-07;6;1528
17;2025-11-07;7;3811
17;2025-11-07;8;4875
17;2025-11-07;9;3725
17;2025-11-07;10;3076
17;2025-11-07;11;3080
17;2025-11-07;12;3125
17;2025-11-07;13;3218
17;2025-11-07;14;3305
17;2025-11-07;15;3497
17;2025-11-07;16;3977
17;2025-11-07;17;4512
17;2025-11-07;18;4296
17;2025-11-07;19;3271
17;2025-11-07;20;2363
17;2025-11-07;21;1529
17;2025-11-07;22;803
17;2025-11-07;23;484
17;2025-11-08;0;213
17;2025-11-08;1;27
17;2025-11-08;2;0
17;2025-11-08;3;0
17;2025-11-08;4;3
17;2025-11-08;5;173
17;2025-11-08;6;606
17;2025-11-08;7;1357
17;2025-11-08;8;1806
17;2025-11-08;9;2248
17;2025-11-08;10;2443
17;2025-11-08;11;2816
17;2025-11-08;12;2975
17;2025-11-08;13;3137
17;2025-11-08;14;3193
17;2025-11-08;15;3237
17;2025-11-08;16;3237
17;2025-11-08;17;3200
17;2025-11-08;18;2788
17;2025-11-08;19;2335
17;2025-11-08;20;1900
17;2025-11-08;21;1298
17;2025-11-08;22;753
17;2025-11-08;23;476
17;2025-11-09;0;184
17;2025-11-09;1;25
17;2025-11-09;2;0
17;2025-11-09;3;0
17;2025-11-09;4;5
17;2025-11-09;5;121
17;2025-11-09;6;428
17;2025-11-09;7;891
17;2025-11-09;8;1278
17;2025-11-09;9;1774
17;2025-11-09;10;2030
17;2025-11-09;11;2550
17;2025-11-09;12;2519
17;2025-11-09;13;2717
17;2025-11-09;14;2782
17;2025-11-09;15;2755
17;2025-11-09;16;2738
17;2025-11-09;17;2738
17;2025-11-09;18;2342
17;2025-11-09;19;1998
17;2025-11-09;20;1520
17;2025-11-09;21;1024
17;2025-11-09;22;596
17;2025-11-09;23;317
17;2025-11-10;0;89
17;2025-11-10;1;6
17;2025-11-10;2;0
17;2025-11-10;3;0
17;2025-11-10;4;18
17;2025-11-10;5;284
17;2025-11-10;6;1479
17;2025-11-10;7;3815
17;2025-11-10;8;5056
17;2025-11-10;9;3769
17;2025-11-10;10;2980
17;2025-11-10;11;2939
17;2025-11-10;12;2967
17;2025-11-10;13;3010
17;2025-11-10;14;3103
17;2025-11-10;15;3206
17;2025-11-10;16;3628
17;2025-11-10;17;4414
17;2025-11-10;18;4606
17;2025-11-10;19;3293
17;2025-11-10;20;2256
17;2025-11-10;21;1369
17;2025-11-10;22;642
17;2025-11-10;23;308
17;2025-11-11;0;88
17;2025-11-11;1;4
17;2025-11-11;2;0
17;2025-11-11;3;0
17;2025-11-11;4;8
17;2025-11-11;5;300
17;2025-11-11;6;1508
17;2025-11-11;7;3883
17;2025-11-11;8;5175
17;2025-11-11;9;3841
17;2025-11-11;10;3044
17;2025-11-11;11;2984
17;2025-11-11;12;3035
17;2025-11-11;13;3103
17;2025-11-11;14;3228
17;2025-11-11;15;3282
17;2025-11-11;16;3674
17;2025-11-11;17;4499
17;2025-11-11;18;4692
17;2025-11-11;19;3374
17;2025-11-11;20;2307
17;2025-11-11;21;1421
17;2025-11-11;22;677
17;2025-11-11;23;344
17;2025-11-12;0;102
17;2025-11-12;1;4
17;2025-11-12;2;0
17;2025-11-12;3;0
17;2025-11-12;4;20
17;2025-11-12;5;303
17;2025-11-12;6;1487
17;2025-11-12;7;3869
17;2025-11-12;8;5120
17;2025-11-12;9;3829
17;2025-11-12;10;3046
17;2025-11-12;11;2938
17;2025-11-12;12;2990
17;2025-11-12;13;3056
17;2025-11-12;14;3175
17;2025-11-12;15;3245
17;2025-11-12;16;3696
17;2025-11-12;17;4497
17;2025-11-12;18;4618
17;2025-11-12;19;3338
17;2025-11-12;20;2291
17;2025-11-12;21;1428
17;2025-11-12;22;698
17;2025-11-12;23;368
17;2025-11-13;0;115
17;2025-11-13;1;2
17;2025-11-13;2;0
17;2025-11-13;3;0
17;2025-11-13;4;11
17;2025-11-13;5;286
17;2025-11-13;6;1486
17;2025-11-13;7;3835
17;2025-11-13;8;5107
17;2025-11-13;9;3839
17;2025-11-13;10;3113
17;2025-11-13;11;3036
17;2025-11-13;12;3105
17;2025-11-13;13;3179
17;2025-11-13;14;3285
17;2025-11-13;15;3373
17;2025-11-13;16;3786
17;2025-11-13;17;4568
17;2025-11-13;18;4697
17;2025-11-13;19;3415
17;2025-11-13;20;2342
17;2025-11-13;21;1479
17;2025-11-13;22;734
17;2025-11-13;23;392
17;2025-11-14;0;119
17;2025-11-14;1;0
17;2025-11-14;2;0
17;2025-11-14;3;0
17;2025-11-14;4;8
17;2025-11-14;5;269
17;2025-11-14;6;1479
17;2025-11-14;7;3772
17;2025-11-14;8;4875
17;2025-11-14;9;3765
17;2025-11-14;10;3084
17;2025-11-14;11;3072
17;2025-11-14;12;3104
17;2025-11-14;13;3197
17;2025-11-14;14;3299
17;2025-11-14;15;3491
17;2025-11-14;16;3960
17;2025-11-14;17;4501
17;2025-11-14;18;4287
17;2025-11-14;19;3266
17;2025-11-14;20;2316
17;2025-11-14;21;1481
17;2025-11-14;22;776
17;2025-11-14;23;421
17;2025-11-15;0;129
17;2025-11-15;1;16
17;2025-11-15;2;0
17;2025-11-15;3;0
17;2025-11-15;4;6
17;2025-11-15;5;85
17;2025-11-15;6;502
17;2025-11-15;7;1254
17;2025-11-15;8;1669
17;2025-11-15;9;2097
17;2025-11-15;10;2258
17;2025-11-15;11;2432
17;2025-11-15;12;2424
17;2025-11-15;13;2565
17;2025-11-15;14;2818
17;2025-11-15;15;2845
17;2025-11-15;16;2876
17;2025-11-15;17;2895
17;2025-11-15;18;2495
17;2025-11-15;19;2202
17;2025-11-15;20;1814
17;2025-11-15;21;1148
17;2025-11-15;22;709
17;2025-11-15;23;428
17;2025-11-16;0;121
17;2025-11-16;1;2
17;2025-11-16;2;0
17;2025-11-16;3;0
17;2025-11-16;4;0
17;2025-11-16;5;75
17;2025-11-16;6;345
17;2025-11-16;7;850
17;2025-11-16;8;1254
17;2025-11-16;9;1656
17;2025-11-16;10;1878
17;2025-11-16;11;2388
17;2025-11-16;12;2364
17;2025-11-16;13;2581
17;2025-11-16;14;2682
17;2025-11-16;15;2700
17;2025-11-16;16;2698
17;2025-11-16;17;2693
17;2025-11-16;18;2284
17;2025-11-16;19;1938
17;2025-11-16;20;1513
17;2025-11-16;21;998
17;2025-11-16;22;601
17;2025-11-16;23;315
17;2025-11-17;0;89
17;2025-11-17;1;2
17;2025-11-17;2;0
17;2025-11-17;3;0
17;2025-11-17;4;20
17;2025-11-17;5;276
17;2025-11-17;6;1480
17;2025-11-17;7;3801
17;2025-11-17;8;5057
17;2025-11-17;9;3768
17;2025-11-17;10;2937
17;2025-11-17;11;2893
17;2025-11-17;12;2859
17;2025-11-17;13;2817
17;2025-11-17;14;2994
17;2025-11-17;15;3113
17;2025-11-17;16;3557
17;2025-11-17;17;4352
17;2025-11-17;18;4620
17;2025-11-17;19;3305
17;2025-11-17;20;2260
17;2025-11-17;21;1332
17;2025-11-17;22;636
17;2025-11-17;23;302
17;2025-11-18;0;83
17;2025-11-18;1;9
17;2025-11-18;2;0
17;2025-11-18;3;0
17;2025-11-18;4;21
17;2025-11-18;5;237
17;2025-11-18;6;1543
17;2025-11-18;7;3893
17;2025-11-18;8;5157
17;2025-11-18;9;3753
17;2025-11-18;10;2887
17;2025-11-18;11;2957
17;2025-11-18;12;3022
17;2025-11-18;13;3041
17;2025-11-18;14;3142
17;2025-11-18;15;3274
17;2025-11-18;16;3684
17;2025-11-18;17;4499
17;2025-11-18;18;4669
17;2025-11-18;19;3377
17;2025-11-18;20;2272
17;2025-11-18;21;1431
17;2025-11-18;22;684
17;2025-11-18;23;350
17;2025-11-19;0;87
17;2025-11-19;1;2
17;2025-11-19;2;0
17;2025-11-19;3;0
17;2025-11-19;4;26
17;2025-11-19;5;304
17;2025-11-19;6;1488
17;2025-11-19;7;3886
17;2025-11-19;8;5128
17;2025-11-19;9;3853
17;2025-11-19;10;3096
17;2025-11-19;11;3045
17;2025-11-19;12;3075
17;2025-11-19;13;3129
17;2025-11-19;14;3224
17;2025-11-19;15;3307
17;2025-11-19;16;3711
17;2025-11-19;17;4513
17;2025-11-19;18;4692
17;2025-11-19;19;3365
17;2025-11-19;20;2301
17;2025-11-19;21;1444
17;2025-11-19;22;700
17;2025-11-19;23;377
17;2025-11-20;0;113
17;2025-11-20;1;10
17;2025-11-20;2;0
17;2025-11-20;3;0
17;2025-11-20;4;19
17;2025-11-20;5;299
17;2025-11-20;6;1502
17;2025-11-20;7;3849
17;2025-11-20;8;5140
17;2025-11-20;9;3866
17;2025-11-20;10;3129
17;2025-11-20;11;3052
17;2025-11-20;12;3097
17;2025-11-20;13;3150
17;2025-11-20;14;3252
17;2025-11-20;15;3346
17;2025-11-20;16;3764
17;2025-11-20;17;4540
17;2025-11-20;18;4687
17;2025-11-20;19;3402
17;2025-11-20;20;2325
17;2025-11-20;21;1484
17;2025-11-20;22;739
17;2025-11-20;23;394
17;2025-11-21;0;121
17;2025-11-21;1;0
17;2025-11-21;2;0
17;2025-11-21;3;0
17;2025-11-21;4;17
17;2025-11-21;5;259
17;2025-11-21;6;1473
17;2025-11-21;7;3788
17;2025-11-21;8;4891
17;2025-11-21;9;3767
17;2025-11-21;10;3052
17;2025-11-21;11;3052
17;2025-11-21;12;3031
17;2025-11-21;13;3137
17;2025-11-21;14;3249
17;2025-11-21;15;3439
17;2025-11-21;16;3928
17;2025-11-21;17;4469
17;2025-11-21;18;4269
17;2025-11-21;19;3220
17;2025-11-21;20;2295
17;2025-11-21;21;1484
17;2025-11-21;22;758
17;2025-11-21;23;416
17;2025-11-22;0;164
17;2025-11-22;1;13
17;2025-11-22;2;0
17;2025-11-22;3;0
17;2025-11-22;4;0
17;2025-11-22;5;92
17;2025-11-22;6;547
17;2025-11-22;7;1347
17;2025-11-22;8;1761
17;2025-11-22;9;2128
17;2025-11-22;10;2359
17;2025-11-22;11;2642
17;2025-11-22;12;2571
17;2025-11-22;13;2703
17;2025-11-22;14;2836
17;2025-11-22;15;2879
17;2025-11-22;16;2892
17;2025-11-22;17;2880
17;2025-11-22;18;2479
17;2025-11-22;19;2236
17;2025-11-22;20;1778
17;2025-11-22;21;1124
17;2025-11-22;22;627
17;2025-11-22;23;370
17;2025-11-23;0;130
17;2025-11-23;1;17
17;2025-11-23;2;0
17;2025-11-23;3;0
17;2025-11-23;4;1
17;2025-11-23;5;81
17;2025-11-23;6;355
17;2025-11-23;7;861
17;2025-11-23;8;1268
17;2025-11-23;9;1704
17;2025-11-23;10;1928
17;2025-11-23;11;2419
17;2025-11-23;12;2428
17;2025-11-23;13;2624
17;2025-11-23;14;2735
17;2025-11-23;15;2724
17;2025-11-23;16;2702
17;2025-11-23;17;2744
17;2025-11-23;18;2342
17;2025-11-23;19;1997
17;2025-11-23;20;1525
17;2025-11-23;21;1032
17;2025-11-23;22;595
17;2025-11-23;23;313
17;2025-11-24;0;92
17;2025-11-24;1;7
17;2025-11-24;2;0
17;2025-11-24;3;0
17;2025-11-24;4;22
17;2025-11-24;5;239
17;2025-11-24;6;1445
17;2025-11-24;7;3793
17;2025-11-24;8;5012
17;2025-11-24;9;3714
17;2025-11-24;10;2868
17;2025-11-24;11;2706
17;2025-11-24;12;2848
17;2025-11-24;13;2972
17;2025-11-24;14;3037
17;2025-11-24;15;3107
17;2025-11-24;16;3627
17;2025-11-24;17;4425
17;2025-11-24;18;4626
17;2025-11-24;19;3311
17;2025-11-24;20;2263
17;2025-11-24;21;1381
17;2025-11-24;22;641
17;2025-11-24;23;314
17;2025-11-25;0;92
17;2025-11-25;1;8
17;2025-11-25;2;0
17;2025-11-25;3;0
17;2025-11-25;4;25
17;2025-11-25;5;305
17;2025-11-25;6;1515
17;2025-11-25;7;3885
17;2025-11-25;8;5187
17;2025-11-25;9;3856
17;2025-11-25;10;3072
17;2025-11-25;11;3012
17;2025-11-25;12;3056
17;2025-11-25;13;3097
17;2025-11-25;14;3211
17;2025-11-25;15;3298
17;2025-11-25;16;3698
17;2025-11-25;17;4514
17;2025-11-25;18;4719
17;2025-11-25;19;3393
17;2025-11-25;20;2315
17;2025-11-25;21;1431
17;2025-11-25;22;683
17;2025-11-25;23;348
17;2025-11-26;0;94
17;2025-11-26;1;3
17;2025-11-26;2;0
17;2025-11-26;3;0
17;2025-11-26;4;26
17;2025-11-26;5;277
17;2025-11-26;6;1477
17;2025-11-26;7;3839
17;2025-11-26;8;5062
17;2025-11-26;9;3788
17;2025-11-26;10;3000
17;2025-11-26;11;2935
17;2025-11-26;12;3010
17;2025-11-26;13;3095
17;2025-11-26;14;3193
17;2025-11-26;15;3282
17;2025-11-26;16;3596
17;2025-11-26;17;4381
17;2025-11-26;18;4656
17;2025-11-26;19;3359
17;2025-11-26;20;2264
17;2025-11-26;21;1397
17;2025-11-26;22;684
17;2025-11-26;23;362
17;2025-11-27;0;106
17;2025-11-27;1;8
17;2025-11-27;2;0
17;2025-11-27;3;0
17;2025-11-27;4;19
17;2025-11-27;5;286
17;2025-11-27;6;1499
17;2025-11-27;7;3836
17;2025-11-27;8;5111
17;2025-11-27;9;3834
17;2025-11-27;10;3109
17;2025-11-27;11;2894
17;2025-11-27;12;2928
17;2025-11-27;13;3084
17;2025-11-27;14;3140
17;2025-11-27;15;3332
17;2025-11-27;16;3750
17;2025-11-27;17;4432
17;2025-11-27;18;4522
17;2025-11-27;19;3303
17;2025-11-27;20;2227
17;2025-11-27;21;1424
17;2025-11-27;22;652
17;2025-11-27;23;369
17;2025-11-28;0;119
17;2025-11-28;1;2
17;2025-11-28;2;0
17;2025-11-28;3;0
17;2025-11-28;4;6
17;2025-11-28;5;278
17;2025-11-28;6;1482
17;2025-11-28;7;3773
17;2025-11-28;8;4870
17;2025-11-28;9;3755
17;2025-11-28;10;3047
17;2025-11-28;11;3043
17;2025-11-28;12;3075
17;2025-11-28;13;3130
17;2025-11-28;14;3244
17;2025-11-28;15;3432
17;2025-11-28;16;3929
17;2025-11-28;17;4467
17;2025-11-28;18;4263
17;2025-11-28;19;3222
17;2025-11-28;20;2297
17;2025-11-28;21;1486
17;2025-11-28;22;759
17;2025-11-28;23;417
17;2025-11-29;0;164
17;2025-11-29;1;11
17;2025-11-29;2;0
17;2025-11-29;3;0
17;2025-11-29;4;2
17;2025-11-29;5;142
17;2025-11-29;6;548
17;2025-11-29;7;1343
17;2025-11-29;8;1800
17;2025-11-29;9;2193
17;2025-11-29;10;2366
17;2025-11-29;11;2641
17;2025-11-29;12;2581
17;2025-11-29;13;2700
17;2025-11-29;14;2835
17;2025-11-29;15;2876
17;2025-11-29;16;2892
17;2025-11-29;17;2880
17;2025-11-29;18;2477
17;2025-11-29;19;2233
17;2025-11-29;20;1780
17;2025-11-29;21;1151
17;2025-11-29;22;704
17;2025-11-29;23;433
17;2025-11-30;0;126
17;2025-11-30;1;7
17;2025-11-30;2;0
17;2025-11-30;3;0
17;2025-11-30;4;1
17;2025-11-30;5;85
17;2025-11-30;6;357
17;2025-11-30;7;861
17;2025-11-30;8;1260
17;2025-11-30;9;1705
17;2025-11-30;10;1930
17;2025-11-30;11;2460
17;2025-11-30;12;2448
17;2025-11-30;13;2640
17;2025-11-30;14;2759
17;2025-11-30;15;2746
17;2025-11-30;16;2738
17;2025-11-30;17;2750
17;2025-11-30;18;2357
17;2025-11-30;19;2008
17;2025-11-30;20;1520
17;2025-11-30;21;1027
17;2025-11-30;22;597
17;2025-11-30;23;318
17;2025-12-01;0;90
17;2025-12-01;1;7
17;2025-12-01;2;0
17;2025-12-01;3;0
17;2025-12-01;4;21
17;2025-12-01;5;265
17;2025-12-01;6;1481
17;2025-12-01;7;3821
17;2025-12-01;8;5075
17;2025-12-01;9;3778
17;2025-12-01;10;2983
17;2025-12-01;11;2949
17;2025-12-01;12;2980
17;2025-12-01;13;3020
17;2025-12-01;14;3109
17;2025-12-01;15;3214
17;2025-12-01;16;3636
17;2025-12-01;17;4425
17;2025-12-01;18;4632
17;2025-12-01;19;3312
17;2025-12-01;20;2264
17;2025-12-01;21;1379
17;2025-12-01;22;640
17;2025-12-01;23;315
17;2025-12-02;0;90
17;2025-12-02;1;7
17;2025-12-02;2;0
17;2025-12-02;3;0
17;2025-12-02;4;22
17;2025-12-02;5;302
17;2025-12-02;6;1511
17;2025-12-02;7;3895
17;2025-12-02;8;5182
17;2025-12-02;9;3854
17;2025-12-02;10;3063
17;2025-12-02;11;3008
17;2025-12-02;12;3048
17;2025-12-02;13;3087
17;2025-12-02;14;3210
17;2025-12-02;15;3296
17;2025-12-02;16;3694
17;2025-12-02;17;4512
17;2025-12-02;18;4716
17;2025-12-02;19;3391
17;2025-12-02;20;2313
17;2025-12-02;21;1431
17;2025-12-02;22;684
17;2025-12-02;23;348
17;2025-12-03;0;104
17;2025-12-03;1;5
17;2025-12-03;2;0
17;2025-12-03;3;0
17;2025-12-03;4;20
17;2025-12-03;5;305
17;2025-12-03;6;1489
17;2025-12-03;7;3887
17;2025-12-03;8;5128
17;2025-12-03;9;3850
17;2025-12-03;10;3092
17;2025-12-03;11;3040
17;2025-12-03;12;3074
17;2025-12-03;13;3125
17;2025-12-03;14;3221
17;2025-12-03;15;3305
17;2025-12-03;16;3707
17;2025-12-03;17;4509
17;2025-12-03;18;4684
17;2025-12-03;19;3362
17;2025-12-03;20;2297
17;2025-12-03;21;1441
17;2025-12-03;22;698
17;2025-12-03;23;373
17;2025-12-04;0;116
17;2025-12-04;1;4
17;2025-12-04;2;0
17;2025-12-04;3;0
17;2025-12-04;4;19
17;2025-12-04;5;299
17;2025-12-04;6;1502
17;2025-12-04;7;3865
17;2025-12-04;8;5136
17;2025-12-04;9;3864
17;2025-12-04;10;3129
17;2025-12-04;11;3050
17;2025-12-04;12;3096
17;2025-12-04;13;3152
17;2025-12-04;14;3255
17;2025-12-04;15;3343
17;2025-12-04;16;3765
17;2025-12-04;17;4533
17;2025-12-04;18;4677
17;2025-12-04;19;3398
17;2025-12-04;20;2330
17;2025-12-04;21;1479
17;2025-12-04;22;741
17;2025-12-04;23;394
17;2025-12-05;0;121
17;2025-12-05;1;1
17;2025-12-05;2;0
17;2025-12-05;3;0
17;2025-12-05;4;16
17;2025-12-05;5;284
17;2025-12-05;6;1476
17;2025-12-05;7;3787
17;2025-12-05;8;4879
17;2025-12-05;9;3768
17;2025-12-05;10;3054
17;2025-12-05;11;3047
17;2025-12-05;12;3084
17;2025-12-05;13;3143
17;2025-12-05;14;3254
17;2025-12-05;15;3444
17;2025-12-05;16;3931
17;2025-12-05;17;4468
17;2025-12-05;18;4263
17;2025-12-05;19;3222
17;2025-12-05;20;2297
17;2025-12-05;21;1486
17;2025-12-05;22;759
17;2025-12-05;23;418
17;2025-12-06;0;166
17;2025-12-06;1;10
17;2025-12-06;2;0
17;2025-12-06;3;0
17;2025-12-06;4;1
17;2025-12-06;5;141
17;2025-12-06;6;546
17;2025-12-06;7;1344
17;2025-12-06;8;1790
17;2025-12-06;9;2190
17;2025-12-06;10;2362
17;2025-12-06;11;2637
17;2025-12-06;12;2561
17;2025-12-06;13;2693
17;2025-12-06;14;2832
17;2025-12-06;15;2876
17;2025-12-06;16;2887
17;2025-12-06;17;2878
17;2025-12-06;18;2482
17;2025-12-06;19;2235
17;2025-12-06;20;1780
17;2025-12-06;21;1156
17;2025-12-06;22;708
17;2025-12-06;23;436
17;2025-12-07;0;133
17;2025-12-07;1;8
17;2025-12-07;2;0
17;2025-12-07;3;0
17;2025-12-07;4;1
17;2025-12-07;5;85
17;2025-12-07;6;357
17;2025-12-07;7;861
17;2025-12-07;8;1260
17;2025-12-07;9;1705
17;2025-12-07;10;1929
17;2025-12-07;11;2459
17;2025-12-07;12;2448
17;2025-12-07;13;2637
17;2025-12-07;14;2755
17;2025-12-07;15;2739
17;2025-12-07;16;2735
17;2025-12-07;17;2750
17;2025-12-07;18;2353
17;2025-12-07;19;2011
17;2025-12-07;20;1523
17;2025-12-07;21;1032
17;2025-12-07;22;596
17;2025-12-07;23;317
17;2025-12-08;0;90
17;2025-12-08;1;7
17;2025-12-08;2;0
17;2025-12-08;3;0
17;2025-12-08;4;23
17;2025-12-08;5;293
17;2025-12-08;6;1487
17;2025-12-08;7;3821
17;2025-12-08;8;5075
17;2025-12-08;9;3775
17;2025-12-08;10;2978
17;2025-12-08;11;2948
17;2025-12-08;12;2980
17;2025-12-08;13;3020
17;2025-12-08;14;3108
17;2025-12-08;15;3214
17;2025-12-08;16;3636
17;2025-12-08;17;4425
17;2025-12-08;18;4630
17;2025-12-08;19;3318
17;2025-12-08;20;2266
17;2025-12-08;21;1382
17;2025-12-08;22;643
17;2025-12-08;23;319
17;2025-12-09;0;98
17;2025-12-09;1;15
17;2025-12-09;2;0
17;2025-12-09;3;0
17;2025-12-09;4;22
17;2025-12-09;5;298
17;2025-12-09;6;1509
17;2025-12-09;7;3865
17;2025-12-09;8;5177
17;2025-12-09;9;3845
17;2025-12-09;10;3065
17;2025-12-09;11;3011
17;2025-12-09;12;3056
17;2025-12-09;13;3093
17;2025-12-09;14;3214
17;2025-12-09;15;3301
17;2025-12-09;16;3698
17;2025-12-09;17;4518
17;2025-12-09;18;4716
17;2025-12-09;19;3392
17;2025-12-09;20;2315
17;2025-12-09;21;1431
17;2025-12-09;22;678
17;2025-12-09;23;330
17;2025-12-10;0;100
17;2025-12-10;1;5
17;2025-12-10;2;0
17;2025-12-10;3;0
17;2025-12-10;4;22
17;2025-12-10;5;280
17;2025-12-10;6;1480
17;2025-12-10;7;3833
17;2025-12-10;8;5105
17;2025-12-10;9;3827
17;2025-12-10;10;3069
17;2025-12-10;11;3009
17;2025-12-10;12;3082
17;2025-12-10;13;3137
17;2025-12-10;14;3224
17;2025-12-10;15;3308
17;2025-12-10;16;3715
17;2025-12-10;17;4513
17;2025-12-10;18;4692
17;2025-12-10;19;3365
17;2025-12-10;20;2301
17;2025-12-10;21;1442
17;2025-12-10;22;698
17;2025-12-10;23;374
17;2025-12-11;0;115
17;2025-12-11;1;6
17;2025-12-11;2;0
17;2025-12-11;3;0
17;2025-12-11;4;22
17;2025-12-11;5;299
17;2025-12-11;6;1504
17;2025-12-11;7;3863
17;2025-12-11;8;4979
17;2025-12-11;9;3784
17;2025-12-11;10;3033
17;2025-12-11;11;2961
17;2025-12-11;12;3012
17;2025-12-11;13;3125
17;2025-12-11;14;3255
17;2025-12-11;15;3300
17;2025-12-11;16;3699
17;2025-12-11;17;4440
17;2025-12-11;18;4579
17;2025-12-11;19;3319
17;2025-12-11;20;2230
17;2025-12-11;21;1419
17;2025-12-11;22;719
17;2025-12-11;23;393
17;2025-12-12;0;120
17;2025-12-12;1;0
17;2025-12-12;2;0
17;2025-12-12;3;0
17;2025-12-12;4;10
17;2025-12-12;5;266
17;2025-12-12;6;1469
17;2025-12-12;7;3771
17;2025-12-12;8;4825
17;2025-12-12;9;3745
17;2025-12-12;10;3012
17;2025-12-12;11;3034
17;2025-12-12;12;2942
17;2025-12-12;13;3008
17;2025-12-12;14;3116
17;2025-12-12;15;3288
17;2025-12-12;16;3800
17;2025-12-12;17;4420
17;2025-12-12;18;4266
17;2025-12-12;19;3225
17;2025-12-12;20;2291
17;2025-12-12;21;1487
17;2025-12-12;22;754
17;2025-12-12;23;395
17;2025-12-13;0;162
17;2025-12-13;1;12
17;2025-12-13;2;0
17;2025-12-13;3;0
17;2025-12-13;4;3
17;2025-12-13;5;119
17;2025-12-13;6;538
17;2025-12-13;7;1339
17;2025-12-13;8;1757
17;2025-12-13;9;2194
17;2025-12-13;10;2362
17;2025-12-13;11;2630
17;2025-12-13;12;2567
17;2025-12-13;13;2693
17;2025-12-13;14;2824
17;2025-12-13;15;2871
17;2025-12-13;16;2895
17;2025-12-13;17;2866
17;2025-12-13;18;2457
17;2025-12-13;19;2173
17;2025-12-13;20;1747
17;2025-12-13;21;1135
17;2025-12-13;22;711
17;2025-12-13;23;423
17;2025-12-14;0;107
17;2025-12-14;1;0
17;2025-12-14;2;0
17;2025-12-14;3;0
17;2025-12-14;4;0
17;2025-12-14;5;73
17;2025-12-14;6;346
17;2025-12-14;7;851
17;2025-12-14;8;1255
17;2025-12-14;9;1704
17;2025-12-14;10;1924
17;2025-12-14;11;2419
17;2025-12-14;12;2403
17;2025-12-14;13;2595
17;2025-12-14;14;2705
17;2025-12-14;15;2698
17;2025-12-14;16;2696
17;2025-12-14;17;2697
17;2025-12-14;18;2298
17;2025-12-14;19;1946
17;2025-12-14;20;1509
17;2025-12-14;21;995
17;2025-12-14;22;595
17;2025-12-14;23;315
17;2025-12-15;0;88
17;2025-12-15;1;1
17;2025-12-15;2;0
17;2025-12-15;3;0
17;2025-12-15;4;15
17;2025-12-15;5;284
17;2025-12-15;6;1480
17;2025-12-15;7;3804
17;2025-12-15;8;5060
17;2025-12-15;9;3767
17;2025-12-15;10;2975
17;2025-12-15;11;2900
17;2025-12-15;12;2965
17;2025-12-15;13;3009
17;2025-12-15;14;3103
17;2025-12-15;15;3218
17;2025-12-15;16;3642
17;2025-12-15;17;4418
17;2025-12-15;18;4613
17;2025-12-15;19;3302
17;2025-12-15;20;2259
17;2025-12-15;21;1384
17;2025-12-15;22;650
17;2025-12-15;23;316
17;2025-12-16;0;90
17;2025-12-16;1;2
17;2025-12-16;2;0
17;2025-12-16;3;0
17;2025-12-16;4;19
17;2025-12-16;5;290
17;2025-12-16;6;1508
17;2025-12-16;7;3864
17;2025-12-16;8;5166
17;2025-12-16;9;3852
17;2025-12-16;10;3055
17;2025-12-16;11;2965
17;2025-12-16;12;2951
17;2025-12-16;13;2994
17;2025-12-16;14;3178
17;2025-12-16;15;3305
17;2025-12-16;16;3702
17;2025-12-16;17;4520
17;2025-12-16;18;4721
17;2025-12-16;19;3396
17;2025-12-16;20;2321
17;2025-12-16;21;1432
17;2025-12-16;22;689
17;2025-12-16;23;353
17;2025-12-17;0;104
17;2025-12-17;1;8
17;2025-12-17;2;0
17;2025-12-17;3;0
17;2025-12-17;4;25
17;2025-12-17;5;306
17;2025-12-17;6;1494
17;2025-12-17;7;3890
17;2025-12-17;8;5131
17;2025-12-17;9;3853
17;2025-12-17;10;3096
17;2025-12-17;11;3044
17;2025-12-17;12;3075
17;2025-12-17;13;3129
17;2025-12-17;14;3225
17;2025-12-17;15;3307
17;2025-12-17;16;3711
17;2025-12-17;17;4513
17;2025-12-17;18;4692
17;2025-12-17;19;3365
17;2025-12-17;20;2300
17;2025-12-17;21;1442
17;2025-12-17;22;698
17;2025-12-17;23;375
17;2025-12-18;0;116
17;2025-12-18;1;9
17;2025-12-18;2;0
17;2025-12-18;3;0
17;2025-12-18;4;28
17;2025-12-18;5;308
17;2025-12-18;6;1508
17;2025-12-18;7;3860
17;2025-12-18;8;5144
17;2025-12-18;9;3865
17;2025-12-18;10;3134
17;2025-12-18;11;3054
17;2025-12-18;12;3097
17;2025-12-18;13;3152
17;2025-12-18;14;3254
17;2025-12-18;15;3346
17;2025-12-18;16;3765
17;2025-12-18;17;4537
17;2025-12-18;18;4686
17;2025-12-18;19;3397
17;2025-12-18;20;2329
17;2025-12-18;21;1482
17;2025-12-18;22;738
17;2025-12-18;23;396
17;2025-12-19;0;116
17;2025-12-19;1;2
17;2025-12-19;2;0
17;2025-12-19;3;0
17;2025-12-19;4;17
17;2025-12-19;5;282
17;2025-12-19;6;1477
17;2025-12-19;7;3791
17;2025-12-19;8;4880
17;2025-12-19;9;3767
17;2025-12-19;10;3059
17;2025-12-19;11;3055
17;2025-12-19;12;3090
17;2025-12-19;13;3151
17;2025-12-19;14;3255
17;2025-12-19;15;3442
17;2025-12-19;16;3932
17;2025-12-19;17;4407
17;2025-12-19;18;4250
17;2025-12-19;19;3236
17;2025-12-19;20;2303
17;2025-12-19;21;1484
17;2025-12-19;22;764
17;2025-12-19;23;425
17;2025-12-20;0;170
17;2025-12-20;1;22
17;2025-12-20;2;0
17;2025-12-20;3;0
17;2025-12-20;4;0
17;2025-12-20;5;145
17;2025-12-20;6;554
17;2025-12-20;7;1351
17;2025-12-20;8;1800
17;2025-12-20;9;2191
17;2025-12-20;10;2365
17;2025-12-20;11;2639
17;2025-12-20;12;2581
17;2025-12-20;13;2711
17;2025-12-20;14;2846
17;2025-12-20;15;2887
17;2025-12-20;16;2896
17;2025-12-20;17;2885
17;2025-12-20;18;2480
17;2025-12-20;19;2239
17;2025-12-20;20;1785
17;2025-12-20;21;1151
17;2025-12-20;22;707
17;2025-12-20;23;433
17;2025-12-21;0;138
17;2025-12-21;1;17
17;2025-12-21;2;0
17;2025-12-21;3;0
17;2025-12-21;4;7
17;2025-12-21;5;95
17;2025-12-21;6;336
17;2025-12-21;7;866
17;2025-12-21;8;1262
17;2025-12-21;9;1705
17;2025-12-21;10;1928
17;2025-12-21;11;2451
17;2025-12-21;12;2447
17;2025-12-21;13;2635
17;2025-12-21;14;2749
17;2025-12-21;15;2739
17;2025-12-21;16;2735
17;2025-12-21;17;2750
17;2025-12-21;18;2353
17;2025-12-21;19;2012
17;2025-12-21;20;1523
17;2025-12-21;21;1030
17;2025-12-21;22;591
17;2025-12-21;23;315
17;2025-12-22;0;79
17;2025-12-22;1;3
17;2025-12-22;2;0
17;2025-12-22;3;0
17;2025-12-22;4;22
17;2025-12-22;5;284
17;2025-12-22;6;1481
17;2025-12-22;7;3827
17;2025-12-22;8;5066
17;2025-12-22;9;3759
17;2025-12-22;10;2892
17;2025-12-22;11;2890
17;2025-12-22;12;2926
17;2025-12-22;13;3020
17;2025-12-22;14;3107
17;2025-12-22;15;3197
17;2025-12-22;16;3630
17;2025-12-22;17;4417
17;2025-12-22;18;4604
17;2025-12-22;19;3303
17;2025-12-22;20;2250
17;2025-12-22;21;1378
17;2025-12-22;22;632
17;2025-12-22;23;285
17;2025-12-23;0;86
17;2025-12-23;1;1
17;2025-12-23;2;0
17;2025-12-23;3;0
17;2025-12-23;4;18
17;2025-12-23;5;297
17;2025-12-23;6;1508
17;2025-12-23;7;3866
17;2025-12-23;8;5174
17;2025-12-23;9;3852
17;2025-12-23;10;3066
17;2025-12-23;11;3003
17;2025-12-23;12;3043
17;2025-12-23;13;3088
17;2025-12-23;14;3195
17;2025-12-23;15;3304
17;2025-12-23;16;3690
17;2025-12-23;17;4500
17;2025-12-23;18;4685
17;2025-12-23;19;3382
17;2025-12-23;20;2307
17;2025-12-23;21;1435
17;2025-12-23;22;692
17;2025-12-23;23;350
17;2025-12-24;0;102
17;2025-12-24;1;2
17;2025-12-24;2;0
17;2025-12-24;3;0
17;2025-12-24;4;19
17;2025-12-24;5;303
17;2025-12-24;6;1475
17;2025-12-24;7;3859
17;2025-12-24;8;5120
17;2025-12-24;9;3845
17;2025-12-24;10;3091
17;2025-12-24;11;3031
17;2025-12-24;12;3026
17;2025-12-24;13;3082
17;2025-12-24;14;3213
17;2025-12-24;15;3275
17;2025-12-24;16;3705
17;2025-12-24;17;4496
17;2025-12-24;18;4642
17;2025-12-24;19;3342
17;2025-12-24;20;2261
17;2025-12-24;21;1423
17;2025-12-24;22;692
17;2025-12-24;23;351
17;2025-12-25;0;119
17;2025-12-25;1;0
17;2025-12-25;2;0
17;2025-12-25;3;0
17;2025-12-25;4;17
17;2025-12-25;5;295
17;2025-12-25;6;1502
17;2025-12-25;7;3849
17;2025-12-25;8;5139
17;2025-12-25;9;3865
17;2025-12-25;10;3135
17;2025-12-25;11;3047
17;2025-12-25;12;3083
17;2025-12-25;13;3146
17;2025-12-25;14;3251
17;2025-12-25;15;3342
17;2025-12-25;16;3768
17;2025-12-25;17;4485
17;2025-12-25;18;4550
17;2025-12-25;19;3398
17;2025-12-25;20;2276
17;2025-12-25;21;1475
17;2025-12-25;22;679
17;2025-12-25;23;329
17;2025-12-26;0;118
17;2025-12-26;1;0
17;2025-12-26;2;0
17;2025-12-26;3;0
17;2025-12-26;4;24
17;2025-12-26;5;286
17;2025-12-26;6;1444
17;2025-12-26;7;3706
17;2025-12-26;8;4849
17;2025-12-26;9;3692
17;2025-12-26;10;2956
17;2025-12-26;11;2914
17;2025-12-26;12;2959
17;2025-12-26;13;3134
17;2025-12-26;14;3214
17;2025-12-26;15;3431
17;2025-12-26;16;3914
17;2025-12-26;17;4443
17;2025-12-26;18;4258
17;2025-12-26;19;3166
17;2025-12-26;20;2251
17;2025-12-26;21;1479
17;2025-12-26;22;752
17;2025-12-26;23;410
17;2025-12-27;0;152
17;2025-12-27;1;8
17;2025-12-27;2;0
17;2025-12-27;3;0
17;2025-12-27;4;0
17;2025-12-27;5;138
17;2025-12-27;6;516
17;2025-12-27;7;1339
17;2025-12-27;8;1765
17;2025-12-27;9;2128
17;2025-12-27;10;2342
17;2025-12-27;11;2629
17;2025-12-27;12;2563
17;2025-12-27;13;2695
17;2025-12-27;14;2808
17;2025-12-27;15;2853
17;2025-12-27;16;2888
17;2025-12-27;17;2860
17;2025-12-27;18;2455
17;2025-12-27;19;2221
17;2025-12-27;20;1770
17;2025-12-27;21;1153
17;2025-12-27;22;590
17;2025-12-27;23;405
17;2025-12-28;0;119
17;2025-12-28;1;0
17;2025-12-28;2;0
17;2025-12-28;3;0
17;2025-12-28;4;0
17;2025-12-28;5;80
17;2025-12-28;6;325
17;2025-12-28;7;773
17;2025-12-28;8;1123
17;2025-12-28;9;1613
17;2025-12-28;10;1896
17;2025-12-28;11;2241
17;2025-12-28;12;2244
17;2025-12-28;13;2461
17;2025-12-28;14;2569
17;2025-12-28;15;2561
17;2025-12-28;16;2703
17;2025-12-28;17;2706
17;2025-12-28;18;2284
17;2025-12-28;19;1930
17;2025-12-28;20;1488
17;2025-12-28;21;998
17;2025-12-28;22;602
17;2025-12-28;23;310
17;2025-12-29;0;87
17;2025-12-29;1;0
17;2025-12-29;2;0
17;2025-12-29;3;0
17;2025-12-29;4;35
17;2025-12-29;5;285
17;2025-12-29;6;1474
17;2025-12-29;7;3796
17;2025-12-29;8;5048
17;2025-12-29;9;3761
17;2025-12-29;10;2966
17;2025-12-29;11;2926
17;2025-12-29;12;2946
17;2025-12-29;13;3019
17;2025-12-29;14;3094
17;2025-12-29;15;3233
17;2025-12-29;16;3652
17;2025-12-29;17;4429
17;2025-12-29;18;4638
17;2025-12-29;19;3330
17;2025-12-29;20;2271
17;2025-12-29;21;1390
17;2025-12-29;22;667
17;2025-12-29;23;312
17;2025-12-30;0;99
17;2025-12-30;1;8
17;2025-12-30;2;0
17;2025-12-30;3;0
17;2025-12-30;4;25
17;2025-12-30;5;251
17;2025-12-30;6;1518
17;2025-12-30;7;3834
17;2025-12-30;8;4977
17;2025-12-30;9;3742
17;2025-12-30;10;2932
17;2025-12-30;11;2873
17;2025-12-30;12;2969
17;2025-12-30;13;3026
17;2025-12-30;14;3162
17;2025-12-30;15;3275
17;2025-12-30;16;3675
17;2025-12-30;17;4472
17;2025-12-30;18;4661
17;2025-12-30;19;3290
17;2025-12-30;20;2260
17;2025-12-30;21;1420
17;2025-12-30;22;689
17;2025-12-30;23;319
17;2025-12-31;0;85
17;2025-12-31;1;1
17;2025-12-31;2;0
17;2025-12-31;3;0
17;2025-12-31;4;1
17;2025-12-31;5;131
17;2025-12-31;6;528
17;2025-12-31;7;1240
17;2025-12-31;8;1666
17;2025-12-31;9;1836
17;2025-12-31;10;2003
17;2025-12-31;11;2316
17;2025-12-31;12;2411
17;2025-12-31;13;2411
17;2025-12-31;14;2541
17;2025-12-31;15;2549
17;2025-12-31;16;2728
17;2025-12-31;17;2841
17;2025-12-31;18;2305
17;2025-12-31;19;2003
17;2025-12-31;20;1573
17;2025-12-31;21;1047
17;2025-12-31;22;635
17;2025-12-31;23;323
25;2025-11-01;0;6
25;2025-11-01;1;0
25;2025-11-01;2;0
25;2025-11-01;3;0
25;2025-11-01;4;0
25;2025-11-01;5;22
25;2025-11-01;6;195
25;2025-11-01;7;516
25;2025-11-01;8;801
25;2025-11-01;9;461
25;2025-11-01;10;371
25;2025-11-01;11;449
25;2025-11-01;12;453
25;2025-11-01;13;583
25;2025-11-01;14;562
25;2025-11-01;15;673
25;2025-11-01;16;746
25;2025-11-01;17;747
25;2025-11-01;18;667
25;2025-11-01;19;467
25;2025-11-01;20;304
25;2025-11-01;21;201
25;2025-11-01;22;90
25;2025-11-01;23;14
25;2025-11-02;0;0
25;2025-11-02;1;0
25;2025-11-02;2;0
25;2025-11-02;3;0
25;2025-11-02;4;0
25;2025-11-02;5;0
25;2025-11-02;6;79
25;2025-11-02;7;105
25;2025-11-02;8;219
25;2025-11-02;9;203
25;2025-11-02;10;193
25;2025-11-02;11;307
25;2025-11-02;12;353
25;2025-11-02;13;477
25;2025-11-02;14;484
25;2025-11-02;15;564
25;2025-11-02;16;518
25;2025-11-02;17;496
25;2025-11-02;18;447
25;2025-11-02;19;351
25;2025-11-02;20;214
25;2025-11-02;21;145
25;2025-11-02;22;61
25;2025-11-02;23;9
25;2025-11-03;0;0
25;2025-11-03;1;0
25;2025-11-03;2;0
25;2025-11-03;3;0
25;2025-11-03;4;0
25;2025-11-03;5;2
25;2025-11-03;6;120
25;2025-11-03;7;161
25;2025-11-03;8;313
25;2025-11-03;9;255
25;2025-11-03;10;226
25;2025-11-03;11;321
25;2025-11-03;12;331
25;2025-11-03;13;447
25;2025-11-03;14;415
25;2025-11-03;15;487
25;2025-11-03;16;503
25;2025-11-03;17;505
25;2025-11-03;18;512
25;2025-11-03;19;406
25;2025-11-03;20;238
25;2025-11-03;21;189
25;2025-11-03;22;82
25;2025-11-03;23;21
25;2025-11-04;0;3
25;2025-11-04;1;0
25;2025-11-04;2;0
25;2025-11-04;3;0
25;2025-11-04;4;0
25;2025-11-04;5;18
25;2025-11-04;6;121
25;2025-11-04;7;163
25;2025-11-04;8;301
25;2025-11-04;9;238
25;2025-11-04;10;213
25;2025-11-04;11;304
25;2025-11-04;12;304
25;2025-11-04;13;449
25;2025-11-04;14;477
25;2025-11-04;15;561
25;2025-11-04;16;536
25;2025-11-04;17;530
25;2025-11-04;18;521
25;2025-11-04;19;428
25;2025-11-04;20;247
25;2025-11-04;21;195
25;2025-11-04;22;85
25;2025-11-04;23;21
25;2025-11-05;0;3
25;2025-11-05;1;0
25;2025-11-05;2;0
25;2025-11-05;3;0
25;2025-11-05;4;0
25;2025-11-05;5;16
25;2025-11-05;6;194
25;2025-11-05;7;523
25;2025-11-05;8;865
25;2025-11-05;9;471
25;2025-11-05;10;365
25;2025-11-05;11;429
25;2025-11-05;12;430
25;2025-11-05;13;555
25;2025-11-05;14;497
25;2025-11-05;15;602
25;2025-11-05;16;691
25;2025-11-05;17;760
25;2025-11-05;18;791
25;2025-11-05;19;557
25;2025-11-05;20;317
25;2025-11-05;21;215
25;2025-11-05;22;90
25;2025-11-05;23;4
25;2025-11-06;0;0
25;2025-11-06;1;0
25;2025-11-06;2;0
25;2025-11-06;3;0
25;2025-11-06;4;0
25;2025-11-06;5;13
25;2025-11-06;6;199
25;2025-11-06;7;539
25;2025-11-06;8;872
25;2025-11-06;9;469
25;2025-11-06;10;367
25;2025-11-06;11;430
25;2025-11-06;12;422
25;2025-11-06;13;542
25;2025-11-06;14;506
25;2025-11-06;15;613
25;2025-11-06;16;703
25;2025-11-06;17;758
25;2025-11-06;18;793
25;2025-11-06;19;560
25;2025-11-06;20;291
25;2025-11-06;21;215
25;2025-11-06;22;93
25;2025-11-06;23;5
25;2025-11-07;0;4
25;2025-11-07;1;0
25;2025-11-07;2;0
25;2025-11-07;3;0
25;2025-11-07;4;0
25;2025-11-07;5;15
25;2025-11-07;6;194
25;2025-11-07;7;524
25;2025-11-07;8;829
25;2025-11-07;9;451
25;2025-11-07;10;351
25;2025-11-07;11;429
25;2025-11-07;12;421
25;2025-11-07;13;558
25;2025-11-07;14;521
25;2025-11-07;15;662
25;2025-11-07;16;759
25;2025-11-07;17;773
25;2025-11-07;18;688
25;2025-11-07;19;514
25;2025-11-07;20;298
25;2025-11-07;21;215
25;2025-11-07;22;107
25;2025-11-07;23;23
25;2025-11-08;0;6
25;2025-11-08;1;0
25;2025-11-08;2;0
25;2025-11-08;3;0
25;2025-11-08;4;0
25;2025-11-08;5;17
25;2025-11-08;6;116
25;2025-11-08;7;160
25;2025-11-08;8;321
25;2025-11-08;9;286
25;2025-11-08;10;279
25;2025-11-08;11;387
25;2025-11-08;12;408
25;2025-11-08;13;548
25;2025-11-08;14;532
25;2025-11-08;15;624
25;2025-11-08;16;590
25;2025-11-08;17;557
25;2025-11-08;18;504
25;2025-11-08;19;424
25;2025-11-08;20;263
25;2025-11-08;21;199
25;2025-11-08;22;95
25;2025-11-08;23;34
25;2025-11-09;0;6
25;2025-11-09;1;0
25;2025-11-09;2;0
25;2025-11-09;3;0
25;2025-11-09;4;0
25;2025-11-09;5;6
25;2025-11-09;6;88
25;2025-11-09;7;114
25;2025-11-09;8;223
25;2025-11-09;9;216
25;2025-11-09;10;206
25;2025-11-09;11;308
25;2025-11-09;12;354
25;2025-11-09;13;491
25;2025-11-09;14;486
25;2025-11-09;15;565
25;2025-11-09;16;512
25;2025-11-09;17;485
25;2025-11-09;18;431
25;2025-11-09;19;344
25;2025-11-09;20;207
25;2025-11-09;21;153
25;2025-11-09;22;65
25;2025-11-09;23;11
25;2025-11-10;0;0
25;2025-11-10;1;0
25;2025-11-10;2;0
25;2025-11-10;3;0
25;2025-11-10;4;0
25;2025-11-10;5;6
25;2025-11-10;6;195
25;2025-11-10;7;533
25;2025-11-10;8;846
25;2025-11-10;9;468
25;2025-11-10;10;339
25;2025-11-10;11;393
25;2025-11-10;12;393
25;2025-11-10;13;513
25;2025-11-10;14;451
25;2025-11-10;15;552
25;2025-11-10;16;646
25;2025-11-10;17;715
25;2025-11-10;18;747
25;2025-11-10;19;521
25;2025-11-10;20;299
25;2025-11-10;21;189
25;2025-11-10;22;69
25;2025-11-10;23;0
25;2025-11-11;0;0
25;2025-11-11;1;0
25;2025-11-11;2;0
25;2025-11-11;3;0
25;2025-11-11;4;0
25;2025-11-11;5;0
25;2025-11-11;6;188
25;2025-11-11;7;537
25;2025-11-11;8;856
25;2025-11-11;9;473
25;2025-11-11;10;351
25;2025-11-11;11;400
25;2025-11-11;12;391
25;2025-11-11;13;519
25;2025-11-11;14;474
25;2025-11-11;15;564
25;2025-11-11;16;651
25;2025-11-11;17;720
25;2025-11-11;18;762
25;2025-11-11;19;531
25;2025-11-11;20;306
25;2025-11-11;21;189
25;2025-11-11;22;71
25;2025-11-11;23;0
25;2025-11-12;0;0
25;2025-11-12;1;0
25;2025-11-12;2;0
25;2025-11-12;3;0
25;2025-11-12;4;0
25;2025-11-12;5;6
25;2025-11-12;6;195
25;2025-11-12;7;535
25;2025-11-12;8;873
25;2025-11-12;9;475
25;2025-11-12;10;371
25;2025-11-12;11;442
25;2025-11-12;12;428
25;2025-11-12;13;540
25;2025-11-12;14;483
25;2025-11-12;15;579
25;2025-11-12;16;663
25;2025-11-12;17;742
25;2025-11-12;18;786
25;2025-11-12;19;544
25;2025-11-12;20;318
25;2025-11-12;21;209
25;2025-11-12;22;87
25;2025-11-12;23;0
25;2025-11-13;0;0
25;2025-11-13;1;0
25;2025-11-13;2;0
25;2025-11-13;3;0
25;2025-11-13;4;0
25;2025-11-13;5;1
25;2025-11-13;6;193
25;2025-11-13;7;532
25;2025-11-13;8;861
25;2025-11-13;9;464
25;2025-11-13;10;363
25;2025-11-13;11;421
25;2025-11-13;12;414
25;2025-11-13;13;534
25;2025-11-13;14;498
25;2025-11-13;15;611
25;2025-11-13;16;694
25;2025-11-13;17;751
25;2025-11-13;18;784
25;2025-11-13;19;553
25;2025-11-13;20;308
25;2025-11-13;21;196
25;2025-11-13;22;78
25;2025-11-13;23;0
25;2025-11-14;0;0
25;2025-11-14;1;0
25;2025-11-14;2;0
25;2025-11-14;3;0
25;2025-11-14;4;0
25;2025-11-14;5;0
25;2025-11-14;6;182
25;2025-11-14;7;515
25;2025-11-14;8;814
25;2025-11-14;9;445
25;2025-11-14;10;344
25;2025-11-14;11;422
25;2025-11-14;12;411
25;2025-11-14;13;539
25;2025-11-14;14;509
25;2025-11-14;15;645
25;2025-11-14;16;743
25;2025-11-14;17;758
25;2025-11-14;18;675
25;2025-11-14;19;502
25;2025-11-14;20;297
25;2025-11-14;21;206
25;2025-11-14;22;95
25;2025-11-14;23;10
25;2025-11-15;0;0
25;2025-11-15;1;0
25;2025-11-15;2;0
25;2025-11-15;3;0
25;2025-11-15;4;0
25;2025-11-15;5;0
25;2025-11-15;6;85
25;2025-11-15;7;129
25;2025-11-15;8;295
25;2025-11-15;9;255
25;2025-11-15;10;226
25;2025-11-15;11;333
25;2025-11-15;12;350
25;2025-11-15;13;519
25;2025-11-15;14;515
25;2025-11-15;15;581
25;2025-11-15;16;577
25;2025-11-15;17;545
25;2025-11-15;18;483
25;2025-11-15;19;404
25;2025-11-15;20;254
25;2025-11-15;21;184
25;2025-11-15;22;82
25;2025-11-15;23;17
25;2025-11-16;0;0
25;2025-11-16;1;0
25;2025-11-16;2;0
25;2025-11-16;3;0
25;2025-11-16;4;0
25;2025-11-16;5;0
25;2025-11-16;6;66
25;2025-11-16;7;104
25;2025-11-16;8;216
25;2025-11-16;9;211
25;2025-11-16;10;202
25;2025-11-16;11;295
25;2025-11-16;12;344
25;2025-11-16;13;471
25;2025-11-16;14;477
25;2025-11-16;15;520
25;2025-11-16;16;494
25;2025-11-16;17;472
25;2025-11-16;18;419
25;2025-11-16;19;331
25;2025-11-16;20;185
25;2025-11-16;21;141
25;2025-11-16;22;55
25;2025-11-16;23;6
25;2025-11-17;0;0
25;2025-11-17;1;0
25;2025-11-17;2;0
25;2025-11-17;3;0
25;2025-11-17;4;0
25;2025-11-17;5;3
25;2025-11-17;6;186
25;2025-11-17;7;534
25;2025-11-17;8;846
25;2025-11-17;9;468
25;2025-11-17;10;349
25;2025-11-17;11;411
25;2025-11-17;12;392
25;2025-11-17;13;460
25;2025-11-17;14;438
25;2025-11-17;15;544
25;2025-11-17;16;644
25;2025-11-17;17;708
25;2025-11-17;18;741
25;2025-11-17;19;516
25;2025-11-17;20;291
25;2025-11-17;21;189
25;2025-11-17;22;64
25;2025-11-17;23;0
25;2025-11-18;0;0
25;2025-11-18;1;0
25;2025-11-18;2;0
25;2025-11-18;3;0
25;2025-11-18;4;0
25;2025-11-18;5;0
25;2025-11-18;6;193
25;2025-11-18;7;529
25;2025-11-18;8;859
25;2025-11-18;9;469
25;2025-11-18;10;342
25;2025-11-18;11;434
25;2025-11-18;12;424
25;2025-11-18;13;519
25;2025-11-18;14;465
25;2025-11-18;15;575
25;2025-11-18;16;659
25;2025-11-18;17;724
25;2025-11-18;18;765
25;2025-11-18;19;533
25;2025-11-18;20;300
25;2025-11-18;21;184
25;2025-11-18;22;66
25;2025-11-18;23;0
25;2025-11-19;0;0
25;2025-11-19;1;0
25;2025-11-19;2;0
25;2025-11-19;3;0
25;2025-11-19;4;0
25;2025-11-19;5;5
25;2025-11-19;6;190
25;2025-11-19;7;532
25;2025-11-19;8;875
25;2025-11-19;9;478
25;2025-11-19;10;361
25;2025-11-19;11;420
25;2025-11-19;12;413
25;2025-11-19;13;530
25;2025-11-19;14;474
25;2025-11-19;15;578
25;2025-11-19;16;666
25;2025-11-19;17;740
25;2025-11-19;18;778
25;2025-11-19;19;541
25;2025-11-19;20;314
25;2025-11-19;21;202
25;2025-11-19;22;82
25;2025-11-19;23;0
25;2025-11-20;0;0
25;2025-11-20;1;0
25;2025-11-20;2;0
25;2025-11-20;3;0
25;2025-11-20;4;0
25;2025-11-20;5;0
25;2025-11-20;6;189
25;2025-11-20;7;538
25;2025-11-20;8;875
25;2025-11-20;9;474
25;2025-11-20;10;366
25;2025-11-20;11;421
25;2025-11-20;12;407
25;2025-11-20;13;523
25;2025-11-20;14;486
25;2025-11-20;15;595
25;2025-11-20;16;683
25;2025-11-20;17;739
25;2025-11-20;18;773
25;2025-11-20;19;543
25;2025-11-20;20;306
25;2025-11-20;21;193
25;2025-11-20;22;77
25;2025-11-20;23;0
25;2025-11-21;0;0
25;2025-11-21;1;0
25;2025-11-21;2;0
25;2025-11-21;3;0
25;2025-11-21;4;0
25;2025-11-21;5;0
25;2025-11-21;6;171
25;2025-11-21;7;525
25;2025-11-21;8;828
25;2025-11-21;9;443
25;2025-11-21;10;338
25;2025-11-21;11;411
25;2025-11-21;12;398
25;2025-11-21;13;522
25;2025-11-21;14;493
25;2025-11-21;15;624
25;2025-11-21;16;727
25;2025-11-21;17;739
25;2025-11-21;18;658
25;2025-11-21;19;488
25;2025-11-21;20;278
25;2025-11-21;21;182
25;2025-11-21;22;78
25;2025-11-21;23;0
25;2025-11-22;0;0
25;2025-11-22;1;0
25;2025-11-22;2;0
25;2025-11-22;3;0
25;2025-11-22;4;0
25;2025-11-22;5;0
25;2025-11-22;6;96
25;2025-11-22;7;144
25;2025-11-22;8;316
25;2025-11-22;9;285
25;2025-11-22;10;264
25;2025-11-22;11;367
25;2025-11-22;12;387
25;2025-11-22;13;525
25;2025-11-22;14;507
25;2025-11-22;15;586
25;2025-11-22;16;573
25;2025-11-22;17;543
25;2025-11-22;18;487
25;2025-11-22;19;406
25;2025-11-22;20;247
25;2025-11-22;21;169
25;2025-11-22;22;68
25;2025-11-22;23;16
25;2025-11-23;0;0
25;2025-11-23;1;0
25;2025-11-23;2;0
25;2025-11-23;3;0
25;2025-11-23;4;0
25;2025-11-23;5;0
25;2025-11-23;6;73
25;2025-11-23;7;108
25;2025-11-23;8;224
25;2025-11-23;9;214
25;2025-11-23;10;196
25;2025-11-23;11;297
25;2025-11-23;12;349
25;2025-11-23;13;474
25;2025-11-23;14;476
25;2025-11-23;15;540
25;2025-11-23;16;514
25;2025-11-23;17;480
25;2025-11-23;18;424
25;2025-11-23;19;339
25;2025-11-23;20;194
25;2025-11-23;21;142
25;2025-11-23;22;57
25;2025-11-23;23;6
25;2025-11-24;0;0
25;2025-11-24;1;0
25;2025-11-24;2;0
25;2025-11-24;3;0
25;2025-11-24;4;0
25;2025-11-24;5;0
25;2025-11-24;6;181
25;2025-11-24;7;541
25;2025-11-24;8;848
25;2025-11-24;9;478
25;2025-11-24;10;337
25;2025-11-24;11;362
25;2025-11-24;12;404
25;2025-11-24;13;515
25;2025-11-24;14;451
25;2025-11-24;15;556
25;2025-11-24;16;640
25;2025-11-24;17;717
25;2025-11-24;18;746
25;2025-11-24;19;520
25;2025-11-24;20;295
25;2025-11-24;21;187
25;2025-11-24;22;64
25;2025-11-24;23;0
25;2025-11-25;0;0
25;2025-11-25;1;0
25;2025-11-25;2;0
25;2025-11-25;3;0
25;2025-11-25;4;0
25;2025-11-25;5;0
25;2025-11-25;6;181
25;2025-11-25;7;535
25;2025-11-25;8;850
25;2025-11-25;9;473
25;2025-11-25;10;351
25;2025-11-25;11;404
25;2025-11-25;12;392
25;2025-11-25;13;503
25;2025-11-25;14;459
25;2025-11-25;15;564
25;2025-11-25;16;653
25;2025-11-25;17;719
25;2025-11-25;18;759
25;2025-11-25;19;527
25;2025-11-25;20;302
25;2025-11-25;21;182
25;2025-11-25;22;66
25;2025-11-25;23;0
25;2025-11-26;0;0
25;2025-11-26;1;0
25;2025-11-26;2;0
25;2025-11-26;3;0
25;2025-11-26;4;0
25;2025-11-26;5;0
25;2025-11-26;6;184
25;2025-11-26;7;538
25;2025-11-26;8;880
25;2025-11-26;9;473
25;2025-11-26;10;353
25;2025-11-26;11;418
25;2025-11-26;12;409
25;2025-11-26;13;538
25;2025-11-26;14;484
25;2025-11-26;15;574
25;2025-11-26;16;646
25;2025-11-26;17;721
25;2025-11-26;18;789
25;2025-11-26;19;555
25;2025-11-26;20;319
25;2025-11-26;21;207
25;2025-11-26;22;83
25;2025-11-26;23;0
25;2025-11-27;0;0
25;2025-11-27;1;0
25;2025-11-27;2;0
25;2025-11-27;3;0
25;2025-11-27;4;0
25;2025-11-27;5;0
25;2025-11-27;6;193
25;2025-11-27;7;532
25;2025-11-27;8;868
25;2025-11-27;9;455
25;2025-11-27;10;357
25;2025-11-27;11;424
25;2025-11-27;12;399
25;2025-11-27;13;525
25;2025-11-27;14;485
25;2025-11-27;15;595
25;2025-11-27;16;679
25;2025-11-27;17;735
25;2025-11-27;18;763
25;2025-11-27;19;547
25;2025-11-27;20;311
25;2025-11-27;21;201
25;2025-11-27;22;75
25;2025-11-27;23;0
25;2025-11-28;0;0
25;2025-11-28;1;0
25;2025-11-28;2;0
25;2025-11-28;3;0
25;2025-11-28;4;0
25;2025-11-28;5;12
25;2025-11-28;6;182
25;2025-11-28;7;517
25;2025-11-28;8;824
25;2025-11-28;9;444
25;2025-11-28;10;340
25;2025-11-28;11;412
25;2025-11-28;12;400
25;2025-11-28;13;527
25;2025-11-28;14;501
25;2025-11-28;15;631
25;2025-11-28;16;734
25;2025-11-28;17;746
25;2025-11-28;18;664
25;2025-11-28;19;493
25;2025-11-28;20;283
25;2025-11-28;21;188
25;2025-11-28;22;81
25;2025-11-28;23;0
25;2025-11-29;0;0
25;2025-11-29;1;0
25;2025-11-29;2;0
25;2025-11-29;3;0
25;2025-11-29;4;0
25;2025-11-29;5;3
25;2025-11-29;6;99
25;2025-11-29;7;149
25;2025-11-29;8;319
25;2025-11-29;9;286
25;2025-11-29;10;267
25;2025-11-29;11;373
25;2025-11-29;12;392
25;2025-11-29;13;530
25;2025-11-29;14;511
25;2025-11-29;15;587
25;2025-11-29;16;571
25;2025-11-29;17;541
25;2025-11-29;18;486
25;2025-11-29;19;407
25;2025-11-29;20;249
25;2025-11-29;21;179
25;2025-11-29;22;79
25;2025-11-29;23;17
25;2025-11-30;0;0
25;2025-11-30;1;0
25;2025-11-30;2;0
25;2025-11-30;3;0
25;2025-11-30;4;0
25;2025-11-30;5;0
25;2025-11-30;6;74
25;2025-11-30;7;109
25;2025-11-30;8;227
25;2025-11-30;9;217
25;2025-11-30;10;199
25;2025-11-30;11;298
25;2025-11-30;12;346
25;2025-11-30;13;482
25;2025-11-30;14;475
25;2025-11-30;15;550
25;2025-11-30;16;510
25;2025-11-30;17;490
25;2025-11-30;18;436
25;2025-11-30;19;345
25;2025-11-30;20;208
25;2025-11-30;21;153
25;2025-11-30;22;65
25;2025-11-30;23;13
25;2025-12-01;0;0
25;2025-12-01;1;0
25;2025-12-01;2;0
25;2025-12-01;3;0
25;2025-12-01;4;0
25;2025-12-01;5;5
25;2025-12-01;6;189
25;2025-12-01;7;533
25;2025-12-01;8;847
25;2025-12-01;9;467
25;2025-12-01;10;338
25;2025-12-01;11;394
25;2025-12-01;12;389
25;2025-12-01;13;512
25;2025-12-01;14;449
25;2025-12-01;15;551
25;2025-12-01;16;644
25;2025-12-01;17;713
25;2025-12-01;18;747
25;2025-12-01;19;521
25;2025-12-01;20;296
25;2025-12-01;21;183
25;2025-12-01;22;64
25;2025-12-01;23;0
25;2025-12-02;0;0
25;2025-12-02;1;0
25;2025-12-02;2;0
25;2025-12-02;3;0
25;2025-12-02;4;0
25;2025-12-02;5;0
25;2025-12-02;6;184
25;2025-12-02;7;537
25;2025-12-02;8;854
25;2025-12-02;9;473
25;2025-12-02;10;351
25;2025-12-02;11;405
25;2025-12-02;12;391
25;2025-12-02;13;502
25;2025-12-02;14;461
25;2025-12-02;15;564
25;2025-12-02;16;654
25;2025-12-02;17;717
25;2025-12-02;18;763
25;2025-12-02;19;530
25;2025-12-02;20;302
25;2025-12-02;21;182
25;2025-12-02;22;65
25;2025-12-02;23;0
25;2025-12-03;0;0
25;2025-12-03;1;0
25;2025-12-03;2;0
25;2025-12-03;3;0
25;2025-12-03;4;0
25;2025-12-03;5;5
25;2025-12-03;6;190
25;2025-12-03;7;533
25;2025-12-03;8;875
25;2025-12-03;9;478
25;2025-12-03;10;359
25;2025-12-03;11;420
25;2025-12-03;12;417
25;2025-12-03;13;533
25;2025-12-03;14;477
25;2025-12-03;15;579
25;2025-12-03;16;667
25;2025-12-03;17;741
25;2025-12-03;18;779
25;2025-12-03;19;542
25;2025-12-03;20;314
25;2025-12-03;21;204
25;2025-12-03;22;83
25;2025-12-03;23;0
25;2025-12-04;0;0
25;2025-12-04;1;0
25;2025-12-04;2;0
25;2025-12-04;3;0
25;2025-12-04;4;0
25;2025-12-04;5;0
25;2025-12-04;6;188
25;2025-12-04;7;536
25;2025-12-04;8;874
25;2025-12-04;9;473
25;2025-12-04;10;366
25;2025-12-04;11;420
25;2025-12-04;12;408
25;2025-12-04;13;526
25;2025-12-04;14;490
25;2025-12-04;15;601
25;2025-12-04;16;685
25;2025-12-04;17;742
25;2025-12-04;18;775
25;2025-12-04;19;543
25;2025-12-04;20;306
25;2025-12-04;21;198
25;2025-12-04;22;82
25;2025-12-04;23;0
25;2025-12-05;0;0
25;2025-12-05;1;0
25;2025-12-05;2;0
25;2025-12-05;3;0
25;2025-12-05;4;0
25;2025-12-05;5;1
25;2025-12-05;6;177
25;2025-12-05;7;523
25;2025-12-05;8;827
25;2025-12-05;9;447
25;2025-12-05;10;342
25;2025-12-05;11;413
25;2025-12-05;12;400
25;2025-12-05;13;529
25;2025-12-05;14;502
25;2025-12-05;15;631
25;2025-12-05;16;733
25;2025-12-05;17;745
25;2025-12-05;18;664
25;2025-12-05;19;493
25;2025-12-05;20;293
25;2025-12-05;21;188
25;2025-12-05;22;81
25;2025-12-05;23;0
25;2025-12-06;0;0
25;2025-12-06;1;0
25;2025-12-06;2;0
25;2025-12-06;3;0
25;2025-12-06;4;0
25;2025-12-06;5;4
25;2025-12-06;6;99
25;2025-12-06;7;152
25;2025-12-06;8;322
25;2025-12-06;9;287
25;2025-12-06;10;268
25;2025-12-06;11;372
25;2025-12-06;12;393
25;2025-12-06;13;528
25;2025-12-06;14;516
25;2025-12-06;15;596
25;2025-12-06;16;571
25;2025-12-06;17;545
25;2025-12-06;18;487
25;2025-12-06;19;409
25;2025-12-06;20;254
25;2025-12-06;21;184
25;2025-12-06;22;84
25;2025-12-06;23;19
25;2025-12-07;0;0
25;2025-12-07;1;0
25;2025-12-07;2;0
25;2025-12-07;3;0
25;2025-12-07;4;0
25;2025-12-07;5;0
25;2025-12-07;6;74
25;2025-12-07;7;109
25;2025-12-07;8;225
25;2025-12-07;9;216
25;2025-12-07;10;199
25;2025-12-07;11;298
25;2025-12-07;12;344
25;2025-12-07;13;479
25;2025-12-07;14;472
25;2025-12-07;15;543
25;2025-12-07;16;507
25;2025-12-07;17;486
25;2025-12-07;18;433
25;2025-12-07;19;344
25;2025-12-07;20;199
25;2025-12-07;21;147
25;2025-12-07;22;59
25;2025-12-07;23;8
25;2025-12-08;0;0
25;2025-12-08;1;0
25;2025-12-08;2;0
25;2025-12-08;3;0
25;2025-12-08;4;0
25;2025-12-08;5;5
25;2025-12-08;6;190
25;2025-12-08;7;533
25;2025-12-08;8;847
25;2025-12-08;9;467
25;2025-12-08;10;338
25;2025-12-08;11;393
25;2025-12-08;12;389
25;2025-12-08;13;509
25;2025-12-08;14;447
25;2025-12-08;15;551
25;2025-12-08;16;644
25;2025-12-08;17;713
25;2025-12-08;18;745
25;2025-12-08;19;521
25;2025-12-08;20;296
25;2025-12-08;21;183
25;2025-12-08;22;64
25;2025-12-08;23;0
25;2025-12-09;0;0
25;2025-12-09;1;0
25;2025-12-09;2;0
25;2025-12-09;3;0
25;2025-12-09;4;0
25;2025-12-09;5;0
25;2025-12-09;6;184
25;2025-12-09;7;537
25;2025-12-09;8;854
25;2025-12-09;9;473
25;2025-12-09;10;350
25;2025-12-09;11;406
25;2025-12-09;12;391
25;2025-12-09;13;502
25;2025-12-09;14;460
25;2025-12-09;15;567
25;2025-12-09;16;653
25;2025-12-09;17;718
25;2025-12-09;18;763
25;2025-12-09;19;530
25;2025-12-09;20;303
25;2025-12-09;21;182
25;2025-12-09;22;64
25;2025-12-09;23;0
25;2025-12-10;0;0
25;2025-12-10;1;0
25;2025-12-10;2;0
25;2025-12-10;3;0
25;2025-12-10;4;0
25;2025-12-10;5;4
25;2025-12-10;6;191
25;2025-12-10;7;539
25;2025-12-10;8;874
25;2025-12-10;9;484
25;2025-12-10;10;365
25;2025-12-10;11;425
25;2025-12-10;12;413
25;2025-12-10;13;531
25;2025-12-10;14;475
25;2025-12-10;15;581
25;2025-12-10;16;666
25;2025-12-10;17;739
25;2025-12-10;18;780
25;2025-12-10;19;541
25;2025-12-10;20;314
25;2025-12-10;21;202
25;2025-12-10;22;82
25;2025-12-10;23;0
25;2025-12-11;0;0
25;2025-12-11;1;0
25;2025-12-11;2;0
25;2025-12-11;3;0
25;2025-12-11;4;0
25;2025-12-11;5;0
25;2025-12-11;6;186
25;2025-12-11;7;538
25;2025-12-11;8;883
25;2025-12-11;9;477
25;2025-12-11;10;375
25;2025-12-11;11;430
25;2025-12-11;12;404
25;2025-12-11;13;526
25;2025-12-11;14;480
25;2025-12-11;15;587
25;2025-12-11;16;683
25;2025-12-11;17;733
25;2025-12-11;18;774
25;2025-12-11;19;551
25;2025-12-11;20;311
25;2025-12-11;21;200
25;2025-12-11;22;84
25;2025-12-11;23;0
25;2025-12-12;0;0
25;2025-12-12;1;0
25;2025-12-12;2;0
25;2025-12-12;3;0
25;2025-12-12;4;0
25;2025-12-12;5;0
25;2025-12-12;6;172
25;2025-12-12;7;513
25;2025-12-12;8;813
25;2025-12-12;9;432
25;2025-12-12;10;350
25;2025-12-12;11;404
25;2025-12-12;12;401
25;2025-12-12;13;522
25;2025-12-12;14;497
25;2025-12-12;15;602
25;2025-12-12;16;706
25;2025-12-12;17;736
25;2025-12-12;18;673
25;2025-12-12;19;489
25;2025-12-12;20;280
25;2025-12-12;21;182
25;2025-12-12;22;73
25;2025-12-12;23;0
25;2025-12-13;0;0
25;2025-12-13;1;0
25;2025-12-13;2;0
25;2025-12-13;3;0
25;2025-12-13;4;0
25;2025-12-13;5;0
25;2025-12-13;6;99
25;2025-12-13;7;147
25;2025-12-13;8;315
25;2025-12-13;9;288
25;2025-12-13;10;268
25;2025-12-13;11;371
25;2025-12-13;12;391
25;2025-12-13;13;528
25;2025-12-13;14;514
25;2025-12-13;15;583
25;2025-12-13;16;574
25;2025-12-13;17;541
25;2025-12-13;18;486
25;2025-12-13;19;407
25;2025-12-13;20;246
25;2025-12-13;21;192
25;2025-12-13;22;76
25;2025-12-13;23;15
25;2025-12-14;0;0
25;2025-12-14;1;0
25;2025-12-14;2;0
25;2025-12-14;3;0
25;2025-12-14;4;0
25;2025-12-14;5;0
25;2025-12-14;6;67
25;2025-12-14;7;104
25;2025-12-14;8;210
25;2025-12-14;9;209
25;2025-12-14;10;193
25;2025-12-14;11;289
25;2025-12-14;12;337
25;2025-12-14;13;467
25;2025-12-14;14;463
25;2025-12-14;15;524
25;2025-12-14;16;494
25;2025-12-14;17;473
25;2025-12-14;18;421
25;2025-12-14;19;327
25;2025-12-14;20;179
25;2025-12-14;21;134
25;2025-12-14;22;56
25;2025-12-14;23;9
25;2025-12-15;0;0
25;2025-12-15;1;0
25;2025-12-15;2;0
25;2025-12-15;3;0
25;2025-12-15;4;0
25;2025-12-15;5;0
25;2025-12-15;6;182
25;2025-12-15;7;527
25;2025-12-15;8;840
25;2025-12-15;9;460
25;2025-12-15;10;329
25;2025-12-15;11;393
25;2025-12-15;12;373
25;2025-12-15;13;495
25;2025-12-15;14;442
25;2025-12-15;15;550
25;2025-12-15;16;644
25;2025-12-15;17;704
25;2025-12-15;18;746
25;2025-12-15;19;519
25;2025-12-15;20;293
25;2025-12-15;21;178
25;2025-12-15;22;62
25;2025-12-15;23;0
25;2025-12-16;0;0
25;2025-12-16;1;0
25;2025-12-16;2;0
25;2025-12-16;3;0
25;2025-12-16;4;0
25;2025-12-16;5;0
25;2025-12-16;6;183
25;2025-12-16;7;541
25;2025-12-16;8;855
25;2025-12-16;9;476
25;2025-12-16;10;354
25;2025-12-16;11;409
25;2025-12-16;12;371
25;2025-12-16;13;469
25;2025-12-16;14;448
25;2025-12-16;15;564
25;2025-12-16;16;652
25;2025-12-16;17;715
25;2025-12-16;18;760
25;2025-12-16;19;528
25;2025-12-16;20;299
25;2025-12-16;21;178
25;2025-12-16;22;64
25;2025-12-16;23;0
25;2025-12-17;0;0
25;2025-12-17;1;0
25;2025-12-17;2;0
25;2025-12-17;3;0
25;2025-12-17;4;0
25;2025-12-17;5;4
25;2025-12-17;6;186
25;2025-12-17;7;534
25;2025-12-17;8;875
25;2025-12-17;9;479
25;2025-12-17;10;361
25;2025-12-17;11;418
25;2025-12-17;12;413
25;2025-12-17;13;531
25;2025-12-17;14;474
25;2025-12-17;15;577
25;2025-12-17;16;666
25;2025-12-17;17;740
25;2025-12-17;18;778
25;2025-12-17;19;541
25;2025-12-17;20;314
25;2025-12-17;21;202
25;2025-12-17;22;82
25;2025-12-17;23;0
25;2025-12-18;0;0
25;2025-12-18;1;0
25;2025-12-18;2;0
25;2025-12-18;3;0
25;2025-12-18;4;0
25;2025-12-18;5;0
25;2025-12-18;6;187
25;2025-12-18;7;537
25;2025-12-18;8;873
25;2025-12-18;9;472
25;2025-12-18;10;365
25;2025-12-18;11;420
25;2025-12-18;12;404
25;2025-12-18;13;521
25;2025-12-18;14;481
25;2025-12-18;15;595
25;2025-12-18;16;679
25;2025-12-18;17;737
25;2025-12-18;18;769
25;2025-12-18;19;541
25;2025-12-18;20;302
25;2025-12-18;21;190
25;2025-12-18;22;76
25;2025-12-18;23;0
25;2025-12-19;0;0
25;2025-12-19;1;0
25;2025-12-19;2;0
25;2025-12-19;3;0
25;2025-12-19;4;0
25;2025-12-19;5;0
25;2025-12-19;6;174
25;2025-12-19;7;522
25;2025-12-19;8;825
25;2025-12-19;9;443
25;2025-12-19;10;338
25;2025-12-19;11;412
25;2025-12-19;12;394
25;2025-12-19;13;522
25;2025-12-19;14;492
25;2025-12-19;15;628
25;2025-12-19;16;728
25;2025-12-19;17;740
25;2025-12-19;18;669
25;2025-12-19;19;488
25;2025-12-19;20;280
25;2025-12-19;21;181
25;2025-12-19;22;77
25;2025-12-19;23;0
25;2025-12-20;0;0
25;2025-12-20;1;0
25;2025-12-20;2;0
25;2025-12-20;3;0
25;2025-12-20;4;0
25;2025-12-20;5;2
25;2025-12-20;6;99
25;2025-12-20;7;150
25;2025-12-20;8;319
25;2025-12-20;9;286
25;2025-12-20;10;266
25;2025-12-20;11;372
25;2025-12-20;12;392
25;2025-12-20;13;530
25;2025-12-20;14;511
25;2025-12-20;15;587
25;2025-12-20;16;570
25;2025-12-20;17;541
25;2025-12-20;18;486
25;2025-12-20;19;406
25;2025-12-20;20;249
25;2025-12-20;21;179
25;2025-12-20;22;79
25;2025-12-20;23;18
25;2025-12-21;0;0
25;2025-12-21;1;0
25;2025-12-21;2;0
25;2025-12-21;3;0
25;2025-12-21;4;0
25;2025-12-21;5;0
25;2025-12-21;6;72
25;2025-12-21;7;107
25;2025-12-21;8;225
25;2025-12-21;9;214
25;2025-12-21;10;197
25;2025-12-21;11;293
25;2025-12-21;12;337
25;2025-12-21;13;471
25;2025-12-21;14;467
25;2025-12-21;15;543
25;2025-12-21;16;507
25;2025-12-21;17;486
25;2025-12-21;18;433
25;2025-12-21;19;344
25;2025-12-21;20;199
25;2025-12-21;21;142
25;2025-12-21;22;58
25;2025-12-21;23;6
25;2025-12-22;0;0
25;2025-12-22;1;0
25;2025-12-22;2;0
25;2025-12-22;3;0
25;2025-12-22;4;0
25;2025-12-22;5;4
25;2025-12-22;6;188
25;2025-12-22;7;530
25;2025-12-22;8;846
25;2025-12-22;9;475
25;2025-12-22;10;346
25;2025-12-22;11;411
25;2025-12-22;12;399
25;2025-12-22;13;510
25;2025-12-22;14;447
25;2025-12-22;15;545
25;2025-12-22;16;640
25;2025-12-22;17;709
25;2025-12-22;18;749
25;2025-12-22;19;519
25;2025-12-22;20;293
25;2025-12-22;21;178
25;2025-12-22;22;59
25;2025-12-22;23;0
25;2025-12-23;0;0
25;2025-12-23;1;0
25;2025-12-23;2;0
25;2025-12-23;3;0
25;2025-12-23;4;0
25;2025-12-23;5;1
25;2025-12-23;6;187
25;2025-12-23;7;547
25;2025-12-23;8;867
25;2025-12-23;9;485
25;2025-12-23;10;357
25;2025-12-23;11;414
25;2025-12-23;12;404
25;2025-12-23;13;512
25;2025-12-23;14;468
25;2025-12-23;15;573
25;2025-12-23;16;660
25;2025-12-23;17;728
25;2025-12-23;18;772
25;2025-12-23;19;542
25;2025-12-23;20;312
25;2025-12-23;21;189
25;2025-12-23;22;74
25;2025-12-23;23;0
25;2025-12-24;0;0
25;2025-12-24;1;0
25;2025-12-24;2;0
25;2025-12-24;3;0
25;2025-12-24;4;0
25;2025-12-24;5;12
25;2025-12-24;6;199
25;2025-12-24;7;553
25;2025-12-24;8;885
25;2025-12-24;9;488
25;2025-12-24;10;368
25;2025-12-24;11;429
25;2025-12-24;12;421
25;2025-12-24;13;529
25;2025-12-24;14;467
25;2025-12-24;15;577
25;2025-12-24;16;667
25;2025-12-24;17;745
25;2025-12-24;18;782
25;2025-12-24;19;536
25;2025-12-24;20;311
25;2025-12-24;21;198
25;2025-12-24;22;80
25;2025-12-24;23;0
25;2025-12-25;0;0
25;2025-12-25;1;0
25;2025-12-25;2;0
25;2025-12-25;3;0
25;2025-12-25;4;0
25;2025-12-25;5;0
25;2025-12-25;6;187
25;2025-12-25;7;544
25;2025-12-25;8;876
25;2025-12-25;9;477
25;2025-12-25;10;368
25;2025-12-25;11;420
25;2025-12-25;12;406
25;2025-12-25;13;522
25;2025-12-25;14;483
25;2025-12-25;15;598
25;2025-12-25;16;685
25;2025-12-25;17;738
25;2025-12-25;18;762
25;2025-12-25;19;546
25;2025-12-25;20;297
25;2025-12-25;21;194
25;2025-12-25;22;66
25;2025-12-25;23;0
25;2025-12-26;0;0
25;2025-12-26;1;0
25;2025-12-26;2;0
25;2025-12-26;3;0
25;2025-12-26;4;0
25;2025-12-26;5;0
25;2025-12-26;6;160
25;2025-12-26;7;528
25;2025-12-26;8;824
25;2025-12-26;9;446
25;2025-12-26;10;336
25;2025-12-26;11;395
25;2025-12-26;12;377
25;2025-12-26;13;524
25;2025-12-26;14;501
25;2025-12-26;15;633
25;2025-12-26;16;729
25;2025-12-26;17;746
25;2025-12-26;18;667
25;2025-12-26;19;491
25;2025-12-26;20;290
25;2025-12-26;21;190
25;2025-12-26;22;84
25;2025-12-26;23;0
25;2025-12-27;0;0
25;2025-12-27;1;0
25;2025-12-27;2;0
25;2025-12-27;3;0
25;2025-12-27;4;0
25;2025-12-27;5;1
25;2025-12-27;6;99
25;2025-12-27;7;152
25;2025-12-27;8;316
25;2025-12-27;9;293
25;2025-12-27;10;272
25;2025-12-27;11;372
25;2025-12-27;12;395
25;2025-12-27;13;527
25;2025-12-27;14;512
25;2025-12-27;15;587
25;2025-12-27;16;572
25;2025-12-27;17;549
25;2025-12-27;18;484
25;2025-12-27;19;411
25;2025-12-27;20;257
25;2025-12-27;21;193
25;2025-12-27;22;78
25;2025-12-27;23;24
25;2025-12-28;0;0
25;2025-12-28;1;0
25;2025-12-28;2;0
25;2025-12-28;3;0
25;2025-12-28;4;0
25;2025-12-28;5;0
25;2025-12-28;6;76
25;2025-12-28;7;99
25;2025-12-28;8;197
25;2025-12-28;9;223
25;2025-12-28;10;208
25;2025-12-28;11;300
25;2025-12-28;12;337
25;2025-12-28;13;472
25;2025-12-28;14;464
25;2025-12-28;15;527
25;2025-12-28;16;505
25;2025-12-28;17;488
25;2025-12-28;18;428
25;2025-12-28;19;343
25;2025-12-28;20;203
25;2025-12-28;21;160
25;2025-12-28;22;71
25;2025-12-28;23;10
25;2025-12-29;0;0
25;2025-12-29;1;0
25;2025-12-29;2;0
25;2025-12-29;3;0
25;2025-12-29;4;0
25;2025-12-29;5;6
25;2025-12-29;6;192
25;2025-12-29;7;544
25;2025-12-29;8;854
25;2025-12-29;9;488
25;2025-12-29;10;362
25;2025-12-29;11;414
25;2025-12-29;12;396
25;2025-12-29;13;517
25;2025-12-29;14;456
25;2025-12-29;15;567
25;2025-12-29;16;659
25;2025-12-29;17;725
25;2025-12-29;18;761
25;2025-12-29;19;541
25;2025-12-29;20;315
25;2025-12-29;21;191
25;2025-12-29;22;72
25;2025-12-29;23;0
25;2025-12-30;0;0
25;2025-12-30;1;0
25;2025-12-30;2;0
25;2025-12-30;3;0
25;2025-12-30;4;0
25;2025-12-30;5;0
25;2025-12-30;6;185
25;2025-12-30;7;548
25;2025-12-30;8;845
25;2025-12-30;9;466
25;2025-12-30;10;338
25;2025-12-30;11;391
25;2025-12-30;12;392
25;2025-12-30;13;497
25;2025-12-30;14;460
25;2025-12-30;15;569
25;2025-12-30;16;654
25;2025-12-30;17;727
25;2025-12-30;18;762
25;2025-12-30;19;522
25;2025-12-30;20;301
25;2025-12-30;21;191
25;2025-12-30;22;69
25;2025-12-30;23;0
25;2025-12-31;0;0
25;2025-12-31;1;0
25;2025-12-31;2;0
25;2025-12-31;3;0
25;2025-12-31;4;0
25;2025-12-31;5;11
25;2025-12-31;6;130
25;2025-12-31;7;203
25;2025-12-31;8;348
25;2025-12-31;9;282
25;2025-12-31;10;250
25;2025-12-31;11;335
25;2025-12-31;12;356
25;2025-12-31;13;466
25;2025-12-31;14;442
25;2025-12-31;15;518
25;2025-12-31;16;521
25;2025-12-31;17;533
25;2025-12-31;18;496
25;2025-12-31;19;410
25;2025-12-31;20;235
25;2025-12-31;21;189
25;2025-12-31;22;83
25;2025-12-31;23;8
26;2025-11-01;0;54
26;2025-11-01;1;3
26;2025-11-01;2;0
26;2025-11-01;3;0
26;2025-11-01;4;4
26;2025-11-01;5;95
26;2025-11-01;6;458
26;2025-11-01;7;1107
26;2025-11-01;8;2002
26;2025-11-01;9;1413
26;2025-11-01;10;1284
26;2025-11-01;11;1230
26;2025-11-01;12;1296
26;2025-11-01;13;1345
26;2025-11-01;14;1440
26;2025-11-01;15;1458
26;2025-11-01;16;1596
26;2025-11-01;17;1728
26;2025-11-01;18;1672
26;2025-11-01;19;1171
26;2025-11-01;20;776
26;2025-11-01;21;477
26;2025-11-01;22;192
26;2025-11-01;23;150
26;2025-11-02;0;29
26;2025-11-02;1;1
26;2025-11-02;2;0
26;2025-11-02;3;0
26;2025-11-02;4;2
26;2025-11-02;5;4
26;2025-11-02;6;138
26;2025-11-02;7;229
26;2025-11-02;8;419
26;2025-11-02;9;501
26;2025-11-02;10;577
26;2025-11-02;11;738
26;2025-11-02;12;777
26;2025-11-02;13;820
26;2025-11-02;14;833
26;2025-11-02;15;787
26;2025-11-02;16;782
26;2025-11-02;17;800
26;2025-11-02;18;663
26;2025-11-02;19;511
26;2025-11-02;20;379
26;2025-11-02;21;271
26;2025-11-02;22;131
26;2025-11-02;23;89
26;2025-11-03;0;22
26;2025-11-03;1;3
26;2025-11-03;2;0
26;2025-11-03;3;0
26;2025-11-03;4;3
26;2025-11-03;5;28
26;2025-11-03;6;228
26;2025-11-03;7;313
26;2025-11-03;8;587
26;2025-11-03;9;565
26;2025-11-03;10;649
26;2025-11-03;11;702
26;2025-11-03;12;740
26;2025-11-03;13;768
26;2025-11-03;14;802
26;2025-11-03;15;767
26;2025-11-03;16;794
26;2025-11-03;17;859
26;2025-11-03;18;803
26;2025-11-03;19;599
26;2025-11-03;20;402
26;2025-11-03;21;327
26;2025-11-03;22;144
26;2025-11-03;23;106
26;2025-11-04;0;42
26;2025-11-04;1;3
26;2025-11-04;2;0
26;2025-11-04;3;0
26;2025-11-04;4;4
26;2025-11-04;5;47
26;2025-11-04;6;234
26;2025-11-04;7;313
26;2025-11-04;8;585
26;2025-11-04;9;502
26;2025-11-04;10;578
26;2025-11-04;11;633
26;2025-11-04;12;626
26;2025-11-04;13;693
26;2025-11-04;14;793
26;2025-11-04;15;738
26;2025-11-04;16;721
26;2025-11-04;17;793
26;2025-11-04;18;748
26;2025-11-04;19;591
26;2025-11-04;20;416
26;2025-11-04;21;330
26;2025-11-04;22;157
26;2025-11-04;23;115
26;2025-11-05;0;41
26;2025-11-05;1;5
26;2025-11-05;2;0
26;2025-11-05;3;0
26;2025-11-05;4;5
26;2025-11-05;5;86
26;2025-11-05;6;443
26;2025-11-05;7;1110
26;2025-11-05;8;2145
26;2025-11-05;9;1427
26;2025-11-05;10;1258
26;2025-11-05;11;1169
26;2025-11-05;12;1227
26;2025-11-05;13;1271
26;2025-11-05;14;1355
26;2025-11-05;15;1376
26;2025-11-05;16;1524
26;2025-11-05;17;1739
26;2025-11-05;18;1845
26;2025-11-05;19;1239
26;2025-11-05;20;767
26;2025-11-05;21;474
26;2025-11-05;22;192
26;2025-11-05;23;125
26;2025-11-06;0;41
26;2025-11-06;1;4
26;2025-11-06;2;0
26;2025-11-06;3;0
26;2025-11-06;4;5
26;2025-11-06;5;97
26;2025-11-06;6;475
26;2025-11-06;7;1135
26;2025-11-06;8;2157
26;2025-11-06;9;1452
26;2025-11-06;10;1261
26;2025-11-06;11;1147
26;2025-11-06;12;1219
26;2025-11-06;13;1275
26;2025-11-06;14;1355
26;2025-11-06;15;1390
26;2025-11-06;16;1537
26;2025-11-06;17;1758
26;2025-11-06;18;1870
26;2025-11-06;19;1258
26;2025-11-06;20;734
26;2025-11-06;21;474
26;2025-11-06;22;206
26;2025-11-06;23;138
26;2025-11-07;0;37
26;2025-11-07;1;1
26;2025-11-07;2;0
26;2025-11-07;3;0
26;2025-11-07;4;3
26;2025-11-07;5;80
26;2025-11-07;6;461
26;2025-11-07;7;1095
26;2025-11-07;8;2040
26;2025-11-07;9;1374
26;2025-11-07;10;1220
26;2025-11-07;11;1110
26;2025-11-07;12;1163
26;2025-11-07;13;1261
26;2025-11-07;14;1322
26;2025-11-07;15;1393
26;2025-11-07;16;1589
26;2025-11-07;17;1705
26;2025-11-07;18;1503
26;2025-11-07;19;1094
26;2025-11-07;20;720
26;2025-11-07;21;450
26;2025-11-07;22;193
26;2025-11-07;23;144
26;2025-11-08;0;55
26;2025-11-08;1;3
26;2025-11-08;2;0
26;2025-11-08;3;0
26;2025-11-08;4;7
26;2025-11-08;5;48
26;2025-11-08;6;241
26;2025-11-08;7;352
26;2025-11-08;8;618
26;2025-11-08;9;728
26;2025-11-08;10;844
26;2025-11-08;11;949
26;2025-11-08;12;974
26;2025-11-08;13;1003
26;2025-11-08;14;1031
26;2025-11-08;15;967
26;2025-11-08;16;965
26;2025-11-08;17;965
26;2025-11-08;18;840
26;2025-11-08;19;746
26;2025-11-08;20;517
26;2025-11-08;21;376
26;2025-11-08;22;184
26;2025-11-08;23;154
26;2025-11-09;0;50
26;2025-11-09;1;2
26;2025-11-09;2;0
26;2025-11-09;3;0
26;2025-11-09;4;2
26;2025-11-09;5;19
26;2025-11-09;6;153
26;2025-11-09;7;234
26;2025-11-09;8;433
26;2025-11-09;9;518
26;2025-11-09;10;594
26;2025-11-09;11;738
26;2025-11-09;12;778
26;2025-11-09;13;826
26;2025-11-09;14;829
26;2025-11-09;15;785
26;2025-11-09;16;776
26;2025-11-09;17;786
26;2025-11-09;18;649
26;2025-11-09;19;502
26;2025-11-09;20;363
26;2025-11-09;21;275
26;2025-11-09;22;134
26;2025-11-09;23;89
26;2025-11-10;0;18
26;2025-11-10;1;2
26;2025-11-10;2;0
26;2025-11-10;3;0
26;2025-11-10;4;3
26;2025-11-10;5;72
26;2025-11-10;6;443
26;2025-11-10;7;1111
26;2025-11-10;8;2092
26;2025-11-10;9;1399
26;2025-11-10;10;1204
26;2025-11-10;11;1090
26;2025-11-10;12;1143
26;2025-11-10;13;1214
26;2025-11-10;14;1259
26;2025-11-10;15;1327
26;2025-11-10;16;1477
26;2025-11-10;17;1709
26;2025-11-10;18;1793
26;2025-11-10;19;1192
26;2025-11-10;20;734
26;2025-11-10;21;421
26;2025-11-10;22;155
26;2025-11-10;23;92
26;2025-11-11;0;17
26;2025-11-11;1;0
26;2025-11-11;2;0
26;2025-11-11;3;0
26;2025-11-11;4;2
26;2025-11-11;5;70
26;2025-11-11;6;450
26;2025-11-11;7;1122
26;2025-11-11;8;2153
26;2025-11-11;9;1423
26;2025-11-11;10;1230
26;2025-11-11;11;1140
26;2025-11-11;12;1180
26;2025-11-11;13;1243
26;2025-11-11;14;1318
26;2025-11-11;15;1349
26;2025-11-11;16;1483
26;2025-11-11;17;1723
26;2025-11-11;18;1842
26;2025-11-11;19;1240
26;2025-11-11;20;757
26;2025-11-11;21;433
26;2025-11-11;22;168
26;2025-11-11;23;99
26;2025-11-12;0;20
26;2025-11-12;1;2
26;2025-11-12;2;0
26;2025-11-12;3;0
26;2025-11-12;4;4
26;2025-11-12;5;76
26;2025-11-12;6;447
26;2025-11-12;7;1122
26;2025-11-12;8;2146
26;2025-11-12;9;1434
26;2025-11-12;10;1234
26;2025-11-12;11;1129
26;2025-11-12;12;1192
26;2025-11-12;13;1223
26;2025-11-12;14;1316
26;2025-11-12;15;1347
26;2025-11-12;16;1504
26;2025-11-12;17;1719
26;2025-11-12;18;1812
26;2025-11-12;19;1229
26;2025-11-12;20;752
26;2025-11-12;21;459
26;2025-11-12;22;178
26;2025-11-12;23;110
26;2025-11-13;0;25
26;2025-11-13;1;4
26;2025-11-13;2;0
26;2025-11-13;3;0
26;2025-11-13;4;4
26;2025-11-13;5;82
26;2025-11-13;6;459
26;2025-11-13;7;1127
26;2025-11-13;8;2142
26;2025-11-13;9;1434
26;2025-11-13;10;1242
26;2025-11-13;11;1166
26;2025-11-13;12;1215
26;2025-11-13;13;1265
26;2025-11-13;14;1350
26;2025-11-13;15;1393
26;2025-11-13;16;1529
26;2025-11-13;17;1750
26;2025-11-13;18;1863
26;2025-11-13;19;1252
26;2025-11-13;20;768
26;2025-11-13;21;461
26;2025-11-13;22;188
26;2025-11-13;23;121
26;2025-11-14;0;18
26;2025-11-14;1;1
26;2025-11-14;2;0
26;2025-11-14;3;0
26;2025-11-14;4;2
26;2025-11-14;5;64
26;2025-11-14;6;441
26;2025-11-14;7;1081
26;2025-11-14;8;2026
26;2025-11-14;9;1369
26;2025-11-14;10;1216
26;2025-11-14;11;1104
26;2025-11-14;12;1160
26;2025-11-14;13;1248
26;2025-11-14;14;1319
26;2025-11-14;15;1388
26;2025-11-14;16;1580
26;2025-11-14;17;1698
26;2025-11-14;18;1496
26;2025-11-14;19;1091
26;2025-11-14;20;719
26;2025-11-14;21;457
26;2025-11-14;22;190
26;2025-11-14;23;137
26;2025-11-15;0;14
26;2025-11-15;1;5
26;2025-11-15;2;0
26;2025-11-15;3;0
26;2025-11-15;4;0
26;2025-11-15;5;27
26;2025-11-15;6;240
26;2025-11-15;7;368
26;2025-11-15;8;626
26;2025-11-15;9;734
26;2025-11-15;10;800
26;2025-11-15;11;885
26;2025-11-15;12;924
26;2025-11-15;13;949
26;2025-11-15;14;1010
26;2025-11-15;15;950
26;2025-11-15;16;942
26;2025-11-15;17;945
26;2025-11-15;18;830
26;2025-11-15;19;732
26;2025-11-15;20;505
26;2025-11-15;21;383
26;2025-11-15;22;181
26;2025-11-15;23;140
26;2025-11-16;0;31
26;2025-11-16;1;0
26;2025-11-16;2;0
26;2025-11-16;3;0
26;2025-11-16;4;1
26;2025-11-16;5;3
26;2025-11-16;6;133
26;2025-11-16;7;232
26;2025-11-16;8;425
26;2025-11-16;9;514
26;2025-11-16;10;598
26;2025-11-16;11;734
26;2025-11-16;12;773
26;2025-11-16;13;814
26;2025-11-16;14;820
26;2025-11-16;15;766
26;2025-11-16;16;764
26;2025-11-16;17;781
26;2025-11-16;18;651
26;2025-11-16;19;497
26;2025-11-16;20;363
26;2025-11-16;21;277
26;2025-11-16;22;131
26;2025-11-16;23;92
26;2025-11-17;0;19
26;2025-11-17;1;2
26;2025-11-17;2;0
26;2025-11-17;3;0
26;2025-11-17;4;4
26;2025-11-17;5;71
26;2025-11-17;6;444
26;2025-11-17;7;1117
26;2025-11-17;8;2100
26;2025-11-17;9;1399
26;2025-11-17;10;1200
26;2025-11-17;11;1089
26;2025-11-17;12;1128
26;2025-11-17;13;1134
26;2025-11-17;14;1220
26;2025-11-17;15;1300
26;2025-11-17;16;1467
26;2025-11-17;17;1699
26;2025-11-17;18;1789
26;2025-11-17;19;1187
26;2025-11-17;20;729
26;2025-11-17;21;419
26;2025-11-17;22;151
26;2025-11-17;23;86
26;2025-11-18;0;13
26;2025-11-18;1;0
26;2025-11-18;2;0
26;2025-11-18;3;0
26;2025-11-18;4;2
26;2025-11-18;5;50
26;2025-11-18;6;460
26;2025-11-18;7;1119
26;2025-11-18;8;2142
26;2025-11-18;9;1410
26;2025-11-18;10;1193
26;2025-11-18;11;1147
26;2025-11-18;12;1190
26;2025-11-18;13;1220
26;2025-11-18;14;1291
26;2025-11-18;15;1341
26;2025-11-18;16;1491
26;2025-11-18;17;1725
26;2025-11-18;18;1831
26;2025-11-18;19;1234
26;2025-11-18;20;749
26;2025-11-18;21;433
26;2025-11-18;22;168
26;2025-11-18;23;98
26;2025-11-19;0;15
26;2025-11-19;1;0
26;2025-11-19;2;0
26;2025-11-19;3;0
26;2025-11-19;4;4
26;2025-11-19;5;76
26;2025-11-19;6;448
26;2025-11-19;7;1124
26;2025-11-19;8;2150
26;2025-11-19;9;1437
26;2025-11-19;10;1247
26;2025-11-19;11;1155
26;2025-11-19;12;1209
26;2025-11-19;13;1259
26;2025-11-19;14;1330
26;2025-11-19;15;1366
26;2025-11-19;16;1507
26;2025-11-19;17;1719
26;2025-11-19;18;1831
26;2025-11-19;19;1234
26;2025-11-19;20;752
26;2025-11-19;21;463
26;2025-11-19;22;180
26;2025-11-19;23;109
26;2025-11-20;0;26
26;2025-11-20;1;3
26;2025-11-20;2;0
26;2025-11-20;3;0
26;2025-11-20;4;4
26;2025-11-20;5;84
26;2025-11-20;6;461
26;2025-11-20;7;1135
26;2025-11-20;8;2155
26;2025-11-20;9;1447
26;2025-11-20;10;1244
26;2025-11-20;11;1164
26;2025-11-20;12;1203
26;2025-11-20;13;1252
26;2025-11-20;14;1331
26;2025-11-20;15;1373
26;2025-11-20;16;1520
26;2025-11-20;17;1735
26;2025-11-20;18;1853
26;2025-11-20;19;1242
26;2025-11-20;20;759
26;2025-11-20;21;458
26;2025-11-20;22;190
26;2025-11-20;23;120
26;2025-11-21;0;22
26;2025-11-21;1;1
26;2025-11-21;2;0
26;2025-11-21;3;0
26;2025-11-21;4;2
26;2025-11-21;5;64
26;2025-11-21;6;438
26;2025-11-21;7;1092
26;2025-11-21;8;2043
26;2025-11-21;9;1369
26;2025-11-21;10;1204
26;2025-11-21;11;1093
26;2025-11-21;12;1146
26;2025-11-21;13;1228
26;2025-11-21;14;1301
26;2025-11-21;15;1370
26;2025-11-21;16;1566
26;2025-11-21;17;1687
26;2025-11-21;18;1485
26;2025-11-21;19;1084
26;2025-11-21;20;702
26;2025-11-21;21;433
26;2025-11-21;22;171
26;2025-11-21;23;122
26;2025-11-22;0;35
26;2025-11-22;1;2
26;2025-11-22;2;0
26;2025-11-22;3;0
26;2025-11-22;4;0
26;2025-11-22;5;22
26;2025-11-22;6;225
26;2025-11-22;7;354
26;2025-11-22;8;623
26;2025-11-22;9;733
26;2025-11-22;10;828
26;2025-11-22;11;926
26;2025-11-22;12;959
26;2025-11-22;13;971
26;2025-11-22;14;1007
26;2025-11-22;15;945
26;2025-11-22;16;941
26;2025-11-22;17;948
26;2025-11-22;18;826
26;2025-11-22;19;736
26;2025-11-22;20;496
26;2025-11-22;21;360
26;2025-11-22;22;165
26;2025-11-22;23;123
26;2025-11-23;0;25
26;2025-11-23;1;0
26;2025-11-23;2;0
26;2025-11-23;3;0
26;2025-11-23;4;0
26;2025-11-23;5;5
26;2025-11-23;6;138
26;2025-11-23;7;236
26;2025-11-23;8;431
26;2025-11-23;9;515
26;2025-11-23;10;579
26;2025-11-23;11;731
26;2025-11-23;12;774
26;2025-11-23;13;815
26;2025-11-23;14;821
26;2025-11-23;15;784
26;2025-11-23;16;781
26;2025-11-23;17;786
26;2025-11-23;18;653
26;2025-11-23;19;500
26;2025-11-23;20;363
26;2025-11-23;21;275
26;2025-11-23;22;131
26;2025-11-23;23;89
26;2025-11-24;0;17
26;2025-11-24;1;4
26;2025-11-24;2;0
26;2025-11-24;3;0
26;2025-11-24;4;1
26;2025-11-24;5;47
26;2025-11-24;6;442
26;2025-11-24;7;1116
26;2025-11-24;8;2083
26;2025-11-24;9;1394
26;2025-11-24;10;1174
26;2025-11-24;11;1022
26;2025-11-24;12;1132
26;2025-11-24;13;1197
26;2025-11-24;14;1233
26;2025-11-24;15;1300
26;2025-11-24;16;1474
26;2025-11-24;17;1709
26;2025-11-24;18;1793
26;2025-11-24;19;1193
26;2025-11-24;20;733
26;2025-11-24;21;421
26;2025-11-24;22;156
26;2025-11-24;23;91
26;2025-11-25;0;17
26;2025-11-25;1;0
26;2025-11-25;2;0
26;2025-11-25;3;0
26;2025-11-25;4;2
26;2025-11-25;5;70
26;2025-11-25;6;451
26;2025-11-25;7;1126
26;2025-11-25;8;2153
26;2025-11-25;9;1425
26;2025-11-25;10;1232
26;2025-11-25;11;1145
26;2025-11-25;12;1185
26;2025-11-25;13;1232
26;2025-11-25;14;1305
26;2025-11-25;15;1348
26;2025-11-25;16;1486
26;2025-11-25;17;1723
26;2025-11-25;18;1844
26;2025-11-25;19;1242
26;2025-11-25;20;756
26;2025-11-25;21;433
26;2025-11-25;22;167
26;2025-11-25;23;98
26;2025-11-26;0;14
26;2025-11-26;1;2
26;2025-11-26;2;0
26;2025-11-26;3;0
26;2025-11-26;4;3
26;2025-11-26;5;65
26;2025-11-26;6;435
26;2025-11-26;7;1121
26;2025-11-26;8;2148
26;2025-11-26;9;1437
26;2025-11-26;10;1207
26;2025-11-26;11;1120
26;2025-11-26;12;1186
26;2025-11-26;13;1239
26;2025-11-26;14;1319
26;2025-11-26;15;1354
26;2025-11-26;16;1471
26;2025-11-26;17;1692
26;2025-11-26;18;1816
26;2025-11-26;19;1211
26;2025-11-26;20;740
26;2025-11-26;21;456
26;2025-11-26;22;173
26;2025-11-26;23;109
26;2025-11-27;0;25
26;2025-11-27;1;4
26;2025-11-27;2;0
26;2025-11-27;3;0
26;2025-11-27;4;4
26;2025-11-27;5;82
26;2025-11-27;6;460
26;2025-11-27;7;1127
26;2025-11-27;8;2145
26;2025-11-27;9;1428
26;2025-11-27;10;1234
26;2025-11-27;11;1124
26;2025-11-27;12;1181
26;2025-11-27;13;1220
26;2025-11-27;14;1299
26;2025-11-27;15;1373
26;2025-11-27;16;1516
26;2025-11-27;17;1724
26;2025-11-27;18;1843
26;2025-11-27;19;1222
26;2025-11-27;20;739
26;2025-11-27;21;459
26;2025-11-27;22;187
26;2025-11-27;23;104
26;2025-11-28;0;17
26;2025-11-28;1;1
26;2025-11-28;2;0
26;2025-11-28;3;0
26;2025-11-28;4;0
26;2025-11-28;5;75
26;2025-11-28;6;441
26;2025-11-28;7;1084
26;2025-11-28;8;2036
26;2025-11-28;9;1366
26;2025-11-28;10;1201
26;2025-11-28;11;1091
26;2025-11-28;12;1146
26;2025-11-28;13;1230
26;2025-11-28;14;1300
26;2025-11-28;15;1371
26;2025-11-28;16;1567
26;2025-11-28;17;1686
26;2025-11-28;18;1483
26;2025-11-28;19;1083
26;2025-11-28;20;702
26;2025-11-28;21;433
26;2025-11-28;22;173
26;2025-11-28;23;123
26;2025-11-29;0;35
26;2025-11-29;1;3
26;2025-11-29;2;0
26;2025-11-29;3;0
26;2025-11-29;4;2
26;2025-11-29;5;32
26;2025-11-29;6;232
26;2025-11-29;7;357
26;2025-11-29;8;619
26;2025-11-29;9;729
26;2025-11-29;10;828
26;2025-11-29;11;930
26;2025-11-29;12;960
26;2025-11-29;13;974
26;2025-11-29;14;1010
26;2025-11-29;15;949
26;2025-11-29;16;942
26;2025-11-29;17;947
26;2025-11-29;18;830
26;2025-11-29;19;739
26;2025-11-29;20;496
26;2025-11-29;21;364
26;2025-11-29;22;170
26;2025-11-29;23;137
26;2025-11-30;0;28
26;2025-11-30;1;1
26;2025-11-30;2;0
26;2025-11-30;3;0
26;2025-11-30;4;1
26;2025-11-30;5;4
26;2025-11-30;6;138
26;2025-11-30;7;235
26;2025-11-30;8;430
26;2025-11-30;9;516
26;2025-11-30;10;581
26;2025-11-30;11;730
26;2025-11-30;12;768
26;2025-11-30;13;813
26;2025-11-30;14;815
26;2025-11-30;15;771
26;2025-11-30;16;770
26;2025-11-30;17;786
26;2025-11-30;18;650
26;2025-11-30;19;502
26;2025-11-30;20;362
26;2025-11-30;21;274
26;2025-11-30;22;133
26;2025-11-30;23;89
26;2025-12-01;0;18
26;2025-12-01;1;2
26;2025-12-01;2;0
26;2025-12-01;3;0
26;2025-12-01;4;0
26;2025-12-01;5;66
26;2025-12-01;6;446
26;2025-12-01;7;1115
26;2025-12-01;8;2098
26;2025-12-01;9;1399
26;2025-12-01;10;1205
26;2025-12-01;11;1094
26;2025-12-01;12;1143
26;2025-12-01;13;1215
26;2025-12-01;14;1260
26;2025-12-01;15;1328
26;2025-12-01;16;1479
26;2025-12-01;17;1708
26;2025-12-01;18;1798
26;2025-12-01;19;1196
26;2025-12-01;20;734
26;2025-12-01;21;424
26;2025-12-01;22;158
26;2025-12-01;23;92
26;2025-12-02;0;18
26;2025-12-02;1;0
26;2025-12-02;2;0
26;2025-12-02;3;0
26;2025-12-02;4;3
26;2025-12-02;5;71
26;2025-12-02;6;454
26;2025-12-02;7;1127
26;2025-12-02;8;2155
26;2025-12-02;9;1425
26;2025-12-02;10;1233
26;2025-12-02;11;1145
26;2025-12-02;12;1185
26;2025-12-02;13;1230
26;2025-12-02;14;1304
26;2025-12-02;15;1350
26;2025-12-02;16;1486
26;2025-12-02;17;1724
26;2025-12-02;18;1845
26;2025-12-02;19;1242
26;2025-12-02;20;756
26;2025-12-02;21;433
26;2025-12-02;22;168
26;2025-12-02;23;98
26;2025-12-03;0;20
26;2025-12-03;1;2
26;2025-12-03;2;0
26;2025-12-03;3;0
26;2025-12-03;4;3
26;2025-12-03;5;76
26;2025-12-03;6;450
26;2025-12-03;7;1125
26;2025-12-03;8;2150
26;2025-12-03;9;1435
26;2025-12-03;10;1246
26;2025-12-03;11;1154
26;2025-12-03;12;1210
26;2025-12-03;13;1259
26;2025-12-03;14;1331
26;2025-12-03;15;1366
26;2025-12-03;16;1507
26;2025-12-03;17;1720
26;2025-12-03;18;1827
26;2025-12-03;19;1231
26;2025-12-03;20;751
26;2025-12-03;21;460
26;2025-12-03;22;177
26;2025-12-03;23;110
26;2025-12-04;0;26
26;2025-12-04;1;4
26;2025-12-04;2;0
26;2025-12-04;3;0
26;2025-12-04;4;3
26;2025-12-04;5;81
26;2025-12-04;6;460
26;2025-12-04;7;1133
26;2025-12-04;8;2154
26;2025-12-04;9;1447
26;2025-12-04;10;1244
26;2025-12-04;11;1163
26;2025-12-04;12;1203
26;2025-12-04;13;1252
26;2025-12-04;14;1332
26;2025-12-04;15;1373
26;2025-12-04;16;1518
26;2025-12-04;17;1737
26;2025-12-04;18;1851
26;2025-12-04;19;1242
26;2025-12-04;20;759
26;2025-12-04;21;457
26;2025-12-04;22;190
26;2025-12-04;23;122
26;2025-12-05;0;19
26;2025-12-05;1;1
26;2025-12-05;2;0
26;2025-12-05;3;0
26;2025-12-05;4;2
26;2025-12-05;5;64
26;2025-12-05;6;445
26;2025-12-05;7;1091
26;2025-12-05;8;2042
26;2025-12-05;9;1369
26;2025-12-05;10;1205
26;2025-12-05;11;1094
26;2025-12-05;12;1148
26;2025-12-05;13;1230
26;2025-12-05;14;1300
26;2025-12-05;15;1371
26;2025-12-05;16;1567
26;2025-12-05;17;1686
26;2025-12-05;18;1483
26;2025-12-05;19;1083
26;2025-12-05;20;706
26;2025-12-05;21;433
26;2025-12-05;22;173
26;2025-12-05;23;123
26;2025-12-06;0;35
26;2025-12-06;1;3
26;2025-12-06;2;0
26;2025-12-06;3;0
26;2025-12-06;4;2
26;2025-12-06;5;32
26;2025-12-06;6;229
26;2025-12-06;7;355
26;2025-12-06;8;616
26;2025-12-06;9;729
26;2025-12-06;10;829
26;2025-12-06;11;923
26;2025-12-06;12;958
26;2025-12-06;13;970
26;2025-12-06;14;1009
26;2025-12-06;15;945
26;2025-12-06;16;939
26;2025-12-06;17;945
26;2025-12-06;18;823
26;2025-12-06;19;736
26;2025-12-06;20;496
26;2025-12-06;21;359
26;2025-12-06;22;169
26;2025-12-06;23;137
26;2025-12-07;0;31
26;2025-12-07;1;1
26;2025-12-07;2;0
26;2025-12-07;3;0
26;2025-12-07;4;1
26;2025-12-07;5;4
26;2025-12-07;6;138
26;2025-12-07;7;236
26;2025-12-07;8;431
26;2025-12-07;9;516
26;2025-12-07;10;581
26;2025-12-07;11;729
26;2025-12-07;12;768
26;2025-12-07;13;813
26;2025-12-07;14;815
26;2025-12-07;15;771
26;2025-12-07;16;773
26;2025-12-07;17;788
26;2025-12-07;18;657
26;2025-12-07;19;504
26;2025-12-07;20;363
26;2025-12-07;21;277
26;2025-12-07;22;134
26;2025-12-07;23;89
26;2025-12-08;0;18
26;2025-12-08;1;1
26;2025-12-08;2;0
26;2025-12-08;3;0
26;2025-12-08;4;4
26;2025-12-08;5;73
26;2025-12-08;6;446
26;2025-12-08;7;1115
26;2025-12-08;8;2098
26;2025-12-08;9;1399
26;2025-12-08;10;1204
26;2025-12-08;11;1093
26;2025-12-08;12;1143
26;2025-12-08;13;1215
26;2025-12-08;14;1259
26;2025-12-08;15;1328
26;2025-12-08;16;1479
26;2025-12-08;17;1708
26;2025-12-08;18;1798
26;2025-12-08;19;1196
26;2025-12-08;20;734
26;2025-12-08;21;424
26;2025-12-08;22;158
26;2025-12-08;23;92
26;2025-12-09;0;19
26;2025-12-09;1;0
26;2025-12-09;2;0
26;2025-12-09;3;0
26;2025-12-09;4;3
26;2025-12-09;5;71
26;2025-12-09;6;453
26;2025-12-09;7;1125
26;2025-12-09;8;2152
26;2025-12-09;9;1425
26;2025-12-09;10;1232
26;2025-12-09;11;1147
26;2025-12-09;12;1186
26;2025-12-09;13;1231
26;2025-12-09;14;1303
26;2025-12-09;15;1350
26;2025-12-09;16;1486
26;2025-12-09;17;1723
26;2025-12-09;18;1847
26;2025-12-09;19;1244
26;2025-12-09;20;758
26;2025-12-09;21;436
26;2025-12-09;22;167
26;2025-12-09;23;91
26;2025-12-10;0;16
26;2025-12-10;1;1
26;2025-12-10;2;0
26;2025-12-10;3;0
26;2025-12-10;4;6
26;2025-12-10;5;74
26;2025-12-10;6;444
26;2025-12-10;7;1127
26;2025-12-10;8;2144
26;2025-12-10;9;1443
26;2025-12-10;10;1234
26;2025-12-10;11;1142
26;2025-12-10;12;1210
26;2025-12-10;13;1263
26;2025-12-10;14;1333
26;2025-12-10;15;1371
26;2025-12-10;16;1508
26;2025-12-10;17;1720
26;2025-12-10;18;1832
26;2025-12-10;19;1234
26;2025-12-10;20;752
26;2025-12-10;21;463
26;2025-12-10;22;179
26;2025-12-10;23;111
26;2025-12-11;0;25
26;2025-12-11;1;3
26;2025-12-11;2;0
26;2025-12-11;3;0
26;2025-12-11;4;3
26;2025-12-11;5;80
26;2025-12-11;6;460
26;2025-12-11;7;1134
26;2025-12-11;8;2159
26;2025-12-11;9;1445
26;2025-12-11;10;1217
26;2025-12-11;11;1138
26;2025-12-11;12;1183
26;2025-12-11;13;1232
26;2025-12-11;14;1328
26;2025-12-11;15;1359
26;2025-12-11;16;1503
26;2025-12-11;17;1728
26;2025-12-11;18;1832
26;2025-12-11;19;1225
26;2025-12-11;20;744
26;2025-12-11;21;461
26;2025-12-11;22;191
26;2025-12-11;23;122
26;2025-12-12;0;18
26;2025-12-12;1;2
26;2025-12-12;2;0
26;2025-12-12;3;0
26;2025-12-12;4;1
26;2025-12-12;5;58
26;2025-12-12;6;433
26;2025-12-12;7;1080
26;2025-12-12;8;2024
26;2025-12-12;9;1353
26;2025-12-12;10;1192
26;2025-12-12;11;1085
26;2025-12-12;12;1141
26;2025-12-12;13;1198
26;2025-12-12;14;1273
26;2025-12-12;15;1322
26;2025-12-12;16;1549
26;2025-12-12;17;1682
26;2025-12-12;18;1486
26;2025-12-12;19;1088
26;2025-12-12;20;703
26;2025-12-12;21;437
26;2025-12-12;22;171
26;2025-12-12;23;112
26;2025-12-13;0;35
26;2025-12-13;1;2
26;2025-12-13;2;0
26;2025-12-13;3;0
26;2025-12-13;4;1
26;2025-12-13;5;23
26;2025-12-13;6;226
26;2025-12-13;7;352
26;2025-12-13;8;614
26;2025-12-13;9;733
26;2025-12-13;10;827
26;2025-12-13;11;925
26;2025-12-13;12;958
26;2025-12-13;13;962
26;2025-12-13;14;999
26;2025-12-13;15;942
26;2025-12-13;16;937
26;2025-12-13;17;943
26;2025-12-13;18;829
26;2025-12-13;19;729
26;2025-12-13;20;481
26;2025-12-13;21;354
26;2025-12-13;22;166
26;2025-12-13;23;126
26;2025-12-14;0;25
26;2025-12-14;1;0
26;2025-12-14;2;0
26;2025-12-14;3;0
26;2025-12-14;4;2
26;2025-12-14;5;4
26;2025-12-14;6;133
26;2025-12-14;7;232
26;2025-12-14;8;425
26;2025-12-14;9;516
26;2025-12-14;10;583
26;2025-12-14;11;730
26;2025-12-14;12;768
26;2025-12-14;13;807
26;2025-12-14;14;807
26;2025-12-14;15;767
26;2025-12-14;16;769
26;2025-12-14;17;784
26;2025-12-14;18;655
26;2025-12-14;19;494
26;2025-12-14;20;356
26;2025-12-14;21;277
26;2025-12-14;22;133
26;2025-12-14;23;91
26;2025-12-15;0;18
26;2025-12-15;1;0
26;2025-12-15;2;0
26;2025-12-15;3;0
26;2025-12-15;4;5
26;2025-12-15;5;74
26;2025-12-15;6;443
26;2025-12-15;7;1119
26;2025-12-15;8;2096
26;2025-12-15;9;1405
26;2025-12-15;10;1211
26;2025-12-15;11;1079
26;2025-12-15;12;1144
26;2025-12-15;13;1211
26;2025-12-15;14;1254
26;2025-12-15;15;1323
26;2025-12-15;16;1481
26;2025-12-15;17;1709
26;2025-12-15;18;1802
26;2025-12-15;19;1198
26;2025-12-15;20;730
26;2025-12-15;21;425
26;2025-12-15;22;158
26;2025-12-15;23;95
26;2025-12-16;0;21
26;2025-12-16;1;1
26;2025-12-16;2;0
26;2025-12-16;3;0
26;2025-12-16;4;3
26;2025-12-16;5;69
26;2025-12-16;6;456
26;2025-12-16;7;1126
26;2025-12-16;8;2157
26;2025-12-16;9;1428
26;2025-12-16;10;1220
26;2025-12-16;11;1126
26;2025-12-16;12;1171
26;2025-12-16;13;1193
26;2025-12-16;14;1285
26;2025-12-16;15;1345
26;2025-12-16;16;1482
26;2025-12-16;17;1722
26;2025-12-16;18;1843
26;2025-12-16;19;1239
26;2025-12-16;20;755
26;2025-12-16;21;431
26;2025-12-16;22;166
26;2025-12-16;23;98
26;2025-12-17;0;19
26;2025-12-17;1;2
26;2025-12-17;2;0
26;2025-12-17;3;0
26;2025-12-17;4;4
26;2025-12-17;5;75
26;2025-12-17;6;447
26;2025-12-17;7;1123
26;2025-12-17;8;2150
26;2025-12-17;9;1436
26;2025-12-17;10;1246
26;2025-12-17;11;1154
26;2025-12-17;12;1209
26;2025-12-17;13;1259
26;2025-12-17;14;1330
26;2025-12-17;15;1366
26;2025-12-17;16;1507
26;2025-12-17;17;1720
26;2025-12-17;18;1828
26;2025-12-17;19;1231
26;2025-12-17;20;751
26;2025-12-17;21;463
26;2025-12-17;22;179
26;2025-12-17;23;112
26;2025-12-18;0;28
26;2025-12-18;1;4
26;2025-12-18;2;0
26;2025-12-18;3;0
26;2025-12-18;4;3
26;2025-12-18;5;81
26;2025-12-18;6;462
26;2025-12-18;7;1137
26;2025-12-18;8;2157
26;2025-12-18;9;1446
26;2025-12-18;10;1243
26;2025-12-18;11;1165
26;2025-12-18;12;1203
26;2025-12-18;13;1254
26;2025-12-18;14;1330
26;2025-12-18;15;1374
26;2025-12-18;16;1519
26;2025-12-18;17;1736
26;2025-12-18;18;1852
26;2025-12-18;19;1242
26;2025-12-18;20;759
26;2025-12-18;21;457
26;2025-12-18;22;190
26;2025-12-18;23;121
26;2025-12-19;0;18
26;2025-12-19;1;1
26;2025-12-19;2;0
26;2025-12-19;3;0
26;2025-12-19;4;1
26;2025-12-19;5;63
26;2025-12-19;6;445
26;2025-12-19;7;1092
26;2025-12-19;8;2041
26;2025-12-19;9;1369
26;2025-12-19;10;1204
26;2025-12-19;11;1095
26;2025-12-19;12;1150
26;2025-12-19;13;1230
26;2025-12-19;14;1301
26;2025-12-19;15;1371
26;2025-12-19;16;1568
26;2025-12-19;17;1687
26;2025-12-19;18;1495
26;2025-12-19;19;1085
26;2025-12-19;20;702
26;2025-12-19;21;433
26;2025-12-19;22;171
26;2025-12-19;23;122
26;2025-12-20;0;35
26;2025-12-20;1;2
26;2025-12-20;2;0
26;2025-12-20;3;0
26;2025-12-20;4;2
26;2025-12-20;5;32
26;2025-12-20;6;230
26;2025-12-20;7;358
26;2025-12-20;8;619
26;2025-12-20;9;729
26;2025-12-20;10;827
26;2025-12-20;11;928
26;2025-12-20;12;960
26;2025-12-20;13;974
26;2025-12-20;14;1011
26;2025-12-20;15;946
26;2025-12-20;16;940
26;2025-12-20;17;946
26;2025-12-20;18;829
26;2025-12-20;19;734
26;2025-12-20;20;494
26;2025-12-20;21;361
26;2025-12-20;22;168
26;2025-12-20;23;137
26;2025-12-21;0;31
26;2025-12-21;1;0
26;2025-12-21;2;0
26;2025-12-21;3;0
26;2025-12-21;4;2
26;2025-12-21;5;5
26;2025-12-21;6;151
26;2025-12-21;7;234
26;2025-12-21;8;436
26;2025-12-21;9;516
26;2025-12-21;10;580
26;2025-12-21;11;729
26;2025-12-21;12;767
26;2025-12-21;13;814
26;2025-12-21;14;814
26;2025-12-21;15;776
26;2025-12-21;16;773
26;2025-12-21;17;788
26;2025-12-21;18;657
26;2025-12-21;19;506
26;2025-12-21;20;363
26;2025-12-21;21;276
26;2025-12-21;22;130
26;2025-12-21;23;88
26;2025-12-22;0;12
26;2025-12-22;1;2
26;2025-12-22;2;0
26;2025-12-22;3;0
26;2025-12-22;4;3
26;2025-12-22;5;72
26;2025-12-22;6;444
26;2025-12-22;7;1112
26;2025-12-22;8;2096
26;2025-12-22;9;1402
26;2025-12-22;10;1188
26;2025-12-22;11;1087
26;2025-12-22;12;1137
26;2025-12-22;13;1215
26;2025-12-22;14;1259
26;2025-12-22;15;1316
26;2025-12-22;16;1476
26;2025-12-22;17;1705
26;2025-12-22;18;1787
26;2025-12-22;19;1197
26;2025-12-22;20;731
26;2025-12-22;21;425
26;2025-12-22;22;155
26;2025-12-22;23;82
26;2025-12-23;0;21
26;2025-12-23;1;1
26;2025-12-23;2;0
26;2025-12-23;3;0
26;2025-12-23;4;3
26;2025-12-23;5;73
26;2025-12-23;6;452
26;2025-12-23;7;1127
26;2025-12-23;8;2158
26;2025-12-23;9;1438
26;2025-12-23;10;1234
26;2025-12-23;11;1139
26;2025-12-23;12;1179
26;2025-12-23;13;1217
26;2025-12-23;14;1293
26;2025-12-23;15;1348
26;2025-12-23;16;1481
26;2025-12-23;17;1725
26;2025-12-23;18;1854
26;2025-12-23;19;1250
26;2025-12-23;20;758
26;2025-12-23;21;432
26;2025-12-23;22;168
26;2025-12-23;23;99
26;2025-12-24;0;20
26;2025-12-24;1;1
26;2025-12-24;2;0
26;2025-12-24;3;0
26;2025-12-24;4;6
26;2025-12-24;5;75
26;2025-12-24;6;441
26;2025-12-24;7;1115
26;2025-12-24;8;2139
26;2025-12-24;9;1437
26;2025-12-24;10;1245
26;2025-12-24;11;1144
26;2025-12-24;12;1181
26;2025-12-24;13;1220
26;2025-12-24;14;1321
26;2025-12-24;15;1348
26;2025-12-24;16;1505
26;2025-12-24;17;1721
26;2025-12-24;18;1814
26;2025-12-24;19;1230
26;2025-12-24;20;733
26;2025-12-24;21;442
26;2025-12-24;22;175
26;2025-12-24;23;98
26;2025-12-25;0;22
26;2025-12-25;1;5
26;2025-12-25;2;0
26;2025-12-25;3;0
26;2025-12-25;4;4
26;2025-12-25;5;80
26;2025-12-25;6;463
26;2025-12-25;7;1139
26;2025-12-25;8;2158
26;2025-12-25;9;1449
26;2025-12-25;10;1242
26;2025-12-25;11;1161
26;2025-12-25;12;1204
26;2025-12-25;13;1253
26;2025-12-25;14;1330
26;2025-12-25;15;1375
26;2025-12-25;16;1517
26;2025-12-25;17;1729
26;2025-12-25;18;1840
26;2025-12-25;19;1248
26;2025-12-25;20;736
26;2025-12-25;21;457
26;2025-12-25;22;181
26;2025-12-25;23;106
26;2025-12-26;0;14
26;2025-12-26;1;4
26;2025-12-26;2;0
26;2025-12-26;3;0
26;2025-12-26;4;0
26;2025-12-26;5;65
26;2025-12-26;6;442
26;2025-12-26;7;1104
26;2025-12-26;8;2052
26;2025-12-26;9;1392
26;2025-12-26;10;1190
26;2025-12-26;11;1090
26;2025-12-26;12;1143
26;2025-12-26;13;1221
26;2025-12-26;14;1293
26;2025-12-26;15;1366
26;2025-12-26;16;1564
26;2025-12-26;17;1693
26;2025-12-26;18;1494
26;2025-12-26;19;1103
26;2025-12-26;20;702
26;2025-12-26;21;434
26;2025-12-26;22;179
26;2025-12-26;23;127
26;2025-12-27;0;37
26;2025-12-27;1;3
26;2025-12-27;2;0
26;2025-12-27;3;0
26;2025-12-27;4;2
26;2025-12-27;5;33
26;2025-12-27;6;235
26;2025-12-27;7;361
26;2025-12-27;8;621
26;2025-12-27;9;742
26;2025-12-27;10;834
26;2025-12-27;11;931
26;2025-12-27;12;963
26;2025-12-27;13;971
26;2025-12-27;14;1010
26;2025-12-27;15;945
26;2025-12-27;16;936
26;2025-12-27;17;945
26;2025-12-27;18;832
26;2025-12-27;19;738
26;2025-12-27;20;498
26;2025-12-27;21;355
26;2025-12-27;22;167
26;2025-12-27;23;132
26;2025-12-28;0;29
26;2025-12-28;1;2
26;2025-12-28;2;0
26;2025-12-28;3;0
26;2025-12-28;4;4
26;2025-12-28;5;2
26;2025-12-28;6;139
26;2025-12-28;7;244
26;2025-12-28;8;451
26;2025-12-28;9;531
26;2025-12-28;10;586
26;2025-12-28;11;717
26;2025-12-28;12;759
26;2025-12-28;13;803
26;2025-12-28;14;806
26;2025-12-28;15;758
26;2025-12-28;16;765
26;2025-12-28;17;787
26;2025-12-28;18;657
26;2025-12-28;19;504
26;2025-12-28;20;361
26;2025-12-28;21;274
26;2025-12-28;22;137
26;2025-12-28;23;94
26;2025-12-29;0;21
26;2025-12-29;1;1
26;2025-12-29;2;0
26;2025-12-29;3;0
26;2025-12-29;4;6
26;2025-12-29;5;68
26;2025-12-29;6;450
26;2025-12-29;7;1124
26;2025-12-29;8;2105
26;2025-12-29;9;1417
26;2025-12-29;10;1208
26;2025-12-29;11;1093
26;2025-12-29;12;1141
26;2025-12-29;13;1202
26;2025-12-29;14;1255
26;2025-12-29;15;1320
26;2025-12-29;16;1476
26;2025-12-29;17;1713
26;2025-12-29;18;1795
26;2025-12-29;19;1211
26;2025-12-29;20;727
26;2025-12-29;21;421
26;2025-12-29;22;163
26;2025-12-29;23;83
26;2025-12-30;0;15
26;2025-12-30;1;0
26;2025-12-30;2;0
26;2025-12-30;3;0
26;2025-12-30;4;3
26;2025-12-30;5;64
26;2025-12-30;6;452
26;2025-12-30;7;1130
26;2025-12-30;8;2161
26;2025-12-30;9;1434
26;2025-12-30;10;1205
26;2025-12-30;11;1120
26;2025-12-30;12;1159
26;2025-12-30;13;1197
26;2025-12-30;14;1283
26;2025-12-30;15;1349
26;2025-12-30;16;1478
26;2025-12-30;17;1723
26;2025-12-30;18;1841
26;2025-12-30;19;1254
26;2025-12-30;20;738
26;2025-12-30;21;424
26;2025-12-30;22;171
26;2025-12-30;23;95
26;2025-12-31;0;15
26;2025-12-31;1;0
26;2025-12-31;2;0
26;2025-12-31;3;0
26;2025-12-31;4;2
26;2025-12-31;5;22
26;2025-12-31;6;227
26;2025-12-31;7;332
26;2025-12-31;8;629
26;2025-12-31;9;592
26;2025-12-31;10;637
26;2025-12-31;11;704
26;2025-12-31;12;767
26;2025-12-31;13;750
26;2025-12-31;14;800
26;2025-12-31;15;748
26;2025-12-31;16;754
26;2025-12-31;17;803
26;2025-12-31;18;707
26;2025-12-31;19;589
26;2025-12-31;20;386
26;2025-12-31;21;329
26;2025-12-31;22;147
26;2025-12-31;23;93
28;2025-11-01;0;0
28;2025-11-01;1;0
28;2025-11-01;2;0
28;2025-11-01;3;0
28;2025-11-01;4;0
28;2025-11-01;5;62
28;2025-11-01;6;231
28;2025-11-01;7;721
28;2025-11-01;8;1107
28;2025-11-01;9;825
28;2025-11-01;10;638
28;2025-11-01;11;598
28;2025-11-01;12;726
28;2025-11-01;13;756
28;2025-11-01;14;733
28;2025-11-01;15;782
28;2025-11-01;16;902
28;2025-11-01;17;976
28;2025-11-01;18;869
28;2025-11-01;19;616
28;2025-11-01;20;448
28;2025-11-01;21;297
28;2025-11-01;22;90
28;2025-11-01;23;2
28;2025-11-02;0;0
28;2025-11-02;1;0
28;2025-11-02;2;0
28;2025-11-02;3;0
28;2025-11-02;4;0
28;2025-11-02;5;0
28;2025-11-02;6;54
28;2025-11-02;7;136
28;2025-11-02;8;246
28;2025-11-02;9;284
28;2025-11-02;10;333
28;2025-11-02;11;372
28;2025-11-02;12;448
28;2025-11-02;13;498
28;2025-11-02;14;491
28;2025-11-02;15;481
28;2025-11-02;16;459
28;2025-11-02;17;486
28;2025-11-02;18;403
28;2025-11-02;19;321
28;2025-11-02;20;267
28;2025-11-02;21;195
28;2025-11-02;22;58
28;2025-11-02;23;0
28;2025-11-03;0;0
28;2025-11-03;1;0
28;2025-11-03;2;0
28;2025-11-03;3;0
28;2025-11-03;4;0
28;2025-11-03;5;0
28;2025-11-03;6;78
28;2025-11-03;7;180
28;2025-11-03;8;370
28;2025-11-03;9;325
28;2025-11-03;10;386
28;2025-11-03;11;356
28;2025-11-03;12;445
28;2025-11-03;13;460
28;2025-11-03;14;456
28;2025-11-03;15;453
28;2025-11-03;16;471
28;2025-11-03;17;499
28;2025-11-03;18;468
28;2025-11-03;19;357
28;2025-11-03;20;279
28;2025-11-03;21;219
28;2025-11-03;22;68
28;2025-11-03;23;0
28;2025-11-04;0;4
28;2025-11-04;1;0
28;2025-11-04;2;0
28;2025-11-04;3;0
28;2025-11-04;4;0
28;2025-11-04;5;19
28;2025-11-04;6;89
28;2025-11-04;7;196
28;2025-11-04;8;339
28;2025-11-04;9;308
28;2025-11-04;10;353
28;2025-11-04;11;336
28;2025-11-04;12;401
28;2025-11-04;13;447
28;2025-11-04;14;489
28;2025-11-04;15;495
28;2025-11-04;16;473
28;2025-11-04;17;516
28;2025-11-04;18;476
28;2025-11-04;19;359
28;2025-11-04;20;292
28;2025-11-04;21;232
28;2025-11-04;22;84
28;2025-11-04;23;5
28;2025-11-05;0;3
28;2025-11-05;1;0
28;2025-11-05;2;0
28;2025-11-05;3;0
28;2025-11-05;4;3
28;2025-11-05;5;65
28;2025-11-05;6;220
28;2025-11-05;7;729
28;2025-11-05;8;1219
28;2025-11-05;9;827
28;2025-11-05;10;636
28;2025-11-05;11;591
28;2025-11-05;12;710
28;2025-11-05;13;735
28;2025-11-05;14;684
28;2025-11-05;15;743
28;2025-11-05;16;879
28;2025-11-05;17;1023
28;2025-11-05;18;1027
28;2025-11-05;19;709
28;2025-11-05;20;473
28;2025-11-05;21;301
28;2025-11-05;22;111
28;2025-11-05;23;7
28;2025-11-06;0;0
28;2025-11-06;1;0
28;2025-11-06;2;0
28;2025-11-06;3;0
28;2025-11-06;4;2
28;2025-11-06;5;69
28;2025-11-06;6;249
28;2025-11-06;7;761
28;2025-11-06;8;1238
28;2025-11-06;9;839
28;2025-11-06;10;634
28;2025-11-06;11;588
28;2025-11-06;12;700
28;2025-11-06;13;733
28;2025-11-06;14;687
28;2025-11-06;15;752
28;2025-11-06;16;890
28;2025-11-06;17;1023
28;2025-11-06;18;1034
28;2025-11-06;19;711
28;2025-11-06;20;449
28;2025-11-06;21;303
28;2025-11-06;22;113
28;2025-11-06;23;8
28;2025-11-07;0;2
28;2025-11-07;1;0
28;2025-11-07;2;0
28;2025-11-07;3;0
28;2025-11-07;4;3
28;2025-11-07;5;77
28;2025-11-07;6;245
28;2025-11-07;7;746
28;2025-11-07;8;1184
28;2025-11-07;9;821
28;2025-11-07;10;612
28;2025-11-07;11;572
28;2025-11-07;12;700
28;2025-11-07;13;734
28;2025-11-07;14;702
28;2025-11-07;15;768
28;2025-11-07;16;938
28;2025-11-07;17;1007
28;2025-11-07;18;877
28;2025-11-07;19;641
28;2025-11-07;20;428
28;2025-11-07;21;316
28;2025-11-07;22;115
28;2025-11-07;23;23
28;2025-11-08;0;6
28;2025-11-08;1;0
28;2025-11-08;2;0
28;2025-11-08;3;0
28;2025-11-08;4;0
28;2025-11-08;5;22
28;2025-11-08;6;87
28;2025-11-08;7;215
28;2025-11-08;8;378
28;2025-11-08;9;413
28;2025-11-08;10;461
28;2025-11-08;11;462
28;2025-11-08;12;556
28;2025-11-08;13;569
28;2025-11-08;14;580
28;2025-11-08;15;565
28;2025-11-08;16;553
28;2025-11-08;17;554
28;2025-11-08;18;470
28;2025-11-08;19;385
28;2025-11-08;20;302
28;2025-11-08;21;243
28;2025-11-08;22;92
28;2025-11-08;23;10
28;2025-11-09;0;3
28;2025-11-09;1;0
28;2025-11-09;2;0
28;2025-11-09;3;0
28;2025-11-09;4;0
28;2025-11-09;5;13
28;2025-11-09;6;74
28;2025-11-09;7;155
28;2025-11-09;8;265
28;2025-11-09;9;304
28;2025-11-09;10;354
28;2025-11-09;11;373
28;2025-11-09;12;445
28;2025-11-09;13;499
28;2025-11-09;14;493
28;2025-11-09;15;480
28;2025-11-09;16;451
28;2025-11-09;17;461
28;2025-11-09;18;379
28;2025-11-09;19;303
28;2025-11-09;20;250
28;2025-11-09;21;198
28;2025-11-09;22;61
28;2025-11-09;23;0
28;2025-11-10;0;0
28;2025-11-10;1;0
28;2025-11-10;2;0
28;2025-11-10;3;0
28;2025-11-10;4;0
28;2025-11-10;5;49
28;2025-11-10;6;220
28;2025-11-10;7;731
28;2025-11-10;8;1188
28;2025-11-10;9;803
28;2025-11-10;10;597
28;2025-11-10;11;534
28;2025-11-10;12;639
28;2025-11-10;13;685
28;2025-11-10;14;614
28;2025-11-10;15;687
28;2025-11-10;16;832
28;2025-11-10;17;963
28;2025-11-10;18;962
28;2025-11-10;19;667
28;2025-11-10;20;434
28;2025-11-10;21;260
28;2025-11-10;22;72
28;2025-11-10;23;0
28;2025-11-11;0;0
28;2025-11-11;1;0
28;2025-11-11;2;0
28;2025-11-11;3;0
28;2025-11-11;4;0
28;2025-11-11;5;49
28;2025-11-11;6;225
28;2025-11-11;7;740
28;2025-11-11;8;1211
28;2025-11-11;9;811
28;2025-11-11;10;614
28;2025-11-11;11;550
28;2025-11-11;12;655
28;2025-11-11;13;716
28;2025-11-11;14;660
28;2025-11-11;15;700
28;2025-11-11;16;826
28;2025-11-11;17;974
28;2025-11-11;18;996
28;2025-11-11;19;684
28;2025-11-11;20;447
28;2025-11-11;21;271
28;2025-11-11;22;87
28;2025-11-11;23;0
28;2025-11-12;0;0
28;2025-11-12;1;0
28;2025-11-12;2;0
28;2025-11-12;3;0
28;2025-11-12;4;0
28;2025-11-12;5;50
28;2025-11-12;6;222
28;2025-11-12;7;736
28;2025-11-12;8;1223
28;2025-11-12;9;831
28;2025-11-12;10;621
28;2025-11-12;11;578
28;2025-11-12;12;692
28;2025-11-12;13;718
28;2025-11-12;14;664
28;2025-11-12;15;723
28;2025-11-12;16;856
28;2025-11-12;17;1001
28;2025-11-12;18;1015
28;2025-11-12;19;693
28;2025-11-12;20;458
28;2025-11-12;21;280
28;2025-11-12;22;91
28;2025-11-12;23;0
28;2025-11-13;0;0
28;2025-11-13;1;0
28;2025-11-13;2;0
28;2025-11-13;3;0
28;2025-11-13;4;0
28;2025-11-13;5;50
28;2025-11-13;6;229
28;2025-11-13;7;736
28;2025-11-13;8;1217
28;2025-11-13;9;823
28;2025-11-13;10;617
28;2025-11-13;11;572
28;2025-11-13;12;701
28;2025-11-13;13;737
28;2025-11-13;14;688
28;2025-11-13;15;746
28;2025-11-13;16;883
28;2025-11-13;17;1028
28;2025-11-13;18;1041
28;2025-11-13;19;715
28;2025-11-13;20;467
28;2025-11-13;21;291
28;2025-11-13;22;93
28;2025-11-13;23;0
28;2025-11-14;0;0
28;2025-11-14;1;0
28;2025-11-14;2;0
28;2025-11-14;3;0
28;2025-11-14;4;0
28;2025-11-14;5;49
28;2025-11-14;6;218
28;2025-11-14;7;724
28;2025-11-14;8;1150
28;2025-11-14;9;807
28;2025-11-14;10;621
28;2025-11-14;11;579
28;2025-11-14;12;697
28;2025-11-14;13;734
28;2025-11-14;14;695
28;2025-11-14;15;755
28;2025-11-14;16;925
28;2025-11-14;17;1007
28;2025-11-14;18;873
28;2025-11-14;19;641
28;2025-11-14;20;447
28;2025-11-14;21;308
28;2025-11-14;22;109
28;2025-11-14;23;13
28;2025-11-15;0;0
28;2025-11-15;1;0
28;2025-11-15;2;0
28;2025-11-15;3;0
28;2025-11-15;4;0
28;2025-11-15;5;3
28;2025-11-15;6;75
28;2025-11-15;7;201
28;2025-11-15;8;365
28;2025-11-15;9;401
28;2025-11-15;10;428
28;2025-11-15;11;421
28;2025-11-15;12;526
28;2025-11-15;13;546
28;2025-11-15;14;554
28;2025-11-15;15;530
28;2025-11-15;16;536
28;2025-11-15;17;545
28;2025-11-15;18;453
28;2025-11-15;19;375
28;2025-11-15;20;294
28;2025-11-15;21;220
28;2025-11-15;22;68
28;2025-11-15;23;0
28;2025-11-16;0;0
28;2025-11-16;1;0
28;2025-11-16;2;0
28;2025-11-16;3;0
28;2025-11-16;4;0
28;2025-11-16;5;0
28;2025-11-16;6;45
28;2025-11-16;7;130
28;2025-11-16;8;244
28;2025-11-16;9;290
28;2025-11-16;10;345
28;2025-11-16;11;358
28;2025-11-16;12;438
28;2025-11-16;13;499
28;2025-11-16;14;483
28;2025-11-16;15;451
28;2025-11-16;16;441
28;2025-11-16;17;450
28;2025-11-16;18;372
28;2025-11-16;19;295
28;2025-11-16;20;247
28;2025-11-16;21;191
28;2025-11-16;22;54
28;2025-11-16;23;0
28;2025-11-17;0;0
28;2025-11-17;1;0
28;2025-11-17;2;0
28;2025-11-17;3;0
28;2025-11-17;4;0
28;2025-11-17;5;45
28;2025-11-17;6;215
28;2025-11-17;7;726
28;2025-11-17;8;1180
28;2025-11-17;9;806
28;2025-11-17;10;605
28;2025-11-17;11;543
28;2025-11-17;12;654
28;2025-11-17;13;661
28;2025-11-17;14;616
28;2025-11-17;15;690
28;2025-11-17;16;838
28;2025-11-17;17;968
28;2025-11-17;18;958
28;2025-11-17;19;665
28;2025-11-17;20;431
28;2025-11-17;21;265
28;2025-11-17;22;68
28;2025-11-17;23;0
28;2025-11-18;0;0
28;2025-11-18;1;0
28;2025-11-18;2;0
28;2025-11-18;3;0
28;2025-11-18;4;0
28;2025-11-18;5;56
28;2025-11-18;6;248
28;2025-11-18;7;756
28;2025-11-18;8;1234
28;2025-11-18;9;816
28;2025-11-18;10;598
28;2025-11-18;11;577
28;2025-11-18;12;693
28;2025-11-18;13;705
28;2025-11-18;14;651
28;2025-11-18;15;726
28;2025-11-18;16;835
28;2025-11-18;17;976
28;2025-11-18;18;1000
28;2025-11-18;19;691
28;2025-11-18;20;446
28;2025-11-18;21;272
28;2025-11-18;22;88
28;2025-11-18;23;0
28;2025-11-19;0;0
28;2025-11-19;1;0
28;2025-11-19;2;0
28;2025-11-19;3;0
28;2025-11-19;4;1
28;2025-11-19;5;53
28;2025-11-19;6;225
28;2025-11-19;7;740
28;2025-11-19;8;1225
28;2025-11-19;9;835
28;2025-11-19;10;620
28;2025-11-19;11;580
28;2025-11-19;12;690
28;2025-11-19;13;724
28;2025-11-19;14;663
28;2025-11-19;15;722
28;2025-11-19;16;861
28;2025-11-19;17;1008
28;2025-11-19;18;1014
28;2025-11-19;19;692
28;2025-11-19;20;458
28;2025-11-19;21;281
28;2025-11-19;22;92
28;2025-11-19;23;0
28;2025-11-20;0;0
28;2025-11-20;1;0
28;2025-11-20;2;0
28;2025-11-20;3;0
28;2025-11-20;4;0
28;2025-11-20;5;51
28;2025-11-20;6;226
28;2025-11-20;7;741
28;2025-11-20;8;1227
28;2025-11-20;9;836
28;2025-11-20;10;621
28;2025-11-20;11;569
28;2025-11-20;12;682
28;2025-11-20;13;718
28;2025-11-20;14;666
28;2025-11-20;15;729
28;2025-11-20;16;861
28;2025-11-20;17;1009
28;2025-11-20;18;1024
28;2025-11-20;19;700
28;2025-11-20;20;458
28;2025-11-20;21;284
28;2025-11-20;22;94
28;2025-11-20;23;0
28;2025-11-21;0;0
28;2025-11-21;1;0
28;2025-11-21;2;0
28;2025-11-21;3;0
28;2025-11-21;4;0
28;2025-11-21;5;52
28;2025-11-21;6;227
28;2025-11-21;7;725
28;2025-11-21;8;1160
28;2025-11-21;9;800
28;2025-11-21;10;601
28;2025-11-21;11;558
28;2025-11-21;12;684
28;2025-11-21;13;716
28;2025-11-21;14;672
28;2025-11-21;15;735
28;2025-11-21;16;903
28;2025-11-21;17;984
28;2025-11-21;18;855
28;2025-11-21;19;623
28;2025-11-21;20;416
28;2025-11-21;21;284
28;2025-11-21;22;84
28;2025-11-21;23;0
28;2025-11-22;0;0
28;2025-11-22;1;0
28;2025-11-22;2;0
28;2025-11-22;3;0
28;2025-11-22;4;0
28;2025-11-22;5;0
28;2025-11-22;6;72
28;2025-11-22;7;202
28;2025-11-22;8;375
28;2025-11-22;9;411
28;2025-11-22;10;454
28;2025-11-22;11;447
28;2025-11-22;12;538
28;2025-11-22;13;554
28;2025-11-22;14;553
28;2025-11-22;15;537
28;2025-11-22;16;532
28;2025-11-22;17;547
28;2025-11-22;18;459
28;2025-11-22;19;374
28;2025-11-22;20;290
28;2025-11-22;21;221
28;2025-11-22;22;77
28;2025-11-22;23;0
28;2025-11-23;0;0
28;2025-11-23;1;0
28;2025-11-23;2;0
28;2025-11-23;3;0
28;2025-11-23;4;0
28;2025-11-23;5;0
28;2025-11-23;6;55
28;2025-11-23;7;142
28;2025-11-23;8;255
28;2025-11-23;9;296
28;2025-11-23;10;338
28;2025-11-23;11;352
28;2025-11-23;12;436
28;2025-11-23;13;498
28;2025-11-23;14;494
28;2025-11-23;15;482
28;2025-11-23;16;456
28;2025-11-23;17;462
28;2025-11-23;18;382
28;2025-11-23;19;302
28;2025-11-23;20;250
28;2025-11-23;21;199
28;2025-11-23;22;61
28;2025-11-23;23;0
28;2025-11-24;0;0
28;2025-11-24;1;0
28;2025-11-24;2;0
28;2025-11-24;3;0
28;2025-11-24;4;3
28;2025-11-24;5;44
28;2025-11-24;6;209
28;2025-11-24;7;742
28;2025-11-24;8;1200
28;2025-11-24;9;813
28;2025-11-24;10;570
28;2025-11-24;11;513
28;2025-11-24;12;655
28;2025-11-24;13;684
28;2025-11-24;14;622
28;2025-11-24;15;701
28;2025-11-24;16;833
28;2025-11-24;17;964
28;2025-11-24;18;962
28;2025-11-24;19;669
28;2025-11-24;20;434
28;2025-11-24;21;264
28;2025-11-24;22;72
28;2025-11-24;23;0
28;2025-11-25;0;0
28;2025-11-25;1;0
28;2025-11-25;2;0
28;2025-11-25;3;0
28;2025-11-25;4;0
28;2025-11-25;5;49
28;2025-11-25;6;224
28;2025-11-25;7;738
28;2025-11-25;8;1209
28;2025-11-25;9;816
28;2025-11-25;10;618
28;2025-11-25;11;555
28;2025-11-25;12;662
28;2025-11-25;13;704
28;2025-11-25;14;636
28;2025-11-25;15;699
28;2025-11-25;16;824
28;2025-11-25;17;975
28;2025-11-25;18;995
28;2025-11-25;19;683
28;2025-11-25;20;445
28;2025-11-25;21;268
28;2025-11-25;22;86
28;2025-11-25;23;0
28;2025-11-26;0;0
28;2025-11-26;1;0
28;2025-11-26;2;0
28;2025-11-26;3;0
28;2025-11-26;4;1
28;2025-11-26;5;51
28;2025-11-26;6;221
28;2025-11-26;7;729
28;2025-11-26;8;1230
28;2025-11-26;9;841
28;2025-11-26;10;608
28;2025-11-26;11;576
28;2025-11-26;12;693
28;2025-11-26;13;730
28;2025-11-26;14;669
28;2025-11-26;15;728
28;2025-11-26;16;857
28;2025-11-26;17;1004
28;2025-11-26;18;1017
28;2025-11-26;19;700
28;2025-11-26;20;461
28;2025-11-26;21;284
28;2025-11-26;22;97
28;2025-11-26;23;0
28;2025-11-27;0;0
28;2025-11-27;1;0
28;2025-11-27;2;0
28;2025-11-27;3;0
28;2025-11-27;4;0
28;2025-11-27;5;50
28;2025-11-27;6;226
28;2025-11-27;7;737
28;2025-11-27;8;1218
28;2025-11-27;9;821
28;2025-11-27;10;614
28;2025-11-27;11;567
28;2025-11-27;12;678
28;2025-11-27;13;714
28;2025-11-27;14;664
28;2025-11-27;15;728
28;2025-11-27;16;862
28;2025-11-27;17;1008
28;2025-11-27;18;1015
28;2025-11-27;19;697
28;2025-11-27;20;449
28;2025-11-27;21;289
28;2025-11-27;22;89
28;2025-11-27;23;0
28;2025-11-28;0;0
28;2025-11-28;1;0
28;2025-11-28;2;0
28;2025-11-28;3;0
28;2025-11-28;4;2
28;2025-11-28;5;69
28;2025-11-28;6;221
28;2025-11-28;7;726
28;2025-11-28;8;1158
28;2025-11-28;9;797
28;2025-11-28;10;600
28;2025-11-28;11;556
28;2025-11-28;12;672
28;2025-11-28;13;714
28;2025-11-28;14;672
28;2025-11-28;15;736
28;2025-11-28;16;905
28;2025-11-28;17;983
28;2025-11-28;18;855
28;2025-11-28;19;623
28;2025-11-28;20;417
28;2025-11-28;21;285
28;2025-11-28;22;84
28;2025-11-28;23;0
28;2025-11-29;0;0
28;2025-11-29;1;0
28;2025-11-29;2;0
28;2025-11-29;3;0
28;2025-11-29;4;0
28;2025-11-29;5;4
28;2025-11-29;6;71
28;2025-11-29;7;206
28;2025-11-29;8;374
28;2025-11-29;9;415
28;2025-11-29;10;455
28;2025-11-29;11;448
28;2025-11-29;12;539
28;2025-11-29;13;555
28;2025-11-29;14;555
28;2025-11-29;15;535
28;2025-11-29;16;531
28;2025-11-29;17;547
28;2025-11-29;18;459
28;2025-11-29;19;373
28;2025-11-29;20;291
28;2025-11-29;21;227
28;2025-11-29;22;73
28;2025-11-29;23;0
28;2025-11-30;0;0
28;2025-11-30;1;0
28;2025-11-30;2;0
28;2025-11-30;3;0
28;2025-11-30;4;0
28;2025-11-30;5;0
28;2025-11-30;6;56
28;2025-11-30;7;144
28;2025-11-30;8;255
28;2025-11-30;9;295
28;2025-11-30;10;339
28;2025-11-30;11;354
28;2025-11-30;12;425
28;2025-11-30;13;482
28;2025-11-30;14;470
28;2025-11-30;15;464
28;2025-11-30;16;444
28;2025-11-30;17;464
28;2025-11-30;18;384
28;2025-11-30;19;303
28;2025-11-30;20;250
28;2025-11-30;21;199
28;2025-11-30;22;62
28;2025-11-30;23;0
28;2025-12-01;0;0
28;2025-12-01;1;0
28;2025-12-01;2;0
28;2025-12-01;3;0
28;2025-12-01;4;4
28;2025-12-01;5;56
28;2025-12-01;6;220
28;2025-12-01;7;734
28;2025-12-01;8;1191
28;2025-12-01;9;809
28;2025-12-01;10;598
28;2025-12-01;11;536
28;2025-12-01;12;641
28;2025-12-01;13;685
28;2025-12-01;14;615
28;2025-12-01;15;685
28;2025-12-01;16;834
28;2025-12-01;17;965
28;2025-12-01;18;964
28;2025-12-01;19;668
28;2025-12-01;20;434
28;2025-12-01;21;261
28;2025-12-01;22;71
28;2025-12-01;23;0
28;2025-12-02;0;0
28;2025-12-02;1;0
28;2025-12-02;2;0
28;2025-12-02;3;0
28;2025-12-02;4;1
28;2025-12-02;5;51
28;2025-12-02;6;226
28;2025-12-02;7;744
28;2025-12-02;8;1209
28;2025-12-02;9;817
28;2025-12-02;10;617
28;2025-12-02;11;556
28;2025-12-02;12;660
28;2025-12-02;13;700
28;2025-12-02;14;638
28;2025-12-02;15;702
28;2025-12-02;16;827
28;2025-12-02;17;978
28;2025-12-02;18;999
28;2025-12-02;19;685
28;2025-12-02;20;447
28;2025-12-02;21;273
28;2025-12-02;22;89
28;2025-12-02;23;0
28;2025-12-03;0;0
28;2025-12-03;1;0
28;2025-12-03;2;0
28;2025-12-03;3;0
28;2025-12-03;4;0
28;2025-12-03;5;53
28;2025-12-03;6;226
28;2025-12-03;7;739
28;2025-12-03;8;1226
28;2025-12-03;9;836
28;2025-12-03;10;621
28;2025-12-03;11;577
28;2025-12-03;12;687
28;2025-12-03;13;722
28;2025-12-03;14;662
28;2025-12-03;15;724
28;2025-12-03;16;861
28;2025-12-03;17;1007
28;2025-12-03;18;1013
28;2025-12-03;19;693
28;2025-12-03;20;459
28;2025-12-03;21;282
28;2025-12-03;22;93
28;2025-12-03;23;0
28;2025-12-04;0;0
28;2025-12-04;1;0
28;2025-12-04;2;0
28;2025-12-04;3;0
28;2025-12-04;4;0
28;2025-12-04;5;50
28;2025-12-04;6;226
28;2025-12-04;7;745
28;2025-12-04;8;1226
28;2025-12-04;9;834
28;2025-12-04;10;621
28;2025-12-04;11;569
28;2025-12-04;12;679
28;2025-12-04;13;718
28;2025-12-04;14;665
28;2025-12-04;15;730
28;2025-12-04;16;860
28;2025-12-04;17;1007
28;2025-12-04;18;1020
28;2025-12-04;19;697
28;2025-12-04;20;458
28;2025-12-04;21;283
28;2025-12-04;22;93
28;2025-12-04;23;0
28;2025-12-05;0;0
28;2025-12-05;1;0
28;2025-12-05;2;0
28;2025-12-05;3;0
28;2025-12-05;4;0
28;2025-12-05;5;51
28;2025-12-05;6;222
28;2025-12-05;7;734
28;2025-12-05;8;1161
28;2025-12-05;9;799
28;2025-12-05;10;603
28;2025-12-05;11;558
28;2025-12-05;12;672
28;2025-12-05;13;714
28;2025-12-05;14;672
28;2025-12-05;15;735
28;2025-12-05;16;905
28;2025-12-05;17;985
28;2025-12-05;18;855
28;2025-12-05;19;623
28;2025-12-05;20;425
28;2025-12-05;21;285
28;2025-12-05;22;85
28;2025-12-05;23;0
28;2025-12-06;0;0
28;2025-12-06;1;0
28;2025-12-06;2;0
28;2025-12-06;3;0
28;2025-12-06;4;0
28;2025-12-06;5;4
28;2025-12-06;6;70
28;2025-12-06;7;204
28;2025-12-06;8;375
28;2025-12-06;9;409
28;2025-12-06;10;453
28;2025-12-06;11;443
28;2025-12-06;12;535
28;2025-12-06;13;550
28;2025-12-06;14;554
28;2025-12-06;15;536
28;2025-12-06;16;530
28;2025-12-06;17;545
28;2025-12-06;18;457
28;2025-12-06;19;371
28;2025-12-06;20;290
28;2025-12-06;21;226
28;2025-12-06;22;73
28;2025-12-06;23;0
28;2025-12-07;0;0
28;2025-12-07;1;0
28;2025-12-07;2;0
28;2025-12-07;3;0
28;2025-12-07;4;0
28;2025-12-07;5;0
28;2025-12-07;6;56
28;2025-12-07;7;144
28;2025-12-07;8;254
28;2025-12-07;9;297
28;2025-12-07;10;338
28;2025-12-07;11;355
28;2025-12-07;12;427
28;2025-12-07;13;482
28;2025-12-07;14;470
28;2025-12-07;15;463
28;2025-12-07;16;444
28;2025-12-07;17;462
28;2025-12-07;18;384
28;2025-12-07;19;302
28;2025-12-07;20;249
28;2025-12-07;21;199
28;2025-12-07;22;61
28;2025-12-07;23;0
28;2025-12-08;0;0
28;2025-12-08;1;0
28;2025-12-08;2;0
28;2025-12-08;3;0
28;2025-12-08;4;1
28;2025-12-08;5;50
28;2025-12-08;6;221
28;2025-12-08;7;734
28;2025-12-08;8;1191
28;2025-12-08;9;805
28;2025-12-08;10;596
28;2025-12-08;11;537
28;2025-12-08;12;641
28;2025-12-08;13;685
28;2025-12-08;14;615
28;2025-12-08;15;685
28;2025-12-08;16;833
28;2025-12-08;17;964
28;2025-12-08;18;963
28;2025-12-08;19;669
28;2025-12-08;20;434
28;2025-12-08;21;261
28;2025-12-08;22;73
28;2025-12-08;23;0
28;2025-12-09;0;0
28;2025-12-09;1;0
28;2025-12-09;2;0
28;2025-12-09;3;0
28;2025-12-09;4;1
28;2025-12-09;5;51
28;2025-12-09;6;226
28;2025-12-09;7;741
28;2025-12-09;8;1206
28;2025-12-09;9;821
28;2025-12-09;10;620
28;2025-12-09;11;556
28;2025-12-09;12;662
28;2025-12-09;13;703
28;2025-12-09;14;639
28;2025-12-09;15;702
28;2025-12-09;16;831
28;2025-12-09;17;979
28;2025-12-09;18;1001
28;2025-12-09;19;686
28;2025-12-09;20;447
28;2025-12-09;21;273
28;2025-12-09;22;94
28;2025-12-09;23;0
28;2025-12-10;0;0
28;2025-12-10;1;0
28;2025-12-10;2;0
28;2025-12-10;3;0
28;2025-12-10;4;0
28;2025-12-10;5;58
28;2025-12-10;6;231
28;2025-12-10;7;730
28;2025-12-10;8;1227
28;2025-12-10;9;845
28;2025-12-10;10;613
28;2025-12-10;11;577
28;2025-12-10;12;691
28;2025-12-10;13;727
28;2025-12-10;14;663
28;2025-12-10;15;722
28;2025-12-10;16;862
28;2025-12-10;17;1008
28;2025-12-10;18;1015
28;2025-12-10;19;692
28;2025-12-10;20;458
28;2025-12-10;21;280
28;2025-12-10;22;92
28;2025-12-10;23;0
28;2025-12-11;0;0
28;2025-12-11;1;0
28;2025-12-11;2;0
28;2025-12-11;3;0
28;2025-12-11;4;0
28;2025-12-11;5;49
28;2025-12-11;6;226
28;2025-12-11;7;742
28;2025-12-11;8;1216
28;2025-12-11;9;838
28;2025-12-11;10;622
28;2025-12-11;11;574
28;2025-12-11;12;684
28;2025-12-11;13;717
28;2025-12-11;14;664
28;2025-12-11;15;732
28;2025-12-11;16;859
28;2025-12-11;17;1008
28;2025-12-11;18;1024
28;2025-12-11;19;700
28;2025-12-11;20;455
28;2025-12-11;21;282
28;2025-12-11;22;98
28;2025-12-11;23;0
28;2025-12-12;0;0
28;2025-12-12;1;0
28;2025-12-12;2;0
28;2025-12-12;3;0
28;2025-12-12;4;0
28;2025-12-12;5;49
28;2025-12-12;6;220
28;2025-12-12;7;726
28;2025-12-12;8;1164
28;2025-12-12;9;790
28;2025-12-12;10;608
28;2025-12-12;11;554
28;2025-12-12;12;682
28;2025-12-12;13;708
28;2025-12-12;14;665
28;2025-12-12;15;732
28;2025-12-12;16;901
28;2025-12-12;17;984
28;2025-12-12;18;863
28;2025-12-12;19;624
28;2025-12-12;20;416
28;2025-12-12;21;282
28;2025-12-12;22;85
28;2025-12-12;23;0
28;2025-12-13;0;0
28;2025-12-13;1;0
28;2025-12-13;2;0
28;2025-12-13;3;0
28;2025-12-13;4;0
28;2025-12-13;5;2
28;2025-12-13;6;71
28;2025-12-13;7;201
28;2025-12-13;8;367
28;2025-12-13;9;413
28;2025-12-13;10;458
28;2025-12-13;11;446
28;2025-12-13;12;544
28;2025-12-13;13;561
28;2025-12-13;14;559
28;2025-12-13;15;534
28;2025-12-13;16;531
28;2025-12-13;17;546
28;2025-12-13;18;461
28;2025-12-13;19;376
28;2025-12-13;20;282
28;2025-12-13;21;219
28;2025-12-13;22;75
28;2025-12-13;23;0
28;2025-12-14;0;0
28;2025-12-14;1;0
28;2025-12-14;2;0
28;2025-12-14;3;0
28;2025-12-14;4;0
28;2025-12-14;5;0
28;2025-12-14;6;50
28;2025-12-14;7;136
28;2025-12-14;8;244
28;2025-12-14;9;299
28;2025-12-14;10;349
28;2025-12-14;11;359
28;2025-12-14;12;437
28;2025-12-14;13;488
28;2025-12-14;14;466
28;2025-12-14;15;458
28;2025-12-14;16;440
28;2025-12-14;17;459
28;2025-12-14;18;386
28;2025-12-14;19;303
28;2025-12-14;20;253
28;2025-12-14;21;197
28;2025-12-14;22;62
28;2025-12-14;23;0
28;2025-12-15;0;0
28;2025-12-15;1;0
28;2025-12-15;2;0
28;2025-12-15;3;0
28;2025-12-15;4;0
28;2025-12-15;5;49
28;2025-12-15;6;222
28;2025-12-15;7;735
28;2025-12-15;8;1186
28;2025-12-15;9;809
28;2025-12-15;10;615
28;2025-12-15;11;537
28;2025-12-15;12;652
28;2025-12-15;13;689
28;2025-12-15;14;610
28;2025-12-15;15;685
28;2025-12-15;16;830
28;2025-12-15;17;965
28;2025-12-15;18;973
28;2025-12-15;19;676
28;2025-12-15;20;438
28;2025-12-15;21;257
28;2025-12-15;22;73
28;2025-12-15;23;0
28;2025-12-16;0;0
28;2025-12-16;1;0
28;2025-12-16;2;0
28;2025-12-16;3;0
28;2025-12-16;4;0
28;2025-12-16;5;46
28;2025-12-16;6;221
28;2025-12-16;7;734
28;2025-12-16;8;1202
28;2025-12-16;9;818
28;2025-12-16;10;616
28;2025-12-16;11;557
28;2025-12-16;12;661
28;2025-12-16;13;696
28;2025-12-16;14;642
28;2025-12-16;15;697
28;2025-12-16;16;828
28;2025-12-16;17;973
28;2025-12-16;18;991
28;2025-12-16;19;683
28;2025-12-16;20;445
28;2025-12-16;21;266
28;2025-12-16;22;82
28;2025-12-16;23;0
28;2025-12-17;0;0
28;2025-12-17;1;0
28;2025-12-17;2;0
28;2025-12-17;3;0
28;2025-12-17;4;0
28;2025-12-17;5;50
28;2025-12-17;6;225
28;2025-12-17;7;738
28;2025-12-17;8;1225
28;2025-12-17;9;834
28;2025-12-17;10;623
28;2025-12-17;11;578
28;2025-12-17;12;689
28;2025-12-17;13;725
28;2025-12-17;14;664
28;2025-12-17;15;723
28;2025-12-17;16;861
28;2025-12-17;17;1008
28;2025-12-17;18;1012
28;2025-12-17;19;693
28;2025-12-17;20;458
28;2025-12-17;21;280
28;2025-12-17;22;91
28;2025-12-17;23;0
28;2025-12-18;0;0
28;2025-12-18;1;0
28;2025-12-18;2;0
28;2025-12-18;3;0
28;2025-12-18;4;0
28;2025-12-18;5;51
28;2025-12-18;6;227
28;2025-12-18;7;745
28;2025-12-18;8;1226
28;2025-12-18;9;836
28;2025-12-18;10;621
28;2025-12-18;11;569
28;2025-12-18;12;682
28;2025-12-18;13;718
28;2025-12-18;14;664
28;2025-12-18;15;728
28;2025-12-18;16;860
28;2025-12-18;17;1007
28;2025-12-18;18;1021
28;2025-12-18;19;697
28;2025-12-18;20;460
28;2025-12-18;21;283
28;2025-12-18;22;95
28;2025-12-18;23;0
28;2025-12-19;0;0
28;2025-12-19;1;0
28;2025-12-19;2;0
28;2025-12-19;3;0
28;2025-12-19;4;0
28;2025-12-19;5;51
28;2025-12-19;6;219
28;2025-12-19;7;733
28;2025-12-19;8;1157
28;2025-12-19;9;800
28;2025-12-19;10;602
28;2025-12-19;11;559
28;2025-12-19;12;674
28;2025-12-19;13;718
28;2025-12-19;14;673
28;2025-12-19;15;731
28;2025-12-19;16;905
28;2025-12-19;17;985
28;2025-12-19;18;867
28;2025-12-19;19;625
28;2025-12-19;20;417
28;2025-12-19;21;283
28;2025-12-19;22;83
28;2025-12-19;23;0
28;2025-12-20;0;0
28;2025-12-20;1;0
28;2025-12-20;2;0
28;2025-12-20;3;0
28;2025-12-20;4;0
28;2025-12-20;5;5
28;2025-12-20;6;73
28;2025-12-20;7;207
28;2025-12-20;8;374
28;2025-12-20;9;413
28;2025-12-20;10;454
28;2025-12-20;11;447
28;2025-12-20;12;539
28;2025-12-20;13;556
28;2025-12-20;14;556
28;2025-12-20;15;536
28;2025-12-20;16;533
28;2025-12-20;17;548
28;2025-12-20;18;460
28;2025-12-20;19;374
28;2025-12-20;20;291
28;2025-12-20;21;226
28;2025-12-20;22;72
28;2025-12-20;23;0
28;2025-12-21;0;0
28;2025-12-21;1;0
28;2025-12-21;2;0
28;2025-12-21;3;0
28;2025-12-21;4;0
28;2025-12-21;5;0
28;2025-12-21;6;59
28;2025-12-21;7;135
28;2025-12-21;8;253
28;2025-12-21;9;297
28;2025-12-21;10;338
28;2025-12-21;11;354
28;2025-12-21;12;426
28;2025-12-21;13;483
28;2025-12-21;14;469
28;2025-12-21;15;462
28;2025-12-21;16;444
28;2025-12-21;17;463
28;2025-12-21;18;384
28;2025-12-21;19;302
28;2025-12-21;20;249
28;2025-12-21;21;199
28;2025-12-21;22;68
28;2025-12-21;23;0
28;2025-12-22;0;0
28;2025-12-22;1;0
28;2025-12-22;2;0
28;2025-12-22;3;0
28;2025-12-22;4;0
28;2025-12-22;5;49
28;2025-12-22;6;220
28;2025-12-22;7;733
28;2025-12-22;8;1191
28;2025-12-22;9;815
28;2025-12-22;10;586
28;2025-12-22;11;545
28;2025-12-22;12;654
28;2025-12-22;13;685
28;2025-12-22;14;614
28;2025-12-22;15;692
28;2025-12-22;16;836
28;2025-12-22;17;962
28;2025-12-22;18;974
28;2025-12-22;19;668
28;2025-12-22;20;432
28;2025-12-22;21;259
28;2025-12-22;22;70
28;2025-12-22;23;0
28;2025-12-23;0;0
28;2025-12-23;1;0
28;2025-12-23;2;0
28;2025-12-23;3;0
28;2025-12-23;4;0
28;2025-12-23;5;49
28;2025-12-23;6;226
28;2025-12-23;7;745
28;2025-12-23;8;1209
28;2025-12-23;9;819
28;2025-12-23;10;632
28;2025-12-23;11;554
28;2025-12-23;12;667
28;2025-12-23;13;702
28;2025-12-23;14;632
28;2025-12-23;15;698
28;2025-12-23;16;823
28;2025-12-23;17;974
28;2025-12-23;18;1006
28;2025-12-23;19;695
28;2025-12-23;20;454
28;2025-12-23;21;273
28;2025-12-23;22;91
28;2025-12-23;23;0
28;2025-12-24;0;0
28;2025-12-24;1;0
28;2025-12-24;2;0
28;2025-12-24;3;0
28;2025-12-24;4;1
28;2025-12-24;5;54
28;2025-12-24;6;236
28;2025-12-24;7;741
28;2025-12-24;8;1215
28;2025-12-24;9;835
28;2025-12-24;10;627
28;2025-12-24;11;577
28;2025-12-24;12;698
28;2025-12-24;13;715
28;2025-12-24;14;655
28;2025-12-24;15;726
28;2025-12-24;16;857
28;2025-12-24;17;1009
28;2025-12-24;18;1026
28;2025-12-24;19;702
28;2025-12-24;20;451
28;2025-12-24;21;274
28;2025-12-24;22;92
28;2025-12-24;23;0
28;2025-12-25;0;0
28;2025-12-25;1;0
28;2025-12-25;2;0
28;2025-12-25;3;0
28;2025-12-25;4;0
28;2025-12-25;5;49
28;2025-12-25;6;232
28;2025-12-25;7;740
28;2025-12-25;8;1218
28;2025-12-25;9;836
28;2025-12-25;10;620
28;2025-12-25;11;570
28;2025-12-25;12;680
28;2025-12-25;13;713
28;2025-12-25;14;663
28;2025-12-25;15;726
28;2025-12-25;16;862
28;2025-12-25;17;1002
28;2025-12-25;18;1033
28;2025-12-25;19;701
28;2025-12-25;20;447
28;2025-12-25;21;278
28;2025-12-25;22;95
28;2025-12-25;23;0
28;2025-12-26;0;0
28;2025-12-26;1;0
28;2025-12-26;2;0
28;2025-12-26;3;0
28;2025-12-26;4;3
28;2025-12-26;5;54
28;2025-12-26;6;219
28;2025-12-26;7;735
28;2025-12-26;8;1163
28;2025-12-26;9;822
28;2025-12-26;10;612
28;2025-12-26;11;562
28;2025-12-26;12;687
28;2025-12-26;13;727
28;2025-12-26;14;680
28;2025-12-26;15;741
28;2025-12-26;16;906
28;2025-12-26;17;987
28;2025-12-26;18;863
28;2025-12-26;19;640
28;2025-12-26;20;414
28;2025-12-26;21;277
28;2025-12-26;22;92
28;2025-12-26;23;0
28;2025-12-27;0;0
28;2025-12-27;1;0
28;2025-12-27;2;0
28;2025-12-27;3;0
28;2025-12-27;4;0
28;2025-12-27;5;5
28;2025-12-27;6;72
28;2025-12-27;7;204
28;2025-12-27;8;371
28;2025-12-27;9;422
28;2025-12-27;10;461
28;2025-12-27;11;456
28;2025-12-27;12;547
28;2025-12-27;13;561
28;2025-12-27;14;560
28;2025-12-27;15;530
28;2025-12-27;16;537
28;2025-12-27;17;545
28;2025-12-27;18;457
28;2025-12-27;19;372
28;2025-12-27;20;290
28;2025-12-27;21;223
28;2025-12-27;22;81
28;2025-12-27;23;0
28;2025-12-28;0;0
28;2025-12-28;1;0
28;2025-12-28;2;0
28;2025-12-28;3;0
28;2025-12-28;4;0
28;2025-12-28;5;0
28;2025-12-28;6;59
28;2025-12-28;7;142
28;2025-12-28;8;261
28;2025-12-28;9;304
28;2025-12-28;10;341
28;2025-12-28;11;352
28;2025-12-28;12;434
28;2025-12-28;13;490
28;2025-12-28;14;471
28;2025-12-28;15;463
28;2025-12-28;16;445
28;2025-12-28;17;457
28;2025-12-28;18;373
28;2025-12-28;19;298
28;2025-12-28;20;247
28;2025-12-28;21;190
28;2025-12-28;22;68
28;2025-12-28;23;0
28;2025-12-29;0;0
28;2025-12-29;1;0
28;2025-12-29;2;0
28;2025-12-29;3;0
28;2025-12-29;4;1
28;2025-12-29;5;54
28;2025-12-29;6;219
28;2025-12-29;7;729
28;2025-12-29;8;1190
28;2025-12-29;9;826
28;2025-12-29;10;599
28;2025-12-29;11;543
28;2025-12-29;12;652
28;2025-12-29;13;697
28;2025-12-29;14;629
28;2025-12-29;15;703
28;2025-12-29;16;834
28;2025-12-29;17;973
28;2025-12-29;18;978
28;2025-12-29;19;677
28;2025-12-29;20;434
28;2025-12-29;21;259
28;2025-12-29;22;77
28;2025-12-29;23;0
28;2025-12-30;0;0
28;2025-12-30;1;0
28;2025-12-30;2;0
28;2025-12-30;3;0
28;2025-12-30;4;0
28;2025-12-30;5;44
28;2025-12-30;6;216
28;2025-12-30;7;724
28;2025-12-30;8;1214
28;2025-12-30;9;824
28;2025-12-30;10;615
28;2025-12-30;11;555
28;2025-12-30;12;670
28;2025-12-30;13;705
28;2025-12-30;14;646
28;2025-12-30;15;714
28;2025-12-30;16;830
28;2025-12-30;17;975
28;2025-12-30;18;1002
28;2025-12-30;19;695
28;2025-12-30;20;437
28;2025-12-30;21;269
28;2025-12-30;22;93
28;2025-12-30;23;0
28;2025-12-31;0;0
28;2025-12-31;1;0
28;2025-12-31;2;0
28;2025-12-31;3;0
28;2025-12-31;4;0
28;2025-12-31;5;2
28;2025-12-31;6;89
28;2025-12-31;7;182
28;2025-12-31;8;403
28;2025-12-31;9;355
28;2025-12-31;10;372
28;2025-12-31;11;367
28;2025-12-31;12;466
28;2025-12-31;13;469
28;2025-12-31;14;464
28;2025-12-31;15;465
28;2025-12-31;16;469
28;2025-12-31;17;514
28;2025-12-31;18;462
28;2025-12-31;19;357
28;2025-12-31;20;289
28;2025-12-31;21;222
28;2025-12-31;22;70
28;2025-12-31;23;0
50;2025-11-01;0;0
50;2025-11-01;1;0
50;2025-11-01;2;0
50;2025-11-01;3;0
50;2025-11-01;4;0
50;2025-11-01;5;12
50;2025-11-01;6;358
50;2025-11-01;7;1554
50;2025-11-01;8;2470
50;2025-11-01;9;1934
50;2025-11-01;10;1458
50;2025-11-01;11;1386
50;2025-11-01;12;1364
50;2025-11-01;13;1382
50;2025-11-01;14;1375
50;2025-11-01;15;1555
50;2025-11-01;16;1615
50;2025-11-01;17;2137
50;2025-11-01;18;2129
50;2025-11-01;19;1240
50;2025-11-01;20;767
50;2025-11-01;21;447
50;2025-11-01;22;81
50;2025-11-01;23;25
50;2025-11-02;0;0
50;2025-11-02;1;0
50;2025-11-02;2;0
50;2025-11-02;3;0
50;2025-11-02;4;0
50;2025-11-02;5;0
50;2025-11-02;6;0
50;2025-11-02;7;0
50;2025-11-02;8;67
50;2025-11-02;9;103
50;2025-11-02;10;102
50;2025-11-02;11;175
50;2025-11-02;12;216
50;2025-11-02;13;204
50;2025-11-02;14;219
50;2025-11-02;15;217
50;2025-11-02;16;217
50;2025-11-02;17;213
50;2025-11-02;18;140
50;2025-11-02;19;89
50;2025-11-02;20;118
50;2025-11-02;21;74
50;2025-11-02;22;11
50;2025-11-02;23;0
50;2025-11-03;0;3
50;2025-11-03;1;1
50;2025-11-03;2;0
50;2025-11-03;3;0
50;2025-11-03;4;6
50;2025-11-03;5;37
50;2025-11-03;6;176
50;2025-11-03;7;197
50;2025-11-03;8;333
50;2025-11-03;9;315
50;2025-11-03;10;317
50;2025-11-03;11;305
50;2025-11-03;12;346
50;2025-11-03;13;324
50;2025-11-03;14;330
50;2025-11-03;15;336
50;2025-11-03;16;332
50;2025-11-03;17;364
50;2025-11-03;18;349
50;2025-11-03;19;282
50;2025-11-03;20;213
50;2025-11-03;21;226
50;2025-11-03;22;138
50;2025-11-03;23;112
50;2025-11-04;0;24
50;2025-11-04;1;9
50;2025-11-04;2;0
50;2025-11-04;3;0
50;2025-11-04;4;8
50;2025-11-04;5;62
50;2025-11-04;6;191
50;2025-11-04;7;208
50;2025-11-04;8;291
50;2025-11-04;9;289
50;2025-11-04;10;275
50;2025-11-04;11;279
50;2025-11-04;12;253
50;2025-11-04;13;278
50;2025-11-04;14;303
50;2025-11-04;15;344
50;2025-11-04;16;311
50;2025-11-04;17;351
50;2025-11-04;18;337
50;2025-11-04;19;278
50;2025-11-04;20;235
50;2025-11-04;21;239
50;2025-11-04;22;156
50;2025-11-04;23;123
50;2025-11-05;0;23
50;2025-11-05;1;8
50;2025-11-05;2;0
50;2025-11-05;3;0
50;2025-11-05;4;5
50;2025-11-05;5;97
50;2025-11-05;6;491
50;2025-11-05;7;1720
50;2025-11-05;8;2715
50;2025-11-05;9;2089
50;2025-11-05;10;1643
50;2025-11-05;11;1539
50;2025-11-05;12;1509
50;2025-11-05;13;1459
50;2025-11-05;14;1436
50;2025-11-05;15;1598
50;2025-11-05;16;1691
50;2025-11-05;17;2301
50;2025-11-05;18;2396
50;2025-11-05;19;1494
50;2025-11-05;20;907
50;2025-11-05;21;600
50;2025-11-05;22;228
50;2025-11-05;23;151
50;2025-11-06;0;26
50;2025-11-06;1;0
50;2025-11-06;2;0
50;2025-11-06;3;0
50;2025-11-06;4;4
50;2025-11-06;5;96
50;2025-11-06;6;509
50;2025-11-06;7;1743
50;2025-11-06;8;2710
50;2025-11-06;9;2099
50;2025-11-06;10;1642
50;2025-11-06;11;1532
50;2025-11-06;12;1501
50;2025-11-06;13;1471
50;2025-11-06;14;1445
50;2025-11-06;15;1594
50;2025-11-06;16;1672
50;2025-11-06;17;2279
50;2025-11-06;18;2419
50;2025-11-06;19;1489
50;2025-11-06;20;881
50;2025-11-06;21;622
50;2025-11-06;22;243
50;2025-11-06;23;157
50;2025-11-07;0;22
50;2025-11-07;1;6
50;2025-11-07;2;0
50;2025-11-07;3;0
50;2025-11-07;4;0
50;2025-11-07;5;71
50;2025-11-07;6;497
50;2025-11-07;7;1684
50;2025-11-07;8;2597
50;2025-11-07;9;1973
50;2025-11-07;10;1531
50;2025-11-07;11;1479
50;2025-11-07;12;1467
50;2025-11-07;13;1471
50;2025-11-07;14;1439
50;2025-11-07;15;1680
50;2025-11-07;16;1884
50;2025-11-07;17;2178
50;2025-11-07;18;1882
50;2025-11-07;19;1310
50;2025-11-07;20;811
50;2025-11-07;21;548
50;2025-11-07;22;233
50;2025-11-07;23;159
50;2025-11-08;0;0
50;2025-11-08;1;2
50;2025-11-08;2;0
50;2025-11-08;3;0
50;2025-11-08;4;0
50;2025-11-08;5;0
50;2025-11-08;6;22
50;2025-11-08;7;64
50;2025-11-08;8;165
50;2025-11-08;9;204
50;2025-11-08;10;179
50;2025-11-08;11;183
50;2025-11-08;12;221
50;2025-11-08;13;225
50;2025-11-08;14;210
50;2025-11-08;15;218
50;2025-11-08;16;181
50;2025-11-08;17;188
50;2025-11-08;18;174
50;2025-11-08;19;143
50;2025-11-08;20;134
50;2025-11-08;21;102
50;2025-11-08;22;26
50;2025-11-08;23;6
50;2025-11-09;0;0
50;2025-11-09;1;3
50;2025-11-09;2;0
50;2025-11-09;3;0
50;2025-11-09;4;0
50;2025-11-09;5;0
50;2025-11-09;6;7
50;2025-11-09;7;30
50;2025-11-09;8;96
50;2025-11-09;9;126
50;2025-11-09;10;127
50;2025-11-09;11;182
50;2025-11-09;12;205
50;2025-11-09;13;211
50;2025-11-09;14;212
50;2025-11-09;15;217
50;2025-11-09;16;196
50;2025-11-09;17;184
50;2025-11-09;18;115
50;2025-11-09;19;73
50;2025-11-09;20;112
50;2025-11-09;21;82
50;2025-11-09;22;20
50;2025-11-09;23;0
50;2025-11-10;0;7
50;2025-11-10;1;1
50;2025-11-10;2;0
50;2025-11-10;3;0
50;2025-11-10;4;6
50;2025-11-10;5;74
50;2025-11-10;6;495
50;2025-11-10;7;1698
50;2025-11-10;8;2684
50;2025-11-10;9;2063
50;2025-11-10;10;1596
50;2025-11-10;11;1497
50;2025-11-10;12;1454
50;2025-11-10;13;1438
50;2025-11-10;14;1417
50;2025-11-10;15;1628
50;2025-11-10;16;1681
50;2025-11-10;17;2339
50;2025-11-10;18;2430
50;2025-11-10;19;1479
50;2025-11-10;20;868
50;2025-11-10;21;571
50;2025-11-10;22;202
50;2025-11-10;23;124
50;2025-11-11;0;17
50;2025-11-11;1;0
50;2025-11-11;2;0
50;2025-11-11;3;0
50;2025-11-11;4;6
50;2025-11-11;5;81
50;2025-11-11;6;525
50;2025-11-11;7;1749
50;2025-11-11;8;2754
50;2025-11-11;9;2128
50;2025-11-11;10;1641
50;2025-11-11;11;1519
50;2025-11-11;12;1488
50;2025-11-11;13;1494
50;2025-11-11;14;1454
50;2025-11-11;15;1640
50;2025-11-11;16;1699
50;2025-11-11;17;2376
50;2025-11-11;18;2500
50;2025-11-11;19;1530
50;2025-11-11;20;912
50;2025-11-11;21;601
50;2025-11-11;22;223
50;2025-11-11;23;136
50;2025-11-12;0;16
50;2025-11-12;1;0
50;2025-11-12;2;0
50;2025-11-12;3;0
50;2025-11-12;4;5
50;2025-11-12;5;71
50;2025-11-12;6;499
50;2025-11-12;7;1725
50;2025-11-12;8;2733
50;2025-11-12;9;2102
50;2025-11-12;10;1621
50;2025-11-12;11;1527
50;2025-11-12;12;1479
50;2025-11-12;13;1453
50;2025-11-12;14;1425
50;2025-11-12;15;1616
50;2025-11-12;16;1695
50;2025-11-12;17;2355
50;2025-11-12;18;2441
50;2025-11-12;19;1489
50;2025-11-12;20;888
50;2025-11-12;21;593
50;2025-11-12;22;221
50;2025-11-12;23;142
50;2025-11-13;0;19
50;2025-11-13;1;0
50;2025-11-13;2;0
50;2025-11-13;3;0
50;2025-11-13;4;2
50;2025-11-13;5;67
50;2025-11-13;6;487
50;2025-11-13;7;1716
50;2025-11-13;8;2706
50;2025-11-13;9;2087
50;2025-11-13;10;1635
50;2025-11-13;11;1515
50;2025-11-13;12;1502
50;2025-11-13;13;1483
50;2025-11-13;14;1461
50;2025-11-13;15;1640
50;2025-11-13;16;1709
50;2025-11-13;17;2366
50;2025-11-13;18;2477
50;2025-11-13;19;1510
50;2025-11-13;20;908
50;2025-11-13;21;617
50;2025-11-13;22;223
50;2025-11-13;23;143
50;2025-11-14;0;6
50;2025-11-14;1;0
50;2025-11-14;2;0
50;2025-11-14;3;0
50;2025-11-14;4;0
50;2025-11-14;5;52
50;2025-11-14;6;482
50;2025-11-14;7;1678
50;2025-11-14;8;2566
50;2025-11-14;9;1990
50;2025-11-14;10;1567
50;2025-11-14;11;1512
50;2025-11-14;12;1484
50;2025-11-14;13;1481
50;2025-11-14;14;1460
50;2025-11-14;15;1682
50;2025-11-14;16;1898
50;2025-11-14;17;2232
50;2025-11-14;18;1924
50;2025-11-14;19;1331
50;2025-11-14;20;843
50;2025-11-14;21;563
50;2025-11-14;22;239
50;2025-11-14;23;159
50;2025-11-15;0;0
50;2025-11-15;1;0
50;2025-11-15;2;0
50;2025-11-15;3;0
50;2025-11-15;4;0
50;2025-11-15;5;0
50;2025-11-15;6;35
50;2025-11-15;7;74
50;2025-11-15;8;170
50;2025-11-15;9;204
50;2025-11-15;10;153
50;2025-11-15;11;158
50;2025-11-15;12;193
50;2025-11-15;13;237
50;2025-11-15;14;221
50;2025-11-15;15;237
50;2025-11-15;16;202
50;2025-11-15;17;206
50;2025-11-15;18;184
50;2025-11-15;19;150
50;2025-11-15;20;148
50;2025-11-15;21;117
50;2025-11-15;22;53
50;2025-11-15;23;0
50;2025-11-16;0;0
50;2025-11-16;1;0
50;2025-11-16;2;0
50;2025-11-16;3;0
50;2025-11-16;4;0
50;2025-11-16;5;0
50;2025-11-16;6;0
50;2025-11-16;7;0
50;2025-11-16;8;68
50;2025-11-16;9;113
50;2025-11-16;10;115
50;2025-11-16;11;160
50;2025-11-16;12;199
50;2025-11-16;13;211
50;2025-11-16;14;195
50;2025-11-16;15;205
50;2025-11-16;16;200
50;2025-11-16;17;188
50;2025-11-16;18;133
50;2025-11-16;19;70
50;2025-11-16;20;114
50;2025-11-16;21;85
50;2025-11-16;22;20
50;2025-11-16;23;0
50;2025-11-17;0;7
50;2025-11-17;1;2
50;2025-11-17;2;0
50;2025-11-17;3;0
50;2025-11-17;4;2
50;2025-11-17;5;76
50;2025-11-17;6;488
50;2025-11-17;7;1708
50;2025-11-17;8;2688
50;2025-11-17;9;2065
50;2025-11-17;10;1593
50;2025-11-17;11;1498
50;2025-11-17;12;1445
50;2025-11-17;13;1395
50;2025-11-17;14;1392
50;2025-11-17;15;1622
50;2025-11-17;16;1681
50;2025-11-17;17;2328
50;2025-11-17;18;2434
50;2025-11-17;19;1480
50;2025-11-17;20;867
50;2025-11-17;21;566
50;2025-11-17;22;200
50;2025-11-17;23;122
50;2025-11-18;0;15
50;2025-11-18;1;0
50;2025-11-18;2;0
50;2025-11-18;3;0
50;2025-11-18;4;0
50;2025-11-18;5;50
50;2025-11-18;6;536
50;2025-11-18;7;1769
50;2025-11-18;8;2752
50;2025-11-18;9;2027
50;2025-11-18;10;1555
50;2025-11-18;11;1512
50;2025-11-18;12;1471
50;2025-11-18;13;1433
50;2025-11-18;14;1407
50;2025-11-18;15;1642
50;2025-11-18;16;1707
50;2025-11-18;17;2374
50;2025-11-18;18;2496
50;2025-11-18;19;1524
50;2025-11-18;20;903
50;2025-11-18;21;606
50;2025-11-18;22;226
50;2025-11-18;23;139
50;2025-11-19;0;10
50;2025-11-19;1;1
50;2025-11-19;2;0
50;2025-11-19;3;0
50;2025-11-19;4;5
50;2025-11-19;5;74
50;2025-11-19;6;501
50;2025-11-19;7;1734
50;2025-11-19;8;2741
50;2025-11-19;9;2110
50;2025-11-19;10;1637
50;2025-11-19;11;1530
50;2025-11-19;12;1497
50;2025-11-19;13;1480
50;2025-11-19;14;1450
50;2025-11-19;15;1647
50;2025-11-19;16;1713
50;2025-11-19;17;2362
50;2025-11-19;18;2480
50;2025-11-19;19;1494
50;2025-11-19;20;893
50;2025-11-19;21;603
50;2025-11-19;22;223
50;2025-11-19;23;143
50;2025-11-20;0;24
50;2025-11-20;1;0
50;2025-11-20;2;0
50;2025-11-20;3;0
50;2025-11-20;4;2
50;2025-11-20;5;67
50;2025-11-20;6;492
50;2025-11-20;7;1734
50;2025-11-20;8;2726
50;2025-11-20;9;2106
50;2025-11-20;10;1638
50;2025-11-20;11;1523
50;2025-11-20;12;1491
50;2025-11-20;13;1466
50;2025-11-20;14;1448
50;2025-11-20;15;1644
50;2025-11-20;16;1694
50;2025-11-20;17;2341
50;2025-11-20;18;2490
50;2025-11-20;19;1508
50;2025-11-20;20;910
50;2025-11-20;21;621
50;2025-11-20;22;234
50;2025-11-20;23;151
50;2025-11-21;0;15
50;2025-11-21;1;0
50;2025-11-21;2;0
50;2025-11-21;3;0
50;2025-11-21;4;0
50;2025-11-21;5;65
50;2025-11-21;6;505
50;2025-11-21;7;1708
50;2025-11-21;8;2585
50;2025-11-21;9;1994
50;2025-11-21;10;1556
50;2025-11-21;11;1501
50;2025-11-21;12;1456
50;2025-11-21;13;1460
50;2025-11-21;14;1438
50;2025-11-21;15;1696
50;2025-11-21;16;1886
50;2025-11-21;17;2226
50;2025-11-21;18;1945
50;2025-11-21;19;1312
50;2025-11-21;20;816
50;2025-11-21;21;556
50;2025-11-21;22;225
50;2025-11-21;23;148
50;2025-11-22;0;0
50;2025-11-22;1;0
50;2025-11-22;2;0
50;2025-11-22;3;0
50;2025-11-22;4;0
50;2025-11-22;5;0
50;2025-11-22;6;46
50;2025-11-22;7;84
50;2025-11-22;8;193
50;2025-11-22;9;229
50;2025-11-22;10;188
50;2025-11-22;11;204
50;2025-11-22;12;240
50;2025-11-22;13;232
50;2025-11-22;14;224
50;2025-11-22;15;241
50;2025-11-22;16;203
50;2025-11-22;17;206
50;2025-11-22;18;183
50;2025-11-22;19;149
50;2025-11-22;20;142
50;2025-11-22;21;107
50;2025-11-22;22;33
50;2025-11-22;23;0
50;2025-11-23;0;0
50;2025-11-23;1;0
50;2025-11-23;2;0
50;2025-11-23;3;0
50;2025-11-23;4;0
50;2025-11-23;5;0
50;2025-11-23;6;0
50;2025-11-23;7;11
50;2025-11-23;8;74
50;2025-11-23;9;115
50;2025-11-23;10;109
50;2025-11-23;11;164
50;2025-11-23;12;190
50;2025-11-23;13;217
50;2025-11-23;14;197
50;2025-11-23;15;226
50;2025-11-23;16;211
50;2025-11-23;17;189
50;2025-11-23;18;129
50;2025-11-23;19;72
50;2025-11-23;20;113
50;2025-11-23;21;81
50;2025-11-23;22;20
50;2025-11-23;23;0
50;2025-11-24;0;12
50;2025-11-24;1;0
50;2025-11-24;2;0
50;2025-11-24;3;0
50;2025-11-24;4;0
50;2025-11-24;5;47
50;2025-11-24;6;484
50;2025-11-24;7;1708
50;2025-11-24;8;2675
50;2025-11-24;9;2067
50;2025-11-24;10;1586
50;2025-11-24;11;1462
50;2025-11-24;12;1448
50;2025-11-24;13;1427
50;2025-11-24;14;1400
50;2025-11-24;15;1614
50;2025-11-24;16;1675
50;2025-11-24;17;2339
50;2025-11-24;18;2437
50;2025-11-24;19;1480
50;2025-11-24;20;868
50;2025-11-24;21;574
50;2025-11-24;22;205
50;2025-11-24;23;125
50;2025-11-25;0;19
50;2025-11-25;1;0
50;2025-11-25;2;0
50;2025-11-25;3;0
50;2025-11-25;4;7
50;2025-11-25;5;85
50;2025-11-25;6;522
50;2025-11-25;7;1761
50;2025-11-25;8;2762
50;2025-11-25;9;2134
50;2025-11-25;10;1642
50;2025-11-25;11;1535
50;2025-11-25;12;1495
50;2025-11-25;13;1480
50;2025-11-25;14;1444
50;2025-11-25;15;1653
50;2025-11-25;16;1707
50;2025-11-25;17;2379
50;2025-11-25;18;2517
50;2025-11-25;19;1533
50;2025-11-25;20;915
50;2025-11-25;21;612
50;2025-11-25;22;225
50;2025-11-25;23;137
50;2025-11-26;0;10
50;2025-11-26;1;4
50;2025-11-26;2;0
50;2025-11-26;3;0
50;2025-11-26;4;0
50;2025-11-26;5;53
50;2025-11-26;6;484
50;2025-11-26;7;1749
50;2025-11-26;8;2759
50;2025-11-26;9;2108
50;2025-11-26;10;1614
50;2025-11-26;11;1521
50;2025-11-26;12;1500
50;2025-11-26;13;1463
50;2025-11-26;14;1437
50;2025-11-26;15;1657
50;2025-11-26;16;1666
50;2025-11-26;17;2339
50;2025-11-26;18;2462
50;2025-11-26;19;1494
50;2025-11-26;20;886
50;2025-11-26;21;595
50;2025-11-26;22;230
50;2025-11-26;23;144
50;2025-11-27;0;13
50;2025-11-27;1;0
50;2025-11-27;2;0
50;2025-11-27;3;0
50;2025-11-27;4;2
50;2025-11-27;5;68
50;2025-11-27;6;495
50;2025-11-27;7;1715
50;2025-11-27;8;2712
50;2025-11-27;9;2088
50;2025-11-27;10;1633
50;2025-11-27;11;1508
50;2025-11-27;12;1478
50;2025-11-27;13;1446
50;2025-11-27;14;1414
50;2025-11-27;15;1633
50;2025-11-27;16;1685
50;2025-11-27;17;2328
50;2025-11-27;18;2455
50;2025-11-27;19;1481
50;2025-11-27;20;897
50;2025-11-27;21;606
50;2025-11-27;22;227
50;2025-11-27;23;109
50;2025-11-28;0;0
50;2025-11-28;1;0
50;2025-11-28;2;0
50;2025-11-28;3;0
50;2025-11-28;4;0
50;2025-11-28;5;58
50;2025-11-28;6;482
50;2025-11-28;7;1677
50;2025-11-28;8;2579
50;2025-11-28;9;1989
50;2025-11-28;10;1553
50;2025-11-28;11;1496
50;2025-11-28;12;1468
50;2025-11-28;13;1461
50;2025-11-28;14;1435
50;2025-11-28;15;1691
50;2025-11-28;16;1885
50;2025-11-28;17;2225
50;2025-11-28;18;1939
50;2025-11-28;19;1310
50;2025-11-28;20;818
50;2025-11-28;21;557
50;2025-11-28;22;227
50;2025-11-28;23;150
50;2025-11-29;0;0
50;2025-11-29;1;0
50;2025-11-29;2;0
50;2025-11-29;3;0
50;2025-11-29;4;0
50;2025-11-29;5;0
50;2025-11-29;6;32
50;2025-11-29;7;72
50;2025-11-29;8;181
50;2025-11-29;9;223
50;2025-11-29;10;186
50;2025-11-29;11;202
50;2025-11-29;12;235
50;2025-11-29;13;228
50;2025-11-29;14;227
50;2025-11-29;15;241
50;2025-11-29;16;201
50;2025-11-29;17;204
50;2025-11-29;18;183
50;2025-11-29;19;149
50;2025-11-29;20;139
50;2025-11-29;21;106
50;2025-11-29;22;33
50;2025-11-29;23;4
50;2025-11-30;0;0
50;2025-11-30;1;0
50;2025-11-30;2;0
50;2025-11-30;3;0
50;2025-11-30;4;0
50;2025-11-30;5;0
50;2025-11-30;6;0
50;2025-11-30;7;8
50;2025-11-30;8;77
50;2025-11-30;9;120
50;2025-11-30;10;109
50;2025-11-30;11;169
50;2025-11-30;12;196
50;2025-11-30;13;199
50;2025-11-30;14;196
50;2025-11-30;15;203
50;2025-11-30;16;199
50;2025-11-30;17;186
50;2025-11-30;18;122
50;2025-11-30;19;73
50;2025-11-30;20;114
50;2025-11-30;21;83
50;2025-11-30;22;20
50;2025-11-30;23;0
50;2025-12-01;0;7
50;2025-12-01;1;2
50;2025-12-01;2;0
50;2025-12-01;3;0
50;2025-12-01;4;0
50;2025-12-01;5;61
50;2025-12-01;6;494
50;2025-12-01;7;1706
50;2025-12-01;8;2690
50;2025-12-01;9;2068
50;2025-12-01;10;1598
50;2025-12-01;11;1500
50;2025-12-01;12;1454
50;2025-12-01;13;1439
50;2025-12-01;14;1419
50;2025-12-01;15;1636
50;2025-12-01;16;1678
50;2025-12-01;17;2339
50;2025-12-01;18;2437
50;2025-12-01;19;1478
50;2025-12-01;20;866
50;2025-12-01;21;574
50;2025-12-01;22;203
50;2025-12-01;23;123
50;2025-12-02;0;17
50;2025-12-02;1;0
50;2025-12-02;2;0
50;2025-12-02;3;0
50;2025-12-02;4;7
50;2025-12-02;5;81
50;2025-12-02;6;523
50;2025-12-02;7;1756
50;2025-12-02;8;2758
50;2025-12-02;9;2133
50;2025-12-02;10;1648
50;2025-12-02;11;1534
50;2025-12-02;12;1495
50;2025-12-02;13;1484
50;2025-12-02;14;1445
50;2025-12-02;15;1653
50;2025-12-02;16;1707
50;2025-12-02;17;2377
50;2025-12-02;18;2514
50;2025-12-02;19;1531
50;2025-12-02;20;914
50;2025-12-02;21;607
50;2025-12-02;22;227
50;2025-12-02;23;139
50;2025-12-03;0;19
50;2025-12-03;1;2
50;2025-12-03;2;0
50;2025-12-03;3;0
50;2025-12-03;4;6
50;2025-12-03;5;71
50;2025-12-03;6;499
50;2025-12-03;7;1734
50;2025-12-03;8;2741
50;2025-12-03;9;2111
50;2025-12-03;10;1640
50;2025-12-03;11;1531
50;2025-12-03;12;1497
50;2025-12-03;13;1479
50;2025-12-03;14;1448
50;2025-12-03;15;1647
50;2025-12-03;16;1710
50;2025-12-03;17;2359
50;2025-12-03;18;2477
50;2025-12-03;19;1494
50;2025-12-03;20;893
50;2025-12-03;21;601
50;2025-12-03;22;226
50;2025-12-03;23;143
50;2025-12-04;0;22
50;2025-12-04;1;0
50;2025-12-04;2;0
50;2025-12-04;3;0
50;2025-12-04;4;3
50;2025-12-04;5;69
50;2025-12-04;6;494
50;2025-12-04;7;1728
50;2025-12-04;8;2724
50;2025-12-04;9;2106
50;2025-12-04;10;1639
50;2025-12-04;11;1522
50;2025-12-04;12;1489
50;2025-12-04;13;1464
50;2025-12-04;14;1447
50;2025-12-04;15;1638
50;2025-12-04;16;1690
50;2025-12-04;17;2338
50;2025-12-04;18;2482
50;2025-12-04;19;1504
50;2025-12-04;20;907
50;2025-12-04;21;614
50;2025-12-04;22;232
50;2025-12-04;23;148
50;2025-12-05;0;11
50;2025-12-05;1;0
50;2025-12-05;2;0
50;2025-12-05;3;0
50;2025-12-05;4;0
50;2025-12-05;5;54
50;2025-12-05;6;489
50;2025-12-05;7;1689
50;2025-12-05;8;2586
50;2025-12-05;9;1996
50;2025-12-05;10;1555
50;2025-12-05;11;1497
50;2025-12-05;12;1466
50;2025-12-05;13;1459
50;2025-12-05;14;1437
50;2025-12-05;15;1692
50;2025-12-05;16;1884
50;2025-12-05;17;2225
50;2025-12-05;18;1939
50;2025-12-05;19;1310
50;2025-12-05;20;844
50;2025-12-05;21;557
50;2025-12-05;22;225
50;2025-12-05;23;148
50;2025-12-06;0;0
50;2025-12-06;1;0
50;2025-12-06;2;0
50;2025-12-06;3;0
50;2025-12-06;4;0
50;2025-12-06;5;0
50;2025-12-06;6;34
50;2025-12-06;7;71
50;2025-12-06;8;185
50;2025-12-06;9;225
50;2025-12-06;10;186
50;2025-12-06;11;200
50;2025-12-06;12;238
50;2025-12-06;13;232
50;2025-12-06;14;227
50;2025-12-06;15;238
50;2025-12-06;16;200
50;2025-12-06;17;205
50;2025-12-06;18;179
50;2025-12-06;19;148
50;2025-12-06;20;140
50;2025-12-06;21;108
50;2025-12-06;22;30
50;2025-12-06;23;3
50;2025-12-07;0;0
50;2025-12-07;1;0
50;2025-12-07;2;0
50;2025-12-07;3;0
50;2025-12-07;4;0
50;2025-12-07;5;0
50;2025-12-07;6;0
50;2025-12-07;7;9
50;2025-12-07;8;76
50;2025-12-07;9;119
50;2025-12-07;10;110
50;2025-12-07;11;169
50;2025-12-07;12;196
50;2025-12-07;13;200
50;2025-12-07;14;198
50;2025-12-07;15;205
50;2025-12-07;16;201
50;2025-12-07;17;187
50;2025-12-07;18;126
50;2025-12-07;19;71
50;2025-12-07;20;111
50;2025-12-07;21;82
50;2025-12-07;22;21
50;2025-12-07;23;0
50;2025-12-08;0;10
50;2025-12-08;1;2
50;2025-12-08;2;0
50;2025-12-08;3;0
50;2025-12-08;4;6
50;2025-12-08;5;75
50;2025-12-08;6;494
50;2025-12-08;7;1706
50;2025-12-08;8;2690
50;2025-12-08;9;2067
50;2025-12-08;10;1599
50;2025-12-08;11;1504
50;2025-12-08;12;1454
50;2025-12-08;13;1438
50;2025-12-08;14;1418
50;2025-12-08;15;1636
50;2025-12-08;16;1678
50;2025-12-08;17;2339
50;2025-12-08;18;2437
50;2025-12-08;19;1478
50;2025-12-08;20;866
50;2025-12-08;21;574
50;2025-12-08;22;203
50;2025-12-08;23;123
50;2025-12-09;0;16
50;2025-12-09;1;0
50;2025-12-09;2;0
50;2025-12-09;3;0
50;2025-12-09;4;7
50;2025-12-09;5;82
50;2025-12-09;6;519
50;2025-12-09;7;1763
50;2025-12-09;8;2759
50;2025-12-09;9;2133
50;2025-12-09;10;1646
50;2025-12-09;11;1537
50;2025-12-09;12;1490
50;2025-12-09;13;1479
50;2025-12-09;14;1442
50;2025-12-09;15;1655
50;2025-12-09;16;1707
50;2025-12-09;17;2373
50;2025-12-09;18;2511
50;2025-12-09;19;1528
50;2025-12-09;20;911
50;2025-12-09;21;604
50;2025-12-09;22;235
50;2025-12-09;23;125
50;2025-12-10;0;9
50;2025-12-10;1;6
50;2025-12-10;2;0
50;2025-12-10;3;0
50;2025-12-10;4;2
50;2025-12-10;5;84
50;2025-12-10;6;513
50;2025-12-10;7;1755
50;2025-12-10;8;2750
50;2025-12-10;9;2117
50;2025-12-10;10;1654
50;2025-12-10;11;1526
50;2025-12-10;12;1498
50;2025-12-10;13;1477
50;2025-12-10;14;1449
50;2025-12-10;15;1646
50;2025-12-10;16;1711
50;2025-12-10;17;2362
50;2025-12-10;18;2480
50;2025-12-10;19;1494
50;2025-12-10;20;893
50;2025-12-10;21;603
50;2025-12-10;22;223
50;2025-12-10;23;141
50;2025-12-11;0;21
50;2025-12-11;1;0
50;2025-12-11;2;0
50;2025-12-11;3;0
50;2025-12-11;4;3
50;2025-12-11;5;72
50;2025-12-11;6;496
50;2025-12-11;7;1730
50;2025-12-11;8;2717
50;2025-12-11;9;2099
50;2025-12-11;10;1623
50;2025-12-11;11;1524
50;2025-12-11;12;1473
50;2025-12-11;13;1450
50;2025-12-11;14;1445
50;2025-12-11;15;1622
50;2025-12-11;16;1677
50;2025-12-11;17;2325
50;2025-12-11;18;2462
50;2025-12-11;19;1493
50;2025-12-11;20;898
50;2025-12-11;21;605
50;2025-12-11;22;234
50;2025-12-11;23;149
50;2025-12-12;0;13
50;2025-12-12;1;0
50;2025-12-12;2;0
50;2025-12-12;3;0
50;2025-12-12;4;0
50;2025-12-12;5;50
50;2025-12-12;6;493
50;2025-12-12;7;1676
50;2025-12-12;8;2577
50;2025-12-12;9;1973
50;2025-12-12;10;1551
50;2025-12-12;11;1493
50;2025-12-12;12;1451
50;2025-12-12;13;1435
50;2025-12-12;14;1404
50;2025-12-12;15;1669
50;2025-12-12;16;1812
50;2025-12-12;17;2243
50;2025-12-12;18;1940
50;2025-12-12;19;1320
50;2025-12-12;20;817
50;2025-12-12;21;573
50;2025-12-12;22;247
50;2025-12-12;23;147
50;2025-12-13;0;0
50;2025-12-13;1;0
50;2025-12-13;2;0
50;2025-12-13;3;0
50;2025-12-13;4;0
50;2025-12-13;5;0
50;2025-12-13;6;37
50;2025-12-13;7;82
50;2025-12-13;8;203
50;2025-12-13;9;222
50;2025-12-13;10;179
50;2025-12-13;11;200
50;2025-12-13;12;242
50;2025-12-13;13;222
50;2025-12-13;14;219
50;2025-12-13;15;252
50;2025-12-13;16;191
50;2025-12-13;17;212
50;2025-12-13;18;193
50;2025-12-13;19;150
50;2025-12-13;20;147
50;2025-12-13;21;132
50;2025-12-13;22;32
50;2025-12-13;23;0
50;2025-12-14;0;0
50;2025-12-14;1;0
50;2025-12-14;2;0
50;2025-12-14;3;0
50;2025-12-14;4;0
50;2025-12-14;5;0
50;2025-12-14;6;0
50;2025-12-14;7;0
50;2025-12-14;8;87
50;2025-12-14;9;107
50;2025-12-14;10;98
50;2025-12-14;11;163
50;2025-12-14;12;183
50;2025-12-14;13;185
50;2025-12-14;14;174
50;2025-12-14;15;204
50;2025-12-14;16;181
50;2025-12-14;17;187
50;2025-12-14;18;129
50;2025-12-14;19;60
50;2025-12-14;20;94
50;2025-12-14;21;79
50;2025-12-14;22;22
50;2025-12-14;23;0
50;2025-12-15;0;12
50;2025-12-15;1;0
50;2025-12-15;2;0
50;2025-12-15;3;0
50;2025-12-15;4;0
50;2025-12-15;5;80
50;2025-12-15;6;496
50;2025-12-15;7;1727
50;2025-12-15;8;2713
50;2025-12-15;9;2083
50;2025-12-15;10;1600
50;2025-12-15;11;1489
50;2025-12-15;12;1419
50;2025-12-15;13;1401
50;2025-12-15;14;1389
50;2025-12-15;15;1639
50;2025-12-15;16;1646
50;2025-12-15;17;2338
50;2025-12-15;18;2447
50;2025-12-15;19;1481
50;2025-12-15;20;862
50;2025-12-15;21;582
50;2025-12-15;22;204
50;2025-12-15;23;111
50;2025-12-16;0;17
50;2025-12-16;1;0
50;2025-12-16;2;0
50;2025-12-16;3;0
50;2025-12-16;4;5
50;2025-12-16;5;85
50;2025-12-16;6;525
50;2025-12-16;7;1765
50;2025-12-16;8;2765
50;2025-12-16;9;2140
50;2025-12-16;10;1658
50;2025-12-16;11;1518
50;2025-12-16;12;1462
50;2025-12-16;13;1433
50;2025-12-16;14;1428
50;2025-12-16;15;1647
50;2025-12-16;16;1713
50;2025-12-16;17;2373
50;2025-12-16;18;2513
50;2025-12-16;19;1528
50;2025-12-16;20;914
50;2025-12-16;21;610
50;2025-12-16;22;226
50;2025-12-16;23;137
50;2025-12-17;0;13
50;2025-12-17;1;1
50;2025-12-17;2;0
50;2025-12-17;3;0
50;2025-12-17;4;6
50;2025-12-17;5;77
50;2025-12-17;6;504
50;2025-12-17;7;1735
50;2025-12-17;8;2745
50;2025-12-17;9;2113
50;2025-12-17;10;1637
50;2025-12-17;11;1530
50;2025-12-17;12;1498
50;2025-12-17;13;1481
50;2025-12-17;14;1449
50;2025-12-17;15;1646
50;2025-12-17;16;1712
50;2025-12-17;17;2365
50;2025-12-17;18;2482
50;2025-12-17;19;1496
50;2025-12-17;20;895
50;2025-12-17;21;603
50;2025-12-17;22;223
50;2025-12-17;23;141
50;2025-12-18;0;21
50;2025-12-18;1;0
50;2025-12-18;2;0
50;2025-12-18;3;0
50;2025-12-18;4;2
50;2025-12-18;5;67
50;2025-12-18;6;493
50;2025-12-18;7;1730
50;2025-12-18;8;2723
50;2025-12-18;9;2104
50;2025-12-18;10;1638
50;2025-12-18;11;1523
50;2025-12-18;12;1488
50;2025-12-18;13;1463
50;2025-12-18;14;1447
50;2025-12-18;15;1645
50;2025-12-18;16;1694
50;2025-12-18;17;2341
50;2025-12-18;18;2489
50;2025-12-18;19;1507
50;2025-12-18;20;908
50;2025-12-18;21;620
50;2025-12-18;22;234
50;2025-12-18;23;150
50;2025-12-19;0;12
50;2025-12-19;1;0
50;2025-12-19;2;0
50;2025-12-19;3;0
50;2025-12-19;4;0
50;2025-12-19;5;54
50;2025-12-19;6;488
50;2025-12-19;7;1691
50;2025-12-19;8;2585
50;2025-12-19;9;1994
50;2025-12-19;10;1557
50;2025-12-19;11;1506
50;2025-12-19;12;1468
50;2025-12-19;13;1460
50;2025-12-19;14;1440
50;2025-12-19;15;1701
50;2025-12-19;16;1888
50;2025-12-19;17;2224
50;2025-12-19;18;1953
50;2025-12-19;19;1315
50;2025-12-19;20;818
50;2025-12-19;21;563
50;2025-12-19;22;225
50;2025-12-19;23;149
50;2025-12-20;0;0
50;2025-12-20;1;0
50;2025-12-20;2;0
50;2025-12-20;3;0
50;2025-12-20;4;0
50;2025-12-20;5;0
50;2025-12-20;6;32
50;2025-12-20;7;71
50;2025-12-20;8;181
50;2025-12-20;9;225
50;2025-12-20;10;186
50;2025-12-20;11;204
50;2025-12-20;12;237
50;2025-12-20;13;228
50;2025-12-20;14;226
50;2025-12-20;15;241
50;2025-12-20;16;203
50;2025-12-20;17;206
50;2025-12-20;18;183
50;2025-12-20;19;149
50;2025-12-20;20;141
50;2025-12-20;21;110
50;2025-12-20;22;32
50;2025-12-20;23;3
50;2025-12-21;0;0
50;2025-12-21;1;0
50;2025-12-21;2;0
50;2025-12-21;3;0
50;2025-12-21;4;0
50;2025-12-21;5;0
50;2025-12-21;6;12
50;2025-12-21;7;14
50;2025-12-21;8;82
50;2025-12-21;9;115
50;2025-12-21;10;107
50;2025-12-21;11;167
50;2025-12-21;12;195
50;2025-12-21;13;196
50;2025-12-21;14;196
50;2025-12-21;15;206
50;2025-12-21;16;201
50;2025-12-21;17;187
50;2025-12-21;18;126
50;2025-12-21;19;71
50;2025-12-21;20;111
50;2025-12-21;21;82
50;2025-12-21;22;23
50;2025-12-21;23;0
50;2025-12-22;0;3
50;2025-12-22;1;1
50;2025-12-22;2;0
50;2025-12-22;3;0
50;2025-12-22;4;7
50;2025-12-22;5;77
50;2025-12-22;6;495
50;2025-12-22;7;1705
50;2025-12-22;8;2691
50;2025-12-22;9;2074
50;2025-12-22;10;1626
50;2025-12-22;11;1508
50;2025-12-22;12;1451
50;2025-12-22;13;1439
50;2025-12-22;14;1418
50;2025-12-22;15;1650
50;2025-12-22;16;1669
50;2025-12-22;17;2324
50;2025-12-22;18;2441
50;2025-12-22;19;1469
50;2025-12-22;20;870
50;2025-12-22;21;577
50;2025-12-22;22;219
50;2025-12-22;23;115
50;2025-12-23;0;18
50;2025-12-23;1;0
50;2025-12-23;2;0
50;2025-12-23;3;0
50;2025-12-23;4;9
50;2025-12-23;5;80
50;2025-12-23;6;526
50;2025-12-23;7;1772
50;2025-12-23;8;2776
50;2025-12-23;9;2150
50;2025-12-23;10;1646
50;2025-12-23;11;1537
50;2025-12-23;12;1494
50;2025-12-23;13;1473
50;2025-12-23;14;1437
50;2025-12-23;15;1664
50;2025-12-23;16;1693
50;2025-12-23;17;2386
50;2025-12-23;18;2524
50;2025-12-23;19;1540
50;2025-12-23;20;922
50;2025-12-23;21;609
50;2025-12-23;22;228
50;2025-12-23;23;140
50;2025-12-24;0;21
50;2025-12-24;1;0
50;2025-12-24;2;0
50;2025-12-24;3;0
50;2025-12-24;4;4
50;2025-12-24;5;77
50;2025-12-24;6;496
50;2025-12-24;7;1738
50;2025-12-24;8;2750
50;2025-12-24;9;2115
50;2025-12-24;10;1629
50;2025-12-24;11;1531
50;2025-12-24;12;1497
50;2025-12-24;13;1479
50;2025-12-24;14;1425
50;2025-12-24;15;1673
50;2025-12-24;16;1688
50;2025-12-24;17;2367
50;2025-12-24;18;2482
50;2025-12-24;19;1480
50;2025-12-24;20;897
50;2025-12-24;21;623
50;2025-12-24;22;251
50;2025-12-24;23;130
50;2025-12-25;0;19
50;2025-12-25;1;7
50;2025-12-25;2;0
50;2025-12-25;3;0
50;2025-12-25;4;2
50;2025-12-25;5;71
50;2025-12-25;6;522
50;2025-12-25;7;1739
50;2025-12-25;8;2730
50;2025-12-25;9;2113
50;2025-12-25;10;1636
50;2025-12-25;11;1525
50;2025-12-25;12;1480
50;2025-12-25;13;1453
50;2025-12-25;14;1440
50;2025-12-25;15;1657
50;2025-12-25;16;1692
50;2025-12-25;17;2366
50;2025-12-25;18;2470
50;2025-12-25;19;1532
50;2025-12-25;20;886
50;2025-12-25;21;647
50;2025-12-25;22;220
50;2025-12-25;23;129
50;2025-12-26;0;1
50;2025-12-26;1;0
50;2025-12-26;2;0
50;2025-12-26;3;0
50;2025-12-26;4;0
50;2025-12-26;5;55
50;2025-12-26;6;479
50;2025-12-26;7;1706
50;2025-12-26;8;2618
50;2025-12-26;9;1992
50;2025-12-26;10;1551
50;2025-12-26;11;1498
50;2025-12-26;12;1440
50;2025-12-26;13;1478
50;2025-12-26;14;1437
50;2025-12-26;15;1708
50;2025-12-26;16;1903
50;2025-12-26;17;2242
50;2025-12-26;18;1952
50;2025-12-26;19;1330
50;2025-12-26;20;820
50;2025-12-26;21;579
50;2025-12-26;22;251
50;2025-12-26;23;149
50;2025-12-27;0;0
50;2025-12-27;1;0
50;2025-12-27;2;0
50;2025-12-27;3;0
50;2025-12-27;4;0
50;2025-12-27;5;0
50;2025-12-27;6;32
50;2025-12-27;7;76
50;2025-12-27;8;185
50;2025-12-27;9;231
50;2025-12-27;10;188
50;2025-12-27;11;195
50;2025-12-27;12;234
50;2025-12-27;13;234
50;2025-12-27;14;229
50;2025-12-27;15;240
50;2025-12-27;16;197
50;2025-12-27;17;215
50;2025-12-27;18;190
50;2025-12-27;19;153
50;2025-12-27;20;133
50;2025-12-27;21;124
50;2025-12-27;22;43
50;2025-12-27;23;0
50;2025-12-28;0;0
50;2025-12-28;1;0
50;2025-12-28;2;0
50;2025-12-28;3;0
50;2025-12-28;4;0
50;2025-12-28;5;0
50;2025-12-28;6;20
50;2025-12-28;7;39
50;2025-12-28;8;104
50;2025-12-28;9;149
50;2025-12-28;10;129
50;2025-12-28;11;155
50;2025-12-28;12;188
50;2025-12-28;13;201
50;2025-12-28;14;188
50;2025-12-28;15;215
50;2025-12-28;16;197
50;2025-12-28;17;190
50;2025-12-28;18;126
50;2025-12-28;19;69
50;2025-12-28;20;120
50;2025-12-28;21;97
50;2025-12-28;22;45
50;2025-12-28;23;0
50;2025-12-29;0;1
50;2025-12-29;1;0
50;2025-12-29;2;0
50;2025-12-29;3;0
50;2025-12-29;4;5
50;2025-12-29;5;82
50;2025-12-29;6;486
50;2025-12-29;7;1718
50;2025-12-29;8;2720
50;2025-12-29;9;2102
50;2025-12-29;10;1622
50;2025-12-29;11;1469
50;2025-12-29;12;1435
50;2025-12-29;13;1442
50;2025-12-29;14;1397
50;2025-12-29;15;1655
50;2025-12-29;16;1669
50;2025-12-29;17;2355
50;2025-12-29;18;2432
50;2025-12-29;19;1488
50;2025-12-29;20;874
50;2025-12-29;21;598
50;2025-12-29;22;220
50;2025-12-29;23;103
50;2025-12-30;0;3
50;2025-12-30;1;0
50;2025-12-30;2;0
50;2025-12-30;3;0
50;2025-12-30;4;4
50;2025-12-30;5;85
50;2025-12-30;6;531
50;2025-12-30;7;1782
50;2025-12-30;8;2779
50;2025-12-30;9;2120
50;2025-12-30;10;1622
50;2025-12-30;11;1509
50;2025-12-30;12;1492
50;2025-12-30;13;1498
50;2025-12-30;14;1435
50;2025-12-30;15;1679
50;2025-12-30;16;1709
50;2025-12-30;17;2381
50;2025-12-30;18;2524
50;2025-12-30;19;1522
50;2025-12-30;20;894
50;2025-12-30;21;639
50;2025-12-30;22;263
50;2025-12-30;23;123
50;2025-12-31;0;17
50;2025-12-31;1;0
50;2025-12-31;2;0
50;2025-12-31;3;0
50;2025-12-31;4;2
50;2025-12-31;5;51
50;2025-12-31;6;203
50;2025-12-31;7;213
50;2025-12-31;8;394
50;2025-12-31;9;348
50;2025-12-31;10;331
50;2025-12-31;11;287
50;2025-12-31;12;351
50;2025-12-31;13;328
50;2025-12-31;14;299
50;2025-12-31;15;376
50;2025-12-31;16;315
50;2025-12-31;17;373
50;2025-12-31;18;321
50;2025-12-31;19;273
50;2025-12-31;20;240
50;2025-12-31;21;256
50;2025-12-31;22;193
50;2025-12-31;23;105
