route;date;hour;prediction
1;2025-11-01;0;6
1;2025-11-01;1;0
1;2025-11-01;2;0
1;2025-11-01;3;0
1;2025-11-01;4;4
1;2025-11-01;5;114
1;2025-11-01;6;455
1;2025-11-01;7;1359
1;2025-11-01;8;1843
1;2025-11-01;9;1429
1;2025-11-01;10;1365
1;2025-11-01;11;1334
1;2025-11-01;12;1420
1;2025-11-01;13;1457
1;2025-11-01;14;1404
1;2025-11-01;15;1499
1;2025-11-01;16;1529
1;2025-11-01;17;1697
1;2025-11-01;18;1547
1;2025-11-01;19;1221
1;2025-11-01;20;778
1;2025-11-01;21;431
1;2025-11-01;22;171
1;2025-11-01;23;34
1;2025-11-02;0;0
1;2025-11-02;1;0
1;2025-11-02;2;0
1;2025-11-02;3;0
1;2025-11-02;4;0
1;2025-11-02;5;1
1;2025-11-02;6;94
1;2025-11-02;7;201
1;2025-11-02;8;284
1;2025-11-02;9;535
1;2025-11-02;10;632
1;2025-11-02;11;646
1;2025-11-02;12;762
1;2025-11-02;13;791
1;2025-11-02;14;728
1;2025-11-02;15;673
1;2025-11-02;16;617
1;2025-11-02;17;573
1;2025-11-02;18;464
1;2025-11-02;19;397
1;2025-11-02;20;285
1;2025-11-02;21;222
1;2025-11-02;22;55
1;2025-11-02;23;8
1;2025-11-03;0;0
1;2025-11-03;1;0
1;2025-11-03;2;0
1;2025-11-03;3;0
1;2025-11-03;4;0
1;2025-11-03;5;22
1;2025-11-03;6;159
1;2025-11-03;7;287
1;2025-11-03;8;404
1;2025-11-03;9;580
1;2025-11-03;10;637
1;2025-11-03;11;648
1;2025-11-03;12;764
1;2025-11-03;13;791
1;2025-11-03;14;715
1;2025-11-03;15;684
1;2025-11-03;16;664
1;2025-11-03;17;648
1;2025-11-03;18;601
1;2025-11-03;19;505
1;2025-11-03;20;322
1;2025-11-03;21;237
1;2025-11-03;22;46
1;2025-11-03;23;15
1;2025-11-04;0;0
1;2025-11-04;1;0
1;2025-11-04;2;0
1;2025-11-04;3;0
1;2025-11-04;4;0
1;2025-11-04;5;21
1;2025-11-04;6;151
1;2025-11-04;7;286
1;2025-11-04;8;385
1;2025-11-04;9;558
1;2025-11-04;10;595
1;2025-11-04;11;596
1;2025-11-04;12;699
1;2025-11-04;13;727
1;2025-11-04;14;637
1;2025-11-04;15;625
1;2025-11-04;16;625
1;2025-11-04;17;611
1;2025-11-04;18;554
1;2025-11-04;19;499
1;2025-11-04;20;322
1;2025-11-04;21;243
1;2025-11-04;22;66
1;2025-11-04;23;20
1;2025-11-05;0;0
1;2025-11-05;1;0
1;2025-11-05;2;0
1;2025-11-05;3;0
1;2025-11-05;4;8
1;2025-11-05;5;109
1;2025-11-05;6;486
1;2025-11-05;7;1385
1;2025-11-05;8;1859
1;2025-11-05;9;1443
1;2025-11-05;10;1341
1;2025-11-05;11;1313
1;2025-11-05;12;1372
1;2025-11-05;13;1397
1;2025-11-05;14;1300
1;2025-11-05;15;1412
1;2025-11-05;16;1453
1;2025-11-05;17;1705
1;2025-11-05;18;1700
1;2025-11-05;19;1334
1;2025-11-05;20;826
1;2025-11-05;21;442
1;2025-11-05;22;164
1;2025-11-05;23;19
1;2025-11-06;0;0
1;2025-11-06;1;0
1;2025-11-06;2;0
1;2025-11-06;3;0
1;2025-11-06;4;6
1;2025-11-06;5;106
1;2025-11-06;6;472
1;2025-11-06;7;1383
1;2025-11-06;8;1866
1;2025-11-06;9;1445
1;2025-11-06;10;1355
1;2025-11-06;11;1323
1;2025-11-06;12;1380
1;2025-11-06;13;1406
1;2025-11-06;14;1308
1;2025-11-06;15;1418
1;2025-11-06;16;1471
1;2025-11-06;17;1710
1;2025-11-06;18;1715
1;2025-11-06;19;1324
1;2025-11-06;20;829
1;2025-11-06;21;440
1;2025-11-06;22;150
1;2025-11-06;23;25
1;2025-11-07;0;0
1;2025-11-07;1;0
1;2025-11-07;2;0
1;2025-11-07;3;0
1;2025-11-07;4;7
1;2025-11-07;5;110
1;2025-11-07;6;471
1;2025-11-07;7;1385
1;2025-11-07;8;1817
1;2025-11-07;9;1414
1;2025-11-07;10;1313
1;2025-11-07;11;1308
1;2025-11-07;12;1353
1;2025-11-07;13;1363
1;2025-11-07;14;1297
1;2025-11-07;15;1436
1;2025-11-07;16;1511
1;2025-11-07;17;1705
1;2025-11-07;18;1505
1;2025-11-07;19;1209
1;2025-11-07;20;758
1;2025-11-07;21;440
1;2025-11-07;22;167
1;2025-11-07;23;31
1;2025-11-08;0;0
1;2025-11-08;1;0
1;2025-11-08;2;0
1;2025-11-08;3;0
1;2025-11-08;4;0
1;2025-11-08;5;10
1;2025-11-08;6;135
1;2025-11-08;7;314
1;2025-11-08;8;459
1;2025-11-08;9;720
1;2025-11-08;10;830
1;2025-11-08;11;812
1;2025-11-08;12;917
1;2025-11-08;13;946
1;2025-11-08;14;888
1;2025-11-08;15;828
1;2025-11-08;16;766
1;2025-11-08;17;712
1;2025-11-08;18;596
1;2025-11-08;19;548
1;2025-11-08;20;353
1;2025-11-08;21;256
1;2025-11-08;22;70
1;2025-11-08;23;9
1;2025-11-09;0;0
1;2025-11-09;1;0
1;2025-11-09;2;0
1;2025-11-09;3;0
1;2025-11-09;4;0
1;2025-11-09;5;1
1;2025-11-09;6;94
1;2025-11-09;7;201
1;2025-11-09;8;284
1;2025-11-09;9;535
1;2025-11-09;10;632
1;2025-11-09;11;646
1;2025-11-09;12;762
1;2025-11-09;13;791
1;2025-11-09;14;728
1;2025-11-09;15;673
1;2025-11-09;16;617
1;2025-11-09;17;573
1;2025-11-09;18;464
1;2025-11-09;19;397
1;2025-11-09;20;285
1;2025-11-09;21;222
1;2025-11-09;22;55
1;2025-11-09;23;8
1;2025-11-10;0;0
1;2025-11-10;1;0
1;2025-11-10;2;0
1;2025-11-10;3;0
1;2025-11-10;4;7
1;2025-11-10;5;110
1;2025-11-10;6;482
1;2025-11-10;7;1392
1;2025-11-10;8;1835
1;2025-11-10;9;1417
1;2025-11-10;10;1313
1;2025-11-10;11;1288
1;2025-11-10;12;1349
1;2025-11-10;13;1366
1;2025-11-10;14;1289
1;2025-11-10;15;1410
1;2025-11-10;16;1463
1;2025-11-10;17;1718
1;2025-11-10;18;1720
1;2025-11-10;19;1350
1;2025-11-10;20;818
1;2025-11-10;21;421
1;2025-11-10;22;138
1;2025-11-10;23;24
1;2025-11-11;0;0
1;2025-11-11;1;0
1;2025-11-11;2;0
1;2025-11-11;3;0
1;2025-11-11;4;7
1;2025-11-11;5;110
1;2025-11-11;6;485
1;2025-11-11;7;1416
1;2025-11-11;8;1875
1;2025-11-11;9;1464
1;2025-11-11;10;1357
1;2025-11-11;11;1315
1;2025-11-11;12;1364
1;2025-11-11;13;1383
1;2025-11-11;14;1283
1;2025-11-11;15;1391
1;2025-11-11;16;1462
1;2025-11-11;17;1716
1;2025-11-11;18;1734
1;2025-11-11;19;1359
1;2025-11-11;20;829
1;2025-11-11;21;431
1;2025-11-11;22;156
1;2025-11-11;23;24
1;2025-11-12;0;0
1;2025-11-12;1;0
1;2025-11-12;2;0
1;2025-11-12;3;0
1;2025-11-12;4;8
1;2025-11-12;5;109
1;2025-11-12;6;486
1;2025-11-12;7;1385
1;2025-11-12;8;1859
1;2025-11-12;9;1443
1;2025-11-12;10;1341
1;2025-11-12;11;1313
1;2025-11-12;12;1372
1;2025-11-12;13;1397
1;2025-11-12;14;1300
1;2025-11-12;15;1412
1;2025-11-12;16;1453
1;2025-11-12;17;1705
1;2025-11-12;18;1700
1;2025-11-12;19;1334
1;2025-11-12;20;826
1;2025-11-12;21;442
1;2025-11-12;22;164
1;2025-11-12;23;19
1;2025-11-13;0;0
1;2025-11-13;1;0
1;2025-11-13;2;0
1;2025-11-13;3;0
1;2025-11-13;4;6
1;2025-11-13;5;106
1;2025-11-13;6;472
1;2025-11-13;7;1383
1;2025-11-13;8;1866
1;2025-11-13;9;1445
1;2025-11-13;10;1355
1;2025-11-13;11;1323
1;2025-11-13;12;1380
1;2025-11-13;13;1406
1;2025-11-13;14;1308
1;2025-11-13;15;1418
1;2025-11-13;16;1471
1;2025-11-13;17;1710
1;2025-11-13;18;1715
1;2025-11-13;19;1324
1;2025-11-13;20;829
1;2025-11-13;21;440
1;2025-11-13;22;150
1;2025-11-13;23;25
1;2025-11-14;0;0
1;2025-11-14;1;0
1;2025-11-14;2;0
1;2025-11-14;3;0
1;2025-11-14;4;7
1;2025-11-14;5;110
1;2025-11-14;6;471
1;2025-11-14;7;1385
1;2025-11-14;8;1817
1;2025-11-14;9;1414
1;2025-11-14;10;1313
1;2025-11-14;11;1308
1;2025-11-14;12;1353
1;2025-11-14;13;1363
1;2025-11-14;14;1297
1;2025-11-14;15;1436
1;2025-11-14;16;1511
1;2025-11-14;17;1705
1;2025-11-14;18;1505
1;2025-11-14;19;1209
1;2025-11-14;20;758
1;2025-11-14;21;440
1;2025-11-14;22;167
1;2025-11-14;23;31
1;2025-11-15;0;0
1;2025-11-15;1;0
1;2025-11-15;2;0
1;2025-11-15;3;0
1;2025-11-15;4;0
1;2025-11-15;5;10
1;2025-11-15;6;135
1;2025-11-15;7;314
1;2025-11-15;8;459
1;2025-11-15;9;720
1;2025-11-15;10;830
1;2025-11-15;11;812
1;2025-11-15;12;917
1;2025-11-15;13;946
1;2025-11-15;14;888
1;2025-11-15;15;828
1;2025-11-15;16;766
1;2025-11-15;17;712
1;2025-11-15;18;596
1;2025-11-15;19;548
1;2025-11-15;20;353
1;2025-11-15;21;256
1;2025-11-15;22;70
1;2025-11-15;23;9
1;2025-11-16;0;0
1;2025-11-16;1;0
1;2025-11-16;2;0
1;2025-11-16;3;0
1;2025-11-16;4;0
1;2025-11-16;5;1
1;2025-11-16;6;94
1;2025-11-16;7;201
1;2025-11-16;8;284
1;2025-11-16;9;535
1;2025-11-16;10;632
1;2025-11-16;11;646
1;2025-11-16;12;762
1;2025-11-16;13;791
1;2025-11-16;14;728
1;2025-11-16;15;673
1;2025-11-16;16;617
1;2025-11-16;17;573
1;2025-11-16;18;464
1;2025-11-16;19;397
1;2025-11-16;20;285
1;2025-11-16;21;222
1;2025-11-16;22;55
1;2025-11-16;23;8
1;2025-11-17;0;0
1;2025-11-17;1;0
1;2025-11-17;2;0
1;2025-11-17;3;0
1;2025-11-17;4;7
1;2025-11-17;5;110
1;2025-11-17;6;482
1;2025-11-17;7;1392
1;2025-11-17;8;1835
1;2025-11-17;9;1417
1;2025-11-17;10;1313
1;2025-11-17;11;1288
1;2025-11-17;12;1349
1;2025-11-17;13;1366
1;2025-11-17;14;1289
1;2025-11-17;15;1410
1;2025-11-17;16;1463
1;2025-11-17;17;1718
1;2025-11-17;18;1720
1;2025-11-17;19;1350
1;2025-11-17;20;818
1;2025-11-17;21;421
1;2025-11-17;22;138
1;2025-11-17;23;24
1;2025-11-18;0;0
1;2025-11-18;1;0
1;2025-11-18;2;0
1;2025-11-18;3;0
1;2025-11-18;4;7
1;2025-11-18;5;110
1;2025-11-18;6;485
1;2025-11-18;7;1416
1;2025-11-18;8;1875
1;2025-11-18;9;1464
1;2025-11-18;10;1357
1;2025-11-18;11;1315
1;2025-11-18;12;1364
1;2025-11-18;13;1383
1;2025-11-18;14;1283
1;2025-11-18;15;1391
1;2025-11-18;16;1462
1;2025-11-18;17;1716
1;2025-11-18;18;1734
1;2025-11-18;19;1359
1;2025-11-18;20;829
1;2025-11-18;21;431
1;2025-11-18;22;156
1;2025-11-18;23;24
1;2025-11-19;0;0
1;2025-11-19;1;0
1;2025-11-19;2;0
1;2025-11-19;3;0
1;2025-11-19;4;8
1;2025-11-19;5;109
1;2025-11-19;6;486
1;2025-11-19;7;1385
1;2025-11-19;8;1859
1;2025-11-19;9;1443
1;2025-11-19;10;1341
1;2025-11-19;11;1313
1;2025-11-19;12;1372
1;2025-11-19;13;1397
1;2025-11-19;14;1300
1;2025-11-19;15;1412
1;2025-11-19;16;1453
1;2025-11-19;17;1705
1;2025-11-19;18;1700
1;2025-11-19;19;1334
1;2025-11-19;20;826
1;2025-11-19;21;442
1;2025-11-19;22;164
1;2025-11-19;23;19
1;2025-11-20;0;0
1;2025-11-20;1;0
1;2025-11-20;2;0
1;2025-11-20;3;0
1;2025-11-20;4;6
1;2025-11-20;5;106
1;2025-11-20;6;472
1;2025-11-20;7;1383
1;2025-11-20;8;1866
1;2025-11-20;9;1445
1;2025-11-20;10;1355
1;2025-11-20;11;1323
1;2025-11-20;12;1380
1;2025-11-20;13;1406
1;2025-11-20;14;1308
1;2025-11-20;15;1418
1;2025-11-20;16;1471
1;2025-11-20;17;1710
1;2025-11-20;18;1715
1;2025-11-20;19;1324
1;2025-11-20;20;829
1;2025-11-20;21;440
1;2025-11-20;22;150
1;2025-11-20;23;25
1;2025-11-21;0;0
1;2025-11-21;1;0
1;2025-11-21;2;0
1;2025-11-21;3;0
1;2025-11-21;4;7
1;2025-11-21;5;110
1;2025-11-21;6;471
1;2025-11-21;7;1385
1;2025-11-21;8;1817
1;2025-11-21;9;1414
1;2025-11-21;10;1313
1;2025-11-21;11;1308
1;2025-11-21;12;1353
1;2025-11-21;13;1363
1;2025-11-21;14;1297
1;2025-11-21;15;1436
1;2025-11-21;16;1511
1;2025-11-21;17;1705
1;2025-11-21;18;1505
1;2025-11-21;19;1209
1;2025-11-21;20;758
1;2025-11-21;21;440
1;2025-11-21;22;167
1;2025-11-21;23;31
1;2025-11-22;0;0
1;2025-11-22;1;0
1;2025-11-22;2;0
1;2025-11-22;3;0
1;2025-11-22;4;0
1;2025-11-22;5;10
1;2025-11-22;6;135
1;2025-11-22;7;314
1;2025-11-22;8;459
1;2025-11-22;9;720
1;2025-11-22;10;830
1;2025-11-22;11;812
1;2025-11-22;12;917
1;2025-11-22;13;946
1;2025-11-22;14;888
1;2025-11-22;15;828
1;2025-11-22;16;766
1;2025-11-22;17;712
1;2025-11-22;18;596
1;2025-11-22;19;548
1;2025-11-22;20;353
1;2025-11-22;21;256
1;2025-11-22;22;70
1;2025-11-22;23;9
1;2025-11-23;0;0
1;2025-11-23;1;0
1;2025-11-23;2;0
1;2025-11-23;3;0
1;2025-11-23;4;0
1;2025-11-23;5;1
1;2025-11-23;6;94
1;2025-11-23;7;201
1;2025-11-23;8;284
1;2025-11-23;9;535
1;2025-11-23;10;632
1;2025-11-23;11;646
1;2025-11-23;12;762
1;2025-11-23;13;791
1;2025-11-23;14;728
1;2025-11-23;15;673
1;2025-11-23;16;617
1;2025-11-23;17;573
1;2025-11-23;18;464
1;2025-11-23;19;397
1;2025-11-23;20;285
1;2025-11-23;21;222
1;2025-11-23;22;55
1;2025-11-23;23;8
1;2025-11-24;0;0
1;2025-11-24;1;0
1;2025-11-24;2;0
1;2025-11-24;3;0
1;2025-11-24;4;7
1;2025-11-24;5;110
1;2025-11-24;6;482
1;2025-11-24;7;1392
1;2025-11-24;8;1835
1;2025-11-24;9;1417
1;2025-11-24;10;1313
1;2025-11-24;11;1288
1;2025-11-24;12;1349
1;2025-11-24;13;1366
1;2025-11-24;14;1289
1;2025-11-24;15;1410
1;2025-11-24;16;1463
1;2025-11-24;17;1718
1;2025-11-24;18;1720
1;2025-11-24;19;1350
1;2025-11-24;20;818
1;2025-11-24;21;421
1;2025-11-24;22;138
1;2025-11-24;23;24
1;2025-11-25;0;0
1;2025-11-25;1;0
1;2025-11-25;2;0
1;2025-11-25;3;0
1;2025-11-25;4;7
1;2025-11-25;5;110
1;2025-11-25;6;485
1;2025-11-25;7;1416
1;2025-11-25;8;1875
1;2025-11-25;9;1464
1;2025-11-25;10;1357
1;2025-11-25;11;1315
1;2025-11-25;12;1364
1;2025-11-25;13;1383
1;2025-11-25;14;1283
1;2025-11-25;15;1391
1;2025-11-25;16;1462
1;2025-11-25;17;1716
1;2025-11-25;18;1734
1;2025-11-25;19;1359
1;2025-11-25;20;829
1;2025-11-25;21;431
1;2025-11-25;22;156
1;2025-11-25;23;24
1;2025-11-26;0;0
1;2025-11-26;1;0
1;2025-11-26;2;0
1;2025-11-26;3;0
1;2025-11-26;4;8
1;2025-11-26;5;109
1;2025-11-26;6;486
1;2025-11-26;7;1385
1;2025-11-26;8;1859
1;2025-11-26;9;1443
1;2025-11-26;10;1341
1;2025-11-26;11;1313
1;2025-11-26;12;1372
1;2025-11-26;13;1397
1;2025-11-26;14;1300
1;2025-11-26;15;1412
1;2025-11-26;16;1453
1;2025-11-26;17;1705
1;2025-11-26;18;1700
1;2025-11-26;19;1334
1;2025-11-26;20;826
1;2025-11-26;21;442
1;2025-11-26;22;164
1;2025-11-26;23;19
1;2025-11-27;0;0
1;2025-11-27;1;0
1;2025-11-27;2;0
1;2025-11-27;3;0
1;2025-11-27;4;6
1;2025-11-27;5;106
1;2025-11-27;6;472
1;2025-11-27;7;1383
1;2025-11-27;8;1866
1;2025-11-27;9;1445
1;2025-11-27;10;1355
1;2025-11-27;11;1323
1;2025-11-27;12;1380
1;2025-11-27;13;1406
1;2025-11-27;14;1308
1;2025-11-27;15;1418
1;2025-11-27;16;1471
1;2025-11-27;17;1710
1;2025-11-27;18;1715
1;2025-11-27;19;1324
1;2025-11-27;20;829
1;2025-11-27;21;440
1;2025-11-27;22;150
1;2025-11-27;23;25
1;2025-11-28;0;0
1;2025-11-28;1;0
1;2025-11-28;2;0
1;2025-11-28;3;0
1;2025-11-28;4;7
1;2025-11-28;5;110
1;2025-11-28;6;471
1;2025-11-28;7;1385
1;2025-11-28;8;1817
1;2025-11-28;9;1414
1;2025-11-28;10;1313
1;2025-11-28;11;1308
1;2025-11-28;12;1353
1;2025-11-28;13;1363
1;2025-11-28;14;1297
1;2025-11-28;15;1436
1;2025-11-28;16;1511
1;2025-11-28;17;1705
1;2025-11-28;18;1505
1;2025-11-28;19;1209
1;2025-11-28;20;758
1;2025-11-28;21;440
1;2025-11-28;22;167
1;2025-11-28;23;31
1;2025-11-29;0;0
1;2025-11-29;1;0
1;2025-11-29;2;0
1;2025-11-29;3;0
1;2025-11-29;4;0
1;2025-11-29;5;10
1;2025-11-29;6;135
1;2025-11-29;7;314
1;2025-11-29;8;459
1;2025-11-29;9;720
1;2025-11-29;10;830
1;2025-11-29;11;812
1;2025-11-29;12;917
1;2025-11-29;13;946
1;2025-11-29;14;888
1;2025-11-29;15;828
1;2025-11-29;16;766
1;2025-11-29;17;712
1;2025-11-29;18;596
1;2025-11-29;19;548
1;2025-11-29;20;353
1;2025-11-29;21;256
1;2025-11-29;22;70
1;2025-11-29;23;9
1;2025-11-30;0;0
1;2025-11-30;1;0
1;2025-11-30;2;0
1;2025-11-30;3;0
1;2025-11-30;4;0
1;2025-11-30;5;1
1;2025-11-30;6;94
1;2025-11-30;7;201
1;2025-11-30;8;284
1;2025-11-30;9;535
1;2025-11-30;10;632
1;2025-11-30;11;646
1;2025-11-30;12;762
1;2025-11-30;13;791
1;2025-11-30;14;728
1;2025-11-30;15;673
1;2025-11-30;16;617
1;2025-11-30;17;573
1;2025-11-30;18;464
1;2025-11-30;19;397
1;2025-11-30;20;285
1;2025-11-30;21;222
1;2025-11-30;22;55
1;2025-11-30;23;8
1;2025-12-01;0;0
1;2025-12-01;1;0
1;2025-12-01;2;0
1;2025-12-01;3;0
1;2025-12-01;4;7
1;2025-12-01;5;110
1;2025-12-01;6;482
1;2025-12-01;7;1392
1;2025-12-01;8;1835
1;2025-12-01;9;1417
1;2025-12-01;10;1313
1;2025-12-01;11;1288
1;2025-12-01;12;1349
1;2025-12-01;13;1366
1;2025-12-01;14;1289
1;2025-12-01;15;1410
1;2025-12-01;16;1463
1;2025-12-01;17;1718
1;2025-12-01;18;1720
1;2025-12-01;19;1350
1;2025-12-01;20;818
1;2025-12-01;21;421
1;2025-12-01;22;138
1;2025-12-01;23;24
1;2025-12-02;0;0
1;2025-12-02;1;0
1;2025-12-02;2;0
1;2025-12-02;3;0
1;2025-12-02;4;7
1;2025-12-02;5;110
1;2025-12-02;6;485
1;2025-12-02;7;1416
1;2025-12-02;8;1875
1;2025-12-02;9;1464
1;2025-12-02;10;1357
1;2025-12-02;11;1315
1;2025-12-02;12;1364
1;2025-12-02;13;1383
1;2025-12-02;14;1283
1;2025-12-02;15;1391
1;2025-12-02;16;1462
1;2025-12-02;17;1716
1;2025-12-02;18;1734
1;2025-12-02;19;1359
1;2025-12-02;20;829
1;2025-12-02;21;431
1;2025-12-02;22;156
1;2025-12-02;23;24
1;2025-12-03;0;0
1;2025-12-03;1;0
1;2025-12-03;2;0
1;2025-12-03;3;0
1;2025-12-03;4;8
1;2025-12-03;5;109
1;2025-12-03;6;486
1;2025-12-03;7;1385
1;2025-12-03;8;1859
1;2025-12-03;9;1443
1;2025-12-03;10;1341
1;2025-12-03;11;1313
1;2025-12-03;12;1372
1;2025-12-03;13;1397
1;2025-12-03;14;1300
1;2025-12-03;15;1412
1;2025-12-03;16;1453
1;2025-12-03;17;1705
1;2025-12-03;18;1700
1;2025-12-03;19;1334
1;2025-12-03;20;826
1;2025-12-03;21;442
1;2025-12-03;22;164
1;2025-12-03;23;19
1;2025-12-04;0;0
1;2025-12-04;1;0
1;2025-12-04;2;0
1;2025-12-04;3;0
1;2025-12-04;4;6
1;2025-12-04;5;106
1;2025-12-04;6;472
1;2025-12-04;7;1383
1;2025-12-04;8;1866
1;2025-12-04;9;1445
1;2025-12-04;10;1355
1;2025-12-04;11;1323
1;2025-12-04;12;1380
1;2025-12-04;13;1406
1;2025-12-04;14;1308
1;2025-12-04;15;1418
1;2025-12-04;16;1471
1;2025-12-04;17;1710
1;2025-12-04;18;1715
1;2025-12-04;19;1324
1;2025-12-04;20;829
1;2025-12-04;21;440
1;2025-12-04;22;150
1;2025-12-04;23;25
1;2025-12-05;0;0
1;2025-12-05;1;0
1;2025-12-05;2;0
1;2025-12-05;3;0
1;2025-12-05;4;7
1;2025-12-05;5;110
1;2025-12-05;6;471
1;2025-12-05;7;1385
1;2025-12-05;8;1817
1;2025-12-05;9;1414
1;2025-12-05;10;1313
1;2025-12-05;11;1308
1;2025-12-05;12;1353
1;2025-12-05;13;1363
1;2025-12-05;14;1297
1;2025-12-05;15;1436
1;2025-12-05;16;1511
1;2025-12-05;17;1705
1;2025-12-05;18;1505
1;2025-12-05;19;1209
1;2025-12-05;20;758
1;2025-12-05;21;440
1;2025-12-05;22;167
1;2025-12-05;23;31
1;2025-12-06;0;0
1;2025-12-06;1;0
1;2025-12-06;2;0
1;2025-12-06;3;0
1;2025-12-06;4;0
1;2025-12-06;5;10
1;2025-12-06;6;135
1;2025-12-06;7;314
1;2025-12-06;8;459
1;2025-12-06;9;720
1;2025-12-06;10;830
1;2025-12-06;11;812
1;2025-12-06;12;917
1;2025-12-06;13;946
1;2025-12-06;14;888
1;2025-12-06;15;828
1;2025-12-06;16;766
1;2025-12-06;17;712
1;2025-12-06;18;596
1;2025-12-06;19;548
1;2025-12-06;20;353
1;2025-12-06;21;256
1;2025-12-06;22;70
1;2025-12-06;23;9
1;2025-12-07;0;0
1;2025-12-07;1;0
1;2025-12-07;2;0
1;2025-12-07;3;0
1;2025-12-07;4;0
1;2025-12-07;5;1
1;2025-12-07;6;94
1;2025-12-07;7;201
1;2025-12-07;8;284
1;2025-12-07;9;535
1;2025-12-07;10;632
1;2025-12-07;11;646
1;2025-12-07;12;762
1;2025-12-07;13;791
1;2025-12-07;14;728
1;2025-12-07;15;673
1;2025-12-07;16;617
1;2025-12-07;17;573
1;2025-12-07;18;464
1;2025-12-07;19;397
1;2025-12-07;20;285
1;2025-12-07;21;222
1;2025-12-07;22;55
1;2025-12-07;23;8
1;2025-12-08;0;0
1;2025-12-08;1;0
1;2025-12-08;2;0
1;2025-12-08;3;0
1;2025-12-08;4;7
1;2025-12-08;5;110
1;2025-12-08;6;482
1;2025-12-08;7;1392
1;2025-12-08;8;1835
1;2025-12-08;9;1417
1;2025-12-08;10;1313
1;2025-12-08;11;1288
1;2025-12-08;12;1349
1;2025-12-08;13;1366
1;2025-12-08;14;1289
1;2025-12-08;15;1410
1;2025-12-08;16;1463
1;2025-12-08;17;1718
1;2025-12-08;18;1720
1;2025-12-08;19;1350
1;2025-12-08;20;818
1;2025-12-08;21;421
1;2025-12-08;22;138
1;2025-12-08;23;24
1;2025-12-09;0;0
1;2025-12-09;1;0
1;2025-12-09;2;0
1;2025-12-09;3;0
1;2025-12-09;4;7
1;2025-12-09;5;110
1;2025-12-09;6;485
1;2025-12-09;7;1416
1;2025-12-09;8;1875
1;2025-12-09;9;1464
1;2025-12-09;10;1357
1;2025-12-09;11;1315
1;2025-12-09;12;1364
1;2025-12-09;13;1383
1;2025-12-09;14;1283
1;2025-12-09;15;1391
1;2025-12-09;16;1462
1;2025-12-09;17;1716
1;2025-12-09;18;1734
1;2025-12-09;19;1359
1;2025-12-09;20;829
1;2025-12-09;21;431
1;2025-12-09;22;156
1;2025-12-09;23;24
1;2025-12-10;0;0
1;2025-12-10;1;0
1;2025-12-10;2;0
1;2025-12-10;3;0
1;2025-12-10;4;8
1;2025-12-10;5;109
1;2025-12-10;6;486
1;2025-12-10;7;1385
1;2025-12-10;8;1859
1;2025-12-10;9;1443
1;2025-12-10;10;1341
1;2025-12-10;11;1313
1;2025-12-10;12;1372
1;2025-12-10;13;1397
1;2025-12-10;14;1300
1;2025-12-10;15;1412
1;2025-12-10;16;1453
1;2025-12-10;17;1705
1;2025-12-10;18;1700
1;2025-12-10;19;1334
1;2025-12-10;20;826
1;2025-12-10;21;442
1;2025-12-10;22;164
1;2025-12-10;23;19
1;2025-12-11;0;0
1;2025-12-11;1;0
1;2025-12-11;2;0
1;2025-12-11;3;0
1;2025-12-11;4;6
1;2025-12-11;5;106
1;2025-12-11;6;472
1;2025-12-11;7;1383
1;2025-12-11;8;1866
1;2025-12-11;9;1445
1;2025-12-11;10;1355
1;2025-12-11;11;1323
1;2025-12-11;12;1380
1;2025-12-11;13;1406
1;2025-12-11;14;1308
1;2025-12-11;15;1418
1;2025-12-11;16;1471
1;2025-12-11;17;1710
1;2025-12-11;18;1715
1;2025-12-11;19;1324
1;2025-12-11;20;829
1;2025-12-11;21;440
1;2025-12-11;22;150
1;2025-12-11;23;25
1;2025-12-12;0;0
1;2025-12-12;1;0
1;2025-12-12;2;0
1;2025-12-12;3;0
1;2025-12-12;4;7
1;2025-12-12;5;110
1;2025-12-12;6;471
1;2025-12-12;7;1385
1;2025-12-12;8;1817
1;2025-12-12;9;1414
1;2025-12-12;10;1313
1;2025-12-12;11;1308
1;2025-12-12;12;1353
1;2025-12-12;13;1363
1;2025-12-12;14;1297
1;2025-12-12;15;1436
1;2025-12-12;16;1511
1;2025-12-12;17;1705
1;2025-12-12;18;1505
1;2025-12-12;19;1209
1;2025-12-12;20;758
1;2025-12-12;21;440
1;2025-12-12;22;167
1;2025-12-12;23;31
1;2025-12-13;0;0
1;2025-12-13;1;0
1;2025-12-13;2;0
1;2025-12-13;3;0
1;2025-12-13;4;0
1;2025-12-13;5;10
1;2025-12-13;6;135
1;2025-12-13;7;314
1;2025-12-13;8;459
1;2025-12-13;9;720
1;2025-12-13;10;830
1;2025-12-13;11;812
1;2025-12-13;12;917
1;2025-12-13;13;946
1;2025-12-13;14;888
1;2025-12-13;15;828
1;2025-12-13;16;766
1;2025-12-13;17;712
1;2025-12-13;18;596
1;2025-12-13;19;548
1;2025-12-13;20;353
1;2025-12-13;21;256
1;2025-12-13;22;70
1;2025-12-13;23;9
1;2025-12-14;0;0
1;2025-12-14;1;0
1;2025-12-14;2;0
1;2025-12-14;3;0
1;2025-12-14;4;0
1;2025-12-14;5;1
1;2025-12-14;6;94
1;2025-12-14;7;201
1;2025-12-14;8;284
1;2025-12-14;9;535
1;2025-12-14;10;632
1;2025-12-14;11;646
1;2025-12-14;12;762
1;2025-12-14;13;791
1;2025-12-14;14;728
1;2025-12-14;15;673
1;2025-12-14;16;617
1;2025-12-14;17;573
1;2025-12-14;18;464
1;2025-12-14;19;397
1;2025-12-14;20;285
1;2025-12-14;21;222
1;2025-12-14;22;55
1;2025-12-14;23;8
1;2025-12-15;0;0
1;2025-12-15;1;0
1;2025-12-15;2;0
1;2025-12-15;3;0
1;2025-12-15;4;7
1;2025-12-15;5;110
1;2025-12-15;6;482
1;2025-12-15;7;1392
1;2025-12-15;8;1835
1;2025-12-15;9;1417
1;2025-12-15;10;1313
1;2025-12-15;11;1288
1;2025-12-15;12;1349
1;2025-12-15;13;1366
1;2025-12-15;14;1289
1;2025-12-15;15;1410
1;2025-12-15;16;1463
1;2025-12-15;17;1718
1;2025-12-15;18;1720
1;2025-12-15;19;1350
1;2025-12-15;20;818
1;2025-12-15;21;421
1;2025-12-15;22;138
1;2025-12-15;23;24
1;2025-12-16;0;0
1;2025-12-16;1;0
1;2025-12-16;2;0
1;2025-12-16;3;0
1;2025-12-16;4;7
1;2025-12-16;5;110
1;2025-12-16;6;485
1;2025-12-16;7;1416
1;2025-12-16;8;1875
1;2025-12-16;9;1464
1;2025-12-16;10;1357
1;2025-12-16;11;1315
1;2025-12-16;12;1364
1;2025-12-16;13;1383
1;2025-12-16;14;1283
1;2025-12-16;15;1391
1;2025-12-16;16;1462
1;2025-12-16;17;1716
1;2025-12-16;18;1734
1;2025-12-16;19;1359
1;2025-12-16;20;829
1;2025-12-16;21;431
1;2025-12-16;22;156
1;2025-12-16;23;24
1;2025-12-17;0;0
1;2025-12-17;1;0
1;2025-12-17;2;0
1;2025-12-17;3;0
1;2025-12-17;4;8
1;2025-12-17;5;109
1;2025-12-17;6;486
1;2025-12-17;7;1385
1;2025-12-17;8;1859
1;2025-12-17;9;1443
1;2025-12-17;10;1341
1;2025-12-17;11;1313
1;2025-12-17;12;1372
1;2025-12-17;13;1397
1;2025-12-17;14;1300
1;2025-12-17;15;1412
1;2025-12-17;16;1453
1;2025-12-17;17;1705
1;2025-12-17;18;1700
1;2025-12-17;19;1334
1;2025-12-17;20;826
1;2025-12-17;21;442
1;2025-12-17;22;164
1;2025-12-17;23;19
1;2025-12-18;0;0
1;2025-12-18;1;0
1;2025-12-18;2;0
1;2025-12-18;3;0
1;2025-12-18;4;6
1;2025-12-18;5;106
1;2025-12-18;6;472
1;2025-12-18;7;1383
1;2025-12-18;8;1866
1;2025-12-18;9;1445
1;2025-12-18;10;1355
1;2025-12-18;11;1323
1;2025-12-18;12;1380
1;2025-12-18;13;1406
1;2025-12-18;14;1308
1;2025-12-18;15;1418
1;2025-12-18;16;1471
1;2025-12-18;17;1710
1;2025-12-18;18;1715
1;2025-12-18;19;1324
1;2025-12-18;20;829
1;2025-12-18;21;440
1;2025-12-18;22;150
1;2025-12-18;23;25
1;2025-12-19;0;0
1;2025-12-19;1;0
1;2025-12-19;2;0
1;2025-12-19;3;0
1;2025-12-19;4;7
1;2025-12-19;5;110
1;2025-12-19;6;471
1;2025-12-19;7;1385
1;2025-12-19;8;1817
1;2025-12-19;9;1414
1;2025-12-19;10;1313
1;2025-12-19;11;1308
1;2025-12-19;12;1353
1;2025-12-19;13;1363
1;2025-12-19;14;1297
1;2025-12-19;15;1436
1;2025-12-19;16;1511
1;2025-12-19;17;1705
1;2025-12-19;18;1505
1;2025-12-19;19;1209
1;2025-12-19;20;758
1;2025-12-19;21;440
1;2025-12-19;22;167
1;2025-12-19;23;31
1;2025-12-20;0;0
1;2025-12-20;1;0
1;2025-12-20;2;0
1;2025-12-20;3;0
1;2025-12-20;4;0
1;2025-12-20;5;10
1;2025-12-20;6;135
1;2025-12-20;7;314
1;2025-12-20;8;459
1;2025-12-20;9;720
1;2025-12-20;10;830
1;2025-12-20;11;812
1;2025-12-20;12;917
1;2025-12-20;13;946
1;2025-12-20;14;888
1;2025-12-20;15;828
1;2025-12-20;16;766
1;2025-12-20;17;712
1;2025-12-20;18;596
1;2025-12-20;19;548
1;2025-12-20;20;353
1;2025-12-20;21;256
1;2025-12-20;22;70
1;2025-12-20;23;9
1;2025-12-21;0;0
1;2025-12-21;1;0
1;2025-12-21;2;0
1;2025-12-21;3;0
1;2025-12-21;4;0
1;2025-12-21;5;1
1;2025-12-21;6;94
1;2025-12-21;7;201
1;2025-12-21;8;284
1;2025-12-21;9;535
1;2025-12-21;10;632
1;2025-12-21;11;646
1;2025-12-21;12;762
1;2025-12-21;13;791
1;2025-12-21;14;728
1;2025-12-21;15;673
1;2025-12-21;16;617
1;2025-12-21;17;573
1;2025-12-21;18;464
1;2025-12-21;19;397
1;2025-12-21;20;285
1;2025-12-21;21;222
1;2025-12-21;22;55
1;2025-12-21;23;8
1;2025-12-22;0;0
1;2025-12-22;1;0
1;2025-12-22;2;0
1;2025-12-22;3;0
1;2025-12-22;4;7
1;2025-12-22;5;110
1;2025-12-22;6;482
1;2025-12-22;7;1392
1;2025-12-22;8;1835
1;2025-12-22;9;1417
1;2025-12-22;10;1313
1;2025-12-22;11;1288
1;2025-12-22;12;1349
1;2025-12-22;13;1366
1;2025-12-22;14;1289
1;2025-12-22;15;1410
1;2025-12-22;16;1463
1;2025-12-22;17;1718
1;2025-12-22;18;1720
1;2025-12-22;19;1350
1;2025-12-22;20;818
1;2025-12-22;21;421
1;2025-12-22;22;138
1;2025-12-22;23;24
1;2025-12-23;0;0
1;2025-12-23;1;0
1;2025-12-23;2;0
1;2025-12-23;3;0
1;2025-12-23;4;7
1;2025-12-23;5;110
1;2025-12-23;6;485
1;2025-12-23;7;1416
1;2025-12-23;8;1875
1;2025-12-23;9;1464
1;2025-12-23;10;1357
1;2025-12-23;11;1315
1;2025-12-23;12;1364
1;2025-12-23;13;1383
1;2025-12-23;14;1283
1;2025-12-23;15;1391
1;2025-12-23;16;1462
1;2025-12-23;17;1716
1;2025-12-23;18;1734
1;2025-12-23;19;1359
1;2025-12-23;20;829
1;2025-12-23;21;431
1;2025-12-23;22;156
1;2025-12-23;23;24
1;2025-12-24;0;0
1;2025-12-24;1;0
1;2025-12-24;2;0
1;2025-12-24;3;0
1;2025-12-24;4;8
1;2025-12-24;5;109
1;2025-12-24;6;486
1;2025-12-24;7;1385
1;2025-12-24;8;1859
1;2025-12-24;9;1443
1;2025-12-24;10;1341
1;2025-12-24;11;1313
1;2025-12-24;12;1372
1;2025-12-24;13;1397
1;2025-12-24;14;1300
1;2025-12-24;15;1412
1;2025-12-24;16;1453
1;2025-12-24;17;1705
1;2025-12-24;18;1700
1;2025-12-24;19;1334
1;2025-12-24;20;826
1;2025-12-24;21;442
1;2025-12-24;22;164
1;2025-12-24;23;19
1;2025-12-25;0;0
1;2025-12-25;1;0
1;2025-12-25;2;0
1;2025-12-25;3;0
1;2025-12-25;4;6
1;2025-12-25;5;106
1;2025-12-25;6;472
1;2025-12-25;7;1383
1;2025-12-25;8;1866
1;2025-12-25;9;1445
1;2025-12-25;10;1355
1;2025-12-25;11;1323
1;2025-12-25;12;1380
1;2025-12-25;13;1406
1;2025-12-25;14;1308
1;2025-12-25;15;1418
1;2025-12-25;16;1471
1;2025-12-25;17;1710
1;2025-12-25;18;1715
1;2025-12-25;19;1324
1;2025-12-25;20;829
1;2025-12-25;21;440
1;2025-12-25;22;150
1;2025-12-25;23;25
1;2025-12-26;0;0
1;2025-12-26;1;0
1;2025-12-26;2;0
1;2025-12-26;3;0
1;2025-12-26;4;7
1;2025-12-26;5;110
1;2025-12-26;6;471
1;2025-12-26;7;1385
1;2025-12-26;8;1817
1;2025-12-26;9;1414
1;2025-12-26;10;1313
1;2025-12-26;11;1308
1;2025-12-26;12;1353
1;2025-12-26;13;1363
1;2025-12-26;14;1297
1;2025-12-26;15;1436
1;2025-12-26;16;1511
1;2025-12-26;17;1705
1;2025-12-26;18;1505
1;2025-12-26;19;1209
1;2025-12-26;20;758
1;2025-12-26;21;440
1;2025-12-26;22;167
1;2025-12-26;23;31
1;2025-12-27;0;0
1;2025-12-27;1;0
1;2025-12-27;2;0
1;2025-12-27;3;0
1;2025-12-27;4;0
1;2025-12-27;5;10
1;2025-12-27;6;135
1;2025-12-27;7;314
1;2025-12-27;8;459
1;2025-12-27;9;720
1;2025-12-27;10;830
1;2025-12-27;11;812
1;2025-12-27;12;917
1;2025-12-27;13;946
1;2025-12-27;14;888
1;2025-12-27;15;828
1;2025-12-27;16;766
1;2025-12-27;17;712
1;2025-12-27;18;596
1;2025-12-27;19;548
1;2025-12-27;20;353
1;2025-12-27;21;256
1;2025-12-27;22;70
1;2025-12-27;23;9
1;2025-12-28;0;0
1;2025-12-28;1;0
1;2025-12-28;2;0
1;2025-12-28;3;0
1;2025-12-28;4;0
1;2025-12-28;5;1
1;2025-12-28;6;94
1;2025-12-28;7;201
1;2025-12-28;8;284
1;2025-12-28;9;535
1;2025-12-28;10;632
1;2025-12-28;11;646
1;2025-12-28;12;762
1;2025-12-28;13;791
1;2025-12-28;14;728
1;2025-12-28;15;673
1;2025-12-28;16;617
1;2025-12-28;17;573
1;2025-12-28;18;464
1;2025-12-28;19;397
1;2025-12-28;20;285
1;2025-12-28;21;222
1;2025-12-28;22;55
1;2025-12-28;23;8
1;2025-12-29;0;0
1;2025-12-29;1;0
1;2025-12-29;2;0
1;2025-12-29;3;0
1;2025-12-29;4;7
1;2025-12-29;5;110
1;2025-12-29;6;482
1;2025-12-29;7;1392
1;2025-12-29;8;1835
1;2025-12-29;9;1417
1;2025-12-29;10;1313
1;2025-12-29;11;1288
1;2025-12-29;12;1349
1;2025-12-29;13;1366
1;2025-12-29;14;1289
1;2025-12-29;15;1410
1;2025-12-29;16;1463
1;2025-12-29;17;1718
1;2025-12-29;18;1720
1;2025-12-29;19;1350
1;2025-12-29;20;818
1;2025-12-29;21;421
1;2025-12-29;22;138
1;2025-12-29;23;24
1;2025-12-30;0;0
1;2025-12-30;1;0
1;2025-12-30;2;0
1;2025-12-30;3;0
1;2025-12-30;4;7
1;2025-12-30;5;110
1;2025-12-30;6;485
1;2025-12-30;7;1416
1;2025-12-30;8;1875
1;2025-12-30;9;1464
1;2025-12-30;10;1357
1;2025-12-30;11;1315
1;2025-12-30;12;1364
1;2025-12-30;13;1383
1;2025-12-30;14;1283
1;2025-12-30;15;1391
1;2025-12-30;16;1462
1;2025-12-30;17;1716
1;2025-12-30;18;1734
1;2025-12-30;19;1359
1;2025-12-30;20;829
1;2025-12-30;21;431
1;2025-12-30;22;156
1;2025-12-30;23;24
1;2025-12-31;0;0
1;2025-12-31;1;0
1;2025-12-31;2;0
1;2025-12-31;3;0
1;2025-12-31;4;0
1;2025-12-31;5;20
1;2025-12-31;6;165
1;2025-12-31;7;277
1;2025-12-31;8;389
1;2025-12-31;9;564
1;2025-12-31;10;621
1;2025-12-31;11;639
1;2025-12-31;12;745
1;2025-12-31;13;769
1;2025-12-31;14;679
1;2025-12-31;15;670
1;2025-12-31;16;640
1;2025-12-31;17;617
1;2025-12-31;18;537
1;2025-12-31;19;479
1;2025-12-31;20;331
1;2025-12-31;21;256
1;2025-12-31;22;72
1;2025-12-31;23;9
5;2025-11-01;0;0
5;2025-11-01;1;0
5;2025-11-01;2;0
5;2025-11-01;3;0
5;2025-11-01;4;0
5;2025-11-01;5;0
5;2025-11-01;6;0
5;2025-11-01;7;0
5;2025-11-01;8;0
5;2025-11-01;9;0
5;2025-11-01;10;0
5;2025-11-01;11;0
5;2025-11-01;12;0
5;2025-11-01;13;0
5;2025-11-01;14;0
5;2025-11-01;15;0
5;2025-11-01;16;0
5;2025-11-01;17;0
5;2025-11-01;18;0
5;2025-11-01;19;0
5;2025-11-01;20;0
5;2025-11-01;21;0
5;2025-11-01;22;0
5;2025-11-01;23;0
5;2025-11-02;0;0
5;2025-11-02;1;0
5;2025-11-02;2;0
5;2025-11-02;3;0
5;2025-11-02;4;0
5;2025-11-02;5;0
5;2025-11-02;6;0
5;2025-11-02;7;0
5;2025-11-02;8;0
5;2025-11-02;9;0
5;2025-11-02;10;0
5;2025-11-02;11;0
5;2025-11-02;12;0
5;2025-11-02;13;0
5;2025-11-02;14;0
5;2025-11-02;15;0
5;2025-11-02;16;0
5;2025-11-02;17;0
5;2025-11-02;18;0
5;2025-11-02;19;0
5;2025-11-02;20;0
5;2025-11-02;21;0
5;2025-11-02;22;0
5;2025-11-02;23;0
5;2025-11-03;0;0
5;2025-11-03;1;0
5;2025-11-03;2;0
5;2025-11-03;3;0
5;2025-11-03;4;0
5;2025-11-03;5;0
5;2025-11-03;6;0
5;2025-11-03;7;0
5;2025-11-03;8;0
5;2025-11-03;9;0
5;2025-11-03;10;0
5;2025-11-03;11;0
5;2025-11-03;12;0
5;2025-11-03;13;0
5;2025-11-03;14;0
5;2025-11-03;15;0
5;2025-11-03;16;0
5;2025-11-03;17;0
5;2025-11-03;18;0
5;2025-11-03;19;0
5;2025-11-03;20;0
5;2025-11-03;21;0
5;2025-11-03;22;0
5;2025-11-03;23;0
5;2025-11-04;0;0
5;2025-11-04;1;0
5;2025-11-04;2;0
5;2025-11-04;3;0
5;2025-11-04;4;0
5;2025-11-04;5;0
5;2025-11-04;6;0
5;2025-11-04;7;0
5;2025-11-04;8;0
5;2025-11-04;9;0
5;2025-11-04;10;0
5;2025-11-04;11;0
5;2025-11-04;12;0
5;2025-11-04;13;0
5;2025-11-04;14;0
5;2025-11-04;15;0
5;2025-11-04;16;0
5;2025-11-04;17;0
5;2025-11-04;18;0
5;2025-11-04;19;0
5;2025-11-04;20;0
5;2025-11-04;21;0
5;2025-11-04;22;0
5;2025-11-04;23;0
5;2025-11-05;0;0
5;2025-11-05;1;0
5;2025-11-05;2;0
5;2025-11-05;3;0
5;2025-11-05;4;0
5;2025-11-05;5;0
5;2025-11-05;6;0
5;2025-11-05;7;0
5;2025-11-05;8;0
5;2025-11-05;9;0
5;2025-11-05;10;0
5;2025-11-05;11;0
5;2025-11-05;12;0
5;2025-11-05;13;0
5;2025-11-05;14;0
5;2025-11-05;15;0
5;2025-11-05;16;0
5;2025-11-05;17;0
5;2025-11-05;18;0
5;2025-11-05;19;0
5;2025-11-05;20;0
5;2025-11-05;21;0
5;2025-11-05;22;0
5;2025-11-05;23;0
5;2025-11-06;0;0
5;2025-11-06;1;0
5;2025-11-06;2;0
5;2025-11-06;3;0
5;2025-11-06;4;0
5;2025-11-06;5;0
5;2025-11-06;6;0
5;2025-11-06;7;0
5;2025-11-06;8;0
5;2025-11-06;9;0
5;2025-11-06;10;0
5;2025-11-06;11;0
5;2025-11-06;12;0
5;2025-11-06;13;0
5;2025-11-06;14;0
5;2025-11-06;15;0
5;2025-11-06;16;0
5;2025-11-06;17;0
5;2025-11-06;18;0
5;2025-11-06;19;0
5;2025-11-06;20;0
5;2025-11-06;21;0
5;2025-11-06;22;0
5;2025-11-06;23;0
5;2025-11-07;0;0
5;2025-11-07;1;0
5;2025-11-07;2;0
5;2025-11-07;3;0
5;2025-11-07;4;0
5;2025-11-07;5;0
5;2025-11-07;6;0
5;2025-11-07;7;0
5;2025-11-07;8;0
5;2025-11-07;9;0
5;2025-11-07;10;0
5;2025-11-07;11;0
5;2025-11-07;12;0
5;2025-11-07;13;0
5;2025-11-07;14;0
5;2025-11-07;15;0
5;2025-11-07;16;0
5;2025-11-07;17;0
5;2025-11-07;18;0
5;2025-11-07;19;0
5;2025-11-07;20;0
5;2025-11-07;21;0
5;2025-11-07;22;0
5;2025-11-07;23;0
5;2025-11-08;0;0
5;2025-11-08;1;0
5;2025-11-08;2;0
5;2025-11-08;3;0
5;2025-11-08;4;0
5;2025-11-08;5;0
5;2025-11-08;6;0
5;2025-11-08;7;0
5;2025-11-08;8;0
5;2025-11-08;9;0
5;2025-11-08;10;0
5;2025-11-08;11;0
5;2025-11-08;12;0
5;2025-11-08;13;0
5;2025-11-08;14;0
5;2025-11-08;15;0
5;2025-11-08;16;0
5;2025-11-08;17;0
5;2025-11-08;18;0
5;2025-11-08;19;0
5;2025-11-08;20;0
5;2025-11-08;21;0
5;2025-11-08;22;0
5;2025-11-08;23;0
5;2025-11-09;0;0
5;2025-11-09;1;0
5;2025-11-09;2;0
5;2025-11-09;3;0
5;2025-11-09;4;0
5;2025-11-09;5;0
5;2025-11-09;6;0
5;2025-11-09;7;0
5;2025-11-09;8;0
5;2025-11-09;9;0
5;2025-11-09;10;0
5;2025-11-09;11;0
5;2025-11-09;12;0
5;2025-11-09;13;0
5;2025-11-09;14;0
5;2025-11-09;15;0
5;2025-11-09;16;0
5;2025-11-09;17;0
5;2025-11-09;18;0
5;2025-11-09;19;0
5;2025-11-09;20;0
5;2025-11-09;21;0
5;2025-11-09;22;0
5;2025-11-09;23;0
5;2025-11-10;0;0
5;2025-11-10;1;0
5;2025-11-10;2;0
5;2025-11-10;3;0
5;2025-11-10;4;0
5;2025-11-10;5;0
5;2025-11-10;6;0
5;2025-11-10;7;0
5;2025-11-10;8;0
5;2025-11-10;9;0
5;2025-11-10;10;0
5;2025-11-10;11;0
5;2025-11-10;12;0
5;2025-11-10;13;0
5;2025-11-10;14;0
5;2025-11-10;15;0
5;2025-11-10;16;0
5;2025-11-10;17;0
5;2025-11-10;18;0
5;2025-11-10;19;0
5;2025-11-10;20;0
5;2025-11-10;21;0
5;2025-11-10;22;0
5;2025-11-10;23;0
5;2025-11-11;0;0
5;2025-11-11;1;0
5;2025-11-11;2;0
5;2025-11-11;3;0
5;2025-11-11;4;0
5;2025-11-11;5;0
5;2025-11-11;6;0
5;2025-11-11;7;0
5;2025-11-11;8;0
5;2025-11-11;9;0
5;2025-11-11;10;0
5;2025-11-11;11;0
5;2025-11-11;12;0
5;2025-11-11;13;0
5;2025-11-11;14;0
5;2025-11-11;15;0
5;2025-11-11;16;0
5;2025-11-11;17;0
5;2025-11-11;18;0
5;2025-11-11;19;0
5;2025-11-11;20;0
5;2025-11-11;21;0
5;2025-11-11;22;0
5;2025-11-11;23;0
5;2025-11-12;0;0
5;2025-11-12;1;0
5;2025-11-12;2;0
5;2025-11-12;3;0
5;2025-11-12;4;0
5;2025-11-12;5;0
5;2025-11-12;6;0
5;2025-11-12;7;0
5;2025-11-12;8;0
5;2025-11-12;9;0
5;2025-11-12;10;0
5;2025-11-12;11;0
5;2025-11-12;12;0
5;2025-11-12;13;0
5;2025-11-12;14;0
5;2025-11-12;15;0
5;2025-11-12;16;0
5;2025-11-12;17;0
5;2025-11-12;18;0
5;2025-11-12;19;0
5;2025-11-12;20;0
5;2025-11-12;21;0
5;2025-11-12;22;0
5;2025-11-12;23;0
5;2025-11-13;0;0
5;2025-11-13;1;0
5;2025-11-13;2;0
5;2025-11-13;3;0
5;2025-11-13;4;0
5;2025-11-13;5;0
5;2025-11-13;6;0
5;2025-11-13;7;0
5;2025-11-13;8;0
5;2025-11-13;9;0
5;2025-11-13;10;0
5;2025-11-13;11;0
5;2025-11-13;12;0
5;2025-11-13;13;0
5;2025-11-13;14;0
5;2025-11-13;15;0
5;2025-11-13;16;0
5;2025-11-13;17;0
5;2025-11-13;18;0
5;2025-11-13;19;0
5;2025-11-13;20;0
5;2025-11-13;21;0
5;2025-11-13;22;0
5;2025-11-13;23;0
5;2025-11-14;0;0
5;2025-11-14;1;0
5;2025-11-14;2;0
5;2025-11-14;3;0
5;2025-11-14;4;0
5;2025-11-14;5;0
5;2025-11-14;6;0
5;2025-11-14;7;0
5;2025-11-14;8;0
5;2025-11-14;9;0
5;2025-11-14;10;0
5;2025-11-14;11;0
5;2025-11-14;12;0
5;2025-11-14;13;0
5;2025-11-14;14;0
5;2025-11-14;15;0
5;2025-11-14;16;0
5;2025-11-14;17;0
5;2025-11-14;18;0
5;2025-11-14;19;0
5;2025-11-14;20;0
5;2025-11-14;21;0
5;2025-11-14;22;0
5;2025-11-14;23;0
5;2025-11-15;0;0
5;2025-11-15;1;0
5;2025-11-15;2;0
5;2025-11-15;3;0
5;2025-11-15;4;0
5;2025-11-15;5;0
5;2025-11-15;6;0
5;2025-11-15;7;0
5;2025-11-15;8;0
5;2025-11-15;9;0
5;2025-11-15;10;0
5;2025-11-15;11;0
5;2025-11-15;12;0
5;2025-11-15;13;0
5;2025-11-15;14;0
5;2025-11-15;15;0
5;2025-11-15;16;0
5;2025-11-15;17;0
5;2025-11-15;18;0
5;2025-11-15;19;0
5;2025-11-15;20;0
5;2025-11-15;21;0
5;2025-11-15;22;0
5;2025-11-15;23;0
5;2025-11-16;0;0
5;2025-11-16;1;0
5;2025-11-16;2;0
5;2025-11-16;3;0
5;2025-11-16;4;0
5;2025-11-16;5;0
5;2025-11-16;6;0
5;2025-11-16;7;0
5;2025-11-16;8;0
5;2025-11-16;9;0
5;2025-11-16;10;0
5;2025-11-16;11;0
5;2025-11-16;12;0
5;2025-11-16;13;0
5;2025-11-16;14;0
5;2025-11-16;15;0
5;2025-11-16;16;0
5;2025-11-16;17;0
5;2025-11-16;18;0
5;2025-11-16;19;0
5;2025-11-16;20;0
5;2025-11-16;21;0
5;2025-11-16;22;0
5;2025-11-16;23;0
5;2025-11-17;0;0
5;2025-11-17;1;0
5;2025-11-17;2;0
5;2025-11-17;3;0
5;2025-11-17;4;0
5;2025-11-17;5;0
5;2025-11-17;6;0
5;2025-11-17;7;0
5;2025-11-17;8;0
5;2025-11-17;9;0
5;2025-11-17;10;0
5;2025-11-17;11;0
5;2025-11-17;12;0
5;2025-11-17;13;0
5;2025-11-17;14;0
5;2025-11-17;15;0
5;2025-11-17;16;0
5;2025-11-17;17;0
5;2025-11-17;18;0
5;2025-11-17;19;0
5;2025-11-17;20;0
5;2025-11-17;21;0
5;2025-11-17;22;0
5;2025-11-17;23;0
5;2025-11-18;0;0
5;2025-11-18;1;0
5;2025-11-18;2;0
5;2025-11-18;3;0
5;2025-11-18;4;0
5;2025-11-18;5;0
5;2025-11-18;6;0
5;2025-11-18;7;0
5;2025-11-18;8;0
5;2025-11-18;9;0
5;2025-11-18;10;0
5;2025-11-18;11;0
5;2025-11-18;12;0
5;2025-11-18;13;0
5;2025-11-18;14;0
5;2025-11-18;15;0
5;2025-11-18;16;0
5;2025-11-18;17;0
5;2025-11-18;18;0
5;2025-11-18;19;0
5;2025-11-18;20;0
5;2025-11-18;21;0
5;2025-11-18;22;0
5;2025-11-18;23;0
5;2025-11-19;0;0
5;2025-11-19;1;0
5;2025-11-19;2;0
5;2025-11-19;3;0
5;2025-11-19;4;0
5;2025-11-19;5;0
5;2025-11-19;6;0
5;2025-11-19;7;0
5;2025-11-19;8;0
5;2025-11-19;9;0
5;2025-11-19;10;0
5;2025-11-19;11;0
5;2025-11-19;12;0
5;2025-11-19;13;0
5;2025-11-19;14;0
5;2025-11-19;15;0
5;2025-11-19;16;0
5;2025-11-19;17;0
5;2025-11-19;18;0
5;2025-11-19;19;0
5;2025-11-19;20;0
5;2025-11-19;21;0
5;2025-11-19;22;0
5;2025-11-19;23;0
5;2025-11-20;0;0
5;2025-11-20;1;0
5;2025-11-20;2;0
5;2025-11-20;3;0
5;2025-11-20;4;0
5;2025-11-20;5;0
5;2025-11-20;6;0
5;2025-11-20;7;0
5;2025-11-20;8;0
5;2025-11-20;9;0
5;2025-11-20;10;0
5;2025-11-20;11;0
5;2025-11-20;12;0
5;2025-11-20;13;0
5;2025-11-20;14;0
5;2025-11-20;15;0
5;2025-11-20;16;0
5;2025-11-20;17;0
5;2025-11-20;18;0
5;2025-11-20;19;0
5;2025-11-20;20;0
5;2025-11-20;21;0
5;2025-11-20;22;0
5;2025-11-20;23;0
5;2025-11-21;0;0
5;2025-11-21;1;0
5;2025-11-21;2;0
5;2025-11-21;3;0
5;2025-11-21;4;0
5;2025-11-21;5;0
5;2025-11-21;6;0
5;2025-11-21;7;0
5;2025-11-21;8;0
5;2025-11-21;9;0
5;2025-11-21;10;0
5;2025-11-21;11;0
5;2025-11-21;12;0
5;2025-11-21;13;0
5;2025-11-21;14;0
5;2025-11-21;15;0
5;2025-11-21;16;0
5;2025-11-21;17;0
5;2025-11-21;18;0
5;2025-11-21;19;0
5;2025-11-21;20;0
5;2025-11-21;21;0
5;2025-11-21;22;0
5;2025-11-21;23;0
5;2025-11-22;0;0
5;2025-11-22;1;0
5;2025-11-22;2;0
5;2025-11-22;3;0
5;2025-11-22;4;0
5;2025-11-22;5;0
5;2025-11-22;6;0
5;2025-11-22;7;0
5;2025-11-22;8;0
5;2025-11-22;9;0
5;2025-11-22;10;0
5;2025-11-22;11;0
5;2025-11-22;12;0
5;2025-11-22;13;0
5;2025-11-22;14;0
5;2025-11-22;15;0
5;2025-11-22;16;0
5;2025-11-22;17;0
5;2025-11-22;18;0
5;2025-11-22;19;0
5;2025-11-22;20;0
5;2025-11-22;21;0
5;2025-11-22;22;0
5;2025-11-22;23;0
5;2025-11-23;0;0
5;2025-11-23;1;0
5;2025-11-23;2;0
5;2025-11-23;3;0
5;2025-11-23;4;0
5;2025-11-23;5;0
5;2025-11-23;6;0
5;2025-11-23;7;0
5;2025-11-23;8;0
5;2025-11-23;9;0
5;2025-11-23;10;0
5;2025-11-23;11;0
5;2025-11-23;12;0
5;2025-11-23;13;0
5;2025-11-23;14;0
5;2025-11-23;15;0
5;2025-11-23;16;0
5;2025-11-23;17;0
5;2025-11-23;18;0
5;2025-11-23;19;0
5;2025-11-23;20;0
5;2025-11-23;21;0
5;2025-11-23;22;0
5;2025-11-23;23;0
5;2025-11-24;0;0
5;2025-11-24;1;0
5;2025-11-24;2;0
5;2025-11-24;3;0
5;2025-11-24;4;0
5;2025-11-24;5;0
5;2025-11-24;6;0
5;2025-11-24;7;0
5;2025-11-24;8;0
5;2025-11-24;9;0
5;2025-11-24;10;0
5;2025-11-24;11;0
5;2025-11-24;12;0
5;2025-11-24;13;0
5;2025-11-24;14;0
5;2025-11-24;15;0
5;2025-11-24;16;0
5;2025-11-24;17;0
5;2025-11-24;18;0
5;2025-11-24;19;0
5;2025-11-24;20;0
5;2025-11-24;21;0
5;2025-11-24;22;0
5;2025-11-24;23;0
5;2025-11-25;0;0
5;2025-11-25;1;0
5;2025-11-25;2;0
5;2025-11-25;3;0
5;2025-11-25;4;0
5;2025-11-25;5;0
5;2025-11-25;6;0
5;2025-11-25;7;0
5;2025-11-25;8;0
5;2025-11-25;9;0
5;2025-11-25;10;0
5;2025-11-25;11;0
5;2025-11-25;12;0
5;2025-11-25;13;0
5;2025-11-25;14;0
5;2025-11-25;15;0
5;2025-11-25;16;0
5;2025-11-25;17;0
5;2025-11-25;18;0
5;2025-11-25;19;0
5;2025-11-25;20;0
5;2025-11-25;21;0
5;2025-11-25;22;0
5;2025-11-25;23;0
5;2025-11-26;0;0
5;2025-11-26;1;0
5;2025-11-26;2;0
5;2025-11-26;3;0
5;2025-11-26;4;0
5;2025-11-26;5;0
5;2025-11-26;6;0
5;2025-11-26;7;0
5;2025-11-26;8;0
5;2025-11-26;9;0
5;2025-11-26;10;0
5;2025-11-26;11;0
5;2025-11-26;12;0
5;2025-11-26;13;0
5;2025-11-26;14;0
5;2025-11-26;15;0
5;2025-11-26;16;0
5;2025-11-26;17;0
5;2025-11-26;18;0
5;2025-11-26;19;0
5;2025-11-26;20;0
5;2025-11-26;21;0
5;2025-11-26;22;0
5;2025-11-26;23;0
5;2025-11-27;0;0
5;2025-11-27;1;0
5;2025-11-27;2;0
5;2025-11-27;3;0
5;2025-11-27;4;0
5;2025-11-27;5;0
5;2025-11-27;6;0
5;2025-11-27;7;0
5;2025-11-27;8;0
5;2025-11-27;9;0
5;2025-11-27;10;0
5;2025-11-27;11;0
5;2025-11-27;12;0
5;2025-11-27;13;0
5;2025-11-27;14;0
5;2025-11-27;15;0
5;2025-11-27;16;0
5;2025-11-27;17;0
5;2025-11-27;18;0
5;2025-11-27;19;0
5;2025-11-27;20;0
5;2025-11-27;21;0
5;2025-11-27;22;0
5;2025-11-27;23;0
5;2025-11-28;0;0
5;2025-11-28;1;0
5;2025-11-28;2;0
5;2025-11-28;3;0
5;2025-11-28;4;0
5;2025-11-28;5;0
5;2025-11-28;6;0
5;2025-11-28;7;0
5;2025-11-28;8;0
5;2025-11-28;9;0
5;2025-11-28;10;0
5;2025-11-28;11;0
5;2025-11-28;12;0
5;2025-11-28;13;0
5;2025-11-28;14;0
5;2025-11-28;15;0
5;2025-11-28;16;0
5;2025-11-28;17;0
5;2025-11-28;18;0
5;2025-11-28;19;0
5;2025-11-28;20;0
5;2025-11-28;21;0
5;2025-11-28;22;0
5;2025-11-28;23;0
5;2025-11-29;0;0
5;2025-11-29;1;0
5;2025-11-29;2;0
5;2025-11-29;3;0
5;2025-11-29;4;0
5;2025-11-29;5;0
5;2025-11-29;6;0
5;2025-11-29;7;0
5;2025-11-29;8;0
5;2025-11-29;9;0
5;2025-11-29;10;0
5;2025-11-29;11;0
5;2025-11-29;12;0
5;2025-11-29;13;0
5;2025-11-29;14;0
5;2025-11-29;15;0
5;2025-11-29;16;0
5;2025-11-29;17;0
5;2025-11-29;18;0
5;2025-11-29;19;0
5;2025-11-29;20;0
5;2025-11-29;21;0
5;2025-11-29;22;0
5;2025-11-29;23;0
5;2025-11-30;0;0
5;2025-11-30;1;0
5;2025-11-30;2;0
5;2025-11-30;3;0
5;2025-11-30;4;0
5;2025-11-30;5;0
5;2025-11-30;6;0
5;2025-11-30;7;0
5;2025-11-30;8;0
5;2025-11-30;9;0
5;2025-11-30;10;0
5;2025-11-30;11;0
5;2025-11-30;12;0
5;2025-11-30;13;0
5;2025-11-30;14;0
5;2025-11-30;15;0
5;2025-11-30;16;0
5;2025-11-30;17;0
5;2025-11-30;18;0
5;2025-11-30;19;0
5;2025-11-30;20;0
5;2025-11-30;21;0
5;2025-11-30;22;0
5;2025-11-30;23;0
5;2025-12-01;0;0
5;2025-12-01;1;0
5;2025-12-01;2;0
5;2025-12-01;3;0
5;2025-12-01;4;0
5;2025-12-01;5;0
5;2025-12-01;6;0
5;2025-12-01;7;0
5;2025-12-01;8;0
5;2025-12-01;9;0
5;2025-12-01;10;0
5;2025-12-01;11;0
5;2025-12-01;12;0
5;2025-12-01;13;0
5;2025-12-01;14;0
5;2025-12-01;15;0
5;2025-12-01;16;0
5;2025-12-01;17;0
5;2025-12-01;18;0
5;2025-12-01;19;0
5;2025-12-01;20;0
5;2025-12-01;21;0
5;2025-12-01;22;0
5;2025-12-01;23;0
5;2025-12-02;0;0
5;2025-12-02;1;0
5;2025-12-02;2;0
5;2025-12-02;3;0
5;2025-12-02;4;0
5;2025-12-02;5;0
5;2025-12-02;6;0
5;2025-12-02;7;0
5;2025-12-02;8;0
5;2025-12-02;9;0
5;2025-12-02;10;0
5;2025-12-02;11;0
5;2025-12-02;12;0
5;2025-12-02;13;0
5;2025-12-02;14;0
5;2025-12-02;15;0
5;2025-12-02;16;0
5;2025-12-02;17;0
5;2025-12-02;18;0
5;2025-12-02;19;0
5;2025-12-02;20;0
5;2025-12-02;21;0
5;2025-12-02;22;0
5;2025-12-02;23;0
5;2025-12-03;0;0
5;2025-12-03;1;0
5;2025-12-03;2;0
5;2025-12-03;3;0
5;2025-12-03;4;0
5;2025-12-03;5;0
5;2025-12-03;6;0
5;2025-12-03;7;0
5;2025-12-03;8;0
5;2025-12-03;9;0
5;2025-12-03;10;0
5;2025-12-03;11;0
5;2025-12-03;12;0
5;2025-12-03;13;0
5;2025-12-03;14;0
5;2025-12-03;15;0
5;2025-12-03;16;0
5;2025-12-03;17;0
5;2025-12-03;18;0
5;2025-12-03;19;0
5;2025-12-03;20;0
5;2025-12-03;21;0
5;2025-12-03;22;0
5;2025-12-03;23;0
5;2025-12-04;0;0
5;2025-12-04;1;0
5;2025-12-04;2;0
5;2025-12-04;3;0
5;2025-12-04;4;0
5;2025-12-04;5;0
5;2025-12-04;6;0
5;2025-12-04;7;0
5;2025-12-04;8;0
5;2025-12-04;9;0
5;2025-12-04;10;0
5;2025-12-04;11;0
5;2025-12-04;12;0
5;2025-12-04;13;0
5;2025-12-04;14;0
5;2025-12-04;15;0
5;2025-12-04;16;0
5;2025-12-04;17;0
5;2025-12-04;18;0
5;2025-12-04;19;0
5;2025-12-04;20;0
5;2025-12-04;21;0
5;2025-12-04;22;0
5;2025-12-04;23;0
5;2025-12-05;0;0
5;2025-12-05;1;0
5;2025-12-05;2;0
5;2025-12-05;3;0
5;2025-12-05;4;0
5;2025-12-05;5;0
5;2025-12-05;6;0
5;2025-12-05;7;0
5;2025-12-05;8;0
5;2025-12-05;9;0
5;2025-12-05;10;0
5;2025-12-05;11;0
5;2025-12-05;12;0
5;2025-12-05;13;0
5;2025-12-05;14;0
5;2025-12-05;15;0
5;2025-12-05;16;0
5;2025-12-05;17;0
5;2025-12-05;18;0
5;2025-12-05;19;0
5;2025-12-05;20;0
5;2025-12-05;21;0
5;2025-12-05;22;0
5;2025-12-05;23;0
5;2025-12-06;0;0
5;2025-12-06;1;0
5;2025-12-06;2;0
5;2025-12-06;3;0
5;2025-12-06;4;0
5;2025-12-06;5;0
5;2025-12-06;6;0
5;2025-12-06;7;0
5;2025-12-06;8;0
5;2025-12-06;9;0
5;2025-12-06;10;0
5;2025-12-06;11;0
5;2025-12-06;12;0
5;2025-12-06;13;0
5;2025-12-06;14;0
5;2025-12-06;15;0
5;2025-12-06;16;0
5;2025-12-06;17;0
5;2025-12-06;18;0
5;2025-12-06;19;0
5;2025-12-06;20;0
5;2025-12-06;21;0
5;2025-12-06;22;0
5;2025-12-06;23;0
5;2025-12-07;0;0
5;2025-12-07;1;0
5;2025-12-07;2;0
5;2025-12-07;3;0
5;2025-12-07;4;0
5;2025-12-07;5;0
5;2025-12-07;6;0
5;2025-12-07;7;0
5;2025-12-07;8;0
5;2025-12-07;9;0
5;2025-12-07;10;0
5;2025-12-07;11;0
5;2025-12-07;12;0
5;2025-12-07;13;0
5;2025-12-07;14;0
5;2025-12-07;15;0
5;2025-12-07;16;0
5;2025-12-07;17;0
5;2025-12-07;18;0
5;2025-12-07;19;0
5;2025-12-07;20;0
5;2025-12-07;21;0
5;2025-12-07;22;0
5;2025-12-07;23;0
5;2025-12-08;0;0
5;2025-12-08;1;0
5;2025-12-08;2;0
5;2025-12-08;3;0
5;2025-12-08;4;0
5;2025-12-08;5;0
5;2025-12-08;6;0
5;2025-12-08;7;0
5;2025-12-08;8;0
5;2025-12-08;9;0
5;2025-12-08;10;0
5;2025-12-08;11;0
5;2025-12-08;12;0
5;2025-12-08;13;0
5;2025-12-08;14;0
5;2025-12-08;15;0
5;2025-12-08;16;0
5;2025-12-08;17;0
5;2025-12-08;18;0
5;2025-12-08;19;0
5;2025-12-08;20;0
5;2025-12-08;21;0
5;2025-12-08;22;0
5;2025-12-08;23;0
5;2025-12-09;0;0
5;2025-12-09;1;0
5;2025-12-09;2;0
5;2025-12-09;3;0
5;2025-12-09;4;0
5;2025-12-09;5;0
5;2025-12-09;6;0
5;2025-12-09;7;0
5;2025-12-09;8;0
5;2025-12-09;9;0
5;2025-12-09;10;0
5;2025-12-09;11;0
5;2025-12-09;12;0
5;2025-12-09;13;0
5;2025-12-09;14;0
5;2025-12-09;15;0
5;2025-12-09;16;0
5;2025-12-09;17;0
5;2025-12-09;18;0
5;2025-12-09;19;0
5;2025-12-09;20;0
5;2025-12-09;21;0
5;2025-12-09;22;0
5;2025-12-09;23;0
5;2025-12-10;0;0
5;2025-12-10;1;0
5;2025-12-10;2;0
5;2025-12-10;3;0
5;2025-12-10;4;0
5;2025-12-10;5;0
5;2025-12-10;6;0
5;2025-12-10;7;0
5;2025-12-10;8;0
5;2025-12-10;9;0
5;2025-12-10;10;0
5;2025-12-10;11;0
5;2025-12-10;12;0
5;2025-12-10;13;0
5;2025-12-10;14;0
5;2025-12-10;15;0
5;2025-12-10;16;0
5;2025-12-10;17;0
5;2025-12-10;18;0
5;2025-12-10;19;0
5;2025-12-10;20;0
5;2025-12-10;21;0
5;2025-12-10;22;0
5;2025-12-10;23;0
5;2025-12-11;0;0
5;2025-12-11;1;0
5;2025-12-11;2;0
5;2025-12-11;3;0
5;2025-12-11;4;0
5;2025-12-11;5;0
5;2025-12-11;6;0
5;2025-12-11;7;0
5;2025-12-11;8;0
5;2025-12-11;9;0
5;2025-12-11;10;0
5;2025-12-11;11;0
5;2025-12-11;12;0
5;2025-12-11;13;0
5;2025-12-11;14;0
5;2025-12-11;15;0
5;2025-12-11;16;0
5;2025-12-11;17;0
5;2025-12-11;18;0
5;2025-12-11;19;0
5;2025-12-11;20;0
5;2025-12-11;21;0
5;2025-12-11;22;0
5;2025-12-11;23;0
5;2025-12-12;0;0
5;2025-12-12;1;0
5;2025-12-12;2;0
5;2025-12-12;3;0
5;2025-12-12;4;0
5;2025-12-12;5;0
5;2025-12-12;6;0
5;2025-12-12;7;0
5;2025-12-12;8;0
5;2025-12-12;9;0
5;2025-12-12;10;0
5;2025-12-12;11;0
5;2025-12-12;12;0
5;2025-12-12;13;0
5;2025-12-12;14;0
5;2025-12-12;15;0
5;2025-12-12;16;0
5;2025-12-12;17;0
5;2025-12-12;18;0
5;2025-12-12;19;0
5;2025-12-12;20;0
5;2025-12-12;21;0
5;2025-12-12;22;0
5;2025-12-12;23;0
5;2025-12-13;0;0
5;2025-12-13;1;0
5;2025-12-13;2;0
5;2025-12-13;3;0
5;2025-12-13;4;0
5;2025-12-13;5;0
5;2025-12-13;6;0
5;2025-12-13;7;0
5;2025-12-13;8;0
5;2025-12-13;9;0
5;2025-12-13;10;0
5;2025-12-13;11;0
5;2025-12-13;12;0
5;2025-12-13;13;0
5;2025-12-13;14;0
5;2025-12-13;15;0
5;2025-12-13;16;0
5;2025-12-13;17;0
5;2025-12-13;18;0
5;2025-12-13;19;0
5;2025-12-13;20;0
5;2025-12-13;21;0
5;2025-12-13;22;0
5;2025-12-13;23;0
5;2025-12-14;0;0
5;2025-12-14;1;0
5;2025-12-14;2;0
5;2025-12-14;3;0
5;2025-12-14;4;0
5;2025-12-14;5;0
5;2025-12-14;6;0
5;2025-12-14;7;0
5;2025-12-14;8;0
5;2025-12-14;9;0
5;2025-12-14;10;0
5;2025-12-14;11;0
5;2025-12-14;12;0
5;2025-12-14;13;0
5;2025-12-14;14;0
5;2025-12-14;15;0
5;2025-12-14;16;0
5;2025-12-14;17;0
5;2025-12-14;18;0
5;2025-12-14;19;0
5;2025-12-14;20;0
5;2025-12-14;21;0
5;2025-12-14;22;0
5;2025-12-14;23;0
5;2025-12-15;0;0
5;2025-12-15;1;0
5;2025-12-15;2;0
5;2025-12-15;3;0
5;2025-12-15;4;0
5;2025-12-15;5;0
5;2025-12-15;6;0
5;2025-12-15;7;0
5;2025-12-15;8;0
5;2025-12-15;9;0
5;2025-12-15;10;0
5;2025-12-15;11;0
5;2025-12-15;12;0
5;2025-12-15;13;0
5;2025-12-15;14;0
5;2025-12-15;15;0
5;2025-12-15;16;0
5;2025-12-15;17;0
5;2025-12-15;18;0
5;2025-12-15;19;0
5;2025-12-15;20;0
5;2025-12-15;21;0
5;2025-12-15;22;0
5;2025-12-15;23;0
5;2025-12-16;0;0
5;2025-12-16;1;0
5;2025-12-16;2;0
5;2025-12-16;3;0
5;2025-12-16;4;0
5;2025-12-16;5;0
5;2025-12-16;6;0
5;2025-12-16;7;0
5;2025-12-16;8;0
5;2025-12-16;9;0
5;2025-12-16;10;0
5;2025-12-16;11;0
5;2025-12-16;12;0
5;2025-12-16;13;0
5;2025-12-16;14;0
5;2025-12-16;15;0
5;2025-12-16;16;0
5;2025-12-16;17;0
5;2025-12-16;18;0
5;2025-12-16;19;0
5;2025-12-16;20;0
5;2025-12-16;21;0
5;2025-12-16;22;0
5;2025-12-16;23;0
5;2025-12-17;0;0
5;2025-12-17;1;0
5;2025-12-17;2;0
5;2025-12-17;3;0
5;2025-12-17;4;0
5;2025-12-17;5;0
5;2025-12-17;6;0
5;2025-12-17;7;0
5;2025-12-17;8;0
5;2025-12-17;9;0
5;2025-12-17;10;0
5;2025-12-17;11;0
5;2025-12-17;12;0
5;2025-12-17;13;0
5;2025-12-17;14;0
5;2025-12-17;15;0
5;2025-12-17;16;0
5;2025-12-17;17;0
5;2025-12-17;18;0
5;2025-12-17;19;0
5;2025-12-17;20;0
5;2025-12-17;21;0
5;2025-12-17;22;0
5;2025-12-17;23;0
5;2025-12-18;0;0
5;2025-12-18;1;0
5;2025-12-18;2;0
5;2025-12-18;3;0
5;2025-12-18;4;0
5;2025-12-18;5;0
5;2025-12-18;6;0
5;2025-12-18;7;0
5;2025-12-18;8;0
5;2025-12-18;9;0
5;2025-12-18;10;0
5;2025-12-18;11;0
5;2025-12-18;12;0
5;2025-12-18;13;0
5;2025-12-18;14;0
5;2025-12-18;15;0
5;2025-12-18;16;0
5;2025-12-18;17;0
5;2025-12-18;18;0
5;2025-12-18;19;0
5;2025-12-18;20;0
5;2025-12-18;21;0
5;2025-12-18;22;0
5;2025-12-18;23;0
5;2025-12-19;0;0
5;2025-12-19;1;0
5;2025-12-19;2;0
5;2025-12-19;3;0
5;2025-12-19;4;0
5;2025-12-19;5;0
5;2025-12-19;6;0
5;2025-12-19;7;0
5;2025-12-19;8;0
5;2025-12-19;9;0
5;2025-12-19;10;0
5;2025-12-19;11;0
5;2025-12-19;12;0
5;2025-12-19;13;0
5;2025-12-19;14;0
5;2025-12-19;15;0
5;2025-12-19;16;0
5;2025-12-19;17;0
5;2025-12-19;18;0
5;2025-12-19;19;0
5;2025-12-19;20;0
5;2025-12-19;21;0
5;2025-12-19;22;0
5;2025-12-19;23;0
5;2025-12-20;0;0
5;2025-12-20;1;0
5;2025-12-20;2;0
5;2025-12-20;3;0
5;2025-12-20;4;0
5;2025-12-20;5;0
5;2025-12-20;6;0
5;2025-12-20;7;0
5;2025-12-20;8;0
5;2025-12-20;9;0
5;2025-12-20;10;0
5;2025-12-20;11;0
5;2025-12-20;12;0
5;2025-12-20;13;0
5;2025-12-20;14;0
5;2025-12-20;15;0
5;2025-12-20;16;0
5;2025-12-20;17;0
5;2025-12-20;18;0
5;2025-12-20;19;0
5;2025-12-20;20;0
5;2025-12-20;21;0
5;2025-12-20;22;0
5;2025-12-20;23;0
5;2025-12-21;0;0
5;2025-12-21;1;0
5;2025-12-21;2;0
5;2025-12-21;3;0
5;2025-12-21;4;0
5;2025-12-21;5;0
5;2025-12-21;6;0
5;2025-12-21;7;0
5;2025-12-21;8;0
5;2025-12-21;9;0
5;2025-12-21;10;0
5;2025-12-21;11;0
5;2025-12-21;12;0
5;2025-12-21;13;0
5;2025-12-21;14;0
5;2025-12-21;15;0
5;2025-12-21;16;0
5;2025-12-21;17;0
5;2025-12-21;18;0
5;2025-12-21;19;0
5;2025-12-21;20;0
5;2025-12-21;21;0
5;2025-12-21;22;0
5;2025-12-21;23;0
5;2025-12-22;0;0
5;2025-12-22;1;0
5;2025-12-22;2;0
5;2025-12-22;3;0
5;2025-12-22;4;0
5;2025-12-22;5;0
5;2025-12-22;6;0
5;2025-12-22;7;0
5;2025-12-22;8;0
5;2025-12-22;9;0
5;2025-12-22;10;0
5;2025-12-22;11;0
5;2025-12-22;12;0
5;2025-12-22;13;0
5;2025-12-22;14;0
5;2025-12-22;15;0
5;2025-12-22;16;0
5;2025-12-22;17;0
5;2025-12-22;18;0
5;2025-12-22;19;0
5;2025-12-22;20;0
5;2025-12-22;21;0
5;2025-12-22;22;0
5;2025-12-22;23;0
5;2025-12-23;0;0
5;2025-12-23;1;0
5;2025-12-23;2;0
5;2025-12-23;3;0
5;2025-12-23;4;0
5;2025-12-23;5;0
5;2025-12-23;6;0
5;2025-12-23;7;0
5;2025-12-23;8;0
5;2025-12-23;9;0
5;2025-12-23;10;0
5;2025-12-23;11;0
5;2025-12-23;12;0
5;2025-12-23;13;0
5;2025-12-23;14;0
5;2025-12-23;15;0
5;2025-12-23;16;0
5;2025-12-23;17;0
5;2025-12-23;18;0
5;2025-12-23;19;0
5;2025-12-23;20;0
5;2025-12-23;21;0
5;2025-12-23;22;0
5;2025-12-23;23;0
5;2025-12-24;0;0
5;2025-12-24;1;0
5;2025-12-24;2;0
5;2025-12-24;3;0
5;2025-12-24;4;0
5;2025-12-24;5;0
5;2025-12-24;6;0
5;2025-12-24;7;0
5;2025-12-24;8;0
5;2025-12-24;9;0
5;2025-12-24;10;0
5;2025-12-24;11;0
5;2025-12-24;12;0
5;2025-12-24;13;0
5;2025-12-24;14;0
5;2025-12-24;15;0
5;2025-12-24;16;0
5;2025-12-24;17;0
5;2025-12-24;18;0
5;2025-12-24;19;0
5;2025-12-24;20;0
5;2025-12-24;21;0
5;2025-12-24;22;0
5;2025-12-24;23;0
5;2025-12-25;0;0
5;2025-12-25;1;0
5;2025-12-25;2;0
5;2025-12-25;3;0
5;2025-12-25;4;0
5;2025-12-25;5;0
5;2025-12-25;6;0
5;2025-12-25;7;0
5;2025-12-25;8;0
5;2025-12-25;9;0
5;2025-12-25;10;0
5;2025-12-25;11;0
5;2025-12-25;12;0
5;2025-12-25;13;0
5;2025-12-25;14;0
5;2025-12-25;15;0
5;2025-12-25;16;0
5;2025-12-25;17;0
5;2025-12-25;18;0
5;2025-12-25;19;0
5;2025-12-25;20;0
5;2025-12-25;21;0
5;2025-12-25;22;0
5;2025-12-25;23;0
5;2025-12-26;0;0
5;2025-12-26;1;0
5;2025-12-26;2;0
5;2025-12-26;3;0
5;2025-12-26;4;0
5;2025-12-26;5;0
5;2025-12-26;6;0
5;2025-12-26;7;0
5;2025-12-26;8;0
5;2025-12-26;9;0
5;2025-12-26;10;0
5;2025-12-26;11;0
5;2025-12-26;12;0
5;2025-12-26;13;0
5;2025-12-26;14;0
5;2025-12-26;15;0
5;2025-12-26;16;0
5;2025-12-26;17;0
5;2025-12-26;18;0
5;2025-12-26;19;0
5;2025-12-26;20;0
5;2025-12-26;21;0
5;2025-12-26;22;0
5;2025-12-26;23;0
5;2025-12-27;0;0
5;2025-12-27;1;0
5;2025-12-27;2;0
5;2025-12-27;3;0
5;2025-12-27;4;0
5;2025-12-27;5;0
5;2025-12-27;6;0
5;2025-12-27;7;0
5;2025-12-27;8;0
5;2025-12-27;9;0
5;2025-12-27;10;0
5;2025-12-27;11;0
5;2025-12-27;12;0
5;2025-12-27;13;0
5;2025-12-27;14;0
5;2025-12-27;15;0
5;2025-12-27;16;0
5;2025-12-27;17;0
5;2025-12-27;18;0
5;2025-12-27;19;0
5;2025-12-27;20;0
5;2025-12-27;21;0
5;2025-12-27;22;0
5;2025-12-27;23;0
5;2025-12-28;0;0
5;2025-12-28;1;0
5;2025-12-28;2;0
5;2025-12-28;3;0
5;2025-12-28;4;0
5;2025-12-28;5;0
5;2025-12-28;6;0
5;2025-12-28;7;0
5;2025-12-28;8;0
5;2025-12-28;9;0
5;2025-12-28;10;0
5;2025-12-28;11;0
5;2025-12-28;12;0
5;2025-12-28;13;0
5;2025-12-28;14;0
5;2025-12-28;15;0
5;2025-12-28;16;0
5;2025-12-28;17;0
5;2025-12-28;18;0
5;2025-12-28;19;0
5;2025-12-28;20;0
5;2025-12-28;21;0
5;2025-12-28;22;0
5;2025-12-28;23;0
5;2025-12-29;0;0
5;2025-12-29;1;0
5;2025-12-29;2;0
5;2025-12-29;3;0
5;2025-12-29;4;0
5;2025-12-29;5;0
5;2025-12-29;6;0
5;2025-12-29;7;0
5;2025-12-29;8;0
5;2025-12-29;9;0
5;2025-12-29;10;0
5;2025-12-29;11;0
5;2025-12-29;12;0
5;2025-12-29;13;0
5;2025-12-29;14;0
5;2025-12-29;15;0
5;2025-12-29;16;0
5;2025-12-29;17;0
5;2025-12-29;18;0
5;2025-12-29;19;0
5;2025-12-29;20;0
5;2025-12-29;21;0
5;2025-12-29;22;0
5;2025-12-29;23;0
5;2025-12-30;0;0
5;2025-12-30;1;0
5;2025-12-30;2;0
5;2025-12-30;3;0
5;2025-12-30;4;0
5;2025-12-30;5;0
5;2025-12-30;6;0
5;2025-12-30;7;0
5;2025-12-30;8;0
5;2025-12-30;9;0
5;2025-12-30;10;0
5;2025-12-30;11;0
5;2025-12-30;12;0
5;2025-12-30;13;0
5;2025-12-30;14;0
5;2025-12-30;15;0
5;2025-12-30;16;0
5;2025-12-30;17;0
5;2025-12-30;18;0
5;2025-12-30;19;0
5;2025-12-30;20;0
5;2025-12-30;21;0
5;2025-12-30;22;0
5;2025-12-30;23;0
5;2025-12-31;0;0
5;2025-12-31;1;0
5;2025-12-31;2;0
5;2025-12-31;3;0
5;2025-12-31;4;0
5;2025-12-31;5;0
5;2025-12-31;6;0
5;2025-12-31;7;0
5;2025-12-31;8;0
5;2025-12-31;9;0
5;2025-12-31;10;0
5;2025-12-31;11;0
5;2025-12-31;12;0
5;2025-12-31;13;0
5;2025-12-31;14;0
5;2025-12-31;15;0
5;2025-12-31;16;0
5;2025-12-31;17;0
5;2025-12-31;18;0
5;2025-12-31;19;0
5;2025-12-31;20;0
5;2025-12-31;21;0
5;2025-12-31;22;0
5;2025-12-31;23;0
7;2025-11-01;0;75
7;2025-11-01;1;9
7;2025-11-01;2;0
7;2025-11-01;3;0
7;2025-11-01;4;5
7;2025-11-01;5;137
7;2025-11-01;6;547
7;2025-11-01;7;1499
7;2025-11-01;8;2268
7;2025-11-01;9;1731
7;2025-11-01;10;1507
7;2025-11-01;11;1462
7;2025-11-01;12;1580
7;2025-11-01;13;1586
7;2025-11-01;14;1611
7;2025-11-01;15;1671
7;2025-11-01;16;1835
7;2025-11-01;17;2150
7;2025-11-01;18;1983
7;2025-11-01;19;1480
7;2025-11-01;20;903
7;2025-11-01;21;515
7;2025-11-01;22;247
7;2025-11-01;23;187
7;2025-11-02;0;51
7;2025-11-02;1;0
7;2025-11-02;2;0
7;2025-11-02;3;0
7;2025-11-02;4;0
7;2025-11-02;5;0
7;2025-11-02;6;90
7;2025-11-02;7;135
7;2025-11-02;8;315
7;2025-11-02;9;405
7;2025-11-02;10;428
7;2025-11-02;11;570
7;2025-11-02;12;641
7;2025-11-02;13;650
7;2025-11-02;14;675
7;2025-11-02;15;644
7;2025-11-02;16;631
7;2025-11-02;17;685
7;2025-11-02;18;596
7;2025-11-02;19;463
7;2025-11-02;20;360
7;2025-11-02;21;289
7;2025-11-02;22;114
7;2025-11-02;23;76
7;2025-11-03;0;66
7;2025-11-03;1;2
7;2025-11-03;2;0
7;2025-11-03;3;0
7;2025-11-03;4;0
7;2025-11-03;5;78
7;2025-11-03;6;254
7;2025-11-03;7;319
7;2025-11-03;8;668
7;2025-11-03;9;583
7;2025-11-03;10;657
7;2025-11-03;11;743
7;2025-11-03;12;825
7;2025-11-03;13;846
7;2025-11-03;14;848
7;2025-11-03;15;829
7;2025-11-03;16;781
7;2025-11-03;17;915
7;2025-11-03;18;944
7;2025-11-03;19;661
7;2025-11-03;20;494
7;2025-11-03;21;400
7;2025-11-03;22;183
7;2025-11-03;23;137
7;2025-11-04;0;68
7;2025-11-04;1;3
7;2025-11-04;2;0
7;2025-11-04;3;0
7;2025-11-04;4;1
7;2025-11-04;5;88
7;2025-11-04;6;275
7;2025-11-04;7;341
7;2025-11-04;8;684
7;2025-11-04;9;602
7;2025-11-04;10;685
7;2025-11-04;11;781
7;2025-11-04;12;884
7;2025-11-04;13;860
7;2025-11-04;14;873
7;2025-11-04;15;864
7;2025-11-04;16;836
7;2025-11-04;17;976
7;2025-11-04;18;934
7;2025-11-04;19;695
7;2025-11-04;20;527
7;2025-11-04;21;441
7;2025-11-04;22;217
7;2025-11-04;23;173
7;2025-11-05;0;52
7;2025-11-05;1;0
7;2025-11-05;2;0
7;2025-11-05;3;0
7;2025-11-05;4;1
7;2025-11-05;5;184
7;2025-11-05;6;622
7;2025-11-05;7;1546
7;2025-11-05;8;2461
7;2025-11-05;9;1805
7;2025-11-05;10;1622
7;2025-11-05;11;1522
7;2025-11-05;12;1631
7;2025-11-05;13;1593
7;2025-11-05;14;1608
7;2025-11-05;15;1675
7;2025-11-05;16;1824
7;2025-11-05;17;2352
7;2025-11-05;18;2452
7;2025-11-05;19;1663
7;2025-11-05;20;1013
7;2025-11-05;21;601
7;2025-11-05;22;274
7;2025-11-05;23;188
7;2025-11-06;0;57
7;2025-11-06;1;6
7;2025-11-06;2;0
7;2025-11-06;3;0
7;2025-11-06;4;2
7;2025-11-06;5;183
7;2025-11-06;6;608
7;2025-11-06;7;1549
7;2025-11-06;8;2437
7;2025-11-06;9;1778
7;2025-11-06;10;1579
7;2025-11-06;11;1495
7;2025-11-06;12;1610
7;2025-11-06;13;1573
7;2025-11-06;14;1613
7;2025-11-06;15;1658
7;2025-11-06;16;1818
7;2025-11-06;17;2299
7;2025-11-06;18;2427
7;2025-11-06;19;1629
7;2025-11-06;20;1023
7;2025-11-06;21;588
7;2025-11-06;22;273
7;2025-11-06;23;192
7;2025-11-07;0;56
7;2025-11-07;1;2
7;2025-11-07;2;0
7;2025-11-07;3;0
7;2025-11-07;4;1
7;2025-11-07;5;169
7;2025-11-07;6;600
7;2025-11-07;7;1495
7;2025-11-07;8;2275
7;2025-11-07;9;1718
7;2025-11-07;10;1569
7;2025-11-07;11;1481
7;2025-11-07;12;1608
7;2025-11-07;13;1594
7;2025-11-07;14;1625
7;2025-11-07;15;1704
7;2025-11-07;16;1896
7;2025-11-07;17;2239
7;2025-11-07;18;2003
7;2025-11-07;19;1465
7;2025-11-07;20;961
7;2025-11-07;21;570
7;2025-11-07;22;278
7;2025-11-07;23;218
7;2025-11-08;0;67
7;2025-11-08;1;4
7;2025-11-08;2;0
7;2025-11-08;3;0
7;2025-11-08;4;1
7;2025-11-08;5;30
7;2025-11-08;6;206
7;2025-11-08;7;311
7;2025-11-08;8;614
7;2025-11-08;9;614
7;2025-11-08;10;632
7;2025-11-08;11;756
7;2025-11-08;12;865
7;2025-11-08;13;848
7;2025-11-08;14;835
7;2025-11-08;15;818
7;2025-11-08;16;825
7;2025-11-08;17;853
7;2025-11-08;18;736
7;2025-11-08;19;665
7;2025-11-08;20;444
7;2025-11-08;21;372
7;2025-11-08;22;141
7;2025-11-08;23;116
7;2025-11-09;0;51
7;2025-11-09;1;0
7;2025-11-09;2;0
7;2025-11-09;3;0
7;2025-11-09;4;0
7;2025-11-09;5;0
7;2025-11-09;6;90
7;2025-11-09;7;135
7;2025-11-09;8;315
7;2025-11-09;9;405
7;2025-11-09;10;428
7;2025-11-09;11;570
7;2025-11-09;12;641
7;2025-11-09;13;650
7;2025-11-09;14;675
7;2025-11-09;15;644
7;2025-11-09;16;631
7;2025-11-09;17;685
7;2025-11-09;18;596
7;2025-11-09;19;463
7;2025-11-09;20;360
7;2025-11-09;21;289
7;2025-11-09;22;114
7;2025-11-09;23;76
7;2025-11-10;0;53
7;2025-11-10;1;0
7;2025-11-10;2;0
7;2025-11-10;3;0
7;2025-11-10;4;0
7;2025-11-10;5;172
7;2025-11-10;6;595
7;2025-11-10;7;1528
7;2025-11-10;8;2346
7;2025-11-10;9;1766
7;2025-11-10;10;1561
7;2025-11-10;11;1453
7;2025-11-10;12;1536
7;2025-11-10;13;1562
7;2025-11-10;14;1573
7;2025-11-10;15;1636
7;2025-11-10;16;1760
7;2025-11-10;17;2267
7;2025-11-10;18;2397
7;2025-11-10;19;1636
7;2025-11-10;20;983
7;2025-11-10;21;550
7;2025-11-10;22;247
7;2025-11-10;23;163
7;2025-11-11;0;49
7;2025-11-11;1;1
7;2025-11-11;2;0
7;2025-11-11;3;0
7;2025-11-11;4;0
7;2025-11-11;5;180
7;2025-11-11;6;625
7;2025-11-11;7;1561
7;2025-11-11;8;2448
7;2025-11-11;9;1795
7;2025-11-11;10;1608
7;2025-11-11;11;1511
7;2025-11-11;12;1611
7;2025-11-11;13;1578
7;2025-11-11;14;1604
7;2025-11-11;15;1672
7;2025-11-11;16;1807
7;2025-11-11;17;2327
7;2025-11-11;18;2441
7;2025-11-11;19;1674
7;2025-11-11;20;1021
7;2025-11-11;21;597
7;2025-11-11;22;277
7;2025-11-11;23;194
7;2025-11-12;0;52
7;2025-11-12;1;0
7;2025-11-12;2;0
7;2025-11-12;3;0
7;2025-11-12;4;1
7;2025-11-12;5;184
7;2025-11-12;6;622
7;2025-11-12;7;1546
7;2025-11-12;8;2461
7;2025-11-12;9;1805
7;2025-11-12;10;1622
7;2025-11-12;11;1522
7;2025-11-12;12;1631
7;2025-11-12;13;1593
7;2025-11-12;14;1608
7;2025-11-12;15;1675
7;2025-11-12;16;1824
7;2025-11-12;17;2352
7;2025-11-12;18;2452
7;2025-11-12;19;1663
7;2025-11-12;20;1013
7;2025-11-12;21;601
7;2025-11-12;22;274
7;2025-11-12;23;188
7;2025-11-13;0;57
7;2025-11-13;1;6
7;2025-11-13;2;0
7;2025-11-13;3;0
7;2025-11-13;4;2
7;2025-11-13;5;183
7;2025-11-13;6;608
7;2025-11-13;7;1549
7;2025-11-13;8;2437
7;2025-11-13;9;1778
7;2025-11-13;10;1579
7;2025-11-13;11;1495
7;2025-11-13;12;1610
7;2025-11-13;13;1573
7;2025-11-13;14;1613
7;2025-11-13;15;1658
7;2025-11-13;16;1818
7;2025-11-13;17;2299
7;2025-11-13;18;2427
7;2025-11-13;19;1629
7;2025-11-13;20;1023
7;2025-11-13;21;588
7;2025-11-13;22;273
7;2025-11-13;23;192
7;2025-11-14;0;56
7;2025-11-14;1;2
7;2025-11-14;2;0
7;2025-11-14;3;0
7;2025-11-14;4;1
7;2025-11-14;5;169
7;2025-11-14;6;600
7;2025-11-14;7;1495
7;2025-11-14;8;2275
7;2025-11-14;9;1718
7;2025-11-14;10;1569
7;2025-11-14;11;1481
7;2025-11-14;12;1608
7;2025-11-14;13;1594
7;2025-11-14;14;1625
7;2025-11-14;15;1704
7;2025-11-14;16;1896
7;2025-11-14;17;2239
7;2025-11-14;18;2003
7;2025-11-14;19;1465
7;2025-11-14;20;961
7;2025-11-14;21;570
7;2025-11-14;22;278
7;2025-11-14;23;218
7;2025-11-15;0;67
7;2025-11-15;1;4
7;2025-11-15;2;0
7;2025-11-15;3;0
7;2025-11-15;4;1
7;2025-11-15;5;30
7;2025-11-15;6;206
7;2025-11-15;7;311
7;2025-11-15;8;614
7;2025-11-15;9;614
7;2025-11-15;10;632
7;2025-11-15;11;756
7;2025-11-15;12;865
7;2025-11-15;13;848
7;2025-11-15;14;835
7;2025-11-15;15;818
7;2025-11-15;16;825
7;2025-11-15;17;853
7;2025-11-15;18;736
7;2025-11-15;19;665
7;2025-11-15;20;444
7;2025-11-15;21;372
7;2025-11-15;22;141
7;2025-11-15;23;116
7;2025-11-16;0;51
7;2025-11-16;1;0
7;2025-11-16;2;0
7;2025-11-16;3;0
7;2025-11-16;4;0
7;2025-11-16;5;0
7;2025-11-16;6;90
7;2025-11-16;7;135
7;2025-11-16;8;315
7;2025-11-16;9;405
7;2025-11-16;10;428
7;2025-11-16;11;570
7;2025-11-16;12;641
7;2025-11-16;13;650
7;2025-11-16;14;675
7;2025-11-16;15;644
7;2025-11-16;16;631
7;2025-11-16;17;685
7;2025-11-16;18;596
7;2025-11-16;19;463
7;2025-11-16;20;360
7;2025-11-16;21;289
7;2025-11-16;22;114
7;2025-11-16;23;76
7;2025-11-17;0;53
7;2025-11-17;1;0
7;2025-11-17;2;0
7;2025-11-17;3;0
7;2025-11-17;4;0
7;2025-11-17;5;172
7;2025-11-17;6;595
7;2025-11-17;7;1528
7;2025-11-17;8;2346
7;2025-11-17;9;1766
7;2025-11-17;10;1561
7;2025-11-17;11;1453
7;2025-11-17;12;1536
7;2025-11-17;13;1562
7;2025-11-17;14;1573
7;2025-11-17;15;1636
7;2025-11-17;16;1760
7;2025-11-17;17;2267
7;2025-11-17;18;2397
7;2025-11-17;19;1636
7;2025-11-17;20;983
7;2025-11-17;21;550
7;2025-11-17;22;247
7;2025-11-17;23;163
7;2025-11-18;0;49
7;2025-11-18;1;1
7;2025-11-18;2;0
7;2025-11-18;3;0
7;2025-11-18;4;0
7;2025-11-18;5;180
7;2025-11-18;6;625
7;2025-11-18;7;1561
7;2025-11-18;8;2448
7;2025-11-18;9;1795
7;2025-11-18;10;1608
7;2025-11-18;11;1511
7;2025-11-18;12;1611
7;2025-11-18;13;1578
7;2025-11-18;14;1604
7;2025-11-18;15;1672
7;2025-11-18;16;1807
7;2025-11-18;17;2327
7;2025-11-18;18;2441
7;2025-11-18;19;1674
7;2025-11-18;20;1021
7;2025-11-18;21;597
7;2025-11-18;22;277
7;2025-11-18;23;194
7;2025-11-19;0;52
7;2025-11-19;1;0
7;2025-11-19;2;0
7;2025-11-19;3;0
7;2025-11-19;4;1
7;2025-11-19;5;184
7;2025-11-19;6;622
7;2025-11-19;7;1546
7;2025-11-19;8;2461
7;2025-11-19;9;1805
7;2025-11-19;10;1622
7;2025-11-19;11;1522
7;2025-11-19;12;1631
7;2025-11-19;13;1593
7;2025-11-19;14;1608
7;2025-11-19;15;1675
7;2025-11-19;16;1824
7;2025-11-19;17;2352
7;2025-11-19;18;2452
7;2025-11-19;19;1663
7;2025-11-19;20;1013
7;2025-11-19;21;601
7;2025-11-19;22;274
7;2025-11-19;23;188
7;2025-11-20;0;57
7;2025-11-20;1;6
7;2025-11-20;2;0
7;2025-11-20;3;0
7;2025-11-20;4;2
7;2025-11-20;5;183
7;2025-11-20;6;608
7;2025-11-20;7;1549
7;2025-11-20;8;2437
7;2025-11-20;9;1778
7;2025-11-20;10;1579
7;2025-11-20;11;1495
7;2025-11-20;12;1610
7;2025-11-20;13;1573
7;2025-11-20;14;1613
7;2025-11-20;15;1658
7;2025-11-20;16;1818
7;2025-11-20;17;2299
7;2025-11-20;18;2427
7;2025-11-20;19;1629
7;2025-11-20;20;1023
7;2025-11-20;21;588
7;2025-11-20;22;273
7;2025-11-20;23;192
7;2025-11-21;0;56
7;2025-11-21;1;2
7;2025-11-21;2;0
7;2025-11-21;3;0
7;2025-11-21;4;1
7;2025-11-21;5;169
7;2025-11-21;6;600
7;2025-11-21;7;1495
7;2025-11-21;8;2275
7;2025-11-21;9;1718
7;2025-11-21;10;1569
7;2025-11-21;11;1481
7;2025-11-21;12;1608
7;2025-11-21;13;1594
7;2025-11-21;14;1625
7;2025-11-21;15;1704
7;2025-11-21;16;1896
7;2025-11-21;17;2239
7;2025-11-21;18;2003
7;2025-11-21;19;1465
7;2025-11-21;20;961
7;2025-11-21;21;570
7;2025-11-21;22;278
7;2025-11-21;23;218
7;2025-11-22;0;67
7;2025-11-22;1;4
7;2025-11-22;2;0
7;2025-11-22;3;0
7;2025-11-22;4;1
7;2025-11-22;5;30
7;2025-11-22;6;206
7;2025-11-22;7;311
7;2025-11-22;8;614
7;2025-11-22;9;614
7;2025-11-22;10;632
7;2025-11-22;11;756
7;2025-11-22;12;865
7;2025-11-22;13;848
7;2025-11-22;14;835
7;2025-11-22;15;818
7;2025-11-22;16;825
7;2025-11-22;17;853
7;2025-11-22;18;736
7;2025-11-22;19;665
7;2025-11-22;20;444
7;2025-11-22;21;372
7;2025-11-22;22;141
7;2025-11-22;23;116
7;2025-11-23;0;51
7;2025-11-23;1;0
7;2025-11-23;2;0
7;2025-11-23;3;0
7;2025-11-23;4;0
7;2025-11-23;5;0
7;2025-11-23;6;90
7;2025-11-23;7;135
7;2025-11-23;8;315
7;2025-11-23;9;405
7;2025-11-23;10;428
7;2025-11-23;11;570
7;2025-11-23;12;641
7;2025-11-23;13;650
7;2025-11-23;14;675
7;2025-11-23;15;644
7;2025-11-23;16;631
7;2025-11-23;17;685
7;2025-11-23;18;596
7;2025-11-23;19;463
7;2025-11-23;20;360
7;2025-11-23;21;289
7;2025-11-23;22;114
7;2025-11-23;23;76
7;2025-11-24;0;53
7;2025-11-24;1;0
7;2025-11-24;2;0
7;2025-11-24;3;0
7;2025-11-24;4;0
7;2025-11-24;5;172
7;2025-11-24;6;595
7;2025-11-24;7;1528
7;2025-11-24;8;2346
7;2025-11-24;9;1766
7;2025-11-24;10;1561
7;2025-11-24;11;1453
7;2025-11-24;12;1536
7;2025-11-24;13;1562
7;2025-11-24;14;1573
7;2025-11-24;15;1636
7;2025-11-24;16;1760
7;2025-11-24;17;2267
7;2025-11-24;18;2397
7;2025-11-24;19;1636
7;2025-11-24;20;983
7;2025-11-24;21;550
7;2025-11-24;22;247
7;2025-11-24;23;163
7;2025-11-25;0;49
7;2025-11-25;1;1
7;2025-11-25;2;0
7;2025-11-25;3;0
7;2025-11-25;4;0
7;2025-11-25;5;180
7;2025-11-25;6;625
7;2025-11-25;7;1561
7;2025-11-25;8;2448
7;2025-11-25;9;1795
7;2025-11-25;10;1608
7;2025-11-25;11;1511
7;2025-11-25;12;1611
7;2025-11-25;13;1578
7;2025-11-25;14;1604
7;2025-11-25;15;1672
7;2025-11-25;16;1807
7;2025-11-25;17;2327
7;2025-11-25;18;2441
7;2025-11-25;19;1674
7;2025-11-25;20;1021
7;2025-11-25;21;597
7;2025-11-25;22;277
7;2025-11-25;23;194
7;2025-11-26;0;52
7;2025-11-26;1;0
7;2025-11-26;2;0
7;2025-11-26;3;0
7;2025-11-26;4;1
7;2025-11-26;5;184
7;2025-11-26;6;622
7;2025-11-26;7;1546
7;2025-11-26;8;2461
7;2025-11-26;9;1805
7;2025-11-26;10;1622
7;2025-11-26;11;1522
7;2025-11-26;12;1631
7;2025-11-26;13;1593
7;2025-11-26;14;1608
7;2025-11-26;15;1675
7;2025-11-26;16;1824
7;2025-11-26;17;2352
7;2025-11-26;18;2452
7;2025-11-26;19;1663
7;2025-11-26;20;1013
7;2025-11-26;21;601
7;2025-11-26;22;274
7;2025-11-26;23;188
7;2025-11-27;0;57
7;2025-11-27;1;6
7;2025-11-27;2;0
7;2025-11-27;3;0
7;2025-11-27;4;2
7;2025-11-27;5;183
7;2025-11-27;6;608
7;2025-11-27;7;1549
7;2025-11-27;8;2437
7;2025-11-27;9;1778
7;2025-11-27;10;1579
7;2025-11-27;11;1495
7;2025-11-27;12;1610
7;2025-11-27;13;1573
7;2025-11-27;14;1613
7;2025-11-27;15;1658
7;2025-11-27;16;1818
7;2025-11-27;17;2299
7;2025-11-27;18;2427
7;2025-11-27;19;1629
7;2025-11-27;20;1023
7;2025-11-27;21;588
7;2025-11-27;22;273
7;2025-11-27;23;192
7;2025-11-28;0;56
7;2025-11-28;1;2
7;2025-11-28;2;0
7;2025-11-28;3;0
7;2025-11-28;4;1
7;2025-11-28;5;169
7;2025-11-28;6;600
7;2025-11-28;7;1495
7;2025-11-28;8;2275
7;2025-11-28;9;1718
7;2025-11-28;10;1569
7;2025-11-28;11;1481
7;2025-11-28;12;1608
7;2025-11-28;13;1594
7;2025-11-28;14;1625
7;2025-11-28;15;1704
7;2025-11-28;16;1896
7;2025-11-28;17;2239
7;2025-11-28;18;2003
7;2025-11-28;19;1465
7;2025-11-28;20;961
7;2025-11-28;21;570
7;2025-11-28;22;278
7;2025-11-28;23;218
7;2025-11-29;0;67
7;2025-11-29;1;4
7;2025-11-29;2;0
7;2025-11-29;3;0
7;2025-11-29;4;1
7;2025-11-29;5;30
7;2025-11-29;6;206
7;2025-11-29;7;311
7;2025-11-29;8;614
7;2025-11-29;9;614
7;2025-11-29;10;632
7;2025-11-29;11;756
7;2025-11-29;12;865
7;2025-11-29;13;848
7;2025-11-29;14;835
7;2025-11-29;15;818
7;2025-11-29;16;825
7;2025-11-29;17;853
7;2025-11-29;18;736
7;2025-11-29;19;665
7;2025-11-29;20;444
7;2025-11-29;21;372
7;2025-11-29;22;141
7;2025-11-29;23;116
7;2025-11-30;0;51
7;2025-11-30;1;0
7;2025-11-30;2;0
7;2025-11-30;3;0
7;2025-11-30;4;0
7;2025-11-30;5;0
7;2025-11-30;6;90
7;2025-11-30;7;135
7;2025-11-30;8;315
7;2025-11-30;9;405
7;2025-11-30;10;428
7;2025-11-30;11;570
7;2025-11-30;12;641
7;2025-11-30;13;650
7;2025-11-30;14;675
7;2025-11-30;15;644
7;2025-11-30;16;631
7;2025-11-30;17;685
7;2025-11-30;18;596
7;2025-11-30;19;463
7;2025-11-30;20;360
7;2025-11-30;21;289
7;2025-11-30;22;114
7;2025-11-30;23;76
7;2025-12-01;0;53
7;2025-12-01;1;0
7;2025-12-01;2;0
7;2025-12-01;3;0
7;2025-12-01;4;0
7;2025-12-01;5;172
7;2025-12-01;6;595
7;2025-12-01;7;1528
7;2025-12-01;8;2346
7;2025-12-01;9;1766
7;2025-12-01;10;1561
7;2025-12-01;11;1453
7;2025-12-01;12;1536
7;2025-12-01;13;1562
7;2025-12-01;14;1573
7;2025-12-01;15;1636
7;2025-12-01;16;1760
7;2025-12-01;17;2267
7;2025-12-01;18;2397
7;2025-12-01;19;1636
7;2025-12-01;20;983
7;2025-12-01;21;550
7;2025-12-01;22;247
7;2025-12-01;23;163
7;2025-12-02;0;49
7;2025-12-02;1;1
7;2025-12-02;2;0
7;2025-12-02;3;0
7;2025-12-02;4;0
7;2025-12-02;5;180
7;2025-12-02;6;625
7;2025-12-02;7;1561
7;2025-12-02;8;2448
7;2025-12-02;9;1795
7;2025-12-02;10;1608
7;2025-12-02;11;1511
7;2025-12-02;12;1611
7;2025-12-02;13;1578
7;2025-12-02;14;1604
7;2025-12-02;15;1672
7;2025-12-02;16;1807
7;2025-12-02;17;2327
7;2025-12-02;18;2441
7;2025-12-02;19;1674
7;2025-12-02;20;1021
7;2025-12-02;21;597
7;2025-12-02;22;277
7;2025-12-02;23;194
7;2025-12-03;0;52
7;2025-12-03;1;0
7;2025-12-03;2;0
7;2025-12-03;3;0
7;2025-12-03;4;1
7;2025-12-03;5;184
7;2025-12-03;6;622
7;2025-12-03;7;1546
7;2025-12-03;8;2461
7;2025-12-03;9;1805
7;2025-12-03;10;1622
7;2025-12-03;11;1522
7;2025-12-03;12;1631
7;2025-12-03;13;1593
7;2025-12-03;14;1608
7;2025-12-03;15;1675
7;2025-12-03;16;1824
7;2025-12-03;17;2352
7;2025-12-03;18;2452
7;2025-12-03;19;1663
7;2025-12-03;20;1013
7;2025-12-03;21;601
7;2025-12-03;22;274
7;2025-12-03;23;188
7;2025-12-04;0;57
7;2025-12-04;1;6
7;2025-12-04;2;0
7;2025-12-04;3;0
7;2025-12-04;4;2
7;2025-12-04;5;183
7;2025-12-04;6;608
7;2025-12-04;7;1549
7;2025-12-04;8;2437
7;2025-12-04;9;1778
7;2025-12-04;10;1579
7;2025-12-04;11;1495
7;2025-12-04;12;1610
7;2025-12-04;13;1573
7;2025-12-04;14;1613
7;2025-12-04;15;1658
7;2025-12-04;16;1818
7;2025-12-04;17;2299
7;2025-12-04;18;2427
7;2025-12-04;19;1629
7;2025-12-04;20;1023
7;2025-12-04;21;588
7;2025-12-04;22;273
7;2025-12-04;23;192
7;2025-12-05;0;56
7;2025-12-05;1;2
7;2025-12-05;2;0
7;2025-12-05;3;0
7;2025-12-05;4;1
7;2025-12-05;5;169
7;2025-12-05;6;600
7;2025-12-05;7;1495
7;2025-12-05;8;2275
7;2025-12-05;9;1718
7;2025-12-05;10;1569
7;2025-12-05;11;1481
7;2025-12-05;12;1608
7;2025-12-05;13;1594
7;2025-12-05;14;1625
7;2025-12-05;15;1704
7;2025-12-05;16;1896
7;2025-12-05;17;2239
7;2025-12-05;18;2003
7;2025-12-05;19;1465
7;2025-12-05;20;961
7;2025-12-05;21;570
7;2025-12-05;22;278
7;2025-12-05;23;218
7;2025-12-06;0;67
7;2025-12-06;1;4
7;2025-12-06;2;0
7;2025-12-06;3;0
7;2025-12-06;4;1
7;2025-12-06;5;30
7;2025-12-06;6;206
7;2025-12-06;7;311
7;2025-12-06;8;614
7;2025-12-06;9;614
7;2025-12-06;10;632
7;2025-12-06;11;756
7;2025-12-06;12;865
7;2025-12-06;13;848
7;2025-12-06;14;835
7;2025-12-06;15;818
7;2025-12-06;16;825
7;2025-12-06;17;853
7;2025-12-06;18;736
7;2025-12-06;19;665
7;2025-12-06;20;444
7;2025-12-06;21;372
7;2025-12-06;22;141
7;2025-12-06;23;116
7;2025-12-07;0;51
7;2025-12-07;1;0
7;2025-12-07;2;0
7;2025-12-07;3;0
7;2025-12-07;4;0
7;2025-12-07;5;0
7;2025-12-07;6;90
7;2025-12-07;7;135
7;2025-12-07;8;315
7;2025-12-07;9;405
7;2025-12-07;10;428
7;2025-12-07;11;570
7;2025-12-07;12;641
7;2025-12-07;13;650
7;2025-12-07;14;675
7;2025-12-07;15;644
7;2025-12-07;16;631
7;2025-12-07;17;685
7;2025-12-07;18;596
7;2025-12-07;19;463
7;2025-12-07;20;360
7;2025-12-07;21;289
7;2025-12-07;22;114
7;2025-12-07;23;76
7;2025-12-08;0;53
7;2025-12-08;1;0
7;2025-12-08;2;0
7;2025-12-08;3;0
7;2025-12-08;4;0
7;2025-12-08;5;172
7;2025-12-08;6;595
7;2025-12-08;7;1528
7;2025-12-08;8;2346
7;2025-12-08;9;1766
7;2025-12-08;10;1561
7;2025-12-08;11;1453
7;2025-12-08;12;1536
7;2025-12-08;13;1562
7;2025-12-08;14;1573
7;2025-12-08;15;1636
7;2025-12-08;16;1760
7;2025-12-08;17;2267
7;2025-12-08;18;2397
7;2025-12-08;19;1636
7;2025-12-08;20;983
7;2025-12-08;21;550
7;2025-12-08;22;247
7;2025-12-08;23;163
7;2025-12-09;0;49
7;2025-12-09;1;1
7;2025-12-09;2;0
7;2025-12-09;3;0
7;2025-12-09;4;0
7;2025-12-09;5;180
7;2025-12-09;6;625
7;2025-12-09;7;1561
7;2025-12-09;8;2448
7;2025-12-09;9;1795
7;2025-12-09;10;1608
7;2025-12-09;11;1511
7;2025-12-09;12;1611
7;2025-12-09;13;1578
7;2025-12-09;14;1604
7;2025-12-09;15;1672
7;2025-12-09;16;1807
7;2025-12-09;17;2327
7;2025-12-09;18;2441
7;2025-12-09;19;1674
7;2025-12-09;20;1021
7;2025-12-09;21;597
7;2025-12-09;22;277
7;2025-12-09;23;194
7;2025-12-10;0;52
7;2025-12-10;1;0
7;2025-12-10;2;0
7;2025-12-10;3;0
7;2025-12-10;4;1
7;2025-12-10;5;184
7;2025-12-10;6;622
7;2025-12-10;7;1546
7;2025-12-10;8;2461
7;2025-12-10;9;1805
7;2025-12-10;10;1622
7;2025-12-10;11;1522
7;2025-12-10;12;1631
7;2025-12-10;13;1593
7;2025-12-10;14;1608
7;2025-12-10;15;1675
7;2025-12-10;16;1824
7;2025-12-10;17;2352
7;2025-12-10;18;2452
7;2025-12-10;19;1663
7;2025-12-10;20;1013
7;2025-12-10;21;601
7;2025-12-10;22;274
7;2025-12-10;23;188
7;2025-12-11;0;57
7;2025-12-11;1;6
7;2025-12-11;2;0
7;2025-12-11;3;0
7;2025-12-11;4;2
7;2025-12-11;5;183
7;2025-12-11;6;608
7;2025-12-11;7;1549
7;2025-12-11;8;2437
7;2025-12-11;9;1778
7;2025-12-11;10;1579
7;2025-12-11;11;1495
7;2025-12-11;12;1610
7;2025-12-11;13;1573
7;2025-12-11;14;1613
7;2025-12-11;15;1658
7;2025-12-11;16;1818
7;2025-12-11;17;2299
7;2025-12-11;18;2427
7;2025-12-11;19;1629
7;2025-12-11;20;1023
7;2025-12-11;21;588
7;2025-12-11;22;273
7;2025-12-11;23;192
7;2025-12-12;0;56
7;2025-12-12;1;2
7;2025-12-12;2;0
7;2025-12-12;3;0
7;2025-12-12;4;1
7;2025-12-12;5;169
7;2025-12-12;6;600
7;2025-12-12;7;1495
7;2025-12-12;8;2275
7;2025-12-12;9;1718
7;2025-12-12;10;1569
7;2025-12-12;11;1481
7;2025-12-12;12;1608
7;2025-12-12;13;1594
7;2025-12-12;14;1625
7;2025-12-12;15;1704
7;2025-12-12;16;1896
7;2025-12-12;17;2239
7;2025-12-12;18;2003
7;2025-12-12;19;1465
7;2025-12-12;20;961
7;2025-12-12;21;570
7;2025-12-12;22;278
7;2025-12-12;23;218
7;2025-12-13;0;67
7;2025-12-13;1;4
7;2025-12-13;2;0
7;2025-12-13;3;0
7;2025-12-13;4;1
7;2025-12-13;5;30
7;2025-12-13;6;206
7;2025-12-13;7;311
7;2025-12-13;8;614
7;2025-12-13;9;614
7;2025-12-13;10;632
7;2025-12-13;11;756
7;2025-12-13;12;865
7;2025-12-13;13;848
7;2025-12-13;14;835
7;2025-12-13;15;818
7;2025-12-13;16;825
7;2025-12-13;17;853
7;2025-12-13;18;736
7;2025-12-13;19;665
7;2025-12-13;20;444
7;2025-12-13;21;372
7;2025-12-13;22;141
7;2025-12-13;23;116
7;2025-12-14;0;51
7;2025-12-14;1;0
7;2025-12-14;2;0
7;2025-12-14;3;0
7;2025-12-14;4;0
7;2025-12-14;5;0
7;2025-12-14;6;90
7;2025-12-14;7;135
7;2025-12-14;8;315
7;2025-12-14;9;405
7;2025-12-14;10;428
7;2025-12-14;11;570
7;2025-12-14;12;641
7;2025-12-14;13;650
7;2025-12-14;14;675
7;2025-12-14;15;644
7;2025-12-14;16;631
7;2025-12-14;17;685
7;2025-12-14;18;596
7;2025-12-14;19;463
7;2025-12-14;20;360
7;2025-12-14;21;289
7;2025-12-14;22;114
7;2025-12-14;23;76
7;2025-12-15;0;53
7;2025-12-15;1;0
7;2025-12-15;2;0
7;2025-12-15;3;0
7;2025-12-15;4;0
7;2025-12-15;5;172
7;2025-12-15;6;595
7;2025-12-15;7;1528
7;2025-12-15;8;2346
7;2025-12-15;9;1766
7;2025-12-15;10;1561
7;2025-12-15;11;1453
7;2025-12-15;12;1536
7;2025-12-15;13;1562
7;2025-12-15;14;1573
7;2025-12-15;15;1636
7;2025-12-15;16;1760
7;2025-12-15;17;2267
7;2025-12-15;18;2397
7;2025-12-15;19;1636
7;2025-12-15;20;983
7;2025-12-15;21;550
7;2025-12-15;22;247
7;2025-12-15;23;163
7;2025-12-16;0;49
7;2025-12-16;1;1
7;2025-12-16;2;0
7;2025-12-16;3;0
7;2025-12-16;4;0
7;2025-12-16;5;180
7;2025-12-16;6;625
7;2025-12-16;7;1561
7;2025-12-16;8;2448
7;2025-12-16;9;1795
7;2025-12-16;10;1608
7;2025-12-16;11;1511
7;2025-12-16;12;1611
7;2025-12-16;13;1578
7;2025-12-16;14;1604
7;2025-12-16;15;1672
7;2025-12-16;16;1807
7;2025-12-16;17;2327
7;2025-12-16;18;2441
7;2025-12-16;19;1674
7;2025-12-16;20;1021
7;2025-12-16;21;597
7;2025-12-16;22;277
7;2025-12-16;23;194
7;2025-12-17;0;52
7;2025-12-17;1;0
7;2025-12-17;2;0
7;2025-12-17;3;0
7;2025-12-17;4;1
7;2025-12-17;5;184
7;2025-12-17;6;622
7;2025-12-17;7;1546
7;2025-12-17;8;2461
7;2025-12-17;9;1805
7;2025-12-17;10;1622
7;2025-12-17;11;1522
7;2025-12-17;12;1631
7;2025-12-17;13;1593
7;2025-12-17;14;1608
7;2025-12-17;15;1675
7;2025-12-17;16;1824
7;2025-12-17;17;2352
7;2025-12-17;18;2452
7;2025-12-17;19;1663
7;2025-12-17;20;1013
7;2025-12-17;21;601
7;2025-12-17;22;274
7;2025-12-17;23;188
7;2025-12-18;0;57
7;2025-12-18;1;6
7;2025-12-18;2;0
7;2025-12-18;3;0
7;2025-12-18;4;2
7;2025-12-18;5;183
7;2025-12-18;6;608
7;2025-12-18;7;1549
7;2025-12-18;8;2437
7;2025-12-18;9;1778
7;2025-12-18;10;1579
7;2025-12-18;11;1495
7;2025-12-18;12;1610
7;2025-12-18;13;1573
7;2025-12-18;14;1613
7;2025-12-18;15;1658
7;2025-12-18;16;1818
7;2025-12-18;17;2299
7;2025-12-18;18;2427
7;2025-12-18;19;1629
7;2025-12-18;20;1023
7;2025-12-18;21;588
7;2025-12-18;22;273
7;2025-12-18;23;192
7;2025-12-19;0;56
7;2025-12-19;1;2
7;2025-12-19;2;0
7;2025-12-19;3;0
7;2025-12-19;4;1
7;2025-12-19;5;169
7;2025-12-19;6;600
7;2025-12-19;7;1495
7;2025-12-19;8;2275
7;2025-12-19;9;1718
7;2025-12-19;10;1569
7;2025-12-19;11;1481
7;2025-12-19;12;1608
7;2025-12-19;13;1594
7;2025-12-19;14;1625
7;2025-12-19;15;1704
7;2025-12-19;16;1896
7;2025-12-19;17;2239
7;2025-12-19;18;2003
7;2025-12-19;19;1465
7;2025-12-19;20;961
7;2025-12-19;21;570
7;2025-12-19;22;278
7;2025-12-19;23;218
7;2025-12-20;0;67
7;2025-12-20;1;4
7;2025-12-20;2;0
7;2025-12-20;3;0
7;2025-12-20;4;1
7;2025-12-20;5;30
7;2025-12-20;6;206
7;2025-12-20;7;311
7;2025-12-20;8;614
7;2025-12-20;9;614
7;2025-12-20;10;632
7;2025-12-20;11;756
7;2025-12-20;12;865
7;2025-12-20;13;848
7;2025-12-20;14;835
7;2025-12-20;15;818
7;2025-12-20;16;825
7;2025-12-20;17;853
7;2025-12-20;18;736
7;2025-12-20;19;665
7;2025-12-20;20;444
7;2025-12-20;21;372
7;2025-12-20;22;141
7;2025-12-20;23;116
7;2025-12-21;0;51
7;2025-12-21;1;0
7;2025-12-21;2;0
7;2025-12-21;3;0
7;2025-12-21;4;0
7;2025-12-21;5;0
7;2025-12-21;6;90
7;2025-12-21;7;135
7;2025-12-21;8;315
7;2025-12-21;9;405
7;2025-12-21;10;428
7;2025-12-21;11;570
7;2025-12-21;12;641
7;2025-12-21;13;650
7;2025-12-21;14;675
7;2025-12-21;15;644
7;2025-12-21;16;631
7;2025-12-21;17;685
7;2025-12-21;18;596
7;2025-12-21;19;463
7;2025-12-21;20;360
7;2025-12-21;21;289
7;2025-12-21;22;114
7;2025-12-21;23;76
7;2025-12-22;0;53
7;2025-12-22;1;0
7;2025-12-22;2;0
7;2025-12-22;3;0
7;2025-12-22;4;0
7;2025-12-22;5;172
7;2025-12-22;6;595
7;2025-12-22;7;1528
7;2025-12-22;8;2346
7;2025-12-22;9;1766
7;2025-12-22;10;1561
7;2025-12-22;11;1453
7;2025-12-22;12;1536
7;2025-12-22;13;1562
7;2025-12-22;14;1573
7;2025-12-22;15;1636
7;2025-12-22;16;1760
7;2025-12-22;17;2267
7;2025-12-22;18;2397
7;2025-12-22;19;1636
7;2025-12-22;20;983
7;2025-12-22;21;550
7;2025-12-22;22;247
7;2025-12-22;23;163
7;2025-12-23;0;49
7;2025-12-23;1;1
7;2025-12-23;2;0
7;2025-12-23;3;0
7;2025-12-23;4;0
7;2025-12-23;5;180
7;2025-12-23;6;625
7;2025-12-23;7;1561
7;2025-12-23;8;2448
7;2025-12-23;9;1795
7;2025-12-23;10;1608
7;2025-12-23;11;1511
7;2025-12-23;12;1611
7;2025-12-23;13;1578
7;2025-12-23;14;1604
7;2025-12-23;15;1672
7;2025-12-23;16;1807
7;2025-12-23;17;2327
7;2025-12-23;18;2441
7;2025-12-23;19;1674
7;2025-12-23;20;1021
7;2025-12-23;21;597
7;2025-12-23;22;277
7;2025-12-23;23;194
7;2025-12-24;0;52
7;2025-12-24;1;0
7;2025-12-24;2;0
7;2025-12-24;3;0
7;2025-12-24;4;1
7;2025-12-24;5;184
7;2025-12-24;6;622
7;2025-12-24;7;1546
7;2025-12-24;8;2461
7;2025-12-24;9;1805
7;2025-12-24;10;1622
7;2025-12-24;11;1522
7;2025-12-24;12;1631
7;2025-12-24;13;1593
7;2025-12-24;14;1608
7;2025-12-24;15;1675
7;2025-12-24;16;1824
7;2025-12-24;17;2352
7;2025-12-24;18;2452
7;2025-12-24;19;1663
7;2025-12-24;20;1013
7;2025-12-24;21;601
7;2025-12-24;22;274
7;2025-12-24;23;188
7;2025-12-25;0;57
7;2025-12-25;1;6
7;2025-12-25;2;0
7;2025-12-25;3;0
7;2025-12-25;4;2
7;2025-12-25;5;183
7;2025-12-25;6;608
7;2025-12-25;7;1549
7;2025-12-25;8;2437
7;2025-12-25;9;1778
7;2025-12-25;10;1579
7;2025-12-25;11;1495
7;2025-12-25;12;1610
7;2025-12-25;13;1573
7;2025-12-25;14;1613
7;2025-12-25;15;1658
7;2025-12-25;16;1818
7;2025-12-25;17;2299
7;2025-12-25;18;2427
7;2025-12-25;19;1629
7;2025-12-25;20;1023
7;2025-12-25;21;588
7;2025-12-25;22;273
7;2025-12-25;23;192
7;2025-12-26;0;56
7;2025-12-26;1;2
7;2025-12-26;2;0
7;2025-12-26;3;0
7;2025-12-26;4;1
7;2025-12-26;5;169
7;2025-12-26;6;600
7;2025-12-26;7;1495
7;2025-12-26;8;2275
7;2025-12-26;9;1718
7;2025-12-26;10;1569
7;2025-12-26;11;1481
7;2025-12-26;12;1608
7;2025-12-26;13;1594
7;2025-12-26;14;1625
7;2025-12-26;15;1704
7;2025-12-26;16;1896
7;2025-12-26;17;2239
7;2025-12-26;18;2003
7;2025-12-26;19;1465
7;2025-12-26;20;961
7;2025-12-26;21;570
7;2025-12-26;22;278
7;2025-12-26;23;218
7;2025-12-27;0;67
7;2025-12-27;1;4
7;2025-12-27;2;0
7;2025-12-27;3;0
7;2025-12-27;4;1
7;2025-12-27;5;30
7;2025-12-27;6;206
7;2025-12-27;7;311
7;2025-12-27;8;614
7;2025-12-27;9;614
7;2025-12-27;10;632
7;2025-12-27;11;756
7;2025-12-27;12;865
7;2025-12-27;13;848
7;2025-12-27;14;835
7;2025-12-27;15;818
7;2025-12-27;16;825
7;2025-12-27;17;853
7;2025-12-27;18;736
7;2025-12-27;19;665
7;2025-12-27;20;444
7;2025-12-27;21;372
7;2025-12-27;22;141
7;2025-12-27;23;116
7;2025-12-28;0;51
7;2025-12-28;1;0
7;2025-12-28;2;0
7;2025-12-28;3;0
7;2025-12-28;4;0
7;2025-12-28;5;0
7;2025-12-28;6;90
7;2025-12-28;7;135
7;2025-12-28;8;315
7;2025-12-28;9;405
7;2025-12-28;10;428
7;2025-12-28;11;570
7;2025-12-28;12;641
7;2025-12-28;13;650
7;2025-12-28;14;675
7;2025-12-28;15;644
7;2025-12-28;16;631
7;2025-12-28;17;685
7;2025-12-28;18;596
7;2025-12-28;19;463
7;2025-12-28;20;360
7;2025-12-28;21;289
7;2025-12-28;22;114
7;2025-12-28;23;76
7;2025-12-29;0;53
7;2025-12-29;1;0
7;2025-12-29;2;0
7;2025-12-29;3;0
7;2025-12-29;4;0
7;2025-12-29;5;172
7;2025-12-29;6;595
7;2025-12-29;7;1528
7;2025-12-29;8;2346
7;2025-12-29;9;1766
7;2025-12-29;10;1561
7;2025-12-29;11;1453
7;2025-12-29;12;1536
7;2025-12-29;13;1562
7;2025-12-29;14;1573
7;2025-12-29;15;1636
7;2025-12-29;16;1760
7;2025-12-29;17;2267
7;2025-12-29;18;2397
7;2025-12-29;19;1636
7;2025-12-29;20;983
7;2025-12-29;21;550
7;2025-12-29;22;247
7;2025-12-29;23;163
7;2025-12-30;0;49
7;2025-12-30;1;1
7;2025-12-30;2;0
7;2025-12-30;3;0
7;2025-12-30;4;0
7;2025-12-30;5;180
7;2025-12-30;6;625
7;2025-12-30;7;1561
7;2025-12-30;8;2448
7;2025-12-30;9;1795
7;2025-12-30;10;1608
7;2025-12-30;11;1511
7;2025-12-30;12;1611
7;2025-12-30;13;1578
7;2025-12-30;14;1604
7;2025-12-30;15;1672
7;2025-12-30;16;1807
7;2025-12-30;17;2327
7;2025-12-30;18;2441
7;2025-12-30;19;1674
7;2025-12-30;20;1021
7;2025-12-30;21;597
7;2025-12-30;22;277
7;2025-12-30;23;194
7;2025-12-31;0;67
7;2025-12-31;1;1
7;2025-12-31;2;0
7;2025-12-31;3;0
7;2025-12-31;4;2
7;2025-12-31;5;96
7;2025-12-31;6;286
7;2025-12-31;7;339
7;2025-12-31;8;748
7;2025-12-31;9;624
7;2025-12-31;10;718
7;2025-12-31;11;812
7;2025-12-31;12;912
7;2025-12-31;13;868
7;2025-12-31;14;874
7;2025-12-31;15;869
7;2025-12-31;16;850
7;2025-12-31;17;1007
7;2025-12-31;18;979
7;2025-12-31;19;689
7;2025-12-31;20;519
7;2025-12-31;21;443
7;2025-12-31;22;208
7;2025-12-31;23;160
11;2025-11-01;0;93
11;2025-11-01;1;0
11;2025-11-01;2;0
11;2025-11-01;3;0
11;2025-11-01;4;1
11;2025-11-01;5;234
11;2025-11-01;6;1353
11;2025-11-01;7;2307
11;2025-11-01;8;2980
11;2025-11-01;9;2365
11;2025-11-01;10;1994
11;2025-11-01;11;1974
11;2025-11-01;12;2082
11;2025-11-01;13;2092
11;2025-11-01;14;2189
11;2025-11-01;15;2167
11;2025-11-01;16;2385
11;2025-11-01;17;2866
11;2025-11-01;18;2710
11;2025-11-01;19;2138
11;2025-11-01;20;1428
11;2025-11-01;21;869
11;2025-11-01;22;391
11;2025-11-01;23;306
11;2025-11-02;0;113
11;2025-11-02;1;2
11;2025-11-02;2;0
11;2025-11-02;3;0
11;2025-11-02;4;0
11;2025-11-02;5;119
11;2025-11-02;6;487
11;2025-11-02;7;521
11;2025-11-02;8;702
11;2025-11-02;9;922
11;2025-11-02;10;1044
11;2025-11-02;11;1423
11;2025-11-02;12;1561
11;2025-11-02;13;1500
11;2025-11-02;14;1579
11;2025-11-02;15;1527
11;2025-11-02;16;1538
11;2025-11-02;17;1641
11;2025-11-02;18;1278
11;2025-11-02;19;1123
11;2025-11-02;20;842
11;2025-11-02;21;612
11;2025-11-02;22;336
11;2025-11-02;23;243
11;2025-11-03;0;89
11;2025-11-03;1;7
11;2025-11-03;2;0
11;2025-11-03;3;0
11;2025-11-03;4;0
11;2025-11-03;5;184
11;2025-11-03;6;621
11;2025-11-03;7;682
11;2025-11-03;8;961
11;2025-11-03;9;1005
11;2025-11-03;10;1087
11;2025-11-03;11;1419
11;2025-11-03;12;1520
11;2025-11-03;13;1471
11;2025-11-03;14;1506
11;2025-11-03;15;1462
11;2025-11-03;16;1492
11;2025-11-03;17;1565
11;2025-11-03;18;1445
11;2025-11-03;19;1331
11;2025-11-03;20;899
11;2025-11-03;21;645
11;2025-11-03;22;335
11;2025-11-03;23;234
11;2025-11-04;0;71
11;2025-11-04;1;0
11;2025-11-04;2;0
11;2025-11-04;3;0
11;2025-11-04;4;1
11;2025-11-04;5;187
11;2025-11-04;6;608
11;2025-11-04;7;686
11;2025-11-04;8;966
11;2025-11-04;9;960
11;2025-11-04;10;1055
11;2025-11-04;11;1375
11;2025-11-04;12;1505
11;2025-11-04;13;1489
11;2025-11-04;14;1508
11;2025-11-04;15;1460
11;2025-11-04;16;1470
11;2025-11-04;17;1592
11;2025-11-04;18;1450
11;2025-11-04;19;1342
11;2025-11-04;20;935
11;2025-11-04;21;663
11;2025-11-04;22;362
11;2025-11-04;23;246
11;2025-11-05;0;64
11;2025-11-05;1;0
11;2025-11-05;2;0
11;2025-11-05;3;0
11;2025-11-05;4;0
11;2025-11-05;5;242
11;2025-11-05;6;1292
11;2025-11-05;7;2377
11;2025-11-05;8;3205
11;2025-11-05;9;2381
11;2025-11-05;10;1947
11;2025-11-05;11;1895
11;2025-11-05;12;1949
11;2025-11-05;13;1976
11;2025-11-05;14;1988
11;2025-11-05;15;1967
11;2025-11-05;16;2190
11;2025-11-05;17;2767
11;2025-11-05;18;2972
11;2025-11-05;19;2261
11;2025-11-05;20;1445
11;2025-11-05;21;852
11;2025-11-05;22;371
11;2025-11-05;23;234
11;2025-11-06;0;95
11;2025-11-06;1;0
11;2025-11-06;2;0
11;2025-11-06;3;0
11;2025-11-06;4;0
11;2025-11-06;5;268
11;2025-11-06;6;1355
11;2025-11-06;7;2402
11;2025-11-06;8;3217
11;2025-11-06;9;2439
11;2025-11-06;10;2026
11;2025-11-06;11;1948
11;2025-11-06;12;2003
11;2025-11-06;13;2013
11;2025-11-06;14;2041
11;2025-11-06;15;2027
11;2025-11-06;16;2267
11;2025-11-06;17;2823
11;2025-11-06;18;3040
11;2025-11-06;19;2316
11;2025-11-06;20;1483
11;2025-11-06;21;900
11;2025-11-06;22;411
11;2025-11-06;23;281
11;2025-11-07;0;68
11;2025-11-07;1;0
11;2025-11-07;2;0
11;2025-11-07;3;0
11;2025-11-07;4;0
11;2025-11-07;5;238
11;2025-11-07;6;1296
11;2025-11-07;7;2327
11;2025-11-07;8;3022
11;2025-11-07;9;2303
11;2025-11-07;10;1908
11;2025-11-07;11;1855
11;2025-11-07;12;1918
11;2025-11-07;13;1905
11;2025-11-07;14;2001
11;2025-11-07;15;2019
11;2025-11-07;16;2325
11;2025-11-07;17;2785
11;2025-11-07;18;2495
11;2025-11-07;19;2053
11;2025-11-07;20;1360
11;2025-11-07;21;853
11;2025-11-07;22;375
11;2025-11-07;23;283
11;2025-11-08;0;106
11;2025-11-08;1;0
11;2025-11-08;2;0
11;2025-11-08;3;0
11;2025-11-08;4;1
11;2025-11-08;5;183
11;2025-11-08;6;758
11;2025-11-08;7;783
11;2025-11-08;8;1036
11;2025-11-08;9;1176
11;2025-11-08;10;1299
11;2025-11-08;11;1613
11;2025-11-08;12;1755
11;2025-11-08;13;1696
11;2025-11-08;14;1746
11;2025-11-08;15;1680
11;2025-11-08;16;1687
11;2025-11-08;17;1759
11;2025-11-08;18;1480
11;2025-11-08;19;1439
11;2025-11-08;20;1046
11;2025-11-08;21;752
11;2025-11-08;22;380
11;2025-11-08;23;301
11;2025-11-09;0;113
11;2025-11-09;1;2
11;2025-11-09;2;0
11;2025-11-09;3;0
11;2025-11-09;4;0
11;2025-11-09;5;119
11;2025-11-09;6;487
11;2025-11-09;7;521
11;2025-11-09;8;702
11;2025-11-09;9;922
11;2025-11-09;10;1044
11;2025-11-09;11;1423
11;2025-11-09;12;1561
11;2025-11-09;13;1500
11;2025-11-09;14;1579
11;2025-11-09;15;1527
11;2025-11-09;16;1538
11;2025-11-09;17;1641
11;2025-11-09;18;1278
11;2025-11-09;19;1123
11;2025-11-09;20;842
11;2025-11-09;21;612
11;2025-11-09;22;336
11;2025-11-09;23;243
11;2025-11-10;0;73
11;2025-11-10;1;6
11;2025-11-10;2;0
11;2025-11-10;3;0
11;2025-11-10;4;0
11;2025-11-10;5;239
11;2025-11-10;6;1321
11;2025-11-10;7;2353
11;2025-11-10;8;3127
11;2025-11-10;9;2353
11;2025-11-10;10;1893
11;2025-11-10;11;1845
11;2025-11-10;12;1879
11;2025-11-10;13;1883
11;2025-11-10;14;1939
11;2025-11-10;15;1945
11;2025-11-10;16;2188
11;2025-11-10;17;2767
11;2025-11-10;18;2918
11;2025-11-10;19;2244
11;2025-11-10;20;1386
11;2025-11-10;21;823
11;2025-11-10;22;338
11;2025-11-10;23;221
11;2025-11-11;0;55
11;2025-11-11;1;0
11;2025-11-11;2;0
11;2025-11-11;3;0
11;2025-11-11;4;0
11;2025-11-11;5;240
11;2025-11-11;6;1324
11;2025-11-11;7;2389
11;2025-11-11;8;3242
11;2025-11-11;9;2391
11;2025-11-11;10;1944
11;2025-11-11;11;1868
11;2025-11-11;12;1924
11;2025-11-11;13;1940
11;2025-11-11;14;1982
11;2025-11-11;15;1958
11;2025-11-11;16;2200
11;2025-11-11;17;2790
11;2025-11-11;18;2984
11;2025-11-11;19;2272
11;2025-11-11;20;1436
11;2025-11-11;21;845
11;2025-11-11;22;367
11;2025-11-11;23;233
11;2025-11-12;0;64
11;2025-11-12;1;0
11;2025-11-12;2;0
11;2025-11-12;3;0
11;2025-11-12;4;0
11;2025-11-12;5;242
11;2025-11-12;6;1292
11;2025-11-12;7;2377
11;2025-11-12;8;3205
11;2025-11-12;9;2381
11;2025-11-12;10;1947
11;2025-11-12;11;1895
11;2025-11-12;12;1949
11;2025-11-12;13;1976
11;2025-11-12;14;1988
11;2025-11-12;15;1967
11;2025-11-12;16;2190
11;2025-11-12;17;2767
11;2025-11-12;18;2972
11;2025-11-12;19;2261
11;2025-11-12;20;1445
11;2025-11-12;21;852
11;2025-11-12;22;371
11;2025-11-12;23;234
11;2025-11-13;0;95
11;2025-11-13;1;0
11;2025-11-13;2;0
11;2025-11-13;3;0
11;2025-11-13;4;0
11;2025-11-13;5;268
11;2025-11-13;6;1355
11;2025-11-13;7;2402
11;2025-11-13;8;3217
11;2025-11-13;9;2439
11;2025-11-13;10;2026
11;2025-11-13;11;1948
11;2025-11-13;12;2003
11;2025-11-13;13;2013
11;2025-11-13;14;2041
11;2025-11-13;15;2027
11;2025-11-13;16;2267
11;2025-11-13;17;2823
11;2025-11-13;18;3040
11;2025-11-13;19;2316
11;2025-11-13;20;1483
11;2025-11-13;21;900
11;2025-11-13;22;411
11;2025-11-13;23;281
11;2025-11-14;0;68
11;2025-11-14;1;0
11;2025-11-14;2;0
11;2025-11-14;3;0
11;2025-11-14;4;0
11;2025-11-14;5;238
11;2025-11-14;6;1296
11;2025-11-14;7;2327
11;2025-11-14;8;3022
11;2025-11-14;9;2303
11;2025-11-14;10;1908
11;2025-11-14;11;1855
11;2025-11-14;12;1918
11;2025-11-14;13;1905
11;2025-11-14;14;2001
11;2025-11-14;15;2019
11;2025-11-14;16;2325
11;2025-11-14;17;2785
11;2025-11-14;18;2495
11;2025-11-14;19;2053
11;2025-11-14;20;1360
11;2025-11-14;21;853
11;2025-11-14;22;375
11;2025-11-14;23;283
11;2025-11-15;0;106
11;2025-11-15;1;0
11;2025-11-15;2;0
11;2025-11-15;3;0
11;2025-11-15;4;1
11;2025-11-15;5;183
11;2025-11-15;6;758
11;2025-11-15;7;783
11;2025-11-15;8;1036
11;2025-11-15;9;1176
11;2025-11-15;10;1299
11;2025-11-15;11;1613
11;2025-11-15;12;1755
11;2025-11-15;13;1696
11;2025-11-15;14;1746
11;2025-11-15;15;1680
11;2025-11-15;16;1687
11;2025-11-15;17;1759
11;2025-11-15;18;1480
11;2025-11-15;19;1439
11;2025-11-15;20;1046
11;2025-11-15;21;752
11;2025-11-15;22;380
11;2025-11-15;23;301
11;2025-11-16;0;113
11;2025-11-16;1;2
11;2025-11-16;2;0
11;2025-11-16;3;0
11;2025-11-16;4;0
11;2025-11-16;5;119
11;2025-11-16;6;487
11;2025-11-16;7;521
11;2025-11-16;8;702
11;2025-11-16;9;922
11;2025-11-16;10;1044
11;2025-11-16;11;1423
11;2025-11-16;12;1561
11;2025-11-16;13;1500
11;2025-11-16;14;1579
11;2025-11-16;15;1527
11;2025-11-16;16;1538
11;2025-11-16;17;1641
11;2025-11-16;18;1278
11;2025-11-16;19;1123
11;2025-11-16;20;842
11;2025-11-16;21;612
11;2025-11-16;22;336
11;2025-11-16;23;243
11;2025-11-17;0;73
11;2025-11-17;1;6
11;2025-11-17;2;0
11;2025-11-17;3;0
11;2025-11-17;4;0
11;2025-11-17;5;239
11;2025-11-17;6;1321
11;2025-11-17;7;2353
11;2025-11-17;8;3127
11;2025-11-17;9;2353
11;2025-11-17;10;1893
11;2025-11-17;11;1845
11;2025-11-17;12;1879
11;2025-11-17;13;1883
11;2025-11-17;14;1939
11;2025-11-17;15;1945
11;2025-11-17;16;2188
11;2025-11-17;17;2767
11;2025-11-17;18;2918
11;2025-11-17;19;2244
11;2025-11-17;20;1386
11;2025-11-17;21;823
11;2025-11-17;22;338
11;2025-11-17;23;221
11;2025-11-18;0;55
11;2025-11-18;1;0
11;2025-11-18;2;0
11;2025-11-18;3;0
11;2025-11-18;4;0
11;2025-11-18;5;240
11;2025-11-18;6;1324
11;2025-11-18;7;2389
11;2025-11-18;8;3242
11;2025-11-18;9;2391
11;2025-11-18;10;1944
11;2025-11-18;11;1868
11;2025-11-18;12;1924
11;2025-11-18;13;1940
11;2025-11-18;14;1982
11;2025-11-18;15;1958
11;2025-11-18;16;2200
11;2025-11-18;17;2790
11;2025-11-18;18;2984
11;2025-11-18;19;2272
11;2025-11-18;20;1436
11;2025-11-18;21;845
11;2025-11-18;22;367
11;2025-11-18;23;233
11;2025-11-19;0;64
11;2025-11-19;1;0
11;2025-11-19;2;0
11;2025-11-19;3;0
11;2025-11-19;4;0
11;2025-11-19;5;242
11;2025-11-19;6;1292
11;2025-11-19;7;2377
11;2025-11-19;8;3205
11;2025-11-19;9;2381
11;2025-11-19;10;1947
11;2025-11-19;11;1895
11;2025-11-19;12;1949
11;2025-11-19;13;1976
11;2025-11-19;14;1988
11;2025-11-19;15;1967
11;2025-11-19;16;2190
11;2025-11-19;17;2767
11;2025-11-19;18;2972
11;2025-11-19;19;2261
11;2025-11-19;20;1445
11;2025-11-19;21;852
11;2025-11-19;22;371
11;2025-11-19;23;234
11;2025-11-20;0;95
11;2025-11-20;1;0
11;2025-11-20;2;0
11;2025-11-20;3;0
11;2025-11-20;4;0
11;2025-11-20;5;268
11;2025-11-20;6;1355
11;2025-11-20;7;2402
11;2025-11-20;8;3217
11;2025-11-20;9;2439
11;2025-11-20;10;2026
11;2025-11-20;11;1948
11;2025-11-20;12;2003
11;2025-11-20;13;2013
11;2025-11-20;14;2041
11;2025-11-20;15;2027
11;2025-11-20;16;2267
11;2025-11-20;17;2823
11;2025-11-20;18;3040
11;2025-11-20;19;2316
11;2025-11-20;20;1483
11;2025-11-20;21;900
11;2025-11-20;22;411
11;2025-11-20;23;281
11;2025-11-21;0;68
11;2025-11-21;1;0
11;2025-11-21;2;0
11;2025-11-21;3;0
11;2025-11-21;4;0
11;2025-11-21;5;238
11;2025-11-21;6;1296
11;2025-11-21;7;2327
11;2025-11-21;8;3022
11;2025-11-21;9;2303
11;2025-11-21;10;1908
11;2025-11-21;11;1855
11;2025-11-21;12;1918
11;2025-11-21;13;1905
11;2025-11-21;14;2001
11;2025-11-21;15;2019
11;2025-11-21;16;2325
11;2025-11-21;17;2785
11;2025-11-21;18;2495
11;2025-11-21;19;2053
11;2025-11-21;20;1360
11;2025-11-21;21;853
11;2025-11-21;22;375
11;2025-11-21;23;283
11;2025-11-22;0;106
11;2025-11-22;1;0
11;2025-11-22;2;0
11;2025-11-22;3;0
11;2025-11-22;4;1
11;2025-11-22;5;183
11;2025-11-22;6;758
11;2025-11-22;7;783
11;2025-11-22;8;1036
11;2025-11-22;9;1176
11;2025-11-22;10;1299
11;2025-11-22;11;1613
11;2025-11-22;12;1755
11;2025-11-22;13;1696
11;2025-11-22;14;1746
11;2025-11-22;15;1680
11;2025-11-22;16;1687
11;2025-11-22;17;1759
11;2025-11-22;18;1480
11;2025-11-22;19;1439
11;2025-11-22;20;1046
11;2025-11-22;21;752
11;2025-11-22;22;380
11;2025-11-22;23;301
11;2025-11-23;0;113
11;2025-11-23;1;2
11;2025-11-23;2;0
11;2025-11-23;3;0
11;2025-11-23;4;0
11;2025-11-23;5;119
11;2025-11-23;6;487
11;2025-11-23;7;521
11;2025-11-23;8;702
11;2025-11-23;9;922
11;2025-11-23;10;1044
11;2025-11-23;11;1423
11;2025-11-23;12;1561
11;2025-11-23;13;1500
11;2025-11-23;14;1579
11;2025-11-23;15;1527
11;2025-11-23;16;1538
11;2025-11-23;17;1641
11;2025-11-23;18;1278
11;2025-11-23;19;1123
11;2025-11-23;20;842
11;2025-11-23;21;612
11;2025-11-23;22;336
11;2025-11-23;23;243
11;2025-11-24;0;73
11;2025-11-24;1;6
11;2025-11-24;2;0
11;2025-11-24;3;0
11;2025-11-24;4;0
11;2025-11-24;5;239
11;2025-11-24;6;1321
11;2025-11-24;7;2353
11;2025-11-24;8;3127
11;2025-11-24;9;2353
11;2025-11-24;10;1893
11;2025-11-24;11;1845
11;2025-11-24;12;1879
11;2025-11-24;13;1883
11;2025-11-24;14;1939
11;2025-11-24;15;1945
11;2025-11-24;16;2188
11;2025-11-24;17;2767
11;2025-11-24;18;2918
11;2025-11-24;19;2244
11;2025-11-24;20;1386
11;2025-11-24;21;823
11;2025-11-24;22;338
11;2025-11-24;23;221
11;2025-11-25;0;55
11;2025-11-25;1;0
11;2025-11-25;2;0
11;2025-11-25;3;0
11;2025-11-25;4;0
11;2025-11-25;5;240
11;2025-11-25;6;1324
11;2025-11-25;7;2389
11;2025-11-25;8;3242
11;2025-11-25;9;2391
11;2025-11-25;10;1944
11;2025-11-25;11;1868
11;2025-11-25;12;1924
11;2025-11-25;13;1940
11;2025-11-25;14;1982
11;2025-11-25;15;1958
11;2025-11-25;16;2200
11;2025-11-25;17;2790
11;2025-11-25;18;2984
11;2025-11-25;19;2272
11;2025-11-25;20;1436
11;2025-11-25;21;845
11;2025-11-25;22;367
11;2025-11-25;23;233
11;2025-11-26;0;64
11;2025-11-26;1;0
11;2025-11-26;2;0
11;2025-11-26;3;0
11;2025-11-26;4;0
11;2025-11-26;5;242
11;2025-11-26;6;1292
11;2025-11-26;7;2377
11;2025-11-26;8;3205
11;2025-11-26;9;2381
11;2025-11-26;10;1947
11;2025-11-26;11;1895
11;2025-11-26;12;1949
11;2025-11-26;13;1976
11;2025-11-26;14;1988
11;2025-11-26;15;1967
11;2025-11-26;16;2190
11;2025-11-26;17;2767
11;2025-11-26;18;2972
11;2025-11-26;19;2261
11;2025-11-26;20;1445
11;2025-11-26;21;852
11;2025-11-26;22;371
11;2025-11-26;23;234
11;2025-11-27;0;95
11;2025-11-27;1;0
11;2025-11-27;2;0
11;2025-11-27;3;0
11;2025-11-27;4;0
11;2025-11-27;5;268
11;2025-11-27;6;1355
11;2025-11-27;7;2402
11;2025-11-27;8;3217
11;2025-11-27;9;2439
11;2025-11-27;10;2026
11;2025-11-27;11;1948
11;2025-11-27;12;2003
11;2025-11-27;13;2013
11;2025-11-27;14;2041
11;2025-11-27;15;2027
11;2025-11-27;16;2267
11;2025-11-27;17;2823
11;2025-11-27;18;3040
11;2025-11-27;19;2316
11;2025-11-27;20;1483
11;2025-11-27;21;900
11;2025-11-27;22;411
11;2025-11-27;23;281
11;2025-11-28;0;68
11;2025-11-28;1;0
11;2025-11-28;2;0
11;2025-11-28;3;0
11;2025-11-28;4;0
11;2025-11-28;5;238
11;2025-11-28;6;1296
11;2025-11-28;7;2327
11;2025-11-28;8;3022
11;2025-11-28;9;2303
11;2025-11-28;10;1908
11;2025-11-28;11;1855
11;2025-11-28;12;1918
11;2025-11-28;13;1905
11;2025-11-28;14;2001
11;2025-11-28;15;2019
11;2025-11-28;16;2325
11;2025-11-28;17;2785
11;2025-11-28;18;2495
11;2025-11-28;19;2053
11;2025-11-28;20;1360
11;2025-11-28;21;853
11;2025-11-28;22;375
11;2025-11-28;23;283
11;2025-11-29;0;106
11;2025-11-29;1;0
11;2025-11-29;2;0
11;2025-11-29;3;0
11;2025-11-29;4;1
11;2025-11-29;5;183
11;2025-11-29;6;758
11;2025-11-29;7;783
11;2025-11-29;8;1036
11;2025-11-29;9;1176
11;2025-11-29;10;1299
11;2025-11-29;11;1613
11;2025-11-29;12;1755
11;2025-11-29;13;1696
11;2025-11-29;14;1746
11;2025-11-29;15;1680
11;2025-11-29;16;1687
11;2025-11-29;17;1759
11;2025-11-29;18;1480
11;2025-11-29;19;1439
11;2025-11-29;20;1046
11;2025-11-29;21;752
11;2025-11-29;22;380
11;2025-11-29;23;301
11;2025-11-30;0;113
11;2025-11-30;1;2
11;2025-11-30;2;0
11;2025-11-30;3;0
11;2025-11-30;4;0
11;2025-11-30;5;119
11;2025-11-30;6;487
11;2025-11-30;7;521
11;2025-11-30;8;702
11;2025-11-30;9;922
11;2025-11-30;10;1044
11;2025-11-30;11;1423
11;2025-11-30;12;1561
11;2025-11-30;13;1500
11;2025-11-30;14;1579
11;2025-11-30;15;1527
11;2025-11-30;16;1538
11;2025-11-30;17;1641
11;2025-11-30;18;1278
11;2025-11-30;19;1123
11;2025-11-30;20;842
11;2025-11-30;21;612
11;2025-11-30;22;336
11;2025-11-30;23;243
11;2025-12-01;0;73
11;2025-12-01;1;6
11;2025-12-01;2;0
11;2025-12-01;3;0
11;2025-12-01;4;0
11;2025-12-01;5;239
11;2025-12-01;6;1321
11;2025-12-01;7;2353
11;2025-12-01;8;3127
11;2025-12-01;9;2353
11;2025-12-01;10;1893
11;2025-12-01;11;1845
11;2025-12-01;12;1879
11;2025-12-01;13;1883
11;2025-12-01;14;1939
11;2025-12-01;15;1945
11;2025-12-01;16;2188
11;2025-12-01;17;2767
11;2025-12-01;18;2918
11;2025-12-01;19;2244
11;2025-12-01;20;1386
11;2025-12-01;21;823
11;2025-12-01;22;338
11;2025-12-01;23;221
11;2025-12-02;0;55
11;2025-12-02;1;0
11;2025-12-02;2;0
11;2025-12-02;3;0
11;2025-12-02;4;0
11;2025-12-02;5;240
11;2025-12-02;6;1324
11;2025-12-02;7;2389
11;2025-12-02;8;3242
11;2025-12-02;9;2391
11;2025-12-02;10;1944
11;2025-12-02;11;1868
11;2025-12-02;12;1924
11;2025-12-02;13;1940
11;2025-12-02;14;1982
11;2025-12-02;15;1958
11;2025-12-02;16;2200
11;2025-12-02;17;2790
11;2025-12-02;18;2984
11;2025-12-02;19;2272
11;2025-12-02;20;1436
11;2025-12-02;21;845
11;2025-12-02;22;367
11;2025-12-02;23;233
11;2025-12-03;0;64
11;2025-12-03;1;0
11;2025-12-03;2;0
11;2025-12-03;3;0
11;2025-12-03;4;0
11;2025-12-03;5;242
11;2025-12-03;6;1292
11;2025-12-03;7;2377
11;2025-12-03;8;3205
11;2025-12-03;9;2381
11;2025-12-03;10;1947
11;2025-12-03;11;1895
11;2025-12-03;12;1949
11;2025-12-03;13;1976
11;2025-12-03;14;1988
11;2025-12-03;15;1967
11;2025-12-03;16;2190
11;2025-12-03;17;2767
11;2025-12-03;18;2972
11;2025-12-03;19;2261
11;2025-12-03;20;1445
11;2025-12-03;21;852
11;2025-12-03;22;371
11;2025-12-03;23;234
11;2025-12-04;0;95
11;2025-12-04;1;0
11;2025-12-04;2;0
11;2025-12-04;3;0
11;2025-12-04;4;0
11;2025-12-04;5;268
11;2025-12-04;6;1355
11;2025-12-04;7;2402
11;2025-12-04;8;3217
11;2025-12-04;9;2439
11;2025-12-04;10;2026
11;2025-12-04;11;1948
11;2025-12-04;12;2003
11;2025-12-04;13;2013
11;2025-12-04;14;2041
11;2025-12-04;15;2027
11;2025-12-04;16;2267
11;2025-12-04;17;2823
11;2025-12-04;18;3040
11;2025-12-04;19;2316
11;2025-12-04;20;1483
11;2025-12-04;21;900
11;2025-12-04;22;411
11;2025-12-04;23;281
11;2025-12-05;0;68
11;2025-12-05;1;0
11;2025-12-05;2;0
11;2025-12-05;3;0
11;2025-12-05;4;0
11;2025-12-05;5;238
11;2025-12-05;6;1296
11;2025-12-05;7;2327
11;2025-12-05;8;3022
11;2025-12-05;9;2303
11;2025-12-05;10;1908
11;2025-12-05;11;1855
11;2025-12-05;12;1918
11;2025-12-05;13;1905
11;2025-12-05;14;2001
11;2025-12-05;15;2019
11;2025-12-05;16;2325
11;2025-12-05;17;2785
11;2025-12-05;18;2495
11;2025-12-05;19;2053
11;2025-12-05;20;1360
11;2025-12-05;21;853
11;2025-12-05;22;375
11;2025-12-05;23;283
11;2025-12-06;0;106
11;2025-12-06;1;0
11;2025-12-06;2;0
11;2025-12-06;3;0
11;2025-12-06;4;1
11;2025-12-06;5;183
11;2025-12-06;6;758
11;2025-12-06;7;783
11;2025-12-06;8;1036
11;2025-12-06;9;1176
11;2025-12-06;10;1299
11;2025-12-06;11;1613
11;2025-12-06;12;1755
11;2025-12-06;13;1696
11;2025-12-06;14;1746
11;2025-12-06;15;1680
11;2025-12-06;16;1687
11;2025-12-06;17;1759
11;2025-12-06;18;1480
11;2025-12-06;19;1439
11;2025-12-06;20;1046
11;2025-12-06;21;752
11;2025-12-06;22;380
11;2025-12-06;23;301
11;2025-12-07;0;113
11;2025-12-07;1;2
11;2025-12-07;2;0
11;2025-12-07;3;0
11;2025-12-07;4;0
11;2025-12-07;5;119
11;2025-12-07;6;487
11;2025-12-07;7;521
11;2025-12-07;8;702
11;2025-12-07;9;922
11;2025-12-07;10;1044
11;2025-12-07;11;1423
11;2025-12-07;12;1561
11;2025-12-07;13;1500
11;2025-12-07;14;1579
11;2025-12-07;15;1527
11;2025-12-07;16;1538
11;2025-12-07;17;1641
11;2025-12-07;18;1278
11;2025-12-07;19;1123
11;2025-12-07;20;842
11;2025-12-07;21;612
11;2025-12-07;22;336
11;2025-12-07;23;243
11;2025-12-08;0;73
11;2025-12-08;1;6
11;2025-12-08;2;0
11;2025-12-08;3;0
11;2025-12-08;4;0
11;2025-12-08;5;239
11;2025-12-08;6;1321
11;2025-12-08;7;2353
11;2025-12-08;8;3127
11;2025-12-08;9;2353
11;2025-12-08;10;1893
11;2025-12-08;11;1845
11;2025-12-08;12;1879
11;2025-12-08;13;1883
11;2025-12-08;14;1939
11;2025-12-08;15;1945
11;2025-12-08;16;2188
11;2025-12-08;17;2767
11;2025-12-08;18;2918
11;2025-12-08;19;2244
11;2025-12-08;20;1386
11;2025-12-08;21;823
11;2025-12-08;22;338
11;2025-12-08;23;221
11;2025-12-09;0;55
11;2025-12-09;1;0
11;2025-12-09;2;0
11;2025-12-09;3;0
11;2025-12-09;4;0
11;2025-12-09;5;240
11;2025-12-09;6;1324
11;2025-12-09;7;2389
11;2025-12-09;8;3242
11;2025-12-09;9;2391
11;2025-12-09;10;1944
11;2025-12-09;11;1868
11;2025-12-09;12;1924
11;2025-12-09;13;1940
11;2025-12-09;14;1982
11;2025-12-09;15;1958
11;2025-12-09;16;2200
11;2025-12-09;17;2790
11;2025-12-09;18;2984
11;2025-12-09;19;2272
11;2025-12-09;20;1436
11;2025-12-09;21;845
11;2025-12-09;22;367
11;2025-12-09;23;233
11;2025-12-10;0;64
11;2025-12-10;1;0
11;2025-12-10;2;0
11;2025-12-10;3;0
11;2025-12-10;4;0
11;2025-12-10;5;242
11;2025-12-10;6;1292
11;2025-12-10;7;2377
11;2025-12-10;8;3205
11;2025-12-10;9;2381
11;2025-12-10;10;1947
11;2025-12-10;11;1895
11;2025-12-10;12;1949
11;2025-12-10;13;1976
11;2025-12-10;14;1988
11;2025-12-10;15;1967
11;2025-12-10;16;2190
11;2025-12-10;17;2767
11;2025-12-10;18;2972
11;2025-12-10;19;2261
11;2025-12-10;20;1445
11;2025-12-10;21;852
11;2025-12-10;22;371
11;2025-12-10;23;234
11;2025-12-11;0;95
11;2025-12-11;1;0
11;2025-12-11;2;0
11;2025-12-11;3;0
11;2025-12-11;4;0
11;2025-12-11;5;268
11;2025-12-11;6;1355
11;2025-12-11;7;2402
11;2025-12-11;8;3217
11;2025-12-11;9;2439
11;2025-12-11;10;2026
11;2025-12-11;11;1948
11;2025-12-11;12;2003
11;2025-12-11;13;2013
11;2025-12-11;14;2041
11;2025-12-11;15;2027
11;2025-12-11;16;2267
11;2025-12-11;17;2823
11;2025-12-11;18;3040
11;2025-12-11;19;2316
11;2025-12-11;20;1483
11;2025-12-11;21;900
11;2025-12-11;22;411
11;2025-12-11;23;281
11;2025-12-12;0;68
11;2025-12-12;1;0
11;2025-12-12;2;0
11;2025-12-12;3;0
11;2025-12-12;4;0
11;2025-12-12;5;238
11;2025-12-12;6;1296
11;2025-12-12;7;2327
11;2025-12-12;8;3022
11;2025-12-12;9;2303
11;2025-12-12;10;1908
11;2025-12-12;11;1855
11;2025-12-12;12;1918
11;2025-12-12;13;1905
11;2025-12-12;14;2001
11;2025-12-12;15;2019
11;2025-12-12;16;2325
11;2025-12-12;17;2785
11;2025-12-12;18;2495
11;2025-12-12;19;2053
11;2025-12-12;20;1360
11;2025-12-12;21;853
11;2025-12-12;22;375
11;2025-12-12;23;283
11;2025-12-13;0;106
11;2025-12-13;1;0
11;2025-12-13;2;0
11;2025-12-13;3;0
11;2025-12-13;4;1
11;2025-12-13;5;183
11;2025-12-13;6;758
11;2025-12-13;7;783
11;2025-12-13;8;1036
11;2025-12-13;9;1176
11;2025-12-13;10;1299
11;2025-12-13;11;1613
11;2025-12-13;12;1755
11;2025-12-13;13;1696
11;2025-12-13;14;1746
11;2025-12-13;15;1680
11;2025-12-13;16;1687
11;2025-12-13;17;1759
11;2025-12-13;18;1480
11;2025-12-13;19;1439
11;2025-12-13;20;1046
11;2025-12-13;21;752
11;2025-12-13;22;380
11;2025-12-13;23;301
11;2025-12-14;0;113
11;2025-12-14;1;2
11;2025-12-14;2;0
11;2025-12-14;3;0
11;2025-12-14;4;0
11;2025-12-14;5;119
11;2025-12-14;6;487
11;2025-12-14;7;521
11;2025-12-14;8;702
11;2025-12-14;9;922
11;2025-12-14;10;1044
11;2025-12-14;11;1423
11;2025-12-14;12;1561
11;2025-12-14;13;1500
11;2025-12-14;14;1579
11;2025-12-14;15;1527
11;2025-12-14;16;1538
11;2025-12-14;17;1641
11;2025-12-14;18;1278
11;2025-12-14;19;1123
11;2025-12-14;20;842
11;2025-12-14;21;612
11;2025-12-14;22;336
11;2025-12-14;23;243
11;2025-12-15;0;73
11;2025-12-15;1;6
11;2025-12-15;2;0
11;2025-12-15;3;0
11;2025-12-15;4;0
11;2025-12-15;5;239
11;2025-12-15;6;1321
11;2025-12-15;7;2353
11;2025-12-15;8;3127
11;2025-12-15;9;2353
11;2025-12-15;10;1893
11;2025-12-15;11;1845
11;2025-12-15;12;1879
11;2025-12-15;13;1883
11;2025-12-15;14;1939
11;2025-12-15;15;1945
11;2025-12-15;16;2188
11;2025-12-15;17;2767
11;2025-12-15;18;2918
11;2025-12-15;19;2244
11;2025-12-15;20;1386
11;2025-12-15;21;823
11;2025-12-15;22;338
11;2025-12-15;23;221
11;2025-12-16;0;55
11;2025-12-16;1;0
11;2025-12-16;2;0
11;2025-12-16;3;0
11;2025-12-16;4;0
11;2025-12-16;5;240
11;2025-12-16;6;1324
11;2025-12-16;7;2389
11;2025-12-16;8;3242
11;2025-12-16;9;2391
11;2025-12-16;10;1944
11;2025-12-16;11;1868
11;2025-12-16;12;1924
11;2025-12-16;13;1940
11;2025-12-16;14;1982
11;2025-12-16;15;1958
11;2025-12-16;16;2200
11;2025-12-16;17;2790
11;2025-12-16;18;2984
11;2025-12-16;19;2272
11;2025-12-16;20;1436
11;2025-12-16;21;845
11;2025-12-16;22;367
11;2025-12-16;23;233
11;2025-12-17;0;64
11;2025-12-17;1;0
11;2025-12-17;2;0
11;2025-12-17;3;0
11;2025-12-17;4;0
11;2025-12-17;5;242
11;2025-12-17;6;1292
11;2025-12-17;7;2377
11;2025-12-17;8;3205
11;2025-12-17;9;2381
11;2025-12-17;10;1947
11;2025-12-17;11;1895
11;2025-12-17;12;1949
11;2025-12-17;13;1976
11;2025-12-17;14;1988
11;2025-12-17;15;1967
11;2025-12-17;16;2190
11;2025-12-17;17;2767
11;2025-12-17;18;2972
11;2025-12-17;19;2261
11;2025-12-17;20;1445
11;2025-12-17;21;852
11;2025-12-17;22;371
11;2025-12-17;23;234
11;2025-12-18;0;95
11;2025-12-18;1;0
11;2025-12-18;2;0
11;2025-12-18;3;0
11;2025-12-18;4;0
11;2025-12-18;5;268
11;2025-12-18;6;1355
11;2025-12-18;7;2402
11;2025-12-18;8;3217
11;2025-12-18;9;2439
11;2025-12-18;10;2026
11;2025-12-18;11;1948
11;2025-12-18;12;2003
11;2025-12-18;13;2013
11;2025-12-18;14;2041
11;2025-12-18;15;2027
11;2025-12-18;16;2267
11;2025-12-18;17;2823
11;2025-12-18;18;3040
11;2025-12-18;19;2316
11;2025-12-18;20;1483
11;2025-12-18;21;900
11;2025-12-18;22;411
11;2025-12-18;23;281
11;2025-12-19;0;68
11;2025-12-19;1;0
11;2025-12-19;2;0
11;2025-12-19;3;0
11;2025-12-19;4;0
11;2025-12-19;5;238
11;2025-12-19;6;1296
11;2025-12-19;7;2327
11;2025-12-19;8;3022
11;2025-12-19;9;2303
11;2025-12-19;10;1908
11;2025-12-19;11;1855
11;2025-12-19;12;1918
11;2025-12-19;13;1905
11;2025-12-19;14;2001
11;2025-12-19;15;2019
11;2025-12-19;16;2325
11;2025-12-19;17;2785
11;2025-12-19;18;2495
11;2025-12-19;19;2053
11;2025-12-19;20;1360
11;2025-12-19;21;853
11;2025-12-19;22;375
11;2025-12-19;23;283
11;2025-12-20;0;106
11;2025-12-20;1;0
11;2025-12-20;2;0
11;2025-12-20;3;0
11;2025-12-20;4;1
11;2025-12-20;5;183
11;2025-12-20;6;758
11;2025-12-20;7;783
11;2025-12-20;8;1036
11;2025-12-20;9;1176
11;2025-12-20;10;1299
11;2025-12-20;11;1613
11;2025-12-20;12;1755
11;2025-12-20;13;1696
11;2025-12-20;14;1746
11;2025-12-20;15;1680
11;2025-12-20;16;1687
11;2025-12-20;17;1759
11;2025-12-20;18;1480
11;2025-12-20;19;1439
11;2025-12-20;20;1046
11;2025-12-20;21;752
11;2025-12-20;22;380
11;2025-12-20;23;301
11;2025-12-21;0;113
11;2025-12-21;1;2
11;2025-12-21;2;0
11;2025-12-21;3;0
11;2025-12-21;4;0
11;2025-12-21;5;119
11;2025-12-21;6;487
11;2025-12-21;7;521
11;2025-12-21;8;702
11;2025-12-21;9;922
11;2025-12-21;10;1044
11;2025-12-21;11;1423
11;2025-12-21;12;1561
11;2025-12-21;13;1500
11;2025-12-21;14;1579
11;2025-12-21;15;1527
11;2025-12-21;16;1538
11;2025-12-21;17;1641
11;2025-12-21;18;1278
11;2025-12-21;19;1123
11;2025-12-21;20;842
11;2025-12-21;21;612
11;2025-12-21;22;336
11;2025-12-21;23;243
11;2025-12-22;0;73
11;2025-12-22;1;6
11;2025-12-22;2;0
11;2025-12-22;3;0
11;2025-12-22;4;0
11;2025-12-22;5;239
11;2025-12-22;6;1321
11;2025-12-22;7;2353
11;2025-12-22;8;3127
11;2025-12-22;9;2353
11;2025-12-22;10;1893
11;2025-12-22;11;1845
11;2025-12-22;12;1879
11;2025-12-22;13;1883
11;2025-12-22;14;1939
11;2025-12-22;15;1945
11;2025-12-22;16;2188
11;2025-12-22;17;2767
11;2025-12-22;18;2918
11;2025-12-22;19;2244
11;2025-12-22;20;1386
11;2025-12-22;21;823
11;2025-12-22;22;338
11;2025-12-22;23;221
11;2025-12-23;0;55
11;2025-12-23;1;0
11;2025-12-23;2;0
11;2025-12-23;3;0
11;2025-12-23;4;0
11;2025-12-23;5;240
11;2025-12-23;6;1324
11;2025-12-23;7;2389
11;2025-12-23;8;3242
11;2025-12-23;9;2391
11;2025-12-23;10;1944
11;2025-12-23;11;1868
11;2025-12-23;12;1924
11;2025-12-23;13;1940
11;2025-12-23;14;1982
11;2025-12-23;15;1958
11;2025-12-23;16;2200
11;2025-12-23;17;2790
11;2025-12-23;18;2984
11;2025-12-23;19;2272
11;2025-12-23;20;1436
11;2025-12-23;21;845
11;2025-12-23;22;367
11;2025-12-23;23;233
11;2025-12-24;0;64
11;2025-12-24;1;0
11;2025-12-24;2;0
11;2025-12-24;3;0
11;2025-12-24;4;0
11;2025-12-24;5;242
11;2025-12-24;6;1292
11;2025-12-24;7;2377
11;2025-12-24;8;3205
11;2025-12-24;9;2381
11;2025-12-24;10;1947
11;2025-12-24;11;1895
11;2025-12-24;12;1949
11;2025-12-24;13;1976
11;2025-12-24;14;1988
11;2025-12-24;15;1967
11;2025-12-24;16;2190
11;2025-12-24;17;2767
11;2025-12-24;18;2972
11;2025-12-24;19;2261
11;2025-12-24;20;1445
11;2025-12-24;21;852
11;2025-12-24;22;371
11;2025-12-24;23;234
11;2025-12-25;0;95
11;2025-12-25;1;0
11;2025-12-25;2;0
11;2025-12-25;3;0
11;2025-12-25;4;0
11;2025-12-25;5;268
11;2025-12-25;6;1355
11;2025-12-25;7;2402
11;2025-12-25;8;3217
11;2025-12-25;9;2439
11;2025-12-25;10;2026
11;2025-12-25;11;1948
11;2025-12-25;12;2003
11;2025-12-25;13;2013
11;2025-12-25;14;2041
11;2025-12-25;15;2027
11;2025-12-25;16;2267
11;2025-12-25;17;2823
11;2025-12-25;18;3040
11;2025-12-25;19;2316
11;2025-12-25;20;1483
11;2025-12-25;21;900
11;2025-12-25;22;411
11;2025-12-25;23;281
11;2025-12-26;0;68
11;2025-12-26;1;0
11;2025-12-26;2;0
11;2025-12-26;3;0
11;2025-12-26;4;0
11;2025-12-26;5;238
11;2025-12-26;6;1296
11;2025-12-26;7;2327
11;2025-12-26;8;3022
11;2025-12-26;9;2303
11;2025-12-26;10;1908
11;2025-12-26;11;1855
11;2025-12-26;12;1918
11;2025-12-26;13;1905
11;2025-12-26;14;2001
11;2025-12-26;15;2019
11;2025-12-26;16;2325
11;2025-12-26;17;2785
11;2025-12-26;18;2495
11;2025-12-26;19;2053
11;2025-12-26;20;1360
11;2025-12-26;21;853
11;2025-12-26;22;375
11;2025-12-26;23;283
11;2025-12-27;0;106
11;2025-12-27;1;0
11;2025-12-27;2;0
11;2025-12-27;3;0
11;2025-12-27;4;1
11;2025-12-27;5;183
11;2025-12-27;6;758
11;2025-12-27;7;783
11;2025-12-27;8;1036
11;2025-12-27;9;1176
11;2025-12-27;10;1299
11;2025-12-27;11;1613
11;2025-12-27;12;1755
11;2025-12-27;13;1696
11;2025-12-27;14;1746
11;2025-12-27;15;1680
11;2025-12-27;16;1687
11;2025-12-27;17;1759
11;2025-12-27;18;1480
11;2025-12-27;19;1439
11;2025-12-27;20;1046
11;2025-12-27;21;752
11;2025-12-27;22;380
11;2025-12-27;23;301
11;2025-12-28;0;113
11;2025-12-28;1;2
11;2025-12-28;2;0
11;2025-12-28;3;0
11;2025-12-28;4;0
11;2025-12-28;5;119
11;2025-12-28;6;487
11;2025-12-28;7;521
11;2025-12-28;8;702
11;2025-12-28;9;922
11;2025-12-28;10;1044
11;2025-12-28;11;1423
11;2025-12-28;12;1561
11;2025-12-28;13;1500
11;2025-12-28;14;1579
11;2025-12-28;15;1527
11;2025-12-28;16;1538
11;2025-12-28;17;1641
11;2025-12-28;18;1278
11;2025-12-28;19;1123
11;2025-12-28;20;842
11;2025-12-28;21;612
11;2025-12-28;22;336
11;2025-12-28;23;243
11;2025-12-29;0;73
11;2025-12-29;1;6
11;2025-12-29;2;0
11;2025-12-29;3;0
11;2025-12-29;4;0
11;2025-12-29;5;239
11;2025-12-29;6;1321
11;2025-12-29;7;2353
11;2025-12-29;8;3127
11;2025-12-29;9;2353
11;2025-12-29;10;1893
11;2025-12-29;11;1845
11;2025-12-29;12;1879
11;2025-12-29;13;1883
11;2025-12-29;14;1939
11;2025-12-29;15;1945
11;2025-12-29;16;2188
11;2025-12-29;17;2767
11;2025-12-29;18;2918
11;2025-12-29;19;2244
11;2025-12-29;20;1386
11;2025-12-29;21;823
11;2025-12-29;22;338
11;2025-12-29;23;221
11;2025-12-30;0;55
11;2025-12-30;1;0
11;2025-12-30;2;0
11;2025-12-30;3;0
11;2025-12-30;4;0
11;2025-12-30;5;240
11;2025-12-30;6;1324
11;2025-12-30;7;2389
11;2025-12-30;8;3242
11;2025-12-30;9;2391
11;2025-12-30;10;1944
11;2025-12-30;11;1868
11;2025-12-30;12;1924
11;2025-12-30;13;1940
11;2025-12-30;14;1982
11;2025-12-30;15;1958
11;2025-12-30;16;2200
11;2025-12-30;17;2790
11;2025-12-30;18;2984
11;2025-12-30;19;2272
11;2025-12-30;20;1436
11;2025-12-30;21;845
11;2025-12-30;22;367
11;2025-12-30;23;233
11;2025-12-31;0;79
11;2025-12-31;1;0
11;2025-12-31;2;0
11;2025-12-31;3;0
11;2025-12-31;4;0
11;2025-12-31;5;189
11;2025-12-31;6;597
11;2025-12-31;7;705
11;2025-12-31;8;1000
11;2025-12-31;9;1027
11;2025-12-31;10;1120
11;2025-12-31;11;1432
11;2025-12-31;12;1539
11;2025-12-31;13;1520
11;2025-12-31;14;1505
11;2025-12-31;15;1457
11;2025-12-31;16;1464
11;2025-12-31;17;1552
11;2025-12-31;18;1457
11;2025-12-31;19;1330
11;2025-12-31;20;960
11;2025-12-31;21;661
11;2025-12-31;22;366
11;2025-12-31;23;239
12;2025-11-01;0;72
12;2025-11-01;1;0
12;2025-11-01;2;0
12;2025-11-01;3;0
12;2025-11-01;4;8
12;2025-11-01;5;312
12;2025-11-01;6;1392
12;2025-11-01;7;2550
12;2025-11-01;8;3197
12;2025-11-01;9;2468
12;2025-11-01;10;2057
12;2025-11-01;11;1957
12;2025-11-01;12;2007
12;2025-11-01;13;2114
12;2025-11-01;14;2075
12;2025-11-01;15;2305
12;2025-11-01;16;2762
12;2025-11-01;17;2981
12;2025-11-01;18;2799
12;2025-11-01;19;2264
12;2025-11-01;20;1441
12;2025-11-01;21;954
12;2025-11-01;22;458
12;2025-11-01;23;298
12;2025-11-02;0;65
12;2025-11-02;1;2
12;2025-11-02;2;0
12;2025-11-02;3;0
12;2025-11-02;4;0
12;2025-11-02;5;159
12;2025-11-02;6;521
12;2025-11-02;7;650
12;2025-11-02;8;715
12;2025-11-02;9;946
12;2025-11-02;10;1162
12;2025-11-02;11;1325
12;2025-11-02;12;1359
12;2025-11-02;13;1478
12;2025-11-02;14;1461
12;2025-11-02;15;1424
12;2025-11-02;16;1521
12;2025-11-02;17;1537
12;2025-11-02;18;1315
12;2025-11-02;19;1052
12;2025-11-02;20;753
12;2025-11-02;21;591
12;2025-11-02;22;352
12;2025-11-02;23;181
12;2025-11-03;0;51
12;2025-11-03;1;0
12;2025-11-03;2;0
12;2025-11-03;3;0
12;2025-11-03;4;0
12;2025-11-03;5;222
12;2025-11-03;6;634
12;2025-11-03;7;774
12;2025-11-03;8;1008
12;2025-11-03;9;1042
12;2025-11-03;10;1247
12;2025-11-03;11;1363
12;2025-11-03;12;1415
12;2025-11-03;13;1493
12;2025-11-03;14;1458
12;2025-11-03;15;1422
12;2025-11-03;16;1513
12;2025-11-03;17;1537
12;2025-11-03;18;1483
12;2025-11-03;19;1207
12;2025-11-03;20;842
12;2025-11-03;21;639
12;2025-11-03;22;349
12;2025-11-03;23;197
12;2025-11-04;0;44
12;2025-11-04;1;0
12;2025-11-04;2;0
12;2025-11-04;3;0
12;2025-11-04;4;0
12;2025-11-04;5;223
12;2025-11-04;6;639
12;2025-11-04;7;794
12;2025-11-04;8;980
12;2025-11-04;9;1001
12;2025-11-04;10;1168
12;2025-11-04;11;1226
12;2025-11-04;12;1270
12;2025-11-04;13;1385
12;2025-11-04;14;1363
12;2025-11-04;15;1328
12;2025-11-04;16;1422
12;2025-11-04;17;1429
12;2025-11-04;18;1377
12;2025-11-04;19;1132
12;2025-11-04;20;823
12;2025-11-04;21;629
12;2025-11-04;22;360
12;2025-11-04;23;206
12;2025-11-05;0;55
12;2025-11-05;1;0
12;2025-11-05;2;0
12;2025-11-05;3;0
12;2025-11-05;4;10
12;2025-11-05;5;318
12;2025-11-05;6;1439
12;2025-11-05;7;2657
12;2025-11-05;8;3440
12;2025-11-05;9;2507
12;2025-11-05;10;2102
12;2025-11-05;11;1961
12;2025-11-05;12;1976
12;2025-11-05;13;2034
12;2025-11-05;14;1956
12;2025-11-05;15;2194
12;2025-11-05;16;2663
12;2025-11-05;17;3006
12;2025-11-05;18;3109
12;2025-11-05;19;2400
12;2025-11-05;20;1515
12;2025-11-05;21;1000
12;2025-11-05;22;449
12;2025-11-05;23;249
12;2025-11-06;0;44
12;2025-11-06;1;0
12;2025-11-06;2;0
12;2025-11-06;3;0
12;2025-11-06;4;5
12;2025-11-06;5;305
12;2025-11-06;6;1406
12;2025-11-06;7;2686
12;2025-11-06;8;3454
12;2025-11-06;9;2497
12;2025-11-06;10;2054
12;2025-11-06;11;1939
12;2025-11-06;12;1945
12;2025-11-06;13;2020
12;2025-11-06;14;1945
12;2025-11-06;15;2192
12;2025-11-06;16;2669
12;2025-11-06;17;3026
12;2025-11-06;18;3139
12;2025-11-06;19;2398
12;2025-11-06;20;1535
12;2025-11-06;21;947
12;2025-11-06;22;447
12;2025-11-06;23;252
12;2025-11-07;0;53
12;2025-11-07;1;0
12;2025-11-07;2;0
12;2025-11-07;3;0
12;2025-11-07;4;3
12;2025-11-07;5;309
12;2025-11-07;6;1389
12;2025-11-07;7;2597
12;2025-11-07;8;3240
12;2025-11-07;9;2439
12;2025-11-07;10;1988
12;2025-11-07;11;1911
12;2025-11-07;12;1921
12;2025-11-07;13;2000
12;2025-11-07;14;1976
12;2025-11-07;15;2256
12;2025-11-07;16;2793
12;2025-11-07;17;2930
12;2025-11-07;18;2612
12;2025-11-07;19;2203
12;2025-11-07;20;1375
12;2025-11-07;21;970
12;2025-11-07;22;463
12;2025-11-07;23;286
12;2025-11-08;0;65
12;2025-11-08;1;0
12;2025-11-08;2;0
12;2025-11-08;3;0
12;2025-11-08;4;0
12;2025-11-08;5;234
12;2025-11-08;6;808
12;2025-11-08;7;898
12;2025-11-08;8;991
12;2025-11-08;9;1216
12;2025-11-08;10;1429
12;2025-11-08;11;1502
12;2025-11-08;12;1492
12;2025-11-08;13;1577
12;2025-11-08;14;1534
12;2025-11-08;15;1523
12;2025-11-08;16;1603
12;2025-11-08;17;1586
12;2025-11-08;18;1436
12;2025-11-08;19;1345
12;2025-11-08;20;947
12;2025-11-08;21;747
12;2025-11-08;22;377
12;2025-11-08;23;256
12;2025-11-09;0;65
12;2025-11-09;1;2
12;2025-11-09;2;0
12;2025-11-09;3;0
12;2025-11-09;4;0
12;2025-11-09;5;159
12;2025-11-09;6;521
12;2025-11-09;7;650
12;2025-11-09;8;715
12;2025-11-09;9;946
12;2025-11-09;10;1162
12;2025-11-09;11;1325
12;2025-11-09;12;1359
12;2025-11-09;13;1478
12;2025-11-09;14;1461
12;2025-11-09;15;1424
12;2025-11-09;16;1521
12;2025-11-09;17;1537
12;2025-11-09;18;1315
12;2025-11-09;19;1052
12;2025-11-09;20;753
12;2025-11-09;21;591
12;2025-11-09;22;352
12;2025-11-09;23;181
12;2025-11-10;0;50
12;2025-11-10;1;0
12;2025-11-10;2;0
12;2025-11-10;3;0
12;2025-11-10;4;2
12;2025-11-10;5;298
12;2025-11-10;6;1375
12;2025-11-10;7;2626
12;2025-11-10;8;3365
12;2025-11-10;9;2499
12;2025-11-10;10;2019
12;2025-11-10;11;1902
12;2025-11-10;12;1940
12;2025-11-10;13;1988
12;2025-11-10;14;1923
12;2025-11-10;15;2156
12;2025-11-10;16;2612
12;2025-11-10;17;2951
12;2025-11-10;18;3060
12;2025-11-10;19;2385
12;2025-11-10;20;1490
12;2025-11-10;21;930
12;2025-11-10;22;411
12;2025-11-10;23;220
12;2025-11-11;0;37
12;2025-11-11;1;0
12;2025-11-11;2;0
12;2025-11-11;3;0
12;2025-11-11;4;1
12;2025-11-11;5;304
12;2025-11-11;6;1422
12;2025-11-11;7;2711
12;2025-11-11;8;3470
12;2025-11-11;9;2523
12;2025-11-11;10;2057
12;2025-11-11;11;1924
12;2025-11-11;12;1939
12;2025-11-11;13;1996
12;2025-11-11;14;1930
12;2025-11-11;15;2174
12;2025-11-11;16;2636
12;2025-11-11;17;3017
12;2025-11-11;18;3152
12;2025-11-11;19;2411
12;2025-11-11;20;1508
12;2025-11-11;21;931
12;2025-11-11;22;425
12;2025-11-11;23;228
12;2025-11-12;0;55
12;2025-11-12;1;0
12;2025-11-12;2;0
12;2025-11-12;3;0
12;2025-11-12;4;10
12;2025-11-12;5;318
12;2025-11-12;6;1439
12;2025-11-12;7;2657
12;2025-11-12;8;3440
12;2025-11-12;9;2507
12;2025-11-12;10;2102
12;2025-11-12;11;1961
12;2025-11-12;12;1976
12;2025-11-12;13;2034
12;2025-11-12;14;1956
12;2025-11-12;15;2194
12;2025-11-12;16;2663
12;2025-11-12;17;3006
12;2025-11-12;18;3109
12;2025-11-12;19;2400
12;2025-11-12;20;1515
12;2025-11-12;21;1000
12;2025-11-12;22;449
12;2025-11-12;23;249
12;2025-11-13;0;44
12;2025-11-13;1;0
12;2025-11-13;2;0
12;2025-11-13;3;0
12;2025-11-13;4;5
12;2025-11-13;5;305
12;2025-11-13;6;1406
12;2025-11-13;7;2686
12;2025-11-13;8;3454
12;2025-11-13;9;2497
12;2025-11-13;10;2054
12;2025-11-13;11;1939
12;2025-11-13;12;1945
12;2025-11-13;13;2020
12;2025-11-13;14;1945
12;2025-11-13;15;2192
12;2025-11-13;16;2669
12;2025-11-13;17;3026
12;2025-11-13;18;3139
12;2025-11-13;19;2398
12;2025-11-13;20;1535
12;2025-11-13;21;947
12;2025-11-13;22;447
12;2025-11-13;23;252
12;2025-11-14;0;53
12;2025-11-14;1;0
12;2025-11-14;2;0
12;2025-11-14;3;0
12;2025-11-14;4;3
12;2025-11-14;5;309
12;2025-11-14;6;1389
12;2025-11-14;7;2597
12;2025-11-14;8;3240
12;2025-11-14;9;2439
12;2025-11-14;10;1988
12;2025-11-14;11;1911
12;2025-11-14;12;1921
12;2025-11-14;13;2000
12;2025-11-14;14;1976
12;2025-11-14;15;2256
12;2025-11-14;16;2793
12;2025-11-14;17;2930
12;2025-11-14;18;2612
12;2025-11-14;19;2203
12;2025-11-14;20;1375
12;2025-11-14;21;970
12;2025-11-14;22;463
12;2025-11-14;23;286
12;2025-11-15;0;65
12;2025-11-15;1;0
12;2025-11-15;2;0
12;2025-11-15;3;0
12;2025-11-15;4;0
12;2025-11-15;5;234
12;2025-11-15;6;808
12;2025-11-15;7;898
12;2025-11-15;8;991
12;2025-11-15;9;1216
12;2025-11-15;10;1429
12;2025-11-15;11;1502
12;2025-11-15;12;1492
12;2025-11-15;13;1577
12;2025-11-15;14;1534
12;2025-11-15;15;1523
12;2025-11-15;16;1603
12;2025-11-15;17;1586
12;2025-11-15;18;1436
12;2025-11-15;19;1345
12;2025-11-15;20;947
12;2025-11-15;21;747
12;2025-11-15;22;377
12;2025-11-15;23;256
12;2025-11-16;0;65
12;2025-11-16;1;2
12;2025-11-16;2;0
12;2025-11-16;3;0
12;2025-11-16;4;0
12;2025-11-16;5;159
12;2025-11-16;6;521
12;2025-11-16;7;650
12;2025-11-16;8;715
12;2025-11-16;9;946
12;2025-11-16;10;1162
12;2025-11-16;11;1325
12;2025-11-16;12;1359
12;2025-11-16;13;1478
12;2025-11-16;14;1461
12;2025-11-16;15;1424
12;2025-11-16;16;1521
12;2025-11-16;17;1537
12;2025-11-16;18;1315
12;2025-11-16;19;1052
12;2025-11-16;20;753
12;2025-11-16;21;591
12;2025-11-16;22;352
12;2025-11-16;23;181
12;2025-11-17;0;50
12;2025-11-17;1;0
12;2025-11-17;2;0
12;2025-11-17;3;0
12;2025-11-17;4;2
12;2025-11-17;5;298
12;2025-11-17;6;1375
12;2025-11-17;7;2626
12;2025-11-17;8;3365
12;2025-11-17;9;2499
12;2025-11-17;10;2019
12;2025-11-17;11;1902
12;2025-11-17;12;1940
12;2025-11-17;13;1988
12;2025-11-17;14;1923
12;2025-11-17;15;2156
12;2025-11-17;16;2612
12;2025-11-17;17;2951
12;2025-11-17;18;3060
12;2025-11-17;19;2385
12;2025-11-17;20;1490
12;2025-11-17;21;930
12;2025-11-17;22;411
12;2025-11-17;23;220
12;2025-11-18;0;37
12;2025-11-18;1;0
12;2025-11-18;2;0
12;2025-11-18;3;0
12;2025-11-18;4;1
12;2025-11-18;5;304
12;2025-11-18;6;1422
12;2025-11-18;7;2711
12;2025-11-18;8;3470
12;2025-11-18;9;2523
12;2025-11-18;10;2057
12;2025-11-18;11;1924
12;2025-11-18;12;1939
12;2025-11-18;13;1996
12;2025-11-18;14;1930
12;2025-11-18;15;2174
12;2025-11-18;16;2636
12;2025-11-18;17;3017
12;2025-11-18;18;3152
12;2025-11-18;19;2411
12;2025-11-18;20;1508
12;2025-11-18;21;931
12;2025-11-18;22;425
12;2025-11-18;23;228
12;2025-11-19;0;55
12;2025-11-19;1;0
12;2025-11-19;2;0
12;2025-11-19;3;0
12;2025-11-19;4;10
12;2025-11-19;5;318
12;2025-11-19;6;1439
12;2025-11-19;7;2657
12;2025-11-19;8;3440
12;2025-11-19;9;2507
12;2025-11-19;10;2102
12;2025-11-19;11;1961
12;2025-11-19;12;1976
12;2025-11-19;13;2034
12;2025-11-19;14;1956
12;2025-11-19;15;2194
12;2025-11-19;16;2663
12;2025-11-19;17;3006
12;2025-11-19;18;3109
12;2025-11-19;19;2400
12;2025-11-19;20;1515
12;2025-11-19;21;1000
12;2025-11-19;22;449
12;2025-11-19;23;249
12;2025-11-20;0;44
12;2025-11-20;1;0
12;2025-11-20;2;0
12;2025-11-20;3;0
12;2025-11-20;4;5
12;2025-11-20;5;305
12;2025-11-20;6;1406
12;2025-11-20;7;2686
12;2025-11-20;8;3454
12;2025-11-20;9;2497
12;2025-11-20;10;2054
12;2025-11-20;11;1939
12;2025-11-20;12;1945
12;2025-11-20;13;2020
12;2025-11-20;14;1945
12;2025-11-20;15;2192
12;2025-11-20;16;2669
12;2025-11-20;17;3026
12;2025-11-20;18;3139
12;2025-11-20;19;2398
12;2025-11-20;20;1535
12;2025-11-20;21;947
12;2025-11-20;22;447
12;2025-11-20;23;252
12;2025-11-21;0;53
12;2025-11-21;1;0
12;2025-11-21;2;0
12;2025-11-21;3;0
12;2025-11-21;4;3
12;2025-11-21;5;309
12;2025-11-21;6;1389
12;2025-11-21;7;2597
12;2025-11-21;8;3240
12;2025-11-21;9;2439
12;2025-11-21;10;1988
12;2025-11-21;11;1911
12;2025-11-21;12;1921
12;2025-11-21;13;2000
12;2025-11-21;14;1976
12;2025-11-21;15;2256
12;2025-11-21;16;2793
12;2025-11-21;17;2930
12;2025-11-21;18;2612
12;2025-11-21;19;2203
12;2025-11-21;20;1375
12;2025-11-21;21;970
12;2025-11-21;22;463
12;2025-11-21;23;286
12;2025-11-22;0;65
12;2025-11-22;1;0
12;2025-11-22;2;0
12;2025-11-22;3;0
12;2025-11-22;4;0
12;2025-11-22;5;234
12;2025-11-22;6;808
12;2025-11-22;7;898
12;2025-11-22;8;991
12;2025-11-22;9;1216
12;2025-11-22;10;1429
12;2025-11-22;11;1502
12;2025-11-22;12;1492
12;2025-11-22;13;1577
12;2025-11-22;14;1534
12;2025-11-22;15;1523
12;2025-11-22;16;1603
12;2025-11-22;17;1586
12;2025-11-22;18;1436
12;2025-11-22;19;1345
12;2025-11-22;20;947
12;2025-11-22;21;747
12;2025-11-22;22;377
12;2025-11-22;23;256
12;2025-11-23;0;65
12;2025-11-23;1;2
12;2025-11-23;2;0
12;2025-11-23;3;0
12;2025-11-23;4;0
12;2025-11-23;5;159
12;2025-11-23;6;521
12;2025-11-23;7;650
12;2025-11-23;8;715
12;2025-11-23;9;946
12;2025-11-23;10;1162
12;2025-11-23;11;1325
12;2025-11-23;12;1359
12;2025-11-23;13;1478
12;2025-11-23;14;1461
12;2025-11-23;15;1424
12;2025-11-23;16;1521
12;2025-11-23;17;1537
12;2025-11-23;18;1315
12;2025-11-23;19;1052
12;2025-11-23;20;753
12;2025-11-23;21;591
12;2025-11-23;22;352
12;2025-11-23;23;181
12;2025-11-24;0;50
12;2025-11-24;1;0
12;2025-11-24;2;0
12;2025-11-24;3;0
12;2025-11-24;4;2
12;2025-11-24;5;298
12;2025-11-24;6;1375
12;2025-11-24;7;2626
12;2025-11-24;8;3365
12;2025-11-24;9;2499
12;2025-11-24;10;2019
12;2025-11-24;11;1902
12;2025-11-24;12;1940
12;2025-11-24;13;1988
12;2025-11-24;14;1923
12;2025-11-24;15;2156
12;2025-11-24;16;2612
12;2025-11-24;17;2951
12;2025-11-24;18;3060
12;2025-11-24;19;2385
12;2025-11-24;20;1490
12;2025-11-24;21;930
12;2025-11-24;22;411
12;2025-11-24;23;220
12;2025-11-25;0;37
12;2025-11-25;1;0
12;2025-11-25;2;0
12;2025-11-25;3;0
12;2025-11-25;4;1
12;2025-11-25;5;304
12;2025-11-25;6;1422
12;2025-11-25;7;2711
12;2025-11-25;8;3470
12;2025-11-25;9;2523
12;2025-11-25;10;2057
12;2025-11-25;11;1924
12;2025-11-25;12;1939
12;2025-11-25;13;1996
12;2025-11-25;14;1930
12;2025-11-25;15;2174
12;2025-11-25;16;2636
12;2025-11-25;17;3017
12;2025-11-25;18;3152
12;2025-11-25;19;2411
12;2025-11-25;20;1508
12;2025-11-25;21;931
12;2025-11-25;22;425
12;2025-11-25;23;228
12;2025-11-26;0;55
12;2025-11-26;1;0
12;2025-11-26;2;0
12;2025-11-26;3;0
12;2025-11-26;4;10
12;2025-11-26;5;318
12;2025-11-26;6;1439
12;2025-11-26;7;2657
12;2025-11-26;8;3440
12;2025-11-26;9;2507
12;2025-11-26;10;2102
12;2025-11-26;11;1961
12;2025-11-26;12;1976
12;2025-11-26;13;2034
12;2025-11-26;14;1956
12;2025-11-26;15;2194
12;2025-11-26;16;2663
12;2025-11-26;17;3006
12;2025-11-26;18;3109
12;2025-11-26;19;2400
12;2025-11-26;20;1515
12;2025-11-26;21;1000
12;2025-11-26;22;449
12;2025-11-26;23;249
12;2025-11-27;0;44
12;2025-11-27;1;0
12;2025-11-27;2;0
12;2025-11-27;3;0
12;2025-11-27;4;5
12;2025-11-27;5;305
12;2025-11-27;6;1406
12;2025-11-27;7;2686
12;2025-11-27;8;3454
12;2025-11-27;9;2497
12;2025-11-27;10;2054
12;2025-11-27;11;1939
12;2025-11-27;12;1945
12;2025-11-27;13;2020
12;2025-11-27;14;1945
12;2025-11-27;15;2192
12;2025-11-27;16;2669
12;2025-11-27;17;3026
12;2025-11-27;18;3139
12;2025-11-27;19;2398
12;2025-11-27;20;1535
12;2025-11-27;21;947
12;2025-11-27;22;447
12;2025-11-27;23;252
12;2025-11-28;0;53
12;2025-11-28;1;0
12;2025-11-28;2;0
12;2025-11-28;3;0
12;2025-11-28;4;3
12;2025-11-28;5;309
12;2025-11-28;6;1389
12;2025-11-28;7;2597
12;2025-11-28;8;3240
12;2025-11-28;9;2439
12;2025-11-28;10;1988
12;2025-11-28;11;1911
12;2025-11-28;12;1921
12;2025-11-28;13;2000
12;2025-11-28;14;1976
12;2025-11-28;15;2256
12;2025-11-28;16;2793
12;2025-11-28;17;2930
12;2025-11-28;18;2612
12;2025-11-28;19;2203
12;2025-11-28;20;1375
12;2025-11-28;21;970
12;2025-11-28;22;463
12;2025-11-28;23;286
12;2025-11-29;0;65
12;2025-11-29;1;0
12;2025-11-29;2;0
12;2025-11-29;3;0
12;2025-11-29;4;0
12;2025-11-29;5;234
12;2025-11-29;6;808
12;2025-11-29;7;898
12;2025-11-29;8;991
12;2025-11-29;9;1216
12;2025-11-29;10;1429
12;2025-11-29;11;1502
12;2025-11-29;12;1492
12;2025-11-29;13;1577
12;2025-11-29;14;1534
12;2025-11-29;15;1523
12;2025-11-29;16;1603
12;2025-11-29;17;1586
12;2025-11-29;18;1436
12;2025-11-29;19;1345
12;2025-11-29;20;947
12;2025-11-29;21;747
12;2025-11-29;22;377
12;2025-11-29;23;256
12;2025-11-30;0;65
12;2025-11-30;1;2
12;2025-11-30;2;0
12;2025-11-30;3;0
12;2025-11-30;4;0
12;2025-11-30;5;159
12;2025-11-30;6;521
12;2025-11-30;7;650
12;2025-11-30;8;715
12;2025-11-30;9;946
12;2025-11-30;10;1162
12;2025-11-30;11;1325
12;2025-11-30;12;1359
12;2025-11-30;13;1478
12;2025-11-30;14;1461
12;2025-11-30;15;1424
12;2025-11-30;16;1521
12;2025-11-30;17;1537
12;2025-11-30;18;1315
12;2025-11-30;19;1052
12;2025-11-30;20;753
12;2025-11-30;21;591
12;2025-11-30;22;352
12;2025-11-30;23;181
12;2025-12-01;0;50
12;2025-12-01;1;0
12;2025-12-01;2;0
12;2025-12-01;3;0
12;2025-12-01;4;2
12;2025-12-01;5;298
12;2025-12-01;6;1375
12;2025-12-01;7;2626
12;2025-12-01;8;3365
12;2025-12-01;9;2499
12;2025-12-01;10;2019
12;2025-12-01;11;1902
12;2025-12-01;12;1940
12;2025-12-01;13;1988
12;2025-12-01;14;1923
12;2025-12-01;15;2156
12;2025-12-01;16;2612
12;2025-12-01;17;2951
12;2025-12-01;18;3060
12;2025-12-01;19;2385
12;2025-12-01;20;1490
12;2025-12-01;21;930
12;2025-12-01;22;411
12;2025-12-01;23;220
12;2025-12-02;0;37
12;2025-12-02;1;0
12;2025-12-02;2;0
12;2025-12-02;3;0
12;2025-12-02;4;1
12;2025-12-02;5;304
12;2025-12-02;6;1422
12;2025-12-02;7;2711
12;2025-12-02;8;3470
12;2025-12-02;9;2523
12;2025-12-02;10;2057
12;2025-12-02;11;1924
12;2025-12-02;12;1939
12;2025-12-02;13;1996
12;2025-12-02;14;1930
12;2025-12-02;15;2174
12;2025-12-02;16;2636
12;2025-12-02;17;3017
12;2025-12-02;18;3152
12;2025-12-02;19;2411
12;2025-12-02;20;1508
12;2025-12-02;21;931
12;2025-12-02;22;425
12;2025-12-02;23;228
12;2025-12-03;0;55
12;2025-12-03;1;0
12;2025-12-03;2;0
12;2025-12-03;3;0
12;2025-12-03;4;10
12;2025-12-03;5;318
12;2025-12-03;6;1439
12;2025-12-03;7;2657
12;2025-12-03;8;3440
12;2025-12-03;9;2507
12;2025-12-03;10;2102
12;2025-12-03;11;1961
12;2025-12-03;12;1976
12;2025-12-03;13;2034
12;2025-12-03;14;1956
12;2025-12-03;15;2194
12;2025-12-03;16;2663
12;2025-12-03;17;3006
12;2025-12-03;18;3109
12;2025-12-03;19;2400
12;2025-12-03;20;1515
12;2025-12-03;21;1000
12;2025-12-03;22;449
12;2025-12-03;23;249
12;2025-12-04;0;44
12;2025-12-04;1;0
12;2025-12-04;2;0
12;2025-12-04;3;0
12;2025-12-04;4;5
12;2025-12-04;5;305
12;2025-12-04;6;1406
12;2025-12-04;7;2686
12;2025-12-04;8;3454
12;2025-12-04;9;2497
12;2025-12-04;10;2054
12;2025-12-04;11;1939
12;2025-12-04;12;1945
12;2025-12-04;13;2020
12;2025-12-04;14;1945
12;2025-12-04;15;2192
12;2025-12-04;16;2669
12;2025-12-04;17;3026
12;2025-12-04;18;3139
12;2025-12-04;19;2398
12;2025-12-04;20;1535
12;2025-12-04;21;947
12;2025-12-04;22;447
12;2025-12-04;23;252
12;2025-12-05;0;53
12;2025-12-05;1;0
12;2025-12-05;2;0
12;2025-12-05;3;0
12;2025-12-05;4;3
12;2025-12-05;5;309
12;2025-12-05;6;1389
12;2025-12-05;7;2597
12;2025-12-05;8;3240
12;2025-12-05;9;2439
12;2025-12-05;10;1988
12;2025-12-05;11;1911
12;2025-12-05;12;1921
12;2025-12-05;13;2000
12;2025-12-05;14;1976
12;2025-12-05;15;2256
12;2025-12-05;16;2793
12;2025-12-05;17;2930
12;2025-12-05;18;2612
12;2025-12-05;19;2203
12;2025-12-05;20;1375
12;2025-12-05;21;970
12;2025-12-05;22;463
12;2025-12-05;23;286
12;2025-12-06;0;65
12;2025-12-06;1;0
12;2025-12-06;2;0
12;2025-12-06;3;0
12;2025-12-06;4;0
12;2025-12-06;5;234
12;2025-12-06;6;808
12;2025-12-06;7;898
12;2025-12-06;8;991
12;2025-12-06;9;1216
12;2025-12-06;10;1429
12;2025-12-06;11;1502
12;2025-12-06;12;1492
12;2025-12-06;13;1577
12;2025-12-06;14;1534
12;2025-12-06;15;1523
12;2025-12-06;16;1603
12;2025-12-06;17;1586
12;2025-12-06;18;1436
12;2025-12-06;19;1345
12;2025-12-06;20;947
12;2025-12-06;21;747
12;2025-12-06;22;377
12;2025-12-06;23;256
12;2025-12-07;0;65
12;2025-12-07;1;2
12;2025-12-07;2;0
12;2025-12-07;3;0
12;2025-12-07;4;0
12;2025-12-07;5;159
12;2025-12-07;6;521
12;2025-12-07;7;650
12;2025-12-07;8;715
12;2025-12-07;9;946
12;2025-12-07;10;1162
12;2025-12-07;11;1325
12;2025-12-07;12;1359
12;2025-12-07;13;1478
12;2025-12-07;14;1461
12;2025-12-07;15;1424
12;2025-12-07;16;1521
12;2025-12-07;17;1537
12;2025-12-07;18;1315
12;2025-12-07;19;1052
12;2025-12-07;20;753
12;2025-12-07;21;591
12;2025-12-07;22;352
12;2025-12-07;23;181
12;2025-12-08;0;50
12;2025-12-08;1;0
12;2025-12-08;2;0
12;2025-12-08;3;0
12;2025-12-08;4;2
12;2025-12-08;5;298
12;2025-12-08;6;1375
12;2025-12-08;7;2626
12;2025-12-08;8;3365
12;2025-12-08;9;2499
12;2025-12-08;10;2019
12;2025-12-08;11;1902
12;2025-12-08;12;1940
12;2025-12-08;13;1988
12;2025-12-08;14;1923
12;2025-12-08;15;2156
12;2025-12-08;16;2612
12;2025-12-08;17;2951
12;2025-12-08;18;3060
12;2025-12-08;19;2385
12;2025-12-08;20;1490
12;2025-12-08;21;930
12;2025-12-08;22;411
12;2025-12-08;23;220
12;2025-12-09;0;37
12;2025-12-09;1;0
12;2025-12-09;2;0
12;2025-12-09;3;0
12;2025-12-09;4;1
12;2025-12-09;5;304
12;2025-12-09;6;1422
12;2025-12-09;7;2711
12;2025-12-09;8;3470
12;2025-12-09;9;2523
12;2025-12-09;10;2057
12;2025-12-09;11;1924
12;2025-12-09;12;1939
12;2025-12-09;13;1996
12;2025-12-09;14;1930
12;2025-12-09;15;2174
12;2025-12-09;16;2636
12;2025-12-09;17;3017
12;2025-12-09;18;3152
12;2025-12-09;19;2411
12;2025-12-09;20;1508
12;2025-12-09;21;931
12;2025-12-09;22;425
12;2025-12-09;23;228
12;2025-12-10;0;55
12;2025-12-10;1;0
12;2025-12-10;2;0
12;2025-12-10;3;0
12;2025-12-10;4;10
12;2025-12-10;5;318
12;2025-12-10;6;1439
12;2025-12-10;7;2657
12;2025-12-10;8;3440
12;2025-12-10;9;2507
12;2025-12-10;10;2102
12;2025-12-10;11;1961
12;2025-12-10;12;1976
12;2025-12-10;13;2034
12;2025-12-10;14;1956
12;2025-12-10;15;2194
12;2025-12-10;16;2663
12;2025-12-10;17;3006
12;2025-12-10;18;3109
12;2025-12-10;19;2400
12;2025-12-10;20;1515
12;2025-12-10;21;1000
12;2025-12-10;22;449
12;2025-12-10;23;249
12;2025-12-11;0;44
12;2025-12-11;1;0
12;2025-12-11;2;0
12;2025-12-11;3;0
12;2025-12-11;4;5
12;2025-12-11;5;305
12;2025-12-11;6;1406
12;2025-12-11;7;2686
12;2025-12-11;8;3454
12;2025-12-11;9;2497
12;2025-12-11;10;2054
12;2025-12-11;11;1939
12;2025-12-11;12;1945
12;2025-12-11;13;2020
12;2025-12-11;14;1945
12;2025-12-11;15;2192
12;2025-12-11;16;2669
12;2025-12-11;17;3026
12;2025-12-11;18;3139
12;2025-12-11;19;2398
12;2025-12-11;20;1535
12;2025-12-11;21;947
12;2025-12-11;22;447
12;2025-12-11;23;252
12;2025-12-12;0;53
12;2025-12-12;1;0
12;2025-12-12;2;0
12;2025-12-12;3;0
12;2025-12-12;4;3
12;2025-12-12;5;309
12;2025-12-12;6;1389
12;2025-12-12;7;2597
12;2025-12-12;8;3240
12;2025-12-12;9;2439
12;2025-12-12;10;1988
12;2025-12-12;11;1911
12;2025-12-12;12;1921
12;2025-12-12;13;2000
12;2025-12-12;14;1976
12;2025-12-12;15;2256
12;2025-12-12;16;2793
12;2025-12-12;17;2930
12;2025-12-12;18;2612
12;2025-12-12;19;2203
12;2025-12-12;20;1375
12;2025-12-12;21;970
12;2025-12-12;22;463
12;2025-12-12;23;286
12;2025-12-13;0;65
12;2025-12-13;1;0
12;2025-12-13;2;0
12;2025-12-13;3;0
12;2025-12-13;4;0
12;2025-12-13;5;234
12;2025-12-13;6;808
12;2025-12-13;7;898
12;2025-12-13;8;991
12;2025-12-13;9;1216
12;2025-12-13;10;1429
12;2025-12-13;11;1502
12;2025-12-13;12;1492
12;2025-12-13;13;1577
12;2025-12-13;14;1534
12;2025-12-13;15;1523
12;2025-12-13;16;1603
12;2025-12-13;17;1586
12;2025-12-13;18;1436
12;2025-12-13;19;1345
12;2025-12-13;20;947
12;2025-12-13;21;747
12;2025-12-13;22;377
12;2025-12-13;23;256
12;2025-12-14;0;65
12;2025-12-14;1;2
12;2025-12-14;2;0
12;2025-12-14;3;0
12;2025-12-14;4;0
12;2025-12-14;5;159
12;2025-12-14;6;521
12;2025-12-14;7;650
12;2025-12-14;8;715
12;2025-12-14;9;946
12;2025-12-14;10;1162
12;2025-12-14;11;1325
12;2025-12-14;12;1359
12;2025-12-14;13;1478
12;2025-12-14;14;1461
12;2025-12-14;15;1424
12;2025-12-14;16;1521
12;2025-12-14;17;1537
12;2025-12-14;18;1315
12;2025-12-14;19;1052
12;2025-12-14;20;753
12;2025-12-14;21;591
12;2025-12-14;22;352
12;2025-12-14;23;181
12;2025-12-15;0;50
12;2025-12-15;1;0
12;2025-12-15;2;0
12;2025-12-15;3;0
12;2025-12-15;4;2
12;2025-12-15;5;298
12;2025-12-15;6;1375
12;2025-12-15;7;2626
12;2025-12-15;8;3365
12;2025-12-15;9;2499
12;2025-12-15;10;2019
12;2025-12-15;11;1902
12;2025-12-15;12;1940
12;2025-12-15;13;1988
12;2025-12-15;14;1923
12;2025-12-15;15;2156
12;2025-12-15;16;2612
12;2025-12-15;17;2951
12;2025-12-15;18;3060
12;2025-12-15;19;2385
12;2025-12-15;20;1490
12;2025-12-15;21;930
12;2025-12-15;22;411
12;2025-12-15;23;220
12;2025-12-16;0;37
12;2025-12-16;1;0
12;2025-12-16;2;0
12;2025-12-16;3;0
12;2025-12-16;4;1
12;2025-12-16;5;304
12;2025-12-16;6;1422
12;2025-12-16;7;2711
12;2025-12-16;8;3470
12;2025-12-16;9;2523
12;2025-12-16;10;2057
12;2025-12-16;11;1924
12;2025-12-16;12;1939
12;2025-12-16;13;1996
12;2025-12-16;14;1930
12;2025-12-16;15;2174
12;2025-12-16;16;2636
12;2025-12-16;17;3017
12;2025-12-16;18;3152
12;2025-12-16;19;2411
12;2025-12-16;20;1508
12;2025-12-16;21;931
12;2025-12-16;22;425
12;2025-12-16;23;228
12;2025-12-17;0;55
12;2025-12-17;1;0
12;2025-12-17;2;0
12;2025-12-17;3;0
12;2025-12-17;4;10
12;2025-12-17;5;318
12;2025-12-17;6;1439
12;2025-12-17;7;2657
12;2025-12-17;8;3440
12;2025-12-17;9;2507
12;2025-12-17;10;2102
12;2025-12-17;11;1961
12;2025-12-17;12;1976
12;2025-12-17;13;2034
12;2025-12-17;14;1956
12;2025-12-17;15;2194
12;2025-12-17;16;2663
12;2025-12-17;17;3006
12;2025-12-17;18;3109
12;2025-12-17;19;2400
12;2025-12-17;20;1515
12;2025-12-17;21;1000
12;2025-12-17;22;449
12;2025-12-17;23;249
12;2025-12-18;0;44
12;2025-12-18;1;0
12;2025-12-18;2;0
12;2025-12-18;3;0
12;2025-12-18;4;5
12;2025-12-18;5;305
12;2025-12-18;6;1406
12;2025-12-18;7;2686
12;2025-12-18;8;3454
12;2025-12-18;9;2497
12;2025-12-18;10;2054
12;2025-12-18;11;1939
12;2025-12-18;12;1945
12;2025-12-18;13;2020
12;2025-12-18;14;1945
12;2025-12-18;15;2192
12;2025-12-18;16;2669
12;2025-12-18;17;3026
12;2025-12-18;18;3139
12;2025-12-18;19;2398
12;2025-12-18;20;1535
12;2025-12-18;21;947
12;2025-12-18;22;447
12;2025-12-18;23;252
12;2025-12-19;0;53
12;2025-12-19;1;0
12;2025-12-19;2;0
12;2025-12-19;3;0
12;2025-12-19;4;3
12;2025-12-19;5;309
12;2025-12-19;6;1389
12;2025-12-19;7;2597
12;2025-12-19;8;3240
12;2025-12-19;9;2439
12;2025-12-19;10;1988
12;2025-12-19;11;1911
12;2025-12-19;12;1921
12;2025-12-19;13;2000
12;2025-12-19;14;1976
12;2025-12-19;15;2256
12;2025-12-19;16;2793
12;2025-12-19;17;2930
12;2025-12-19;18;2612
12;2025-12-19;19;2203
12;2025-12-19;20;1375
12;2025-12-19;21;970
12;2025-12-19;22;463
12;2025-12-19;23;286
12;2025-12-20;0;65
12;2025-12-20;1;0
12;2025-12-20;2;0
12;2025-12-20;3;0
12;2025-12-20;4;0
12;2025-12-20;5;234
12;2025-12-20;6;808
12;2025-12-20;7;898
12;2025-12-20;8;991
12;2025-12-20;9;1216
12;2025-12-20;10;1429
12;2025-12-20;11;1502
12;2025-12-20;12;1492
12;2025-12-20;13;1577
12;2025-12-20;14;1534
12;2025-12-20;15;1523
12;2025-12-20;16;1603
12;2025-12-20;17;1586
12;2025-12-20;18;1436
12;2025-12-20;19;1345
12;2025-12-20;20;947
12;2025-12-20;21;747
12;2025-12-20;22;377
12;2025-12-20;23;256
12;2025-12-21;0;65
12;2025-12-21;1;2
12;2025-12-21;2;0
12;2025-12-21;3;0
12;2025-12-21;4;0
12;2025-12-21;5;159
12;2025-12-21;6;521
12;2025-12-21;7;650
12;2025-12-21;8;715
12;2025-12-21;9;946
12;2025-12-21;10;1162
12;2025-12-21;11;1325
12;2025-12-21;12;1359
12;2025-12-21;13;1478
12;2025-12-21;14;1461
12;2025-12-21;15;1424
12;2025-12-21;16;1521
12;2025-12-21;17;1537
12;2025-12-21;18;1315
12;2025-12-21;19;1052
12;2025-12-21;20;753
12;2025-12-21;21;591
12;2025-12-21;22;352
12;2025-12-21;23;181
12;2025-12-22;0;50
12;2025-12-22;1;0
12;2025-12-22;2;0
12;2025-12-22;3;0
12;2025-12-22;4;2
12;2025-12-22;5;298
12;2025-12-22;6;1375
12;2025-12-22;7;2626
12;2025-12-22;8;3365
12;2025-12-22;9;2499
12;2025-12-22;10;2019
12;2025-12-22;11;1902
12;2025-12-22;12;1940
12;2025-12-22;13;1988
12;2025-12-22;14;1923
12;2025-12-22;15;2156
12;2025-12-22;16;2612
12;2025-12-22;17;2951
12;2025-12-22;18;3060
12;2025-12-22;19;2385
12;2025-12-22;20;1490
12;2025-12-22;21;930
12;2025-12-22;22;411
12;2025-12-22;23;220
12;2025-12-23;0;37
12;2025-12-23;1;0
12;2025-12-23;2;0
12;2025-12-23;3;0
12;2025-12-23;4;1
12;2025-12-23;5;304
12;2025-12-23;6;1422
12;2025-12-23;7;2711
12;2025-12-23;8;3470
12;2025-12-23;9;2523
12;2025-12-23;10;2057
12;2025-12-23;11;1924
12;2025-12-23;12;1939
12;2025-12-23;13;1996
12;2025-12-23;14;1930
12;2025-12-23;15;2174
12;2025-12-23;16;2636
12;2025-12-23;17;3017
12;2025-12-23;18;3152
12;2025-12-23;19;2411
12;2025-12-23;20;1508
12;2025-12-23;21;931
12;2025-12-23;22;425
12;2025-12-23;23;228
12;2025-12-24;0;55
12;2025-12-24;1;0
12;2025-12-24;2;0
12;2025-12-24;3;0
12;2025-12-24;4;10
12;2025-12-24;5;318
12;2025-12-24;6;1439
12;2025-12-24;7;2657
12;2025-12-24;8;3440
12;2025-12-24;9;2507
12;2025-12-24;10;2102
12;2025-12-24;11;1961
12;2025-12-24;12;1976
12;2025-12-24;13;2034
12;2025-12-24;14;1956
12;2025-12-24;15;2194
12;2025-12-24;16;2663
12;2025-12-24;17;3006
12;2025-12-24;18;3109
12;2025-12-24;19;2400
12;2025-12-24;20;1515
12;2025-12-24;21;1000
12;2025-12-24;22;449
12;2025-12-24;23;249
12;2025-12-25;0;44
12;2025-12-25;1;0
12;2025-12-25;2;0
12;2025-12-25;3;0
12;2025-12-25;4;5
12;2025-12-25;5;305
12;2025-12-25;6;1406
12;2025-12-25;7;2686
12;2025-12-25;8;3454
12;2025-12-25;9;2497
12;2025-12-25;10;2054
12;2025-12-25;11;1939
12;2025-12-25;12;1945
12;2025-12-25;13;2020
12;2025-12-25;14;1945
12;2025-12-25;15;2192
12;2025-12-25;16;2669
12;2025-12-25;17;3026
12;2025-12-25;18;3139
12;2025-12-25;19;2398
12;2025-12-25;20;1535
12;2025-12-25;21;947
12;2025-12-25;22;447
12;2025-12-25;23;252
12;2025-12-26;0;53
12;2025-12-26;1;0
12;2025-12-26;2;0
12;2025-12-26;3;0
12;2025-12-26;4;3
12;2025-12-26;5;309
12;2025-12-26;6;1389
12;2025-12-26;7;2597
12;2025-12-26;8;3240
12;2025-12-26;9;2439
12;2025-12-26;10;1988
12;2025-12-26;11;1911
12;2025-12-26;12;1921
12;2025-12-26;13;2000
12;2025-12-26;14;1976
12;2025-12-26;15;2256
12;2025-12-26;16;2793
12;2025-12-26;17;2930
12;2025-12-26;18;2612
12;2025-12-26;19;2203
12;2025-12-26;20;1375
12;2025-12-26;21;970
12;2025-12-26;22;463
12;2025-12-26;23;286
12;2025-12-27;0;65
12;2025-12-27;1;0
12;2025-12-27;2;0
12;2025-12-27;3;0
12;2025-12-27;4;0
12;2025-12-27;5;234
12;2025-12-27;6;808
12;2025-12-27;7;898
12;2025-12-27;8;991
12;2025-12-27;9;1216
12;2025-12-27;10;1429
12;2025-12-27;11;1502
12;2025-12-27;12;1492
12;2025-12-27;13;1577
12;2025-12-27;14;1534
12;2025-12-27;15;1523
12;2025-12-27;16;1603
12;2025-12-27;17;1586
12;2025-12-27;18;1436
12;2025-12-27;19;1345
12;2025-12-27;20;947
12;2025-12-27;21;747
12;2025-12-27;22;377
12;2025-12-27;23;256
12;2025-12-28;0;65
12;2025-12-28;1;2
12;2025-12-28;2;0
12;2025-12-28;3;0
12;2025-12-28;4;0
12;2025-12-28;5;159
12;2025-12-28;6;521
12;2025-12-28;7;650
12;2025-12-28;8;715
12;2025-12-28;9;946
12;2025-12-28;10;1162
12;2025-12-28;11;1325
12;2025-12-28;12;1359
12;2025-12-28;13;1478
12;2025-12-28;14;1461
12;2025-12-28;15;1424
12;2025-12-28;16;1521
12;2025-12-28;17;1537
12;2025-12-28;18;1315
12;2025-12-28;19;1052
12;2025-12-28;20;753
12;2025-12-28;21;591
12;2025-12-28;22;352
12;2025-12-28;23;181
12;2025-12-29;0;50
12;2025-12-29;1;0
12;2025-12-29;2;0
12;2025-12-29;3;0
12;2025-12-29;4;2
12;2025-12-29;5;298
12;2025-12-29;6;1375
12;2025-12-29;7;2626
12;2025-12-29;8;3365
12;2025-12-29;9;2499
12;2025-12-29;10;2019
12;2025-12-29;11;1902
12;2025-12-29;12;1940
12;2025-12-29;13;1988
12;2025-12-29;14;1923
12;2025-12-29;15;2156
12;2025-12-29;16;2612
12;2025-12-29;17;2951
12;2025-12-29;18;3060
12;2025-12-29;19;2385
12;2025-12-29;20;1490
12;2025-12-29;21;930
12;2025-12-29;22;411
12;2025-12-29;23;220
12;2025-12-30;0;37
12;2025-12-30;1;0
12;2025-12-30;2;0
12;2025-12-30;3;0
12;2025-12-30;4;1
12;2025-12-30;5;304
12;2025-12-30;6;1422
12;2025-12-30;7;2711
12;2025-12-30;8;3470
12;2025-12-30;9;2523
12;2025-12-30;10;2057
12;2025-12-30;11;1924
12;2025-12-30;12;1939
12;2025-12-30;13;1996
12;2025-12-30;14;1930
12;2025-12-30;15;2174
12;2025-12-30;16;2636
12;2025-12-30;17;3017
12;2025-12-30;18;3152
12;2025-12-30;19;2411
12;2025-12-30;20;1508
12;2025-12-30;21;931
12;2025-12-30;22;425
12;2025-12-30;23;228
12;2025-12-31;0;59
12;2025-12-31;1;0
12;2025-12-31;2;0
12;2025-12-31;3;0
12;2025-12-31;4;6
12;2025-12-31;5;242
12;2025-12-31;6;704
12;2025-12-31;7;807
12;2025-12-31;8;1039
12;2025-12-31;9;1063
12;2025-12-31;10;1278
12;2025-12-31;11;1333
12;2025-12-31;12;1363
12;2025-12-31;13;1451
12;2025-12-31;14;1409
12;2025-12-31;15;1394
12;2025-12-31;16;1476
12;2025-12-31;17;1478
12;2025-12-31;18;1420
12;2025-12-31;19;1189
12;2025-12-31;20;867
12;2025-12-31;21;695
12;2025-12-31;22;381
12;2025-12-31;23;222
17;2025-11-01;0;145
17;2025-11-01;1;0
17;2025-11-01;2;0
17;2025-11-01;3;0
17;2025-11-01;4;0
17;2025-11-01;5;301
17;2025-11-01;6;1429
17;2025-11-01;7;3730
17;2025-11-01;8;4692
17;2025-11-01;9;3766
17;2025-11-01;10;3079
17;2025-11-01;11;3123
17;2025-11-01;12;3206
17;2025-11-01;13;3340
17;2025-11-01;14;3411
17;2025-11-01;15;3485
17;2025-11-01;16;3898
17;2025-11-01;17;4491
17;2025-11-01;18;4359
17;2025-11-01;19;3211
17;2025-11-01;20;2285
17;2025-11-01;21;1473
17;2025-11-01;22;773
17;2025-11-01;23;450
17;2025-11-02;0;121
17;2025-11-02;1;0
17;2025-11-02;2;0
17;2025-11-02;3;0
17;2025-11-02;4;0
17;2025-11-02;5;35
17;2025-11-02;6;396
17;2025-11-02;7;813
17;2025-11-02;8;1217
17;2025-11-02;9;1640
17;2025-11-02;10;1903
17;2025-11-02;11;2454
17;2025-11-02;12;2725
17;2025-11-02;13;2915
17;2025-11-02;14;2979
17;2025-11-02;15;2889
17;2025-11-02;16;2931
17;2025-11-02;17;2926
17;2025-11-02;18;2485
17;2025-11-02;19;1999
17;2025-11-02;20;1513
17;2025-11-02;21;1070
17;2025-11-02;22;584
17;2025-11-02;23;277
17;2025-11-03;0;97
17;2025-11-03;1;0
17;2025-11-03;2;0
17;2025-11-03;3;0
17;2025-11-03;4;0
17;2025-11-03;5;95
17;2025-11-03;6;568
17;2025-11-03;7;1146
17;2025-11-03;8;1651
17;2025-11-03;9;1803
17;2025-11-03;10;1968
17;2025-11-03;11;2452
17;2025-11-03;12;2712
17;2025-11-03;13;2869
17;2025-11-03;14;2920
17;2025-11-03;15;2854
17;2025-11-03;16;2882
17;2025-11-03;17;2935
17;2025-11-03;18;2757
17;2025-11-03;19;2159
17;2025-11-03;20;1615
17;2025-11-03;21;1129
17;2025-11-03;22;578
17;2025-11-03;23;278
17;2025-11-04;0;98
17;2025-11-04;1;0
17;2025-11-04;2;0
17;2025-11-04;3;0
17;2025-11-04;4;0
17;2025-11-04;5;163
17;2025-11-04;6;639
17;2025-11-04;7;1181
17;2025-11-04;8;1634
17;2025-11-04;9;1799
17;2025-11-04;10;1986
17;2025-11-04;11;2443
17;2025-11-04;12;2736
17;2025-11-04;13;2897
17;2025-11-04;14;2970
17;2025-11-04;15;2936
17;2025-11-04;16;2956
17;2025-11-04;17;3076
17;2025-11-04;18;2826
17;2025-11-04;19;2218
17;2025-11-04;20;1644
17;2025-11-04;21;1191
17;2025-11-04;22;649
17;2025-11-04;23;326
17;2025-11-05;0;82
17;2025-11-05;1;0
17;2025-11-05;2;0
17;2025-11-05;3;0
17;2025-11-05;4;0
17;2025-11-05;5;264
17;2025-11-05;6;1486
17;2025-11-05;7;3911
17;2025-11-05;8;4978
17;2025-11-05;9;3776
17;2025-11-05;10;3003
17;2025-11-05;11;2967
17;2025-11-05;12;3031
17;2025-11-05;13;3093
17;2025-11-05;14;3133
17;2025-11-05;15;3225
17;2025-11-05;16;3611
17;2025-11-05;17;4415
17;2025-11-05;18;4612
17;2025-11-05;19;3259
17;2025-11-05;20;2274
17;2025-11-05;21;1417
17;2025-11-05;22;690
17;2025-11-05;23;338
17;2025-11-06;0;96
17;2025-11-06;1;0
17;2025-11-06;2;0
17;2025-11-06;3;0
17;2025-11-06;4;0
17;2025-11-06;5;283
17;2025-11-06;6;1501
17;2025-11-06;7;3922
17;2025-11-06;8;5022
17;2025-11-06;9;3816
17;2025-11-06;10;3041
17;2025-11-06;11;2999
17;2025-11-06;12;3059
17;2025-11-06;13;3147
17;2025-11-06;14;3187
17;2025-11-06;15;3256
17;2025-11-06;16;3662
17;2025-11-06;17;4427
17;2025-11-06;18;4639
17;2025-11-06;19;3321
17;2025-11-06;20;2328
17;2025-11-06;21;1451
17;2025-11-06;22;713
17;2025-11-06;23;372
17;2025-11-07;0;109
17;2025-11-07;1;0
17;2025-11-07;2;0
17;2025-11-07;3;0
17;2025-11-07;4;0
17;2025-11-07;5;254
17;2025-11-07;6;1488
17;2025-11-07;7;3835
17;2025-11-07;8;4878
17;2025-11-07;9;3723
17;2025-11-07;10;2945
17;2025-11-07;11;2965
17;2025-11-07;12;2986
17;2025-11-07;13;3114
17;2025-11-07;14;3182
17;2025-11-07;15;3343
17;2025-11-07;16;3872
17;2025-11-07;17;4449
17;2025-11-07;18;4279
17;2025-11-07;19;3173
17;2025-11-07;20;2230
17;2025-11-07;21;1460
17;2025-11-07;22;737
17;2025-11-07;23;417
17;2025-11-08;0;145
17;2025-11-08;1;0
17;2025-11-08;2;0
17;2025-11-08;3;0
17;2025-11-08;4;0
17;2025-11-08;5;129
17;2025-11-08;6;576
17;2025-11-08;7;1205
17;2025-11-08;8;1723
17;2025-11-08;9;2135
17;2025-11-08;10;2332
17;2025-11-08;11;2741
17;2025-11-08;12;2996
17;2025-11-08;13;3175
17;2025-11-08;14;3208
17;2025-11-08;15;3134
17;2025-11-08;16;3192
17;2025-11-08;17;3128
17;2025-11-08;18;2788
17;2025-11-08;19;2308
17;2025-11-08;20;1802
17;2025-11-08;21;1267
17;2025-11-08;22;703
17;2025-11-08;23;394
17;2025-11-09;0;121
17;2025-11-09;1;0
17;2025-11-09;2;0
17;2025-11-09;3;0
17;2025-11-09;4;0
17;2025-11-09;5;35
17;2025-11-09;6;396
17;2025-11-09;7;813
17;2025-11-09;8;1217
17;2025-11-09;9;1640
17;2025-11-09;10;1903
17;2025-11-09;11;2454
17;2025-11-09;12;2725
17;2025-11-09;13;2915
17;2025-11-09;14;2979
17;2025-11-09;15;2889
17;2025-11-09;16;2931
17;2025-11-09;17;2926
17;2025-11-09;18;2485
17;2025-11-09;19;1999
17;2025-11-09;20;1513
17;2025-11-09;21;1070
17;2025-11-09;22;584
17;2025-11-09;23;277
17;2025-11-10;0;79
17;2025-11-10;1;0
17;2025-11-10;2;0
17;2025-11-10;3;0
17;2025-11-10;4;0
17;2025-11-10;5;243
17;2025-11-10;6;1447
17;2025-11-10;7;3829
17;2025-11-10;8;4923
17;2025-11-10;9;3728
17;2025-11-10;10;2896
17;2025-11-10;11;2879
17;2025-11-10;12;2901
17;2025-11-10;13;2984
17;2025-11-10;14;3034
17;2025-11-10;15;3128
17;2025-11-10;16;3519
17;2025-11-10;17;4306
17;2025-11-10;18;4571
17;2025-11-10;19;3213
17;2025-11-10;20;2234
17;2025-11-10;21;1344
17;2025-11-10;22;621
17;2025-11-10;23;298
17;2025-11-11;0;73
17;2025-11-11;1;0
17;2025-11-11;2;0
17;2025-11-11;3;0
17;2025-11-11;4;0
17;2025-11-11;5;269
17;2025-11-11;6;1507
17;2025-11-11;7;3935
17;2025-11-11;8;5055
17;2025-11-11;9;3802
17;2025-11-11;10;2995
17;2025-11-11;11;2943
17;2025-11-11;12;2986
17;2025-11-11;13;3064
17;2025-11-11;14;3126
17;2025-11-11;15;3217
17;2025-11-11;16;3591
17;2025-11-11;17;4440
17;2025-11-11;18;4678
17;2025-11-11;19;3293
17;2025-11-11;20;2286
17;2025-11-11;21;1390
17;2025-11-11;22;681
17;2025-11-11;23;328
17;2025-11-12;0;82
17;2025-11-12;1;0
17;2025-11-12;2;0
17;2025-11-12;3;0
17;2025-11-12;4;0
17;2025-11-12;5;264
17;2025-11-12;6;1486
17;2025-11-12;7;3911
17;2025-11-12;8;4978
17;2025-11-12;9;3776
17;2025-11-12;10;3003
17;2025-11-12;11;2967
17;2025-11-12;12;3031
17;2025-11-12;13;3093
17;2025-11-12;14;3133
17;2025-11-12;15;3225
17;2025-11-12;16;3611
17;2025-11-12;17;4415
17;2025-11-12;18;4612
17;2025-11-12;19;3259
17;2025-11-12;20;2274
17;2025-11-12;21;1417
17;2025-11-12;22;690
17;2025-11-12;23;338
17;2025-11-13;0;96
17;2025-11-13;1;0
17;2025-11-13;2;0
17;2025-11-13;3;0
17;2025-11-13;4;0
17;2025-11-13;5;283
17;2025-11-13;6;1501
17;2025-11-13;7;3922
17;2025-11-13;8;5022
17;2025-11-13;9;3816
17;2025-11-13;10;3041
17;2025-11-13;11;2999
17;2025-11-13;12;3059
17;2025-11-13;13;3147
17;2025-11-13;14;3187
17;2025-11-13;15;3256
17;2025-11-13;16;3662
17;2025-11-13;17;4427
17;2025-11-13;18;4639
17;2025-11-13;19;3321
17;2025-11-13;20;2328
17;2025-11-13;21;1451
17;2025-11-13;22;713
17;2025-11-13;23;372
17;2025-11-14;0;109
17;2025-11-14;1;0
17;2025-11-14;2;0
17;2025-11-14;3;0
17;2025-11-14;4;0
17;2025-11-14;5;254
17;2025-11-14;6;1488
17;2025-11-14;7;3835
17;2025-11-14;8;4878
17;2025-11-14;9;3723
17;2025-11-14;10;2945
17;2025-11-14;11;2965
17;2025-11-14;12;2986
17;2025-11-14;13;3114
17;2025-11-14;14;3182
17;2025-11-14;15;3343
17;2025-11-14;16;3872
17;2025-11-14;17;4449
17;2025-11-14;18;4279
17;2025-11-14;19;3173
17;2025-11-14;20;2230
17;2025-11-14;21;1460
17;2025-11-14;22;737
17;2025-11-14;23;417
17;2025-11-15;0;145
17;2025-11-15;1;0
17;2025-11-15;2;0
17;2025-11-15;3;0
17;2025-11-15;4;0
17;2025-11-15;5;129
17;2025-11-15;6;576
17;2025-11-15;7;1205
17;2025-11-15;8;1723
17;2025-11-15;9;2135
17;2025-11-15;10;2332
17;2025-11-15;11;2741
17;2025-11-15;12;2996
17;2025-11-15;13;3175
17;2025-11-15;14;3208
17;2025-11-15;15;3134
17;2025-11-15;16;3192
17;2025-11-15;17;3128
17;2025-11-15;18;2788
17;2025-11-15;19;2308
17;2025-11-15;20;1802
17;2025-11-15;21;1267
17;2025-11-15;22;703
17;2025-11-15;23;394
17;2025-11-16;0;121
17;2025-11-16;1;0
17;2025-11-16;2;0
17;2025-11-16;3;0
17;2025-11-16;4;0
17;2025-11-16;5;35
17;2025-11-16;6;396
17;2025-11-16;7;813
17;2025-11-16;8;1217
17;2025-11-16;9;1640
17;2025-11-16;10;1903
17;2025-11-16;11;2454
17;2025-11-16;12;2725
17;2025-11-16;13;2915
17;2025-11-16;14;2979
17;2025-11-16;15;2889
17;2025-11-16;16;2931
17;2025-11-16;17;2926
17;2025-11-16;18;2485
17;2025-11-16;19;1999
17;2025-11-16;20;1513
17;2025-11-16;21;1070
17;2025-11-16;22;584
17;2025-11-16;23;277
17;2025-11-17;0;79
17;2025-11-17;1;0
17;2025-11-17;2;0
17;2025-11-17;3;0
17;2025-11-17;4;0
17;2025-11-17;5;243
17;2025-11-17;6;1447
17;2025-11-17;7;3829
17;2025-11-17;8;4923
17;2025-11-17;9;3728
17;2025-11-17;10;2896
17;2025-11-17;11;2879
17;2025-11-17;12;2901
17;2025-11-17;13;2984
17;2025-11-17;14;3034
17;2025-11-17;15;3128
17;2025-11-17;16;3519
17;2025-11-17;17;4306
17;2025-11-17;18;4571
17;2025-11-17;19;3213
17;2025-11-17;20;2234
17;2025-11-17;21;1344
17;2025-11-17;22;621
17;2025-11-17;23;298
17;2025-11-18;0;73
17;2025-11-18;1;0
17;2025-11-18;2;0
17;2025-11-18;3;0
17;2025-11-18;4;0
17;2025-11-18;5;269
17;2025-11-18;6;1507
17;2025-11-18;7;3935
17;2025-11-18;8;5055
17;2025-11-18;9;3802
17;2025-11-18;10;2995
17;2025-11-18;11;2943
17;2025-11-18;12;2986
17;2025-11-18;13;3064
17;2025-11-18;14;3126
17;2025-11-18;15;3217
17;2025-11-18;16;3591
17;2025-11-18;17;4440
17;2025-11-18;18;4678
17;2025-11-18;19;3293
17;2025-11-18;20;2286
17;2025-11-18;21;1390
17;2025-11-18;22;681
17;2025-11-18;23;328
17;2025-11-19;0;82
17;2025-11-19;1;0
17;2025-11-19;2;0
17;2025-11-19;3;0
17;2025-11-19;4;0
17;2025-11-19;5;264
17;2025-11-19;6;1486
17;2025-11-19;7;3911
17;2025-11-19;8;4978
17;2025-11-19;9;3776
17;2025-11-19;10;3003
17;2025-11-19;11;2967
17;2025-11-19;12;3031
17;2025-11-19;13;3093
17;2025-11-19;14;3133
17;2025-11-19;15;3225
17;2025-11-19;16;3611
17;2025-11-19;17;4415
17;2025-11-19;18;4612
17;2025-11-19;19;3259
17;2025-11-19;20;2274
17;2025-11-19;21;1417
17;2025-11-19;22;690
17;2025-11-19;23;338
17;2025-11-20;0;96
17;2025-11-20;1;0
17;2025-11-20;2;0
17;2025-11-20;3;0
17;2025-11-20;4;0
17;2025-11-20;5;283
17;2025-11-20;6;1501
17;2025-11-20;7;3922
17;2025-11-20;8;5022
17;2025-11-20;9;3816
17;2025-11-20;10;3041
17;2025-11-20;11;2999
17;2025-11-20;12;3059
17;2025-11-20;13;3147
17;2025-11-20;14;3187
17;2025-11-20;15;3256
17;2025-11-20;16;3662
17;2025-11-20;17;4427
17;2025-11-20;18;4639
17;2025-11-20;19;3321
17;2025-11-20;20;2328
17;2025-11-20;21;1451
17;2025-11-20;22;713
17;2025-11-20;23;372
17;2025-11-21;0;109
17;2025-11-21;1;0
17;2025-11-21;2;0
17;2025-11-21;3;0
17;2025-11-21;4;0
17;2025-11-21;5;254
17;2025-11-21;6;1488
17;2025-11-21;7;3835
17;2025-11-21;8;4878
17;2025-11-21;9;3723
17;2025-11-21;10;2945
17;2025-11-21;11;2965
17;2025-11-21;12;2986
17;2025-11-21;13;3114
17;2025-11-21;14;3182
17;2025-11-21;15;3343
17;2025-11-21;16;3872
17;2025-11-21;17;4449
17;2025-11-21;18;4279
17;2025-11-21;19;3173
17;2025-11-21;20;2230
17;2025-11-21;21;1460
17;2025-11-21;22;737
17;2025-11-21;23;417
17;2025-11-22;0;145
17;2025-11-22;1;0
17;2025-11-22;2;0
17;2025-11-22;3;0
17;2025-11-22;4;0
17;2025-11-22;5;129
17;2025-11-22;6;576
17;2025-11-22;7;1205
17;2025-11-22;8;1723
17;2025-11-22;9;2135
17;2025-11-22;10;2332
17;2025-11-22;11;2741
17;2025-11-22;12;2996
17;2025-11-22;13;3175
17;2025-11-22;14;3208
17;2025-11-22;15;3134
17;2025-11-22;16;3192
17;2025-11-22;17;3128
17;2025-11-22;18;2788
17;2025-11-22;19;2308
17;2025-11-22;20;1802
17;2025-11-22;21;1267
17;2025-11-22;22;703
17;2025-11-22;23;394
17;2025-11-23;0;121
17;2025-11-23;1;0
17;2025-11-23;2;0
17;2025-11-23;3;0
17;2025-11-23;4;0
17;2025-11-23;5;35
17;2025-11-23;6;396
17;2025-11-23;7;813
17;2025-11-23;8;1217
17;2025-11-23;9;1640
17;2025-11-23;10;1903
17;2025-11-23;11;2454
17;2025-11-23;12;2725
17;2025-11-23;13;2915
17;2025-11-23;14;2979
17;2025-11-23;15;2889
17;2025-11-23;16;2931
17;2025-11-23;17;2926
17;2025-11-23;18;2485
17;2025-11-23;19;1999
17;2025-11-23;20;1513
17;2025-11-23;21;1070
17;2025-11-23;22;584
17;2025-11-23;23;277
17;2025-11-24;0;79
17;2025-11-24;1;0
17;2025-11-24;2;0
17;2025-11-24;3;0
17;2025-11-24;4;0
17;2025-11-24;5;243
17;2025-11-24;6;1447
17;2025-11-24;7;3829
17;2025-11-24;8;4923
17;2025-11-24;9;3728
17;2025-11-24;10;2896
17;2025-11-24;11;2879
17;2025-11-24;12;2901
17;2025-11-24;13;2984
17;2025-11-24;14;3034
17;2025-11-24;15;3128
17;2025-11-24;16;3519
17;2025-11-24;17;4306
17;2025-11-24;18;4571
17;2025-11-24;19;3213
17;2025-11-24;20;2234
17;2025-11-24;21;1344
17;2025-11-24;22;621
17;2025-11-24;23;298
17;2025-11-25;0;73
17;2025-11-25;1;0
17;2025-11-25;2;0
17;2025-11-25;3;0
17;2025-11-25;4;0
17;2025-11-25;5;269
17;2025-11-25;6;1507
17;2025-11-25;7;3935
17;2025-11-25;8;5055
17;2025-11-25;9;3802
17;2025-11-25;10;2995
17;2025-11-25;11;2943
17;2025-11-25;12;2986
17;2025-11-25;13;3064
17;2025-11-25;14;3126
17;2025-11-25;15;3217
17;2025-11-25;16;3591
17;2025-11-25;17;4440
17;2025-11-25;18;4678
17;2025-11-25;19;3293
17;2025-11-25;20;2286
17;2025-11-25;21;1390
17;2025-11-25;22;681
17;2025-11-25;23;328
17;2025-11-26;0;82
17;2025-11-26;1;0
17;2025-11-26;2;0
17;2025-11-26;3;0
17;2025-11-26;4;0
17;2025-11-26;5;264
17;2025-11-26;6;1486
17;2025-11-26;7;3911
17;2025-11-26;8;4978
17;2025-11-26;9;3776
17;2025-11-26;10;3003
17;2025-11-26;11;2967
17;2025-11-26;12;3031
17;2025-11-26;13;3093
17;2025-11-26;14;3133
17;2025-11-26;15;3225
17;2025-11-26;16;3611
17;2025-11-26;17;4415
17;2025-11-26;18;4612
17;2025-11-26;19;3259
17;2025-11-26;20;2274
17;2025-11-26;21;1417
17;2025-11-26;22;690
17;2025-11-26;23;338
17;2025-11-27;0;96
17;2025-11-27;1;0
17;2025-11-27;2;0
17;2025-11-27;3;0
17;2025-11-27;4;0
17;2025-11-27;5;283
17;2025-11-27;6;1501
17;2025-11-27;7;3922
17;2025-11-27;8;5022
17;2025-11-27;9;3816
17;2025-11-27;10;3041
17;2025-11-27;11;2999
17;2025-11-27;12;3059
17;2025-11-27;13;3147
17;2025-11-27;14;3187
17;2025-11-27;15;3256
17;2025-11-27;16;3662
17;2025-11-27;17;4427
17;2025-11-27;18;4639
17;2025-11-27;19;3321
17;2025-11-27;20;2328
17;2025-11-27;21;1451
17;2025-11-27;22;713
17;2025-11-27;23;372
17;2025-11-28;0;109
17;2025-11-28;1;0
17;2025-11-28;2;0
17;2025-11-28;3;0
17;2025-11-28;4;0
17;2025-11-28;5;254
17;2025-11-28;6;1488
17;2025-11-28;7;3835
17;2025-11-28;8;4878
17;2025-11-28;9;3723
17;2025-11-28;10;2945
17;2025-11-28;11;2965
17;2025-11-28;12;2986
17;2025-11-28;13;3114
17;2025-11-28;14;3182
17;2025-11-28;15;3343
17;2025-11-28;16;3872
17;2025-11-28;17;4449
17;2025-11-28;18;4279
17;2025-11-28;19;3173
17;2025-11-28;20;2230
17;2025-11-28;21;1460
17;2025-11-28;22;737
17;2025-11-28;23;417
17;2025-11-29;0;145
17;2025-11-29;1;0
17;2025-11-29;2;0
17;2025-11-29;3;0
17;2025-11-29;4;0
17;2025-11-29;5;129
17;2025-11-29;6;576
17;2025-11-29;7;1205
17;2025-11-29;8;1723
17;2025-11-29;9;2135
17;2025-11-29;10;2332
17;2025-11-29;11;2741
17;2025-11-29;12;2996
17;2025-11-29;13;3175
17;2025-11-29;14;3208
17;2025-11-29;15;3134
17;2025-11-29;16;3192
17;2025-11-29;17;3128
17;2025-11-29;18;2788
17;2025-11-29;19;2308
17;2025-11-29;20;1802
17;2025-11-29;21;1267
17;2025-11-29;22;703
17;2025-11-29;23;394
17;2025-11-30;0;121
17;2025-11-30;1;0
17;2025-11-30;2;0
17;2025-11-30;3;0
17;2025-11-30;4;0
17;2025-11-30;5;35
17;2025-11-30;6;396
17;2025-11-30;7;813
17;2025-11-30;8;1217
17;2025-11-30;9;1640
17;2025-11-30;10;1903
17;2025-11-30;11;2454
17;2025-11-30;12;2725
17;2025-11-30;13;2915
17;2025-11-30;14;2979
17;2025-11-30;15;2889
17;2025-11-30;16;2931
17;2025-11-30;17;2926
17;2025-11-30;18;2485
17;2025-11-30;19;1999
17;2025-11-30;20;1513
17;2025-11-30;21;1070
17;2025-11-30;22;584
17;2025-11-30;23;277
17;2025-12-01;0;79
17;2025-12-01;1;0
17;2025-12-01;2;0
17;2025-12-01;3;0
17;2025-12-01;4;0
17;2025-12-01;5;243
17;2025-12-01;6;1447
17;2025-12-01;7;3829
17;2025-12-01;8;4923
17;2025-12-01;9;3728
17;2025-12-01;10;2896
17;2025-12-01;11;2879
17;2025-12-01;12;2901
17;2025-12-01;13;2984
17;2025-12-01;14;3034
17;2025-12-01;15;3128
17;2025-12-01;16;3519
17;2025-12-01;17;4306
17;2025-12-01;18;4571
17;2025-12-01;19;3213
17;2025-12-01;20;2234
17;2025-12-01;21;1344
17;2025-12-01;22;621
17;2025-12-01;23;298
17;2025-12-02;0;73
17;2025-12-02;1;0
17;2025-12-02;2;0
17;2025-12-02;3;0
17;2025-12-02;4;0
17;2025-12-02;5;269
17;2025-12-02;6;1507
17;2025-12-02;7;3935
17;2025-12-02;8;5055
17;2025-12-02;9;3802
17;2025-12-02;10;2995
17;2025-12-02;11;2943
17;2025-12-02;12;2986
17;2025-12-02;13;3064
17;2025-12-02;14;3126
17;2025-12-02;15;3217
17;2025-12-02;16;3591
17;2025-12-02;17;4440
17;2025-12-02;18;4678
17;2025-12-02;19;3293
17;2025-12-02;20;2286
17;2025-12-02;21;1390
17;2025-12-02;22;681
17;2025-12-02;23;328
17;2025-12-03;0;82
17;2025-12-03;1;0
17;2025-12-03;2;0
17;2025-12-03;3;0
17;2025-12-03;4;0
17;2025-12-03;5;264
17;2025-12-03;6;1486
17;2025-12-03;7;3911
17;2025-12-03;8;4978
17;2025-12-03;9;3776
17;2025-12-03;10;3003
17;2025-12-03;11;2967
17;2025-12-03;12;3031
17;2025-12-03;13;3093
17;2025-12-03;14;3133
17;2025-12-03;15;3225
17;2025-12-03;16;3611
17;2025-12-03;17;4415
17;2025-12-03;18;4612
17;2025-12-03;19;3259
17;2025-12-03;20;2274
17;2025-12-03;21;1417
17;2025-12-03;22;690
17;2025-12-03;23;338
17;2025-12-04;0;96
17;2025-12-04;1;0
17;2025-12-04;2;0
17;2025-12-04;3;0
17;2025-12-04;4;0
17;2025-12-04;5;283
17;2025-12-04;6;1501
17;2025-12-04;7;3922
17;2025-12-04;8;5022
17;2025-12-04;9;3816
17;2025-12-04;10;3041
17;2025-12-04;11;2999
17;2025-12-04;12;3059
17;2025-12-04;13;3147
17;2025-12-04;14;3187
17;2025-12-04;15;3256
17;2025-12-04;16;3662
17;2025-12-04;17;4427
17;2025-12-04;18;4639
17;2025-12-04;19;3321
17;2025-12-04;20;2328
17;2025-12-04;21;1451
17;2025-12-04;22;713
17;2025-12-04;23;372
17;2025-12-05;0;109
17;2025-12-05;1;0
17;2025-12-05;2;0
17;2025-12-05;3;0
17;2025-12-05;4;0
17;2025-12-05;5;254
17;2025-12-05;6;1488
17;2025-12-05;7;3835
17;2025-12-05;8;4878
17;2025-12-05;9;3723
17;2025-12-05;10;2945
17;2025-12-05;11;2965
17;2025-12-05;12;2986
17;2025-12-05;13;3114
17;2025-12-05;14;3182
17;2025-12-05;15;3343
17;2025-12-05;16;3872
17;2025-12-05;17;4449
17;2025-12-05;18;4279
17;2025-12-05;19;3173
17;2025-12-05;20;2230
17;2025-12-05;21;1460
17;2025-12-05;22;737
17;2025-12-05;23;417
17;2025-12-06;0;145
17;2025-12-06;1;0
17;2025-12-06;2;0
17;2025-12-06;3;0
17;2025-12-06;4;0
17;2025-12-06;5;129
17;2025-12-06;6;576
17;2025-12-06;7;1205
17;2025-12-06;8;1723
17;2025-12-06;9;2135
17;2025-12-06;10;2332
17;2025-12-06;11;2741
17;2025-12-06;12;2996
17;2025-12-06;13;3175
17;2025-12-06;14;3208
17;2025-12-06;15;3134
17;2025-12-06;16;3192
17;2025-12-06;17;3128
17;2025-12-06;18;2788
17;2025-12-06;19;2308
17;2025-12-06;20;1802
17;2025-12-06;21;1267
17;2025-12-06;22;703
17;2025-12-06;23;394
17;2025-12-07;0;121
17;2025-12-07;1;0
17;2025-12-07;2;0
17;2025-12-07;3;0
17;2025-12-07;4;0
17;2025-12-07;5;35
17;2025-12-07;6;396
17;2025-12-07;7;813
17;2025-12-07;8;1217
17;2025-12-07;9;1640
17;2025-12-07;10;1903
17;2025-12-07;11;2454
17;2025-12-07;12;2725
17;2025-12-07;13;2915
17;2025-12-07;14;2979
17;2025-12-07;15;2889
17;2025-12-07;16;2931
17;2025-12-07;17;2926
17;2025-12-07;18;2485
17;2025-12-07;19;1999
17;2025-12-07;20;1513
17;2025-12-07;21;1070
17;2025-12-07;22;584
17;2025-12-07;23;277
17;2025-12-08;0;79
17;2025-12-08;1;0
17;2025-12-08;2;0
17;2025-12-08;3;0
17;2025-12-08;4;0
17;2025-12-08;5;243
17;2025-12-08;6;1447
17;2025-12-08;7;3829
17;2025-12-08;8;4923
17;2025-12-08;9;3728
17;2025-12-08;10;2896
17;2025-12-08;11;2879
17;2025-12-08;12;2901
17;2025-12-08;13;2984
17;2025-12-08;14;3034
17;2025-12-08;15;3128
17;2025-12-08;16;3519
17;2025-12-08;17;4306
17;2025-12-08;18;4571
17;2025-12-08;19;3213
17;2025-12-08;20;2234
17;2025-12-08;21;1344
17;2025-12-08;22;621
17;2025-12-08;23;298
17;2025-12-09;0;73
17;2025-12-09;1;0
17;2025-12-09;2;0
17;2025-12-09;3;0
17;2025-12-09;4;0
17;2025-12-09;5;269
17;2025-12-09;6;1507
17;2025-12-09;7;3935
17;2025-12-09;8;5055
17;2025-12-09;9;3802
17;2025-12-09;10;2995
17;2025-12-09;11;2943
17;2025-12-09;12;2986
17;2025-12-09;13;3064
17;2025-12-09;14;3126
17;2025-12-09;15;3217
17;2025-12-09;16;3591
17;2025-12-09;17;4440
17;2025-12-09;18;4678
17;2025-12-09;19;3293
17;2025-12-09;20;2286
17;2025-12-09;21;1390
17;2025-12-09;22;681
17;2025-12-09;23;328
17;2025-12-10;0;82
17;2025-12-10;1;0
17;2025-12-10;2;0
17;2025-12-10;3;0
17;2025-12-10;4;0
17;2025-12-10;5;264
17;2025-12-10;6;1486
17;2025-12-10;7;3911
17;2025-12-10;8;4978
17;2025-12-10;9;3776
17;2025-12-10;10;3003
17;2025-12-10;11;2967
17;2025-12-10;12;3031
17;2025-12-10;13;3093
17;2025-12-10;14;3133
17;2025-12-10;15;3225
17;2025-12-10;16;3611
17;2025-12-10;17;4415
17;2025-12-10;18;4612
17;2025-12-10;19;3259
17;2025-12-10;20;2274
17;2025-12-10;21;1417
17;2025-12-10;22;690
17;2025-12-10;23;338
17;2025-12-11;0;96
17;2025-12-11;1;0
17;2025-12-11;2;0
17;2025-12-11;3;0
17;2025-12-11;4;0
17;2025-12-11;5;283
17;2025-12-11;6;1501
17;2025-12-11;7;3922
17;2025-12-11;8;5022
17;2025-12-11;9;3816
17;2025-12-11;10;3041
17;2025-12-11;11;2999
17;2025-12-11;12;3059
17;2025-12-11;13;3147
17;2025-12-11;14;3187
17;2025-12-11;15;3256
17;2025-12-11;16;3662
17;2025-12-11;17;4427
17;2025-12-11;18;4639
17;2025-12-11;19;3321
17;2025-12-11;20;2328
17;2025-12-11;21;1451
17;2025-12-11;22;713
17;2025-12-11;23;372
17;2025-12-12;0;109
17;2025-12-12;1;0
17;2025-12-12;2;0
17;2025-12-12;3;0
17;2025-12-12;4;0
17;2025-12-12;5;254
17;2025-12-12;6;1488
17;2025-12-12;7;3835
17;2025-12-12;8;4878
17;2025-12-12;9;3723
17;2025-12-12;10;2945
17;2025-12-12;11;2965
17;2025-12-12;12;2986
17;2025-12-12;13;3114
17;2025-12-12;14;3182
17;2025-12-12;15;3343
17;2025-12-12;16;3872
17;2025-12-12;17;4449
17;2025-12-12;18;4279
17;2025-12-12;19;3173
17;2025-12-12;20;2230
17;2025-12-12;21;1460
17;2025-12-12;22;737
17;2025-12-12;23;417
17;2025-12-13;0;145
17;2025-12-13;1;0
17;2025-12-13;2;0
17;2025-12-13;3;0
17;2025-12-13;4;0
17;2025-12-13;5;129
17;2025-12-13;6;576
17;2025-12-13;7;1205
17;2025-12-13;8;1723
17;2025-12-13;9;2135
17;2025-12-13;10;2332
17;2025-12-13;11;2741
17;2025-12-13;12;2996
17;2025-12-13;13;3175
17;2025-12-13;14;3208
17;2025-12-13;15;3134
17;2025-12-13;16;3192
17;2025-12-13;17;3128
17;2025-12-13;18;2788
17;2025-12-13;19;2308
17;2025-12-13;20;1802
17;2025-12-13;21;1267
17;2025-12-13;22;703
17;2025-12-13;23;394
17;2025-12-14;0;121
17;2025-12-14;1;0
17;2025-12-14;2;0
17;2025-12-14;3;0
17;2025-12-14;4;0
17;2025-12-14;5;35
17;2025-12-14;6;396
17;2025-12-14;7;813
17;2025-12-14;8;1217
17;2025-12-14;9;1640
17;2025-12-14;10;1903
17;2025-12-14;11;2454
17;2025-12-14;12;2725
17;2025-12-14;13;2915
17;2025-12-14;14;2979
17;2025-12-14;15;2889
17;2025-12-14;16;2931
17;2025-12-14;17;2926
17;2025-12-14;18;2485
17;2025-12-14;19;1999
17;2025-12-14;20;1513
17;2025-12-14;21;1070
17;2025-12-14;22;584
17;2025-12-14;23;277
17;2025-12-15;0;79
17;2025-12-15;1;0
17;2025-12-15;2;0
17;2025-12-15;3;0
17;2025-12-15;4;0
17;2025-12-15;5;243
17;2025-12-15;6;1447
17;2025-12-15;7;3829
17;2025-12-15;8;4923
17;2025-12-15;9;3728
17;2025-12-15;10;2896
17;2025-12-15;11;2879
17;2025-12-15;12;2901
17;2025-12-15;13;2984
17;2025-12-15;14;3034
17;2025-12-15;15;3128
17;2025-12-15;16;3519
17;2025-12-15;17;4306
17;2025-12-15;18;4571
17;2025-12-15;19;3213
17;2025-12-15;20;2234
17;2025-12-15;21;1344
17;2025-12-15;22;621
17;2025-12-15;23;298
17;2025-12-16;0;73
17;2025-12-16;1;0
17;2025-12-16;2;0
17;2025-12-16;3;0
17;2025-12-16;4;0
17;2025-12-16;5;269
17;2025-12-16;6;1507
17;2025-12-16;7;3935
17;2025-12-16;8;5055
17;2025-12-16;9;3802
17;2025-12-16;10;2995
17;2025-12-16;11;2943
17;2025-12-16;12;2986
17;2025-12-16;13;3064
17;2025-12-16;14;3126
17;2025-12-16;15;3217
17;2025-12-16;16;3591
17;2025-12-16;17;4440
17;2025-12-16;18;4678
17;2025-12-16;19;3293
17;2025-12-16;20;2286
17;2025-12-16;21;1390
17;2025-12-16;22;681
17;2025-12-16;23;328
17;2025-12-17;0;82
17;2025-12-17;1;0
17;2025-12-17;2;0
17;2025-12-17;3;0
17;2025-12-17;4;0
17;2025-12-17;5;264
17;2025-12-17;6;1486
17;2025-12-17;7;3911
17;2025-12-17;8;4978
17;2025-12-17;9;3776
17;2025-12-17;10;3003
17;2025-12-17;11;2967
17;2025-12-17;12;3031
17;2025-12-17;13;3093
17;2025-12-17;14;3133
17;2025-12-17;15;3225
17;2025-12-17;16;3611
17;2025-12-17;17;4415
17;2025-12-17;18;4612
17;2025-12-17;19;3259
17;2025-12-17;20;2274
17;2025-12-17;21;1417
17;2025-12-17;22;690
17;2025-12-17;23;338
17;2025-12-18;0;96
17;2025-12-18;1;0
17;2025-12-18;2;0
17;2025-12-18;3;0
17;2025-12-18;4;0
17;2025-12-18;5;283
17;2025-12-18;6;1501
17;2025-12-18;7;3922
17;2025-12-18;8;5022
17;2025-12-18;9;3816
17;2025-12-18;10;3041
17;2025-12-18;11;2999
17;2025-12-18;12;3059
17;2025-12-18;13;3147
17;2025-12-18;14;3187
17;2025-12-18;15;3256
17;2025-12-18;16;3662
17;2025-12-18;17;4427
17;2025-12-18;18;4639
17;2025-12-18;19;3321
17;2025-12-18;20;2328
17;2025-12-18;21;1451
17;2025-12-18;22;713
17;2025-12-18;23;372
17;2025-12-19;0;109
17;2025-12-19;1;0
17;2025-12-19;2;0
17;2025-12-19;3;0
17;2025-12-19;4;0
17;2025-12-19;5;254
17;2025-12-19;6;1488
17;2025-12-19;7;3835
17;2025-12-19;8;4878
17;2025-12-19;9;3723
17;2025-12-19;10;2945
17;2025-12-19;11;2965
17;2025-12-19;12;2986
17;2025-12-19;13;3114
17;2025-12-19;14;3182
17;2025-12-19;15;3343
17;2025-12-19;16;3872
17;2025-12-19;17;4449
17;2025-12-19;18;4279
17;2025-12-19;19;3173
17;2025-12-19;20;2230
17;2025-12-19;21;1460
17;2025-12-19;22;737
17;2025-12-19;23;417
17;2025-12-20;0;145
17;2025-12-20;1;0
17;2025-12-20;2;0
17;2025-12-20;3;0
17;2025-12-20;4;0
17;2025-12-20;5;129
17;2025-12-20;6;576
17;2025-12-20;7;1205
17;2025-12-20;8;1723
17;2025-12-20;9;2135
17;2025-12-20;10;2332
17;2025-12-20;11;2741
17;2025-12-20;12;2996
17;2025-12-20;13;3175
17;2025-12-20;14;3208
17;2025-12-20;15;3134
17;2025-12-20;16;3192
17;2025-12-20;17;3128
17;2025-12-20;18;2788
17;2025-12-20;19;2308
17;2025-12-20;20;1802
17;2025-12-20;21;1267
17;2025-12-20;22;703
17;2025-12-20;23;394
17;2025-12-21;0;121
17;2025-12-21;1;0
17;2025-12-21;2;0
17;2025-12-21;3;0
17;2025-12-21;4;0
17;2025-12-21;5;35
17;2025-12-21;6;396
17;2025-12-21;7;813
17;2025-12-21;8;1217
17;2025-12-21;9;1640
17;2025-12-21;10;1903
17;2025-12-21;11;2454
17;2025-12-21;12;2725
17;2025-12-21;13;2915
17;2025-12-21;14;2979
17;2025-12-21;15;2889
17;2025-12-21;16;2931
17;2025-12-21;17;2926
17;2025-12-21;18;2485
17;2025-12-21;19;1999
17;2025-12-21;20;1513
17;2025-12-21;21;1070
17;2025-12-21;22;584
17;2025-12-21;23;277
17;2025-12-22;0;79
17;2025-12-22;1;0
17;2025-12-22;2;0
17;2025-12-22;3;0
17;2025-12-22;4;0
17;2025-12-22;5;243
17;2025-12-22;6;1447
17;2025-12-22;7;3829
17;2025-12-22;8;4923
17;2025-12-22;9;3728
17;2025-12-22;10;2896
17;2025-12-22;11;2879
17;2025-12-22;12;2901
17;2025-12-22;13;2984
17;2025-12-22;14;3034
17;2025-12-22;15;3128
17;2025-12-22;16;3519
17;2025-12-22;17;4306
17;2025-12-22;18;4571
17;2025-12-22;19;3213
17;2025-12-22;20;2234
17;2025-12-22;21;1344
17;2025-12-22;22;621
17;2025-12-22;23;298
17;2025-12-23;0;73
17;2025-12-23;1;0
17;2025-12-23;2;0
17;2025-12-23;3;0
17;2025-12-23;4;0
17;2025-12-23;5;269
17;2025-12-23;6;1507
17;2025-12-23;7;3935
17;2025-12-23;8;5055
17;2025-12-23;9;3802
17;2025-12-23;10;2995
17;2025-12-23;11;2943
17;2025-12-23;12;2986
17;2025-12-23;13;3064
17;2025-12-23;14;3126
17;2025-12-23;15;3217
17;2025-12-23;16;3591
17;2025-12-23;17;4440
17;2025-12-23;18;4678
17;2025-12-23;19;3293
17;2025-12-23;20;2286
17;2025-12-23;21;1390
17;2025-12-23;22;681
17;2025-12-23;23;328
17;2025-12-24;0;82
17;2025-12-24;1;0
17;2025-12-24;2;0
17;2025-12-24;3;0
17;2025-12-24;4;0
17;2025-12-24;5;264
17;2025-12-24;6;1486
17;2025-12-24;7;3911
17;2025-12-24;8;4978
17;2025-12-24;9;3776
17;2025-12-24;10;3003
17;2025-12-24;11;2967
17;2025-12-24;12;3031
17;2025-12-24;13;3093
17;2025-12-24;14;3133
17;2025-12-24;15;3225
17;2025-12-24;16;3611
17;2025-12-24;17;4415
17;2025-12-24;18;4612
17;2025-12-24;19;3259
17;2025-12-24;20;2274
17;2025-12-24;21;1417
17;2025-12-24;22;690
17;2025-12-24;23;338
17;2025-12-25;0;96
17;2025-12-25;1;0
17;2025-12-25;2;0
17;2025-12-25;3;0
17;2025-12-25;4;0
17;2025-12-25;5;283
17;2025-12-25;6;1501
17;2025-12-25;7;3922
17;2025-12-25;8;5022
17;2025-12-25;9;3816
17;2025-12-25;10;3041
17;2025-12-25;11;2999
17;2025-12-25;12;3059
17;2025-12-25;13;3147
17;2025-12-25;14;3187
17;2025-12-25;15;3256
17;2025-12-25;16;3662
17;2025-12-25;17;4427
17;2025-12-25;18;4639
17;2025-12-25;19;3321
17;2025-12-25;20;2328
17;2025-12-25;21;1451
17;2025-12-25;22;713
17;2025-12-25;23;372
17;2025-12-26;0;109
17;2025-12-26;1;0
17;2025-12-26;2;0
17;2025-12-26;3;0
17;2025-12-26;4;0
17;2025-12-26;5;254
17;2025-12-26;6;1488
17;2025-12-26;7;3835
17;2025-12-26;8;4878
17;2025-12-26;9;3723
17;2025-12-26;10;2945
17;2025-12-26;11;2965
17;2025-12-26;12;2986
17;2025-12-26;13;3114
17;2025-12-26;14;3182
17;2025-12-26;15;3343
17;2025-12-26;16;3872
17;2025-12-26;17;4449
17;2025-12-26;18;4279
17;2025-12-26;19;3173
17;2025-12-26;20;2230
17;2025-12-26;21;1460
17;2025-12-26;22;737
17;2025-12-26;23;417
17;2025-12-27;0;145
17;2025-12-27;1;0
17;2025-12-27;2;0
17;2025-12-27;3;0
17;2025-12-27;4;0
17;2025-12-27;5;129
17;2025-12-27;6;576
17;2025-12-27;7;1205
17;2025-12-27;8;1723
17;2025-12-27;9;2135
17;2025-12-27;10;2332
17;2025-12-27;11;2741
17;2025-12-27;12;2996
17;2025-12-27;13;3175
17;2025-12-27;14;3208
17;2025-12-27;15;3134
17;2025-12-27;16;3192
17;2025-12-27;17;3128
17;2025-12-27;18;2788
17;2025-12-27;19;2308
17;2025-12-27;20;1802
17;2025-12-27;21;1267
17;2025-12-27;22;703
17;2025-12-27;23;394
17;2025-12-28;0;121
17;2025-12-28;1;0
17;2025-12-28;2;0
17;2025-12-28;3;0
17;2025-12-28;4;0
17;2025-12-28;5;35
17;2025-12-28;6;396
17;2025-12-28;7;813
17;2025-12-28;8;1217
17;2025-12-28;9;1640
17;2025-12-28;10;1903
17;2025-12-28;11;2454
17;2025-12-28;12;2725
17;2025-12-28;13;2915
17;2025-12-28;14;2979
17;2025-12-28;15;2889
17;2025-12-28;16;2931
17;2025-12-28;17;2926
17;2025-12-28;18;2485
17;2025-12-28;19;1999
17;2025-12-28;20;1513
17;2025-12-28;21;1070
17;2025-12-28;22;584
17;2025-12-28;23;277
17;2025-12-29;0;79
17;2025-12-29;1;0
17;2025-12-29;2;0
17;2025-12-29;3;0
17;2025-12-29;4;0
17;2025-12-29;5;243
17;2025-12-29;6;1447
17;2025-12-29;7;3829
17;2025-12-29;8;4923
17;2025-12-29;9;3728
17;2025-12-29;10;2896
17;2025-12-29;11;2879
17;2025-12-29;12;2901
17;2025-12-29;13;2984
17;2025-12-29;14;3034
17;2025-12-29;15;3128
17;2025-12-29;16;3519
17;2025-12-29;17;4306
17;2025-12-29;18;4571
17;2025-12-29;19;3213
17;2025-12-29;20;2234
17;2025-12-29;21;1344
17;2025-12-29;22;621
17;2025-12-29;23;298
17;2025-12-30;0;73
17;2025-12-30;1;0
17;2025-12-30;2;0
17;2025-12-30;3;0
17;2025-12-30;4;0
17;2025-12-30;5;269
17;2025-12-30;6;1507
17;2025-12-30;7;3935
17;2025-12-30;8;5055
17;2025-12-30;9;3802
17;2025-12-30;10;2995
17;2025-12-30;11;2943
17;2025-12-30;12;2986
17;2025-12-30;13;3064
17;2025-12-30;14;3126
17;2025-12-30;15;3217
17;2025-12-30;16;3591
17;2025-12-30;17;4440
17;2025-12-30;18;4678
17;2025-12-30;19;3293
17;2025-12-30;20;2286
17;2025-12-30;21;1390
17;2025-12-30;22;681
17;2025-12-30;23;328
17;2025-12-31;0;99
17;2025-12-31;1;0
17;2025-12-31;2;0
17;2025-12-31;3;0
17;2025-12-31;4;0
17;2025-12-31;5;180
17;2025-12-31;6;664
17;2025-12-31;7;1191
17;2025-12-31;8;1633
17;2025-12-31;9;1827
17;2025-12-31;10;2039
17;2025-12-31;11;2495
17;2025-12-31;12;2788
17;2025-12-31;13;2919
17;2025-12-31;14;2957
17;2025-12-31;15;2909
17;2025-12-31;16;2928
17;2025-12-31;17;3007
17;2025-12-31;18;2768
17;2025-12-31;19;2163
17;2025-12-31;20;1626
17;2025-12-31;21;1178
17;2025-12-31;22;637
17;2025-12-31;23;320
25;2025-11-01;0;0
25;2025-11-01;1;0
25;2025-11-01;2;0
25;2025-11-01;3;0
25;2025-11-01;4;3
25;2025-11-01;5;11
25;2025-11-01;6;184
25;2025-11-01;7;494
25;2025-11-01;8;816
25;2025-11-01;9;444
25;2025-11-01;10;358
25;2025-11-01;11;444
25;2025-11-01;12;443
25;2025-11-01;13;585
25;2025-11-01;14;570
25;2025-11-01;15;685
25;2025-11-01;16;746
25;2025-11-01;17;733
25;2025-11-01;18;624
25;2025-11-01;19;474
25;2025-11-01;20;288
25;2025-11-01;21;186
25;2025-11-01;22;95
25;2025-11-01;23;27
25;2025-11-02;0;4
25;2025-11-02;1;0
25;2025-11-02;2;0
25;2025-11-02;3;0
25;2025-11-02;4;0
25;2025-11-02;5;0
25;2025-11-02;6;91
25;2025-11-02;7;90
25;2025-11-02;8;190
25;2025-11-02;9;193
25;2025-11-02;10;199
25;2025-11-02;11;309
25;2025-11-02;12;338
25;2025-11-02;13;463
25;2025-11-02;14;465
25;2025-11-02;15;558
25;2025-11-02;16;507
25;2025-11-02;17;498
25;2025-11-02;18;440
25;2025-11-02;19;349
25;2025-11-02;20;200
25;2025-11-02;21;141
25;2025-11-02;22;71
25;2025-11-02;23;21
25;2025-11-03;0;0
25;2025-11-03;1;0
25;2025-11-03;2;0
25;2025-11-03;3;0
25;2025-11-03;4;0
25;2025-11-03;5;6
25;2025-11-03;6;140
25;2025-11-03;7;153
25;2025-11-03;8;323
25;2025-11-03;9;240
25;2025-11-03;10;216
25;2025-11-03;11;311
25;2025-11-03;12;345
25;2025-11-03;13;474
25;2025-11-03;14;430
25;2025-11-03;15;502
25;2025-11-03;16;504
25;2025-11-03;17;517
25;2025-11-03;18;514
25;2025-11-03;19;427
25;2025-11-03;20;226
25;2025-11-03;21;173
25;2025-11-03;22;68
25;2025-11-03;23;8
25;2025-11-04;0;0
25;2025-11-04;1;0
25;2025-11-04;2;0
25;2025-11-04;3;0
25;2025-11-04;4;1
25;2025-11-04;5;9
25;2025-11-04;6;131
25;2025-11-04;7;139
25;2025-11-04;8;308
25;2025-11-04;9;221
25;2025-11-04;10;207
25;2025-11-04;11;303
25;2025-11-04;12;328
25;2025-11-04;13;450
25;2025-11-04;14;434
25;2025-11-04;15;526
25;2025-11-04;16;524
25;2025-11-04;17;521
25;2025-11-04;18;507
25;2025-11-04;19;420
25;2025-11-04;20;226
25;2025-11-04;21;170
25;2025-11-04;22;69
25;2025-11-04;23;13
25;2025-11-05;0;0
25;2025-11-05;1;0
25;2025-11-05;2;0
25;2025-11-05;3;0
25;2025-11-05;4;0
25;2025-11-05;5;20
25;2025-11-05;6;216
25;2025-11-05;7;531
25;2025-11-05;8;875
25;2025-11-05;9;478
25;2025-11-05;10;361
25;2025-11-05;11;439
25;2025-11-05;12;434
25;2025-11-05;13;563
25;2025-11-05;14;485
25;2025-11-05;15;581
25;2025-11-05;16;673
25;2025-11-05;17;753
25;2025-11-05;18;784
25;2025-11-05;19;569
25;2025-11-05;20;328
25;2025-11-05;21;208
25;2025-11-05;22;91
25;2025-11-05;23;0
25;2025-11-06;0;0
25;2025-11-06;1;0
25;2025-11-06;2;0
25;2025-11-06;3;0
25;2025-11-06;4;0
25;2025-11-06;5;17
25;2025-11-06;6;211
25;2025-11-06;7;527
25;2025-11-06;8;867
25;2025-11-06;9;473
25;2025-11-06;10;359
25;2025-11-06;11;428
25;2025-11-06;12;415
25;2025-11-06;13;525
25;2025-11-06;14;492
25;2025-11-06;15;589
25;2025-11-06;16;687
25;2025-11-06;17;741
25;2025-11-06;18;765
25;2025-11-06;19;559
25;2025-11-06;20;307
25;2025-11-06;21;198
25;2025-11-06;22;85
25;2025-11-06;23;0
25;2025-11-07;0;0
25;2025-11-07;1;0
25;2025-11-07;2;0
25;2025-11-07;3;0
25;2025-11-07;4;0
25;2025-11-07;5;11
25;2025-11-07;6;197
25;2025-11-07;7;517
25;2025-11-07;8;826
25;2025-11-07;9;442
25;2025-11-07;10;344
25;2025-11-07;11;420
25;2025-11-07;12;403
25;2025-11-07;13;526
25;2025-11-07;14;498
25;2025-11-07;15;614
25;2025-11-07;16;713
25;2025-11-07;17;731
25;2025-11-07;18;654
25;2025-11-07;19;502
25;2025-11-07;20;286
25;2025-11-07;21;185
25;2025-11-07;22;86
25;2025-11-07;23;4
25;2025-11-08;0;0
25;2025-11-08;1;0
25;2025-11-08;2;0
25;2025-11-08;3;0
25;2025-11-08;4;2
25;2025-11-08;5;7
25;2025-11-08;6;115
25;2025-11-08;7;126
25;2025-11-08;8;301
25;2025-11-08;9;255
25;2025-11-08;10;255
25;2025-11-08;11;364
25;2025-11-08;12;384
25;2025-11-08;13;543
25;2025-11-08;14;514
25;2025-11-08;15;618
25;2025-11-08;16;573
25;2025-11-08;17;549
25;2025-11-08;18;497
25;2025-11-08;19;415
25;2025-11-08;20;240
25;2025-11-08;21;175
25;2025-11-08;22;86
25;2025-11-08;23;32
25;2025-11-09;0;4
25;2025-11-09;1;0
25;2025-11-09;2;0
25;2025-11-09;3;0
25;2025-11-09;4;0
25;2025-11-09;5;0
25;2025-11-09;6;91
25;2025-11-09;7;90
25;2025-11-09;8;190
25;2025-11-09;9;193
25;2025-11-09;10;199
25;2025-11-09;11;309
25;2025-11-09;12;338
25;2025-11-09;13;463
25;2025-11-09;14;465
25;2025-11-09;15;558
25;2025-11-09;16;507
25;2025-11-09;17;498
25;2025-11-09;18;440
25;2025-11-09;19;349
25;2025-11-09;20;200
25;2025-11-09;21;141
25;2025-11-09;22;71
25;2025-11-09;23;21
25;2025-11-10;0;0
25;2025-11-10;1;0
25;2025-11-10;2;0
25;2025-11-10;3;0
25;2025-11-10;4;0
25;2025-11-10;5;11
25;2025-11-10;6;211
25;2025-11-10;7;523
25;2025-11-10;8;829
25;2025-11-10;9;474
25;2025-11-10;10;336
25;2025-11-10;11;402
25;2025-11-10;12;401
25;2025-11-10;13;512
25;2025-11-10;14;451
25;2025-11-10;15;535
25;2025-11-10;16;645
25;2025-11-10;17;715
25;2025-11-10;18;737
25;2025-11-10;19;555
25;2025-11-10;20;294
25;2025-11-10;21;179
25;2025-11-10;22;65
25;2025-11-10;23;0
25;2025-11-11;0;0
25;2025-11-11;1;0
25;2025-11-11;2;0
25;2025-11-11;3;0
25;2025-11-11;4;0
25;2025-11-11;5;10
25;2025-11-11;6;206
25;2025-11-11;7;528
25;2025-11-11;8;866
25;2025-11-11;9;471
25;2025-11-11;10;349
25;2025-11-11;11;416
25;2025-11-11;12;398
25;2025-11-11;13;495
25;2025-11-11;14;460
25;2025-11-11;15;559
25;2025-11-11;16;663
25;2025-11-11;17;717
25;2025-11-11;18;746
25;2025-11-11;19;543
25;2025-11-11;20;295
25;2025-11-11;21;177
25;2025-11-11;22;67
25;2025-11-11;23;0
25;2025-11-12;0;0
25;2025-11-12;1;0
25;2025-11-12;2;0
25;2025-11-12;3;0
25;2025-11-12;4;0
25;2025-11-12;5;20
25;2025-11-12;6;216
25;2025-11-12;7;531
25;2025-11-12;8;875
25;2025-11-12;9;478
25;2025-11-12;10;361
25;2025-11-12;11;439
25;2025-11-12;12;434
25;2025-11-12;13;563
25;2025-11-12;14;485
25;2025-11-12;15;581
25;2025-11-12;16;673
25;2025-11-12;17;753
25;2025-11-12;18;784
25;2025-11-12;19;569
25;2025-11-12;20;328
25;2025-11-12;21;208
25;2025-11-12;22;91
25;2025-11-12;23;0
25;2025-11-13;0;0
25;2025-11-13;1;0
25;2025-11-13;2;0
25;2025-11-13;3;0
25;2025-11-13;4;0
25;2025-11-13;5;17
25;2025-11-13;6;211
25;2025-11-13;7;527
25;2025-11-13;8;867
25;2025-11-13;9;473
25;2025-11-13;10;359
25;2025-11-13;11;428
25;2025-11-13;12;415
25;2025-11-13;13;525
25;2025-11-13;14;492
25;2025-11-13;15;589
25;2025-11-13;16;687
25;2025-11-13;17;741
25;2025-11-13;18;765
25;2025-11-13;19;559
25;2025-11-13;20;307
25;2025-11-13;21;198
25;2025-11-13;22;85
25;2025-11-13;23;0
25;2025-11-14;0;0
25;2025-11-14;1;0
25;2025-11-14;2;0
25;2025-11-14;3;0
25;2025-11-14;4;0
25;2025-11-14;5;11
25;2025-11-14;6;197
25;2025-11-14;7;517
25;2025-11-14;8;826
25;2025-11-14;9;442
25;2025-11-14;10;344
25;2025-11-14;11;420
25;2025-11-14;12;403
25;2025-11-14;13;526
25;2025-11-14;14;498
25;2025-11-14;15;614
25;2025-11-14;16;713
25;2025-11-14;17;731
25;2025-11-14;18;654
25;2025-11-14;19;502
25;2025-11-14;20;286
25;2025-11-14;21;185
25;2025-11-14;22;86
25;2025-11-14;23;4
25;2025-11-15;0;0
25;2025-11-15;1;0
25;2025-11-15;2;0
25;2025-11-15;3;0
25;2025-11-15;4;2
25;2025-11-15;5;7
25;2025-11-15;6;115
25;2025-11-15;7;126
25;2025-11-15;8;301
25;2025-11-15;9;255
25;2025-11-15;10;255
25;2025-11-15;11;364
25;2025-11-15;12;384
25;2025-11-15;13;543
25;2025-11-15;14;514
25;2025-11-15;15;618
25;2025-11-15;16;573
25;2025-11-15;17;549
25;2025-11-15;18;497
25;2025-11-15;19;415
25;2025-11-15;20;240
25;2025-11-15;21;175
25;2025-11-15;22;86
25;2025-11-15;23;32
25;2025-11-16;0;4
25;2025-11-16;1;0
25;2025-11-16;2;0
25;2025-11-16;3;0
25;2025-11-16;4;0
25;2025-11-16;5;0
25;2025-11-16;6;91
25;2025-11-16;7;90
25;2025-11-16;8;190
25;2025-11-16;9;193
25;2025-11-16;10;199
25;2025-11-16;11;309
25;2025-11-16;12;338
25;2025-11-16;13;463
25;2025-11-16;14;465
25;2025-11-16;15;558
25;2025-11-16;16;507
25;2025-11-16;17;498
25;2025-11-16;18;440
25;2025-11-16;19;349
25;2025-11-16;20;200
25;2025-11-16;21;141
25;2025-11-16;22;71
25;2025-11-16;23;21
25;2025-11-17;0;0
25;2025-11-17;1;0
25;2025-11-17;2;0
25;2025-11-17;3;0
25;2025-11-17;4;0
25;2025-11-17;5;11
25;2025-11-17;6;211
25;2025-11-17;7;523
25;2025-11-17;8;829
25;2025-11-17;9;474
25;2025-11-17;10;336
25;2025-11-17;11;402
25;2025-11-17;12;401
25;2025-11-17;13;512
25;2025-11-17;14;451
25;2025-11-17;15;535
25;2025-11-17;16;645
25;2025-11-17;17;715
25;2025-11-17;18;737
25;2025-11-17;19;555
25;2025-11-17;20;294
25;2025-11-17;21;179
25;2025-11-17;22;65
25;2025-11-17;23;0
25;2025-11-18;0;0
25;2025-11-18;1;0
25;2025-11-18;2;0
25;2025-11-18;3;0
25;2025-11-18;4;0
25;2025-11-18;5;10
25;2025-11-18;6;206
25;2025-11-18;7;528
25;2025-11-18;8;866
25;2025-11-18;9;471
25;2025-11-18;10;349
25;2025-11-18;11;416
25;2025-11-18;12;398
25;2025-11-18;13;495
25;2025-11-18;14;460
25;2025-11-18;15;559
25;2025-11-18;16;663
25;2025-11-18;17;717
25;2025-11-18;18;746
25;2025-11-18;19;543
25;2025-11-18;20;295
25;2025-11-18;21;177
25;2025-11-18;22;67
25;2025-11-18;23;0
25;2025-11-19;0;0
25;2025-11-19;1;0
25;2025-11-19;2;0
25;2025-11-19;3;0
25;2025-11-19;4;0
25;2025-11-19;5;20
25;2025-11-19;6;216
25;2025-11-19;7;531
25;2025-11-19;8;875
25;2025-11-19;9;478
25;2025-11-19;10;361
25;2025-11-19;11;439
25;2025-11-19;12;434
25;2025-11-19;13;563
25;2025-11-19;14;485
25;2025-11-19;15;581
25;2025-11-19;16;673
25;2025-11-19;17;753
25;2025-11-19;18;784
25;2025-11-19;19;569
25;2025-11-19;20;328
25;2025-11-19;21;208
25;2025-11-19;22;91
25;2025-11-19;23;0
25;2025-11-20;0;0
25;2025-11-20;1;0
25;2025-11-20;2;0
25;2025-11-20;3;0
25;2025-11-20;4;0
25;2025-11-20;5;17
25;2025-11-20;6;211
25;2025-11-20;7;527
25;2025-11-20;8;867
25;2025-11-20;9;473
25;2025-11-20;10;359
25;2025-11-20;11;428
25;2025-11-20;12;415
25;2025-11-20;13;525
25;2025-11-20;14;492
25;2025-11-20;15;589
25;2025-11-20;16;687
25;2025-11-20;17;741
25;2025-11-20;18;765
25;2025-11-20;19;559
25;2025-11-20;20;307
25;2025-11-20;21;198
25;2025-11-20;22;85
25;2025-11-20;23;0
25;2025-11-21;0;0
25;2025-11-21;1;0
25;2025-11-21;2;0
25;2025-11-21;3;0
25;2025-11-21;4;0
25;2025-11-21;5;11
25;2025-11-21;6;197
25;2025-11-21;7;517
25;2025-11-21;8;826
25;2025-11-21;9;442
25;2025-11-21;10;344
25;2025-11-21;11;420
25;2025-11-21;12;403
25;2025-11-21;13;526
25;2025-11-21;14;498
25;2025-11-21;15;614
25;2025-11-21;16;713
25;2025-11-21;17;731
25;2025-11-21;18;654
25;2025-11-21;19;502
25;2025-11-21;20;286
25;2025-11-21;21;185
25;2025-11-21;22;86
25;2025-11-21;23;4
25;2025-11-22;0;0
25;2025-11-22;1;0
25;2025-11-22;2;0
25;2025-11-22;3;0
25;2025-11-22;4;2
25;2025-11-22;5;7
25;2025-11-22;6;115
25;2025-11-22;7;126
25;2025-11-22;8;301
25;2025-11-22;9;255
25;2025-11-22;10;255
25;2025-11-22;11;364
25;2025-11-22;12;384
25;2025-11-22;13;543
25;2025-11-22;14;514
25;2025-11-22;15;618
25;2025-11-22;16;573
25;2025-11-22;17;549
25;2025-11-22;18;497
25;2025-11-22;19;415
25;2025-11-22;20;240
25;2025-11-22;21;175
25;2025-11-22;22;86
25;2025-11-22;23;32
25;2025-11-23;0;4
25;2025-11-23;1;0
25;2025-11-23;2;0
25;2025-11-23;3;0
25;2025-11-23;4;0
25;2025-11-23;5;0
25;2025-11-23;6;91
25;2025-11-23;7;90
25;2025-11-23;8;190
25;2025-11-23;9;193
25;2025-11-23;10;199
25;2025-11-23;11;309
25;2025-11-23;12;338
25;2025-11-23;13;463
25;2025-11-23;14;465
25;2025-11-23;15;558
25;2025-11-23;16;507
25;2025-11-23;17;498
25;2025-11-23;18;440
25;2025-11-23;19;349
25;2025-11-23;20;200
25;2025-11-23;21;141
25;2025-11-23;22;71
25;2025-11-23;23;21
25;2025-11-24;0;0
25;2025-11-24;1;0
25;2025-11-24;2;0
25;2025-11-24;3;0
25;2025-11-24;4;0
25;2025-11-24;5;11
25;2025-11-24;6;211
25;2025-11-24;7;523
25;2025-11-24;8;829
25;2025-11-24;9;474
25;2025-11-24;10;336
25;2025-11-24;11;402
25;2025-11-24;12;401
25;2025-11-24;13;512
25;2025-11-24;14;451
25;2025-11-24;15;535
25;2025-11-24;16;645
25;2025-11-24;17;715
25;2025-11-24;18;737
25;2025-11-24;19;555
25;2025-11-24;20;294
25;2025-11-24;21;179
25;2025-11-24;22;65
25;2025-11-24;23;0
25;2025-11-25;0;0
25;2025-11-25;1;0
25;2025-11-25;2;0
25;2025-11-25;3;0
25;2025-11-25;4;0
25;2025-11-25;5;10
25;2025-11-25;6;206
25;2025-11-25;7;528
25;2025-11-25;8;866
25;2025-11-25;9;471
25;2025-11-25;10;349
25;2025-11-25;11;416
25;2025-11-25;12;398
25;2025-11-25;13;495
25;2025-11-25;14;460
25;2025-11-25;15;559
25;2025-11-25;16;663
25;2025-11-25;17;717
25;2025-11-25;18;746
25;2025-11-25;19;543
25;2025-11-25;20;295
25;2025-11-25;21;177
25;2025-11-25;22;67
25;2025-11-25;23;0
25;2025-11-26;0;0
25;2025-11-26;1;0
25;2025-11-26;2;0
25;2025-11-26;3;0
25;2025-11-26;4;0
25;2025-11-26;5;20
25;2025-11-26;6;216
25;2025-11-26;7;531
25;2025-11-26;8;875
25;2025-11-26;9;478
25;2025-11-26;10;361
25;2025-11-26;11;439
25;2025-11-26;12;434
25;2025-11-26;13;563
25;2025-11-26;14;485
25;2025-11-26;15;581
25;2025-11-26;16;673
25;2025-11-26;17;753
25;2025-11-26;18;784
25;2025-11-26;19;569
25;2025-11-26;20;328
25;2025-11-26;21;208
25;2025-11-26;22;91
25;2025-11-26;23;0
25;2025-11-27;0;0
25;2025-11-27;1;0
25;2025-11-27;2;0
25;2025-11-27;3;0
25;2025-11-27;4;0
25;2025-11-27;5;17
25;2025-11-27;6;211
25;2025-11-27;7;527
25;2025-11-27;8;867
25;2025-11-27;9;473
25;2025-11-27;10;359
25;2025-11-27;11;428
25;2025-11-27;12;415
25;2025-11-27;13;525
25;2025-11-27;14;492
25;2025-11-27;15;589
25;2025-11-27;16;687
25;2025-11-27;17;741
25;2025-11-27;18;765
25;2025-11-27;19;559
25;2025-11-27;20;307
25;2025-11-27;21;198
25;2025-11-27;22;85
25;2025-11-27;23;0
25;2025-11-28;0;0
25;2025-11-28;1;0
25;2025-11-28;2;0
25;2025-11-28;3;0
25;2025-11-28;4;0
25;2025-11-28;5;11
25;2025-11-28;6;197
25;2025-11-28;7;517
25;2025-11-28;8;826
25;2025-11-28;9;442
25;2025-11-28;10;344
25;2025-11-28;11;420
25;2025-11-28;12;403
25;2025-11-28;13;526
25;2025-11-28;14;498
25;2025-11-28;15;614
25;2025-11-28;16;713
25;2025-11-28;17;731
25;2025-11-28;18;654
25;2025-11-28;19;502
25;2025-11-28;20;286
25;2025-11-28;21;185
25;2025-11-28;22;86
25;2025-11-28;23;4
25;2025-11-29;0;0
25;2025-11-29;1;0
25;2025-11-29;2;0
25;2025-11-29;3;0
25;2025-11-29;4;2
25;2025-11-29;5;7
25;2025-11-29;6;115
25;2025-11-29;7;126
25;2025-11-29;8;301
25;2025-11-29;9;255
25;2025-11-29;10;255
25;2025-11-29;11;364
25;2025-11-29;12;384
25;2025-11-29;13;543
25;2025-11-29;14;514
25;2025-11-29;15;618
25;2025-11-29;16;573
25;2025-11-29;17;549
25;2025-11-29;18;497
25;2025-11-29;19;415
25;2025-11-29;20;240
25;2025-11-29;21;175
25;2025-11-29;22;86
25;2025-11-29;23;32
25;2025-11-30;0;4
25;2025-11-30;1;0
25;2025-11-30;2;0
25;2025-11-30;3;0
25;2025-11-30;4;0
25;2025-11-30;5;0
25;2025-11-30;6;91
25;2025-11-30;7;90
25;2025-11-30;8;190
25;2025-11-30;9;193
25;2025-11-30;10;199
25;2025-11-30;11;309
25;2025-11-30;12;338
25;2025-11-30;13;463
25;2025-11-30;14;465
25;2025-11-30;15;558
25;2025-11-30;16;507
25;2025-11-30;17;498
25;2025-11-30;18;440
25;2025-11-30;19;349
25;2025-11-30;20;200
25;2025-11-30;21;141
25;2025-11-30;22;71
25;2025-11-30;23;21
25;2025-12-01;0;0
25;2025-12-01;1;0
25;2025-12-01;2;0
25;2025-12-01;3;0
25;2025-12-01;4;0
25;2025-12-01;5;11
25;2025-12-01;6;211
25;2025-12-01;7;523
25;2025-12-01;8;829
25;2025-12-01;9;474
25;2025-12-01;10;336
25;2025-12-01;11;402
25;2025-12-01;12;401
25;2025-12-01;13;512
25;2025-12-01;14;451
25;2025-12-01;15;535
25;2025-12-01;16;645
25;2025-12-01;17;715
25;2025-12-01;18;737
25;2025-12-01;19;555
25;2025-12-01;20;294
25;2025-12-01;21;179
25;2025-12-01;22;65
25;2025-12-01;23;0
25;2025-12-02;0;0
25;2025-12-02;1;0
25;2025-12-02;2;0
25;2025-12-02;3;0
25;2025-12-02;4;0
25;2025-12-02;5;10
25;2025-12-02;6;206
25;2025-12-02;7;528
25;2025-12-02;8;866
25;2025-12-02;9;471
25;2025-12-02;10;349
25;2025-12-02;11;416
25;2025-12-02;12;398
25;2025-12-02;13;495
25;2025-12-02;14;460
25;2025-12-02;15;559
25;2025-12-02;16;663
25;2025-12-02;17;717
25;2025-12-02;18;746
25;2025-12-02;19;543
25;2025-12-02;20;295
25;2025-12-02;21;177
25;2025-12-02;22;67
25;2025-12-02;23;0
25;2025-12-03;0;0
25;2025-12-03;1;0
25;2025-12-03;2;0
25;2025-12-03;3;0
25;2025-12-03;4;0
25;2025-12-03;5;20
25;2025-12-03;6;216
25;2025-12-03;7;531
25;2025-12-03;8;875
25;2025-12-03;9;478
25;2025-12-03;10;361
25;2025-12-03;11;439
25;2025-12-03;12;434
25;2025-12-03;13;563
25;2025-12-03;14;485
25;2025-12-03;15;581
25;2025-12-03;16;673
25;2025-12-03;17;753
25;2025-12-03;18;784
25;2025-12-03;19;569
25;2025-12-03;20;328
25;2025-12-03;21;208
25;2025-12-03;22;91
25;2025-12-03;23;0
25;2025-12-04;0;0
25;2025-12-04;1;0
25;2025-12-04;2;0
25;2025-12-04;3;0
25;2025-12-04;4;0
25;2025-12-04;5;17
25;2025-12-04;6;211
25;2025-12-04;7;527
25;2025-12-04;8;867
25;2025-12-04;9;473
25;2025-12-04;10;359
25;2025-12-04;11;428
25;2025-12-04;12;415
25;2025-12-04;13;525
25;2025-12-04;14;492
25;2025-12-04;15;589
25;2025-12-04;16;687
25;2025-12-04;17;741
25;2025-12-04;18;765
25;2025-12-04;19;559
25;2025-12-04;20;307
25;2025-12-04;21;198
25;2025-12-04;22;85
25;2025-12-04;23;0
25;2025-12-05;0;0
25;2025-12-05;1;0
25;2025-12-05;2;0
25;2025-12-05;3;0
25;2025-12-05;4;0
25;2025-12-05;5;11
25;2025-12-05;6;197
25;2025-12-05;7;517
25;2025-12-05;8;826
25;2025-12-05;9;442
25;2025-12-05;10;344
25;2025-12-05;11;420
25;2025-12-05;12;403
25;2025-12-05;13;526
25;2025-12-05;14;498
25;2025-12-05;15;614
25;2025-12-05;16;713
25;2025-12-05;17;731
25;2025-12-05;18;654
25;2025-12-05;19;502
25;2025-12-05;20;286
25;2025-12-05;21;185
25;2025-12-05;22;86
25;2025-12-05;23;4
25;2025-12-06;0;0
25;2025-12-06;1;0
25;2025-12-06;2;0
25;2025-12-06;3;0
25;2025-12-06;4;2
25;2025-12-06;5;7
25;2025-12-06;6;115
25;2025-12-06;7;126
25;2025-12-06;8;301
25;2025-12-06;9;255
25;2025-12-06;10;255
25;2025-12-06;11;364
25;2025-12-06;12;384
25;2025-12-06;13;543
25;2025-12-06;14;514
25;2025-12-06;15;618
25;2025-12-06;16;573
25;2025-12-06;17;549
25;2025-12-06;18;497
25;2025-12-06;19;415
25;2025-12-06;20;240
25;2025-12-06;21;175
25;2025-12-06;22;86
25;2025-12-06;23;32
25;2025-12-07;0;4
25;2025-12-07;1;0
25;2025-12-07;2;0
25;2025-12-07;3;0
25;2025-12-07;4;0
25;2025-12-07;5;0
25;2025-12-07;6;91
25;2025-12-07;7;90
25;2025-12-07;8;190
25;2025-12-07;9;193
25;2025-12-07;10;199
25;2025-12-07;11;309
25;2025-12-07;12;338
25;2025-12-07;13;463
25;2025-12-07;14;465
25;2025-12-07;15;558
25;2025-12-07;16;507
25;2025-12-07;17;498
25;2025-12-07;18;440
25;2025-12-07;19;349
25;2025-12-07;20;200
25;2025-12-07;21;141
25;2025-12-07;22;71
25;2025-12-07;23;21
25;2025-12-08;0;0
25;2025-12-08;1;0
25;2025-12-08;2;0
25;2025-12-08;3;0
25;2025-12-08;4;0
25;2025-12-08;5;11
25;2025-12-08;6;211
25;2025-12-08;7;523
25;2025-12-08;8;829
25;2025-12-08;9;474
25;2025-12-08;10;336
25;2025-12-08;11;402
25;2025-12-08;12;401
25;2025-12-08;13;512
25;2025-12-08;14;451
25;2025-12-08;15;535
25;2025-12-08;16;645
25;2025-12-08;17;715
25;2025-12-08;18;737
25;2025-12-08;19;555
25;2025-12-08;20;294
25;2025-12-08;21;179
25;2025-12-08;22;65
25;2025-12-08;23;0
25;2025-12-09;0;0
25;2025-12-09;1;0
25;2025-12-09;2;0
25;2025-12-09;3;0
25;2025-12-09;4;0
25;2025-12-09;5;10
25;2025-12-09;6;206
25;2025-12-09;7;528
25;2025-12-09;8;866
25;2025-12-09;9;471
25;2025-12-09;10;349
25;2025-12-09;11;416
25;2025-12-09;12;398
25;2025-12-09;13;495
25;2025-12-09;14;460
25;2025-12-09;15;559
25;2025-12-09;16;663
25;2025-12-09;17;717
25;2025-12-09;18;746
25;2025-12-09;19;543
25;2025-12-09;20;295
25;2025-12-09;21;177
25;2025-12-09;22;67
25;2025-12-09;23;0
25;2025-12-10;0;0
25;2025-12-10;1;0
25;2025-12-10;2;0
25;2025-12-10;3;0
25;2025-12-10;4;0
25;2025-12-10;5;20
25;2025-12-10;6;216
25;2025-12-10;7;531
25;2025-12-10;8;875
25;2025-12-10;9;478
25;2025-12-10;10;361
25;2025-12-10;11;439
25;2025-12-10;12;434
25;2025-12-10;13;563
25;2025-12-10;14;485
25;2025-12-10;15;581
25;2025-12-10;16;673
25;2025-12-10;17;753
25;2025-12-10;18;784
25;2025-12-10;19;569
25;2025-12-10;20;328
25;2025-12-10;21;208
25;2025-12-10;22;91
25;2025-12-10;23;0
25;2025-12-11;0;0
25;2025-12-11;1;0
25;2025-12-11;2;0
25;2025-12-11;3;0
25;2025-12-11;4;0
25;2025-12-11;5;17
25;2025-12-11;6;211
25;2025-12-11;7;527
25;2025-12-11;8;867
25;2025-12-11;9;473
25;2025-12-11;10;359
25;2025-12-11;11;428
25;2025-12-11;12;415
25;2025-12-11;13;525
25;2025-12-11;14;492
25;2025-12-11;15;589
25;2025-12-11;16;687
25;2025-12-11;17;741
25;2025-12-11;18;765
25;2025-12-11;19;559
25;2025-12-11;20;307
25;2025-12-11;21;198
25;2025-12-11;22;85
25;2025-12-11;23;0
25;2025-12-12;0;0
25;2025-12-12;1;0
25;2025-12-12;2;0
25;2025-12-12;3;0
25;2025-12-12;4;0
25;2025-12-12;5;11
25;2025-12-12;6;197
25;2025-12-12;7;517
25;2025-12-12;8;826
25;2025-12-12;9;442
25;2025-12-12;10;344
25;2025-12-12;11;420
25;2025-12-12;12;403
25;2025-12-12;13;526
25;2025-12-12;14;498
25;2025-12-12;15;614
25;2025-12-12;16;713
25;2025-12-12;17;731
25;2025-12-12;18;654
25;2025-12-12;19;502
25;2025-12-12;20;286
25;2025-12-12;21;185
25;2025-12-12;22;86
25;2025-12-12;23;4
25;2025-12-13;0;0
25;2025-12-13;1;0
25;2025-12-13;2;0
25;2025-12-13;3;0
25;2025-12-13;4;2
25;2025-12-13;5;7
25;2025-12-13;6;115
25;2025-12-13;7;126
25;2025-12-13;8;301
25;2025-12-13;9;255
25;2025-12-13;10;255
25;2025-12-13;11;364
25;2025-12-13;12;384
25;2025-12-13;13;543
25;2025-12-13;14;514
25;2025-12-13;15;618
25;2025-12-13;16;573
25;2025-12-13;17;549
25;2025-12-13;18;497
25;2025-12-13;19;415
25;2025-12-13;20;240
25;2025-12-13;21;175
25;2025-12-13;22;86
25;2025-12-13;23;32
25;2025-12-14;0;4
25;2025-12-14;1;0
25;2025-12-14;2;0
25;2025-12-14;3;0
25;2025-12-14;4;0
25;2025-12-14;5;0
25;2025-12-14;6;91
25;2025-12-14;7;90
25;2025-12-14;8;190
25;2025-12-14;9;193
25;2025-12-14;10;199
25;2025-12-14;11;309
25;2025-12-14;12;338
25;2025-12-14;13;463
25;2025-12-14;14;465
25;2025-12-14;15;558
25;2025-12-14;16;507
25;2025-12-14;17;498
25;2025-12-14;18;440
25;2025-12-14;19;349
25;2025-12-14;20;200
25;2025-12-14;21;141
25;2025-12-14;22;71
25;2025-12-14;23;21
25;2025-12-15;0;0
25;2025-12-15;1;0
25;2025-12-15;2;0
25;2025-12-15;3;0
25;2025-12-15;4;0
25;2025-12-15;5;11
25;2025-12-15;6;211
25;2025-12-15;7;523
25;2025-12-15;8;829
25;2025-12-15;9;474
25;2025-12-15;10;336
25;2025-12-15;11;402
25;2025-12-15;12;401
25;2025-12-15;13;512
25;2025-12-15;14;451
25;2025-12-15;15;535
25;2025-12-15;16;645
25;2025-12-15;17;715
25;2025-12-15;18;737
25;2025-12-15;19;555
25;2025-12-15;20;294
25;2025-12-15;21;179
25;2025-12-15;22;65
25;2025-12-15;23;0
25;2025-12-16;0;0
25;2025-12-16;1;0
25;2025-12-16;2;0
25;2025-12-16;3;0
25;2025-12-16;4;0
25;2025-12-16;5;10
25;2025-12-16;6;206
25;2025-12-16;7;528
25;2025-12-16;8;866
25;2025-12-16;9;471
25;2025-12-16;10;349
25;2025-12-16;11;416
25;2025-12-16;12;398
25;2025-12-16;13;495
25;2025-12-16;14;460
25;2025-12-16;15;559
25;2025-12-16;16;663
25;2025-12-16;17;717
25;2025-12-16;18;746
25;2025-12-16;19;543
25;2025-12-16;20;295
25;2025-12-16;21;177
25;2025-12-16;22;67
25;2025-12-16;23;0
25;2025-12-17;0;0
25;2025-12-17;1;0
25;2025-12-17;2;0
25;2025-12-17;3;0
25;2025-12-17;4;0
25;2025-12-17;5;20
25;2025-12-17;6;216
25;2025-12-17;7;531
25;2025-12-17;8;875
25;2025-12-17;9;478
25;2025-12-17;10;361
25;2025-12-17;11;439
25;2025-12-17;12;434
25;2025-12-17;13;563
25;2025-12-17;14;485
25;2025-12-17;15;581
25;2025-12-17;16;673
25;2025-12-17;17;753
25;2025-12-17;18;784
25;2025-12-17;19;569
25;2025-12-17;20;328
25;2025-12-17;21;208
25;2025-12-17;22;91
25;2025-12-17;23;0
25;2025-12-18;0;0
25;2025-12-18;1;0
25;2025-12-18;2;0
25;2025-12-18;3;0
25;2025-12-18;4;0
25;2025-12-18;5;17
25;2025-12-18;6;211
25;2025-12-18;7;527
25;2025-12-18;8;867
25;2025-12-18;9;473
25;2025-12-18;10;359
25;2025-12-18;11;428
25;2025-12-18;12;415
25;2025-12-18;13;525
25;2025-12-18;14;492
25;2025-12-18;15;589
25;2025-12-18;16;687
25;2025-12-18;17;741
25;2025-12-18;18;765
25;2025-12-18;19;559
25;2025-12-18;20;307
25;2025-12-18;21;198
25;2025-12-18;22;85
25;2025-12-18;23;0
25;2025-12-19;0;0
25;2025-12-19;1;0
25;2025-12-19;2;0
25;2025-12-19;3;0
25;2025-12-19;4;0
25;2025-12-19;5;11
25;2025-12-19;6;197
25;2025-12-19;7;517
25;2025-12-19;8;826
25;2025-12-19;9;442
25;2025-12-19;10;344
25;2025-12-19;11;420
25;2025-12-19;12;403
25;2025-12-19;13;526
25;2025-12-19;14;498
25;2025-12-19;15;614
25;2025-12-19;16;713
25;2025-12-19;17;731
25;2025-12-19;18;654
25;2025-12-19;19;502
25;2025-12-19;20;286
25;2025-12-19;21;185
25;2025-12-19;22;86
25;2025-12-19;23;4
25;2025-12-20;0;0
25;2025-12-20;1;0
25;2025-12-20;2;0
25;2025-12-20;3;0
25;2025-12-20;4;2
25;2025-12-20;5;7
25;2025-12-20;6;115
25;2025-12-20;7;126
25;2025-12-20;8;301
25;2025-12-20;9;255
25;2025-12-20;10;255
25;2025-12-20;11;364
25;2025-12-20;12;384
25;2025-12-20;13;543
25;2025-12-20;14;514
25;2025-12-20;15;618
25;2025-12-20;16;573
25;2025-12-20;17;549
25;2025-12-20;18;497
25;2025-12-20;19;415
25;2025-12-20;20;240
25;2025-12-20;21;175
25;2025-12-20;22;86
25;2025-12-20;23;32
25;2025-12-21;0;4
25;2025-12-21;1;0
25;2025-12-21;2;0
25;2025-12-21;3;0
25;2025-12-21;4;0
25;2025-12-21;5;0
25;2025-12-21;6;91
25;2025-12-21;7;90
25;2025-12-21;8;190
25;2025-12-21;9;193
25;2025-12-21;10;199
25;2025-12-21;11;309
25;2025-12-21;12;338
25;2025-12-21;13;463
25;2025-12-21;14;465
25;2025-12-21;15;558
25;2025-12-21;16;507
25;2025-12-21;17;498
25;2025-12-21;18;440
25;2025-12-21;19;349
25;2025-12-21;20;200
25;2025-12-21;21;141
25;2025-12-21;22;71
25;2025-12-21;23;21
25;2025-12-22;0;0
25;2025-12-22;1;0
25;2025-12-22;2;0
25;2025-12-22;3;0
25;2025-12-22;4;0
25;2025-12-22;5;11
25;2025-12-22;6;211
25;2025-12-22;7;523
25;2025-12-22;8;829
25;2025-12-22;9;474
25;2025-12-22;10;336
25;2025-12-22;11;402
25;2025-12-22;12;401
25;2025-12-22;13;512
25;2025-12-22;14;451
25;2025-12-22;15;535
25;2025-12-22;16;645
25;2025-12-22;17;715
25;2025-12-22;18;737
25;2025-12-22;19;555
25;2025-12-22;20;294
25;2025-12-22;21;179
25;2025-12-22;22;65
25;2025-12-22;23;0
25;2025-12-23;0;0
25;2025-12-23;1;0
25;2025-12-23;2;0
25;2025-12-23;3;0
25;2025-12-23;4;0
25;2025-12-23;5;10
25;2025-12-23;6;206
25;2025-12-23;7;528
25;2025-12-23;8;866
25;2025-12-23;9;471
25;2025-12-23;10;349
25;2025-12-23;11;416
25;2025-12-23;12;398
25;2025-12-23;13;495
25;2025-12-23;14;460
25;2025-12-23;15;559
25;2025-12-23;16;663
25;2025-12-23;17;717
25;2025-12-23;18;746
25;2025-12-23;19;543
25;2025-12-23;20;295
25;2025-12-23;21;177
25;2025-12-23;22;67
25;2025-12-23;23;0
25;2025-12-24;0;0
25;2025-12-24;1;0
25;2025-12-24;2;0
25;2025-12-24;3;0
25;2025-12-24;4;0
25;2025-12-24;5;20
25;2025-12-24;6;216
25;2025-12-24;7;531
25;2025-12-24;8;875
25;2025-12-24;9;478
25;2025-12-24;10;361
25;2025-12-24;11;439
25;2025-12-24;12;434
25;2025-12-24;13;563
25;2025-12-24;14;485
25;2025-12-24;15;581
25;2025-12-24;16;673
25;2025-12-24;17;753
25;2025-12-24;18;784
25;2025-12-24;19;569
25;2025-12-24;20;328
25;2025-12-24;21;208
25;2025-12-24;22;91
25;2025-12-24;23;0
25;2025-12-25;0;0
25;2025-12-25;1;0
25;2025-12-25;2;0
25;2025-12-25;3;0
25;2025-12-25;4;0
25;2025-12-25;5;17
25;2025-12-25;6;211
25;2025-12-25;7;527
25;2025-12-25;8;867
25;2025-12-25;9;473
25;2025-12-25;10;359
25;2025-12-25;11;428
25;2025-12-25;12;415
25;2025-12-25;13;525
25;2025-12-25;14;492
25;2025-12-25;15;589
25;2025-12-25;16;687
25;2025-12-25;17;741
25;2025-12-25;18;765
25;2025-12-25;19;559
25;2025-12-25;20;307
25;2025-12-25;21;198
25;2025-12-25;22;85
25;2025-12-25;23;0
25;2025-12-26;0;0
25;2025-12-26;1;0
25;2025-12-26;2;0
25;2025-12-26;3;0
25;2025-12-26;4;0
25;2025-12-26;5;11
25;2025-12-26;6;197
25;2025-12-26;7;517
25;2025-12-26;8;826
25;2025-12-26;9;442
25;2025-12-26;10;344
25;2025-12-26;11;420
25;2025-12-26;12;403
25;2025-12-26;13;526
25;2025-12-26;14;498
25;2025-12-26;15;614
25;2025-12-26;16;713
25;2025-12-26;17;731
25;2025-12-26;18;654
25;2025-12-26;19;502
25;2025-12-26;20;286
25;2025-12-26;21;185
25;2025-12-26;22;86
25;2025-12-26;23;4
25;2025-12-27;0;0
25;2025-12-27;1;0
25;2025-12-27;2;0
25;2025-12-27;3;0
25;2025-12-27;4;2
25;2025-12-27;5;7
25;2025-12-27;6;115
25;2025-12-27;7;126
25;2025-12-27;8;301
25;2025-12-27;9;255
25;2025-12-27;10;255
25;2025-12-27;11;364
25;2025-12-27;12;384
25;2025-12-27;13;543
25;2025-12-27;14;514
25;2025-12-27;15;618
25;2025-12-27;16;573
25;2025-12-27;17;549
25;2025-12-27;18;497
25;2025-12-27;19;415
25;2025-12-27;20;240
25;2025-12-27;21;175
25;2025-12-27;22;86
25;2025-12-27;23;32
25;2025-12-28;0;4
25;2025-12-28;1;0
25;2025-12-28;2;0
25;2025-12-28;3;0
25;2025-12-28;4;0
25;2025-12-28;5;0
25;2025-12-28;6;91
25;2025-12-28;7;90
25;2025-12-28;8;190
25;2025-12-28;9;193
25;2025-12-28;10;199
25;2025-12-28;11;309
25;2025-12-28;12;338
25;2025-12-28;13;463
25;2025-12-28;14;465
25;2025-12-28;15;558
25;2025-12-28;16;507
25;2025-12-28;17;498
25;2025-12-28;18;440
25;2025-12-28;19;349
25;2025-12-28;20;200
25;2025-12-28;21;141
25;2025-12-28;22;71
25;2025-12-28;23;21
25;2025-12-29;0;0
25;2025-12-29;1;0
25;2025-12-29;2;0
25;2025-12-29;3;0
25;2025-12-29;4;0
25;2025-12-29;5;11
25;2025-12-29;6;211
25;2025-12-29;7;523
25;2025-12-29;8;829
25;2025-12-29;9;474
25;2025-12-29;10;336
25;2025-12-29;11;402
25;2025-12-29;12;401
25;2025-12-29;13;512
25;2025-12-29;14;451
25;2025-12-29;15;535
25;2025-12-29;16;645
25;2025-12-29;17;715
25;2025-12-29;18;737
25;2025-12-29;19;555
25;2025-12-29;20;294
25;2025-12-29;21;179
25;2025-12-29;22;65
25;2025-12-29;23;0
25;2025-12-30;0;0
25;2025-12-30;1;0
25;2025-12-30;2;0
25;2025-12-30;3;0
25;2025-12-30;4;0
25;2025-12-30;5;10
25;2025-12-30;6;206
25;2025-12-30;7;528
25;2025-12-30;8;866
25;2025-12-30;9;471
25;2025-12-30;10;349
25;2025-12-30;11;416
25;2025-12-30;12;398
25;2025-12-30;13;495
25;2025-12-30;14;460
25;2025-12-30;15;559
25;2025-12-30;16;663
25;2025-12-30;17;717
25;2025-12-30;18;746
25;2025-12-30;19;543
25;2025-12-30;20;295
25;2025-12-30;21;177
25;2025-12-30;22;67
25;2025-12-30;23;0
25;2025-12-31;0;0
25;2025-12-31;1;0
25;2025-12-31;2;0
25;2025-12-31;3;0
25;2025-12-31;4;0
25;2025-12-31;5;17
25;2025-12-31;6;156
25;2025-12-31;7;166
25;2025-12-31;8;338
25;2025-12-31;9;252
25;2025-12-31;10;240
25;2025-12-31;11;343
25;2025-12-31;12;370
25;2025-12-31;13;506
25;2025-12-31;14;444
25;2025-12-31;15;534
25;2025-12-31;16;520
25;2025-12-31;17;545
25;2025-12-31;18;535
25;2025-12-31;19;438
25;2025-12-31;20;253
25;2025-12-31;21;196
25;2025-12-31;22;88
25;2025-12-31;23;15
26;2025-11-01;0;48
26;2025-11-01;1;0
26;2025-11-01;2;0
26;2025-11-01;3;0
26;2025-11-01;4;4
26;2025-11-01;5;78
26;2025-11-01;6;450
26;2025-11-01;7;1071
26;2025-11-01;8;1950
26;2025-11-01;9;1397
26;2025-11-01;10;1259
26;2025-11-01;11;1196
26;2025-11-01;12;1300
26;2025-11-01;13;1351
26;2025-11-01;14;1467
26;2025-11-01;15;1454
26;2025-11-01;16;1641
26;2025-11-01;17;1725
26;2025-11-01;18;1589
26;2025-11-01;19;1125
26;2025-11-01;20;756
26;2025-11-01;21;456
26;2025-11-01;22;206
26;2025-11-01;23;150
26;2025-11-02;0;42
26;2025-11-02;1;0
26;2025-11-02;2;0
26;2025-11-02;3;0
26;2025-11-02;4;1
26;2025-11-02;5;2
26;2025-11-02;6;128
26;2025-11-02;7;213
26;2025-11-02;8;389
26;2025-11-02;9;496
26;2025-11-02;10;580
26;2025-11-02;11;740
26;2025-11-02;12;807
26;2025-11-02;13;846
26;2025-11-02;14;867
26;2025-11-02;15;778
26;2025-11-02;16;806
26;2025-11-02;17;789
26;2025-11-02;18;643
26;2025-11-02;19;502
26;2025-11-02;20;363
26;2025-11-02;21;284
26;2025-11-02;22;140
26;2025-11-02;23;96
26;2025-11-03;0;30
26;2025-11-03;1;1
26;2025-11-03;2;0
26;2025-11-03;3;0
26;2025-11-03;4;1
26;2025-11-03;5;40
26;2025-11-03;6;245
26;2025-11-03;7;311
26;2025-11-03;8;723
26;2025-11-03;9;555
26;2025-11-03;10;645
26;2025-11-03;11;728
26;2025-11-03;12;800
26;2025-11-03;13;827
26;2025-11-03;14;861
26;2025-11-03;15;789
26;2025-11-03;16;817
26;2025-11-03;17;850
26;2025-11-03;18;782
26;2025-11-03;19;633
26;2025-11-03;20;401
26;2025-11-03;21;331
26;2025-11-03;22;149
26;2025-11-03;23;96
26;2025-11-04;0;26
26;2025-11-04;1;0
26;2025-11-04;2;0
26;2025-11-04;3;0
26;2025-11-04;4;0
26;2025-11-04;5;33
26;2025-11-04;6;239
26;2025-11-04;7;290
26;2025-11-04;8;665
26;2025-11-04;9;471
26;2025-11-04;10;547
26;2025-11-04;11;611
26;2025-11-04;12;669
26;2025-11-04;13;703
26;2025-11-04;14;770
26;2025-11-04;15;678
26;2025-11-04;16;726
26;2025-11-04;17;770
26;2025-11-04;18;694
26;2025-11-04;19;595
26;2025-11-04;20;398
26;2025-11-04;21;314
26;2025-11-04;22;167
26;2025-11-04;23;101
26;2025-11-05;0;23
26;2025-11-05;1;0
26;2025-11-05;2;0
26;2025-11-05;3;0
26;2025-11-05;4;2
26;2025-11-05;5;83
26;2025-11-05;6;459
26;2025-11-05;7;1079
26;2025-11-05;8;2164
26;2025-11-05;9;1413
26;2025-11-05;10;1245
26;2025-11-05;11;1143
26;2025-11-05;12;1223
26;2025-11-05;13;1243
26;2025-11-05;14;1341
26;2025-11-05;15;1342
26;2025-11-05;16;1505
26;2025-11-05;17;1701
26;2025-11-05;18;1774
26;2025-11-05;19;1229
26;2025-11-05;20;743
26;2025-11-05;21;479
26;2025-11-05;22;191
26;2025-11-05;23;112
26;2025-11-06;0;35
26;2025-11-06;1;2
26;2025-11-06;2;0
26;2025-11-06;3;0
26;2025-11-06;4;3
26;2025-11-06;5;89
26;2025-11-06;6;464
26;2025-11-06;7;1107
26;2025-11-06;8;2184
26;2025-11-06;9;1450
26;2025-11-06;10;1250
26;2025-11-06;11;1159
26;2025-11-06;12;1219
26;2025-11-06;13;1237
26;2025-11-06;14;1355
26;2025-11-06;15;1353
26;2025-11-06;16;1525
26;2025-11-06;17;1723
26;2025-11-06;18;1839
26;2025-11-06;19;1251
26;2025-11-06;20;752
26;2025-11-06;21;466
26;2025-11-06;22;200
26;2025-11-06;23;131
26;2025-11-07;0;29
26;2025-11-07;1;0
26;2025-11-07;2;0
26;2025-11-07;3;0
26;2025-11-07;4;0
26;2025-11-07;5;66
26;2025-11-07;6;456
26;2025-11-07;7;1047
26;2025-11-07;8;1971
26;2025-11-07;9;1343
26;2025-11-07;10;1190
26;2025-11-07;11;1085
26;2025-11-07;12;1134
26;2025-11-07;13;1197
26;2025-11-07;14;1329
26;2025-11-07;15;1343
26;2025-11-07;16;1593
26;2025-11-07;17;1685
26;2025-11-07;18;1377
26;2025-11-07;19;1064
26;2025-11-07;20;659
26;2025-11-07;21;437
26;2025-11-07;22;181
26;2025-11-07;23;129
26;2025-11-08;0;46
26;2025-11-08;1;0
26;2025-11-08;2;0
26;2025-11-08;3;0
26;2025-11-08;4;2
26;2025-11-08;5;37
26;2025-11-08;6;230
26;2025-11-08;7;338
26;2025-11-08;8;644
26;2025-11-08;9;680
26;2025-11-08;10;809
26;2025-11-08;11;917
26;2025-11-08;12;999
26;2025-11-08;13;1029
26;2025-11-08;14;1059
26;2025-11-08;15;943
26;2025-11-08;16;989
26;2025-11-08;17;957
26;2025-11-08;18;819
26;2025-11-08;19;744
26;2025-11-08;20;493
26;2025-11-08;21;350
26;2025-11-08;22;181
26;2025-11-08;23;144
26;2025-11-09;0;42
26;2025-11-09;1;0
26;2025-11-09;2;0
26;2025-11-09;3;0
26;2025-11-09;4;1
26;2025-11-09;5;2
26;2025-11-09;6;128
26;2025-11-09;7;213
26;2025-11-09;8;389
26;2025-11-09;9;496
26;2025-11-09;10;580
26;2025-11-09;11;740
26;2025-11-09;12;807
26;2025-11-09;13;846
26;2025-11-09;14;867
26;2025-11-09;15;778
26;2025-11-09;16;806
26;2025-11-09;17;789
26;2025-11-09;18;643
26;2025-11-09;19;502
26;2025-11-09;20;363
26;2025-11-09;21;284
26;2025-11-09;22;140
26;2025-11-09;23;96
26;2025-11-10;0;22
26;2025-11-10;1;0
26;2025-11-10;2;0
26;2025-11-10;3;0
26;2025-11-10;4;1
26;2025-11-10;5;78
26;2025-11-10;6;465
26;2025-11-10;7;1081
26;2025-11-10;8;2090
26;2025-11-10;9;1392
26;2025-11-10;10;1224
26;2025-11-10;11;1090
26;2025-11-10;12;1156
26;2025-11-10;13;1197
26;2025-11-10;14;1280
26;2025-11-10;15;1315
26;2025-11-10;16;1484
26;2025-11-10;17;1701
26;2025-11-10;18;1762
26;2025-11-10;19;1212
26;2025-11-10;20;719
26;2025-11-10;21;434
26;2025-11-10;22;167
26;2025-11-10;23;94
26;2025-11-11;0;19
26;2025-11-11;1;0
26;2025-11-11;2;0
26;2025-11-11;3;0
26;2025-11-11;4;0
26;2025-11-11;5;74
26;2025-11-11;6;468
26;2025-11-11;7;1094
26;2025-11-11;8;2176
26;2025-11-11;9;1414
26;2025-11-11;10;1239
26;2025-11-11;11;1130
26;2025-11-11;12;1178
26;2025-11-11;13;1195
26;2025-11-11;14;1315
26;2025-11-11;15;1325
26;2025-11-11;16;1503
26;2025-11-11;17;1721
26;2025-11-11;18;1816
26;2025-11-11;19;1250
26;2025-11-11;20;745
26;2025-11-11;21;445
26;2025-11-11;22;182
26;2025-11-11;23;98
26;2025-11-12;0;23
26;2025-11-12;1;0
26;2025-11-12;2;0
26;2025-11-12;3;0
26;2025-11-12;4;2
26;2025-11-12;5;83
26;2025-11-12;6;459
26;2025-11-12;7;1079
26;2025-11-12;8;2164
26;2025-11-12;9;1413
26;2025-11-12;10;1245
26;2025-11-12;11;1143
26;2025-11-12;12;1223
26;2025-11-12;13;1243
26;2025-11-12;14;1341
26;2025-11-12;15;1342
26;2025-11-12;16;1505
26;2025-11-12;17;1701
26;2025-11-12;18;1774
26;2025-11-12;19;1229
26;2025-11-12;20;743
26;2025-11-12;21;479
26;2025-11-12;22;191
26;2025-11-12;23;112
26;2025-11-13;0;35
26;2025-11-13;1;2
26;2025-11-13;2;0
26;2025-11-13;3;0
26;2025-11-13;4;3
26;2025-11-13;5;89
26;2025-11-13;6;464
26;2025-11-13;7;1107
26;2025-11-13;8;2184
26;2025-11-13;9;1450
26;2025-11-13;10;1250
26;2025-11-13;11;1159
26;2025-11-13;12;1219
26;2025-11-13;13;1237
26;2025-11-13;14;1355
26;2025-11-13;15;1353
26;2025-11-13;16;1525
26;2025-11-13;17;1723
26;2025-11-13;18;1839
26;2025-11-13;19;1251
26;2025-11-13;20;752
26;2025-11-13;21;466
26;2025-11-13;22;200
26;2025-11-13;23;131
26;2025-11-14;0;29
26;2025-11-14;1;0
26;2025-11-14;2;0
26;2025-11-14;3;0
26;2025-11-14;4;0
26;2025-11-14;5;66
26;2025-11-14;6;456
26;2025-11-14;7;1047
26;2025-11-14;8;1971
26;2025-11-14;9;1343
26;2025-11-14;10;1190
26;2025-11-14;11;1085
26;2025-11-14;12;1134
26;2025-11-14;13;1197
26;2025-11-14;14;1329
26;2025-11-14;15;1343
26;2025-11-14;16;1593
26;2025-11-14;17;1685
26;2025-11-14;18;1377
26;2025-11-14;19;1064
26;2025-11-14;20;659
26;2025-11-14;21;437
26;2025-11-14;22;181
26;2025-11-14;23;129
26;2025-11-15;0;46
26;2025-11-15;1;0
26;2025-11-15;2;0
26;2025-11-15;3;0
26;2025-11-15;4;2
26;2025-11-15;5;37
26;2025-11-15;6;230
26;2025-11-15;7;338
26;2025-11-15;8;644
26;2025-11-15;9;680
26;2025-11-15;10;809
26;2025-11-15;11;917
26;2025-11-15;12;999
26;2025-11-15;13;1029
26;2025-11-15;14;1059
26;2025-11-15;15;943
26;2025-11-15;16;989
26;2025-11-15;17;957
26;2025-11-15;18;819
26;2025-11-15;19;744
26;2025-11-15;20;493
26;2025-11-15;21;350
26;2025-11-15;22;181
26;2025-11-15;23;144
26;2025-11-16;0;42
26;2025-11-16;1;0
26;2025-11-16;2;0
26;2025-11-16;3;0
26;2025-11-16;4;1
26;2025-11-16;5;2
26;2025-11-16;6;128
26;2025-11-16;7;213
26;2025-11-16;8;389
26;2025-11-16;9;496
26;2025-11-16;10;580
26;2025-11-16;11;740
26;2025-11-16;12;807
26;2025-11-16;13;846
26;2025-11-16;14;867
26;2025-11-16;15;778
26;2025-11-16;16;806
26;2025-11-16;17;789
26;2025-11-16;18;643
26;2025-11-16;19;502
26;2025-11-16;20;363
26;2025-11-16;21;284
26;2025-11-16;22;140
26;2025-11-16;23;96
26;2025-11-17;0;22
26;2025-11-17;1;0
26;2025-11-17;2;0
26;2025-11-17;3;0
26;2025-11-17;4;1
26;2025-11-17;5;78
26;2025-11-17;6;465
26;2025-11-17;7;1081
26;2025-11-17;8;2090
26;2025-11-17;9;1392
26;2025-11-17;10;1224
26;2025-11-17;11;1090
26;2025-11-17;12;1156
26;2025-11-17;13;1197
26;2025-11-17;14;1280
26;2025-11-17;15;1315
26;2025-11-17;16;1484
26;2025-11-17;17;1701
26;2025-11-17;18;1762
26;2025-11-17;19;1212
26;2025-11-17;20;719
26;2025-11-17;21;434
26;2025-11-17;22;167
26;2025-11-17;23;94
26;2025-11-18;0;19
26;2025-11-18;1;0
26;2025-11-18;2;0
26;2025-11-18;3;0
26;2025-11-18;4;0
26;2025-11-18;5;74
26;2025-11-18;6;468
26;2025-11-18;7;1094
26;2025-11-18;8;2176
26;2025-11-18;9;1414
26;2025-11-18;10;1239
26;2025-11-18;11;1130
26;2025-11-18;12;1178
26;2025-11-18;13;1195
26;2025-11-18;14;1315
26;2025-11-18;15;1325
26;2025-11-18;16;1503
26;2025-11-18;17;1721
26;2025-11-18;18;1816
26;2025-11-18;19;1250
26;2025-11-18;20;745
26;2025-11-18;21;445
26;2025-11-18;22;182
26;2025-11-18;23;98
26;2025-11-19;0;23
26;2025-11-19;1;0
26;2025-11-19;2;0
26;2025-11-19;3;0
26;2025-11-19;4;2
26;2025-11-19;5;83
26;2025-11-19;6;459
26;2025-11-19;7;1079
26;2025-11-19;8;2164
26;2025-11-19;9;1413
26;2025-11-19;10;1245
26;2025-11-19;11;1143
26;2025-11-19;12;1223
26;2025-11-19;13;1243
26;2025-11-19;14;1341
26;2025-11-19;15;1342
26;2025-11-19;16;1505
26;2025-11-19;17;1701
26;2025-11-19;18;1774
26;2025-11-19;19;1229
26;2025-11-19;20;743
26;2025-11-19;21;479
26;2025-11-19;22;191
26;2025-11-19;23;112
26;2025-11-20;0;35
26;2025-11-20;1;2
26;2025-11-20;2;0
26;2025-11-20;3;0
26;2025-11-20;4;3
26;2025-11-20;5;89
26;2025-11-20;6;464
26;2025-11-20;7;1107
26;2025-11-20;8;2184
26;2025-11-20;9;1450
26;2025-11-20;10;1250
26;2025-11-20;11;1159
26;2025-11-20;12;1219
26;2025-11-20;13;1237
26;2025-11-20;14;1355
26;2025-11-20;15;1353
26;2025-11-20;16;1525
26;2025-11-20;17;1723
26;2025-11-20;18;1839
26;2025-11-20;19;1251
26;2025-11-20;20;752
26;2025-11-20;21;466
26;2025-11-20;22;200
26;2025-11-20;23;131
26;2025-11-21;0;29
26;2025-11-21;1;0
26;2025-11-21;2;0
26;2025-11-21;3;0
26;2025-11-21;4;0
26;2025-11-21;5;66
26;2025-11-21;6;456
26;2025-11-21;7;1047
26;2025-11-21;8;1971
26;2025-11-21;9;1343
26;2025-11-21;10;1190
26;2025-11-21;11;1085
26;2025-11-21;12;1134
26;2025-11-21;13;1197
26;2025-11-21;14;1329
26;2025-11-21;15;1343
26;2025-11-21;16;1593
26;2025-11-21;17;1685
26;2025-11-21;18;1377
26;2025-11-21;19;1064
26;2025-11-21;20;659
26;2025-11-21;21;437
26;2025-11-21;22;181
26;2025-11-21;23;129
26;2025-11-22;0;46
26;2025-11-22;1;0
26;2025-11-22;2;0
26;2025-11-22;3;0
26;2025-11-22;4;2
26;2025-11-22;5;37
26;2025-11-22;6;230
26;2025-11-22;7;338
26;2025-11-22;8;644
26;2025-11-22;9;680
26;2025-11-22;10;809
26;2025-11-22;11;917
26;2025-11-22;12;999
26;2025-11-22;13;1029
26;2025-11-22;14;1059
26;2025-11-22;15;943
26;2025-11-22;16;989
26;2025-11-22;17;957
26;2025-11-22;18;819
26;2025-11-22;19;744
26;2025-11-22;20;493
26;2025-11-22;21;350
26;2025-11-22;22;181
26;2025-11-22;23;144
26;2025-11-23;0;42
26;2025-11-23;1;0
26;2025-11-23;2;0
26;2025-11-23;3;0
26;2025-11-23;4;1
26;2025-11-23;5;2
26;2025-11-23;6;128
26;2025-11-23;7;213
26;2025-11-23;8;389
26;2025-11-23;9;496
26;2025-11-23;10;580
26;2025-11-23;11;740
26;2025-11-23;12;807
26;2025-11-23;13;846
26;2025-11-23;14;867
26;2025-11-23;15;778
26;2025-11-23;16;806
26;2025-11-23;17;789
26;2025-11-23;18;643
26;2025-11-23;19;502
26;2025-11-23;20;363
26;2025-11-23;21;284
26;2025-11-23;22;140
26;2025-11-23;23;96
26;2025-11-24;0;22
26;2025-11-24;1;0
26;2025-11-24;2;0
26;2025-11-24;3;0
26;2025-11-24;4;1
26;2025-11-24;5;78
26;2025-11-24;6;465
26;2025-11-24;7;1081
26;2025-11-24;8;2090
26;2025-11-24;9;1392
26;2025-11-24;10;1224
26;2025-11-24;11;1090
26;2025-11-24;12;1156
26;2025-11-24;13;1197
26;2025-11-24;14;1280
26;2025-11-24;15;1315
26;2025-11-24;16;1484
26;2025-11-24;17;1701
26;2025-11-24;18;1762
26;2025-11-24;19;1212
26;2025-11-24;20;719
26;2025-11-24;21;434
26;2025-11-24;22;167
26;2025-11-24;23;94
26;2025-11-25;0;19
26;2025-11-25;1;0
26;2025-11-25;2;0
26;2025-11-25;3;0
26;2025-11-25;4;0
26;2025-11-25;5;74
26;2025-11-25;6;468
26;2025-11-25;7;1094
26;2025-11-25;8;2176
26;2025-11-25;9;1414
26;2025-11-25;10;1239
26;2025-11-25;11;1130
26;2025-11-25;12;1178
26;2025-11-25;13;1195
26;2025-11-25;14;1315
26;2025-11-25;15;1325
26;2025-11-25;16;1503
26;2025-11-25;17;1721
26;2025-11-25;18;1816
26;2025-11-25;19;1250
26;2025-11-25;20;745
26;2025-11-25;21;445
26;2025-11-25;22;182
26;2025-11-25;23;98
26;2025-11-26;0;23
26;2025-11-26;1;0
26;2025-11-26;2;0
26;2025-11-26;3;0
26;2025-11-26;4;2
26;2025-11-26;5;83
26;2025-11-26;6;459
26;2025-11-26;7;1079
26;2025-11-26;8;2164
26;2025-11-26;9;1413
26;2025-11-26;10;1245
26;2025-11-26;11;1143
26;2025-11-26;12;1223
26;2025-11-26;13;1243
26;2025-11-26;14;1341
26;2025-11-26;15;1342
26;2025-11-26;16;1505
26;2025-11-26;17;1701
26;2025-11-26;18;1774
26;2025-11-26;19;1229
26;2025-11-26;20;743
26;2025-11-26;21;479
26;2025-11-26;22;191
26;2025-11-26;23;112
26;2025-11-27;0;35
26;2025-11-27;1;2
26;2025-11-27;2;0
26;2025-11-27;3;0
26;2025-11-27;4;3
26;2025-11-27;5;89
26;2025-11-27;6;464
26;2025-11-27;7;1107
26;2025-11-27;8;2184
26;2025-11-27;9;1450
26;2025-11-27;10;1250
26;2025-11-27;11;1159
26;2025-11-27;12;1219
26;2025-11-27;13;1237
26;2025-11-27;14;1355
26;2025-11-27;15;1353
26;2025-11-27;16;1525
26;2025-11-27;17;1723
26;2025-11-27;18;1839
26;2025-11-27;19;1251
26;2025-11-27;20;752
26;2025-11-27;21;466
26;2025-11-27;22;200
26;2025-11-27;23;131
26;2025-11-28;0;29
26;2025-11-28;1;0
26;2025-11-28;2;0
26;2025-11-28;3;0
26;2025-11-28;4;0
26;2025-11-28;5;66
26;2025-11-28;6;456
26;2025-11-28;7;1047
26;2025-11-28;8;1971
26;2025-11-28;9;1343
26;2025-11-28;10;1190
26;2025-11-28;11;1085
26;2025-11-28;12;1134
26;2025-11-28;13;1197
26;2025-11-28;14;1329
26;2025-11-28;15;1343
26;2025-11-28;16;1593
26;2025-11-28;17;1685
26;2025-11-28;18;1377
26;2025-11-28;19;1064
26;2025-11-28;20;659
26;2025-11-28;21;437
26;2025-11-28;22;181
26;2025-11-28;23;129
26;2025-11-29;0;46
26;2025-11-29;1;0
26;2025-11-29;2;0
26;2025-11-29;3;0
26;2025-11-29;4;2
26;2025-11-29;5;37
26;2025-11-29;6;230
26;2025-11-29;7;338
26;2025-11-29;8;644
26;2025-11-29;9;680
26;2025-11-29;10;809
26;2025-11-29;11;917
26;2025-11-29;12;999
26;2025-11-29;13;1029
26;2025-11-29;14;1059
26;2025-11-29;15;943
26;2025-11-29;16;989
26;2025-11-29;17;957
26;2025-11-29;18;819
26;2025-11-29;19;744
26;2025-11-29;20;493
26;2025-11-29;21;350
26;2025-11-29;22;181
26;2025-11-29;23;144
26;2025-11-30;0;42
26;2025-11-30;1;0
26;2025-11-30;2;0
26;2025-11-30;3;0
26;2025-11-30;4;1
26;2025-11-30;5;2
26;2025-11-30;6;128
26;2025-11-30;7;213
26;2025-11-30;8;389
26;2025-11-30;9;496
26;2025-11-30;10;580
26;2025-11-30;11;740
26;2025-11-30;12;807
26;2025-11-30;13;846
26;2025-11-30;14;867
26;2025-11-30;15;778
26;2025-11-30;16;806
26;2025-11-30;17;789
26;2025-11-30;18;643
26;2025-11-30;19;502
26;2025-11-30;20;363
26;2025-11-30;21;284
26;2025-11-30;22;140
26;2025-11-30;23;96
26;2025-12-01;0;22
26;2025-12-01;1;0
26;2025-12-01;2;0
26;2025-12-01;3;0
26;2025-12-01;4;1
26;2025-12-01;5;78
26;2025-12-01;6;465
26;2025-12-01;7;1081
26;2025-12-01;8;2090
26;2025-12-01;9;1392
26;2025-12-01;10;1224
26;2025-12-01;11;1090
26;2025-12-01;12;1156
26;2025-12-01;13;1197
26;2025-12-01;14;1280
26;2025-12-01;15;1315
26;2025-12-01;16;1484
26;2025-12-01;17;1701
26;2025-12-01;18;1762
26;2025-12-01;19;1212
26;2025-12-01;20;719
26;2025-12-01;21;434
26;2025-12-01;22;167
26;2025-12-01;23;94
26;2025-12-02;0;19
26;2025-12-02;1;0
26;2025-12-02;2;0
26;2025-12-02;3;0
26;2025-12-02;4;0
26;2025-12-02;5;74
26;2025-12-02;6;468
26;2025-12-02;7;1094
26;2025-12-02;8;2176
26;2025-12-02;9;1414
26;2025-12-02;10;1239
26;2025-12-02;11;1130
26;2025-12-02;12;1178
26;2025-12-02;13;1195
26;2025-12-02;14;1315
26;2025-12-02;15;1325
26;2025-12-02;16;1503
26;2025-12-02;17;1721
26;2025-12-02;18;1816
26;2025-12-02;19;1250
26;2025-12-02;20;745
26;2025-12-02;21;445
26;2025-12-02;22;182
26;2025-12-02;23;98
26;2025-12-03;0;23
26;2025-12-03;1;0
26;2025-12-03;2;0
26;2025-12-03;3;0
26;2025-12-03;4;2
26;2025-12-03;5;83
26;2025-12-03;6;459
26;2025-12-03;7;1079
26;2025-12-03;8;2164
26;2025-12-03;9;1413
26;2025-12-03;10;1245
26;2025-12-03;11;1143
26;2025-12-03;12;1223
26;2025-12-03;13;1243
26;2025-12-03;14;1341
26;2025-12-03;15;1342
26;2025-12-03;16;1505
26;2025-12-03;17;1701
26;2025-12-03;18;1774
26;2025-12-03;19;1229
26;2025-12-03;20;743
26;2025-12-03;21;479
26;2025-12-03;22;191
26;2025-12-03;23;112
26;2025-12-04;0;35
26;2025-12-04;1;2
26;2025-12-04;2;0
26;2025-12-04;3;0
26;2025-12-04;4;3
26;2025-12-04;5;89
26;2025-12-04;6;464
26;2025-12-04;7;1107
26;2025-12-04;8;2184
26;2025-12-04;9;1450
26;2025-12-04;10;1250
26;2025-12-04;11;1159
26;2025-12-04;12;1219
26;2025-12-04;13;1237
26;2025-12-04;14;1355
26;2025-12-04;15;1353
26;2025-12-04;16;1525
26;2025-12-04;17;1723
26;2025-12-04;18;1839
26;2025-12-04;19;1251
26;2025-12-04;20;752
26;2025-12-04;21;466
26;2025-12-04;22;200
26;2025-12-04;23;131
26;2025-12-05;0;29
26;2025-12-05;1;0
26;2025-12-05;2;0
26;2025-12-05;3;0
26;2025-12-05;4;0
26;2025-12-05;5;66
26;2025-12-05;6;456
26;2025-12-05;7;1047
26;2025-12-05;8;1971
26;2025-12-05;9;1343
26;2025-12-05;10;1190
26;2025-12-05;11;1085
26;2025-12-05;12;1134
26;2025-12-05;13;1197
26;2025-12-05;14;1329
26;2025-12-05;15;1343
26;2025-12-05;16;1593
26;2025-12-05;17;1685
26;2025-12-05;18;1377
26;2025-12-05;19;1064
26;2025-12-05;20;659
26;2025-12-05;21;437
26;2025-12-05;22;181
26;2025-12-05;23;129
26;2025-12-06;0;46
26;2025-12-06;1;0
26;2025-12-06;2;0
26;2025-12-06;3;0
26;2025-12-06;4;2
26;2025-12-06;5;37
26;2025-12-06;6;230
26;2025-12-06;7;338
26;2025-12-06;8;644
26;2025-12-06;9;680
26;2025-12-06;10;809
26;2025-12-06;11;917
26;2025-12-06;12;999
26;2025-12-06;13;1029
26;2025-12-06;14;1059
26;2025-12-06;15;943
26;2025-12-06;16;989
26;2025-12-06;17;957
26;2025-12-06;18;819
26;2025-12-06;19;744
26;2025-12-06;20;493
26;2025-12-06;21;350
26;2025-12-06;22;181
26;2025-12-06;23;144
26;2025-12-07;0;42
26;2025-12-07;1;0
26;2025-12-07;2;0
26;2025-12-07;3;0
26;2025-12-07;4;1
26;2025-12-07;5;2
26;2025-12-07;6;128
26;2025-12-07;7;213
26;2025-12-07;8;389
26;2025-12-07;9;496
26;2025-12-07;10;580
26;2025-12-07;11;740
26;2025-12-07;12;807
26;2025-12-07;13;846
26;2025-12-07;14;867
26;2025-12-07;15;778
26;2025-12-07;16;806
26;2025-12-07;17;789
26;2025-12-07;18;643
26;2025-12-07;19;502
26;2025-12-07;20;363
26;2025-12-07;21;284
26;2025-12-07;22;140
26;2025-12-07;23;96
26;2025-12-08;0;22
26;2025-12-08;1;0
26;2025-12-08;2;0
26;2025-12-08;3;0
26;2025-12-08;4;1
26;2025-12-08;5;78
26;2025-12-08;6;465
26;2025-12-08;7;1081
26;2025-12-08;8;2090
26;2025-12-08;9;1392
26;2025-12-08;10;1224
26;2025-12-08;11;1090
26;2025-12-08;12;1156
26;2025-12-08;13;1197
26;2025-12-08;14;1280
26;2025-12-08;15;1315
26;2025-12-08;16;1484
26;2025-12-08;17;1701
26;2025-12-08;18;1762
26;2025-12-08;19;1212
26;2025-12-08;20;719
26;2025-12-08;21;434
26;2025-12-08;22;167
26;2025-12-08;23;94
26;2025-12-09;0;19
26;2025-12-09;1;0
26;2025-12-09;2;0
26;2025-12-09;3;0
26;2025-12-09;4;0
26;2025-12-09;5;74
26;2025-12-09;6;468
26;2025-12-09;7;1094
26;2025-12-09;8;2176
26;2025-12-09;9;1414
26;2025-12-09;10;1239
26;2025-12-09;11;1130
26;2025-12-09;12;1178
26;2025-12-09;13;1195
26;2025-12-09;14;1315
26;2025-12-09;15;1325
26;2025-12-09;16;1503
26;2025-12-09;17;1721
26;2025-12-09;18;1816
26;2025-12-09;19;1250
26;2025-12-09;20;745
26;2025-12-09;21;445
26;2025-12-09;22;182
26;2025-12-09;23;98
26;2025-12-10;0;23
26;2025-12-10;1;0
26;2025-12-10;2;0
26;2025-12-10;3;0
26;2025-12-10;4;2
26;2025-12-10;5;83
26;2025-12-10;6;459
26;2025-12-10;7;1079
26;2025-12-10;8;2164
26;2025-12-10;9;1413
26;2025-12-10;10;1245
26;2025-12-10;11;1143
26;2025-12-10;12;1223
26;2025-12-10;13;1243
26;2025-12-10;14;1341
26;2025-12-10;15;1342
26;2025-12-10;16;1505
26;2025-12-10;17;1701
26;2025-12-10;18;1774
26;2025-12-10;19;1229
26;2025-12-10;20;743
26;2025-12-10;21;479
26;2025-12-10;22;191
26;2025-12-10;23;112
26;2025-12-11;0;35
26;2025-12-11;1;2
26;2025-12-11;2;0
26;2025-12-11;3;0
26;2025-12-11;4;3
26;2025-12-11;5;89
26;2025-12-11;6;464
26;2025-12-11;7;1107
26;2025-12-11;8;2184
26;2025-12-11;9;1450
26;2025-12-11;10;1250
26;2025-12-11;11;1159
26;2025-12-11;12;1219
26;2025-12-11;13;1237
26;2025-12-11;14;1355
26;2025-12-11;15;1353
26;2025-12-11;16;1525
26;2025-12-11;17;1723
26;2025-12-11;18;1839
26;2025-12-11;19;1251
26;2025-12-11;20;752
26;2025-12-11;21;466
26;2025-12-11;22;200
26;2025-12-11;23;131
26;2025-12-12;0;29
26;2025-12-12;1;0
26;2025-12-12;2;0
26;2025-12-12;3;0
26;2025-12-12;4;0
26;2025-12-12;5;66
26;2025-12-12;6;456
26;2025-12-12;7;1047
26;2025-12-12;8;1971
26;2025-12-12;9;1343
26;2025-12-12;10;1190
26;2025-12-12;11;1085
26;2025-12-12;12;1134
26;2025-12-12;13;1197
26;2025-12-12;14;1329
26;2025-12-12;15;1343
26;2025-12-12;16;1593
26;2025-12-12;17;1685
26;2025-12-12;18;1377
26;2025-12-12;19;1064
26;2025-12-12;20;659
26;2025-12-12;21;437
26;2025-12-12;22;181
26;2025-12-12;23;129
26;2025-12-13;0;46
26;2025-12-13;1;0
26;2025-12-13;2;0
26;2025-12-13;3;0
26;2025-12-13;4;2
26;2025-12-13;5;37
26;2025-12-13;6;230
26;2025-12-13;7;338
26;2025-12-13;8;644
26;2025-12-13;9;680
26;2025-12-13;10;809
26;2025-12-13;11;917
26;2025-12-13;12;999
26;2025-12-13;13;1029
26;2025-12-13;14;1059
26;2025-12-13;15;943
26;2025-12-13;16;989
26;2025-12-13;17;957
26;2025-12-13;18;819
26;2025-12-13;19;744
26;2025-12-13;20;493
26;2025-12-13;21;350
26;2025-12-13;22;181
26;2025-12-13;23;144
26;2025-12-14;0;42
26;2025-12-14;1;0
26;2025-12-14;2;0
26;2025-12-14;3;0
26;2025-12-14;4;1
26;2025-12-14;5;2
26;2025-12-14;6;128
26;2025-12-14;7;213
26;2025-12-14;8;389
26;2025-12-14;9;496
26;2025-12-14;10;580
26;2025-12-14;11;740
26;2025-12-14;12;807
26;2025-12-14;13;846
26;2025-12-14;14;867
26;2025-12-14;15;778
26;2025-12-14;16;806
26;2025-12-14;17;789
26;2025-12-14;18;643
26;2025-12-14;19;502
26;2025-12-14;20;363
26;2025-12-14;21;284
26;2025-12-14;22;140
26;2025-12-14;23;96
26;2025-12-15;0;22
26;2025-12-15;1;0
26;2025-12-15;2;0
26;2025-12-15;3;0
26;2025-12-15;4;1
26;2025-12-15;5;78
26;2025-12-15;6;465
26;2025-12-15;7;1081
26;2025-12-15;8;2090
26;2025-12-15;9;1392
26;2025-12-15;10;1224
26;2025-12-15;11;1090
26;2025-12-15;12;1156
26;2025-12-15;13;1197
26;2025-12-15;14;1280
26;2025-12-15;15;1315
26;2025-12-15;16;1484
26;2025-12-15;17;1701
26;2025-12-15;18;1762
26;2025-12-15;19;1212
26;2025-12-15;20;719
26;2025-12-15;21;434
26;2025-12-15;22;167
26;2025-12-15;23;94
26;2025-12-16;0;19
26;2025-12-16;1;0
26;2025-12-16;2;0
26;2025-12-16;3;0
26;2025-12-16;4;0
26;2025-12-16;5;74
26;2025-12-16;6;468
26;2025-12-16;7;1094
26;2025-12-16;8;2176
26;2025-12-16;9;1414
26;2025-12-16;10;1239
26;2025-12-16;11;1130
26;2025-12-16;12;1178
26;2025-12-16;13;1195
26;2025-12-16;14;1315
26;2025-12-16;15;1325
26;2025-12-16;16;1503
26;2025-12-16;17;1721
26;2025-12-16;18;1816
26;2025-12-16;19;1250
26;2025-12-16;20;745
26;2025-12-16;21;445
26;2025-12-16;22;182
26;2025-12-16;23;98
26;2025-12-17;0;23
26;2025-12-17;1;0
26;2025-12-17;2;0
26;2025-12-17;3;0
26;2025-12-17;4;2
26;2025-12-17;5;83
26;2025-12-17;6;459
26;2025-12-17;7;1079
26;2025-12-17;8;2164
26;2025-12-17;9;1413
26;2025-12-17;10;1245
26;2025-12-17;11;1143
26;2025-12-17;12;1223
26;2025-12-17;13;1243
26;2025-12-17;14;1341
26;2025-12-17;15;1342
26;2025-12-17;16;1505
26;2025-12-17;17;1701
26;2025-12-17;18;1774
26;2025-12-17;19;1229
26;2025-12-17;20;743
26;2025-12-17;21;479
26;2025-12-17;22;191
26;2025-12-17;23;112
26;2025-12-18;0;35
26;2025-12-18;1;2
26;2025-12-18;2;0
26;2025-12-18;3;0
26;2025-12-18;4;3
26;2025-12-18;5;89
26;2025-12-18;6;464
26;2025-12-18;7;1107
26;2025-12-18;8;2184
26;2025-12-18;9;1450
26;2025-12-18;10;1250
26;2025-12-18;11;1159
26;2025-12-18;12;1219
26;2025-12-18;13;1237
26;2025-12-18;14;1355
26;2025-12-18;15;1353
26;2025-12-18;16;1525
26;2025-12-18;17;1723
26;2025-12-18;18;1839
26;2025-12-18;19;1251
26;2025-12-18;20;752
26;2025-12-18;21;466
26;2025-12-18;22;200
26;2025-12-18;23;131
26;2025-12-19;0;29
26;2025-12-19;1;0
26;2025-12-19;2;0
26;2025-12-19;3;0
26;2025-12-19;4;0
26;2025-12-19;5;66
26;2025-12-19;6;456
26;2025-12-19;7;1047
26;2025-12-19;8;1971
26;2025-12-19;9;1343
26;2025-12-19;10;1190
26;2025-12-19;11;1085
26;2025-12-19;12;1134
26;2025-12-19;13;1197
26;2025-12-19;14;1329
26;2025-12-19;15;1343
26;2025-12-19;16;1593
26;2025-12-19;17;1685
26;2025-12-19;18;1377
26;2025-12-19;19;1064
26;2025-12-19;20;659
26;2025-12-19;21;437
26;2025-12-19;22;181
26;2025-12-19;23;129
26;2025-12-20;0;46
26;2025-12-20;1;0
26;2025-12-20;2;0
26;2025-12-20;3;0
26;2025-12-20;4;2
26;2025-12-20;5;37
26;2025-12-20;6;230
26;2025-12-20;7;338
26;2025-12-20;8;644
26;2025-12-20;9;680
26;2025-12-20;10;809
26;2025-12-20;11;917
26;2025-12-20;12;999
26;2025-12-20;13;1029
26;2025-12-20;14;1059
26;2025-12-20;15;943
26;2025-12-20;16;989
26;2025-12-20;17;957
26;2025-12-20;18;819
26;2025-12-20;19;744
26;2025-12-20;20;493
26;2025-12-20;21;350
26;2025-12-20;22;181
26;2025-12-20;23;144
26;2025-12-21;0;42
26;2025-12-21;1;0
26;2025-12-21;2;0
26;2025-12-21;3;0
26;2025-12-21;4;1
26;2025-12-21;5;2
26;2025-12-21;6;128
26;2025-12-21;7;213
26;2025-12-21;8;389
26;2025-12-21;9;496
26;2025-12-21;10;580
26;2025-12-21;11;740
26;2025-12-21;12;807
26;2025-12-21;13;846
26;2025-12-21;14;867
26;2025-12-21;15;778
26;2025-12-21;16;806
26;2025-12-21;17;789
26;2025-12-21;18;643
26;2025-12-21;19;502
26;2025-12-21;20;363
26;2025-12-21;21;284
26;2025-12-21;22;140
26;2025-12-21;23;96
26;2025-12-22;0;22
26;2025-12-22;1;0
26;2025-12-22;2;0
26;2025-12-22;3;0
26;2025-12-22;4;1
26;2025-12-22;5;78
26;2025-12-22;6;465
26;2025-12-22;7;1081
26;2025-12-22;8;2090
26;2025-12-22;9;1392
26;2025-12-22;10;1224
26;2025-12-22;11;1090
26;2025-12-22;12;1156
26;2025-12-22;13;1197
26;2025-12-22;14;1280
26;2025-12-22;15;1315
26;2025-12-22;16;1484
26;2025-12-22;17;1701
26;2025-12-22;18;1762
26;2025-12-22;19;1212
26;2025-12-22;20;719
26;2025-12-22;21;434
26;2025-12-22;22;167
26;2025-12-22;23;94
26;2025-12-23;0;19
26;2025-12-23;1;0
26;2025-12-23;2;0
26;2025-12-23;3;0
26;2025-12-23;4;0
26;2025-12-23;5;74
26;2025-12-23;6;468
26;2025-12-23;7;1094
26;2025-12-23;8;2176
26;2025-12-23;9;1414
26;2025-12-23;10;1239
26;2025-12-23;11;1130
26;2025-12-23;12;1178
26;2025-12-23;13;1195
26;2025-12-23;14;1315
26;2025-12-23;15;1325
26;2025-12-23;16;1503
26;2025-12-23;17;1721
26;2025-12-23;18;1816
26;2025-12-23;19;1250
26;2025-12-23;20;745
26;2025-12-23;21;445
26;2025-12-23;22;182
26;2025-12-23;23;98
26;2025-12-24;0;23
26;2025-12-24;1;0
26;2025-12-24;2;0
26;2025-12-24;3;0
26;2025-12-24;4;2
26;2025-12-24;5;83
26;2025-12-24;6;459
26;2025-12-24;7;1079
26;2025-12-24;8;2164
26;2025-12-24;9;1413
26;2025-12-24;10;1245
26;2025-12-24;11;1143
26;2025-12-24;12;1223
26;2025-12-24;13;1243
26;2025-12-24;14;1341
26;2025-12-24;15;1342
26;2025-12-24;16;1505
26;2025-12-24;17;1701
26;2025-12-24;18;1774
26;2025-12-24;19;1229
26;2025-12-24;20;743
26;2025-12-24;21;479
26;2025-12-24;22;191
26;2025-12-24;23;112
26;2025-12-25;0;35
26;2025-12-25;1;2
26;2025-12-25;2;0
26;2025-12-25;3;0
26;2025-12-25;4;3
26;2025-12-25;5;89
26;2025-12-25;6;464
26;2025-12-25;7;1107
26;2025-12-25;8;2184
26;2025-12-25;9;1450
26;2025-12-25;10;1250
26;2025-12-25;11;1159
26;2025-12-25;12;1219
26;2025-12-25;13;1237
26;2025-12-25;14;1355
26;2025-12-25;15;1353
26;2025-12-25;16;1525
26;2025-12-25;17;1723
26;2025-12-25;18;1839
26;2025-12-25;19;1251
26;2025-12-25;20;752
26;2025-12-25;21;466
26;2025-12-25;22;200
26;2025-12-25;23;131
26;2025-12-26;0;29
26;2025-12-26;1;0
26;2025-12-26;2;0
26;2025-12-26;3;0
26;2025-12-26;4;0
26;2025-12-26;5;66
26;2025-12-26;6;456
26;2025-12-26;7;1047
26;2025-12-26;8;1971
26;2025-12-26;9;1343
26;2025-12-26;10;1190
26;2025-12-26;11;1085
26;2025-12-26;12;1134
26;2025-12-26;13;1197
26;2025-12-26;14;1329
26;2025-12-26;15;1343
26;2025-12-26;16;1593
26;2025-12-26;17;1685
26;2025-12-26;18;1377
26;2025-12-26;19;1064
26;2025-12-26;20;659
26;2025-12-26;21;437
26;2025-12-26;22;181
26;2025-12-26;23;129
26;2025-12-27;0;46
26;2025-12-27;1;0
26;2025-12-27;2;0
26;2025-12-27;3;0
26;2025-12-27;4;2
26;2025-12-27;5;37
26;2025-12-27;6;230
26;2025-12-27;7;338
26;2025-12-27;8;644
26;2025-12-27;9;680
26;2025-12-27;10;809
26;2025-12-27;11;917
26;2025-12-27;12;999
26;2025-12-27;13;1029
26;2025-12-27;14;1059
26;2025-12-27;15;943
26;2025-12-27;16;989
26;2025-12-27;17;957
26;2025-12-27;18;819
26;2025-12-27;19;744
26;2025-12-27;20;493
26;2025-12-27;21;350
26;2025-12-27;22;181
26;2025-12-27;23;144
26;2025-12-28;0;42
26;2025-12-28;1;0
26;2025-12-28;2;0
26;2025-12-28;3;0
26;2025-12-28;4;1
26;2025-12-28;5;2
26;2025-12-28;6;128
26;2025-12-28;7;213
26;2025-12-28;8;389
26;2025-12-28;9;496
26;2025-12-28;10;580
26;2025-12-28;11;740
26;2025-12-28;12;807
26;2025-12-28;13;846
26;2025-12-28;14;867
26;2025-12-28;15;778
26;2025-12-28;16;806
26;2025-12-28;17;789
26;2025-12-28;18;643
26;2025-12-28;19;502
26;2025-12-28;20;363
26;2025-12-28;21;284
26;2025-12-28;22;140
26;2025-12-28;23;96
26;2025-12-29;0;22
26;2025-12-29;1;0
26;2025-12-29;2;0
26;2025-12-29;3;0
26;2025-12-29;4;1
26;2025-12-29;5;78
26;2025-12-29;6;465
26;2025-12-29;7;1081
26;2025-12-29;8;2090
26;2025-12-29;9;1392
26;2025-12-29;10;1224
26;2025-12-29;11;1090
26;2025-12-29;12;1156
26;2025-12-29;13;1197
26;2025-12-29;14;1280
26;2025-12-29;15;1315
26;2025-12-29;16;1484
26;2025-12-29;17;1701
26;2025-12-29;18;1762
26;2025-12-29;19;1212
26;2025-12-29;20;719
26;2025-12-29;21;434
26;2025-12-29;22;167
26;2025-12-29;23;94
26;2025-12-30;0;19
26;2025-12-30;1;0
26;2025-12-30;2;0
26;2025-12-30;3;0
26;2025-12-30;4;0
26;2025-12-30;5;74
26;2025-12-30;6;468
26;2025-12-30;7;1094
26;2025-12-30;8;2176
26;2025-12-30;9;1414
26;2025-12-30;10;1239
26;2025-12-30;11;1130
26;2025-12-30;12;1178
26;2025-12-30;13;1195
26;2025-12-30;14;1315
26;2025-12-30;15;1325
26;2025-12-30;16;1503
26;2025-12-30;17;1721
26;2025-12-30;18;1816
26;2025-12-30;19;1250
26;2025-12-30;20;745
26;2025-12-30;21;445
26;2025-12-30;22;182
26;2025-12-30;23;98
26;2025-12-31;0;30
26;2025-12-31;1;0
26;2025-12-31;2;0
26;2025-12-31;3;0
26;2025-12-31;4;2
26;2025-12-31;5;45
26;2025-12-31;6;246
26;2025-12-31;7;316
26;2025-12-31;8;746
26;2025-12-31;9;542
26;2025-12-31;10;624
26;2025-12-31;11;708
26;2025-12-31;12;804
26;2025-12-31;13;808
26;2025-12-31;14;861
26;2025-12-31;15;756
26;2025-12-31;16;779
26;2025-12-31;17;801
26;2025-12-31;18;725
26;2025-12-31;19;606
26;2025-12-31;20;420
26;2025-12-31;21;359
26;2025-12-31;22;173
26;2025-12-31;23;107
28;2025-11-01;0;0
28;2025-11-01;1;0
28;2025-11-01;2;0
28;2025-11-01;3;0
28;2025-11-01;4;0
28;2025-11-01;5;66
28;2025-11-01;6;210
28;2025-11-01;7;708
28;2025-11-01;8;1135
28;2025-11-01;9;800
28;2025-11-01;10;637
28;2025-11-01;11;591
28;2025-11-01;12;714
28;2025-11-01;13;744
28;2025-11-01;14;723
28;2025-11-01;15;759
28;2025-11-01;16;912
28;2025-11-01;17;991
28;2025-11-01;18;814
28;2025-11-01;19;600
28;2025-11-01;20;414
28;2025-11-01;21;284
28;2025-11-01;22;105
28;2025-11-01;23;6
28;2025-11-02;0;0
28;2025-11-02;1;0
28;2025-11-02;2;0
28;2025-11-02;3;0
28;2025-11-02;4;0
28;2025-11-02;5;12
28;2025-11-02;6;52
28;2025-11-02;7;125
28;2025-11-02;8;216
28;2025-11-02;9;298
28;2025-11-02;10;355
28;2025-11-02;11;379
28;2025-11-02;12;450
28;2025-11-02;13;478
28;2025-11-02;14;485
28;2025-11-02;15;471
28;2025-11-02;16;452
28;2025-11-02;17;488
28;2025-11-02;18;379
28;2025-11-02;19;315
28;2025-11-02;20;246
28;2025-11-02;21;213
28;2025-11-02;22;66
28;2025-11-02;23;0
28;2025-11-03;0;0
28;2025-11-03;1;0
28;2025-11-03;2;0
28;2025-11-03;3;0
28;2025-11-03;4;0
28;2025-11-03;5;18
28;2025-11-03;6;98
28;2025-11-03;7;192
28;2025-11-03;8;370
28;2025-11-03;9;336
28;2025-11-03;10;373
28;2025-11-03;11;351
28;2025-11-03;12;449
28;2025-11-03;13;456
28;2025-11-03;14;443
28;2025-11-03;15;445
28;2025-11-03;16;448
28;2025-11-03;17;496
28;2025-11-03;18;432
28;2025-11-03;19;361
28;2025-11-03;20;255
28;2025-11-03;21;218
28;2025-11-03;22;51
28;2025-11-03;23;0
28;2025-11-04;0;0
28;2025-11-04;1;0
28;2025-11-04;2;0
28;2025-11-04;3;0
28;2025-11-04;4;0
28;2025-11-04;5;14
28;2025-11-04;6;87
28;2025-11-04;7;184
28;2025-11-04;8;370
28;2025-11-04;9;308
28;2025-11-04;10;347
28;2025-11-04;11;334
28;2025-11-04;12;437
28;2025-11-04;13;465
28;2025-11-04;14;468
28;2025-11-04;15;467
28;2025-11-04;16;450
28;2025-11-04;17;516
28;2025-11-04;18;446
28;2025-11-04;19;346
28;2025-11-04;20;253
28;2025-11-04;21;219
28;2025-11-04;22;59
28;2025-11-04;23;0
28;2025-11-05;0;0
28;2025-11-05;1;0
28;2025-11-05;2;0
28;2025-11-05;3;0
28;2025-11-05;4;0
28;2025-11-05;5;66
28;2025-11-05;6;240
28;2025-11-05;7;741
28;2025-11-05;8;1223
28;2025-11-05;9;832
28;2025-11-05;10;636
28;2025-11-05;11;576
28;2025-11-05;12;699
28;2025-11-05;13;723
28;2025-11-05;14;670
28;2025-11-05;15;694
28;2025-11-05;16;865
28;2025-11-05;17;1015
28;2025-11-05;18;987
28;2025-11-05;19;705
28;2025-11-05;20;462
28;2025-11-05;21;296
28;2025-11-05;22;97
28;2025-11-05;23;0
28;2025-11-06;0;0
28;2025-11-06;1;0
28;2025-11-06;2;0
28;2025-11-06;3;0
28;2025-11-06;4;0
28;2025-11-06;5;62
28;2025-11-06;6;232
28;2025-11-06;7;748
28;2025-11-06;8;1214
28;2025-11-06;9;829
28;2025-11-06;10;622
28;2025-11-06;11;566
28;2025-11-06;12;675
28;2025-11-06;13;705
28;2025-11-06;14;664
28;2025-11-06;15;707
28;2025-11-06;16;866
28;2025-11-06;17;1024
28;2025-11-06;18;997
28;2025-11-06;19;701
28;2025-11-06;20;456
28;2025-11-06;21;292
28;2025-11-06;22;100
28;2025-11-06;23;0
28;2025-11-07;0;0
28;2025-11-07;1;0
28;2025-11-07;2;0
28;2025-11-07;3;0
28;2025-11-07;4;0
28;2025-11-07;5;67
28;2025-11-07;6;244
28;2025-11-07;7;747
28;2025-11-07;8;1142
28;2025-11-07;9;800
28;2025-11-07;10;624
28;2025-11-07;11;570
28;2025-11-07;12;687
28;2025-11-07;13;718
28;2025-11-07;14;683
28;2025-11-07;15;726
28;2025-11-07;16;909
28;2025-11-07;17;990
28;2025-11-07;18;835
28;2025-11-07;19;629
28;2025-11-07;20;414
28;2025-11-07;21;289
28;2025-11-07;22;102
28;2025-11-07;23;6
28;2025-11-08;0;0
28;2025-11-08;1;0
28;2025-11-08;2;0
28;2025-11-08;3;0
28;2025-11-08;4;0
28;2025-11-08;5;20
28;2025-11-08;6;79
28;2025-11-08;7;203
28;2025-11-08;8;365
28;2025-11-08;9;408
28;2025-11-08;10;456
28;2025-11-08;11;462
28;2025-11-08;12;555
28;2025-11-08;13;562
28;2025-11-08;14;552
28;2025-11-08;15;550
28;2025-11-08;16;545
28;2025-11-08;17;578
28;2025-11-08;18;469
28;2025-11-08;19;382
28;2025-11-08;20;274
28;2025-11-08;21;244
28;2025-11-08;22;79
28;2025-11-08;23;2
28;2025-11-09;0;0
28;2025-11-09;1;0
28;2025-11-09;2;0
28;2025-11-09;3;0
28;2025-11-09;4;0
28;2025-11-09;5;12
28;2025-11-09;6;52
28;2025-11-09;7;125
28;2025-11-09;8;216
28;2025-11-09;9;298
28;2025-11-09;10;355
28;2025-11-09;11;379
28;2025-11-09;12;450
28;2025-11-09;13;478
28;2025-11-09;14;485
28;2025-11-09;15;471
28;2025-11-09;16;452
28;2025-11-09;17;488
28;2025-11-09;18;379
28;2025-11-09;19;315
28;2025-11-09;20;246
28;2025-11-09;21;213
28;2025-11-09;22;66
28;2025-11-09;23;0
28;2025-11-10;0;0
28;2025-11-10;1;0
28;2025-11-10;2;0
28;2025-11-10;3;0
28;2025-11-10;4;0
28;2025-11-10;5;66
28;2025-11-10;6;242
28;2025-11-10;7;738
28;2025-11-10;8;1171
28;2025-11-10;9;808
28;2025-11-10;10;614
28;2025-11-10;11;531
28;2025-11-10;12;652
28;2025-11-10;13;673
28;2025-11-10;14;614
28;2025-11-10;15;659
28;2025-11-10;16;838
28;2025-11-10;17;976
28;2025-11-10;18;941
28;2025-11-10;19;693
28;2025-11-10;20;428
28;2025-11-10;21;269
28;2025-11-10;22;82
28;2025-11-10;23;0
28;2025-11-11;0;0
28;2025-11-11;1;0
28;2025-11-11;2;0
28;2025-11-11;3;0
28;2025-11-11;4;0
28;2025-11-11;5;60
28;2025-11-11;6;239
28;2025-11-11;7;745
28;2025-11-11;8;1219
28;2025-11-11;9;811
28;2025-11-11;10;629
28;2025-11-11;11;561
28;2025-11-11;12;666
28;2025-11-11;13;692
28;2025-11-11;14;650
28;2025-11-11;15;682
28;2025-11-11;16;840
28;2025-11-11;17;996
28;2025-11-11;18;981
28;2025-11-11;19;696
28;2025-11-11;20;444
28;2025-11-11;21;284
28;2025-11-11;22;91
28;2025-11-11;23;0
28;2025-11-12;0;0
28;2025-11-12;1;0
28;2025-11-12;2;0
28;2025-11-12;3;0
28;2025-11-12;4;0
28;2025-11-12;5;66
28;2025-11-12;6;240
28;2025-11-12;7;741
28;2025-11-12;8;1223
28;2025-11-12;9;832
28;2025-11-12;10;636
28;2025-11-12;11;576
28;2025-11-12;12;699
28;2025-11-12;13;723
28;2025-11-12;14;670
28;2025-11-12;15;694
28;2025-11-12;16;865
28;2025-11-12;17;1015
28;2025-11-12;18;987
28;2025-11-12;19;705
28;2025-11-12;20;462
28;2025-11-12;21;296
28;2025-11-12;22;97
28;2025-11-12;23;0
28;2025-11-13;0;0
28;2025-11-13;1;0
28;2025-11-13;2;0
28;2025-11-13;3;0
28;2025-11-13;4;0
28;2025-11-13;5;62
28;2025-11-13;6;232
28;2025-11-13;7;748
28;2025-11-13;8;1214
28;2025-11-13;9;829
28;2025-11-13;10;622
28;2025-11-13;11;566
28;2025-11-13;12;675
28;2025-11-13;13;705
28;2025-11-13;14;664
28;2025-11-13;15;707
28;2025-11-13;16;866
28;2025-11-13;17;1024
28;2025-11-13;18;997
28;2025-11-13;19;701
28;2025-11-13;20;456
28;2025-11-13;21;292
28;2025-11-13;22;100
28;2025-11-13;23;0
28;2025-11-14;0;0
28;2025-11-14;1;0
28;2025-11-14;2;0
28;2025-11-14;3;0
28;2025-11-14;4;0
28;2025-11-14;5;67
28;2025-11-14;6;244
28;2025-11-14;7;747
28;2025-11-14;8;1142
28;2025-11-14;9;800
28;2025-11-14;10;624
28;2025-11-14;11;570
28;2025-11-14;12;687
28;2025-11-14;13;718
28;2025-11-14;14;683
28;2025-11-14;15;726
28;2025-11-14;16;909
28;2025-11-14;17;990
28;2025-11-14;18;835
28;2025-11-14;19;629
28;2025-11-14;20;414
28;2025-11-14;21;289
28;2025-11-14;22;102
28;2025-11-14;23;6
28;2025-11-15;0;0
28;2025-11-15;1;0
28;2025-11-15;2;0
28;2025-11-15;3;0
28;2025-11-15;4;0
28;2025-11-15;5;20
28;2025-11-15;6;79
28;2025-11-15;7;203
28;2025-11-15;8;365
28;2025-11-15;9;408
28;2025-11-15;10;456
28;2025-11-15;11;462
28;2025-11-15;12;555
28;2025-11-15;13;562
28;2025-11-15;14;552
28;2025-11-15;15;550
28;2025-11-15;16;545
28;2025-11-15;17;578
28;2025-11-15;18;469
28;2025-11-15;19;382
28;2025-11-15;20;274
28;2025-11-15;21;244
28;2025-11-15;22;79
28;2025-11-15;23;2
28;2025-11-16;0;0
28;2025-11-16;1;0
28;2025-11-16;2;0
28;2025-11-16;3;0
28;2025-11-16;4;0
28;2025-11-16;5;12
28;2025-11-16;6;52
28;2025-11-16;7;125
28;2025-11-16;8;216
28;2025-11-16;9;298
28;2025-11-16;10;355
28;2025-11-16;11;379
28;2025-11-16;12;450
28;2025-11-16;13;478
28;2025-11-16;14;485
28;2025-11-16;15;471
28;2025-11-16;16;452
28;2025-11-16;17;488
28;2025-11-16;18;379
28;2025-11-16;19;315
28;2025-11-16;20;246
28;2025-11-16;21;213
28;2025-11-16;22;66
28;2025-11-16;23;0
28;2025-11-17;0;0
28;2025-11-17;1;0
28;2025-11-17;2;0
28;2025-11-17;3;0
28;2025-11-17;4;0
28;2025-11-17;5;66
28;2025-11-17;6;242
28;2025-11-17;7;738
28;2025-11-17;8;1171
28;2025-11-17;9;808
28;2025-11-17;10;614
28;2025-11-17;11;531
28;2025-11-17;12;652
28;2025-11-17;13;673
28;2025-11-17;14;614
28;2025-11-17;15;659
28;2025-11-17;16;838
28;2025-11-17;17;976
28;2025-11-17;18;941
28;2025-11-17;19;693
28;2025-11-17;20;428
28;2025-11-17;21;269
28;2025-11-17;22;82
28;2025-11-17;23;0
28;2025-11-18;0;0
28;2025-11-18;1;0
28;2025-11-18;2;0
28;2025-11-18;3;0
28;2025-11-18;4;0
28;2025-11-18;5;60
28;2025-11-18;6;239
28;2025-11-18;7;745
28;2025-11-18;8;1219
28;2025-11-18;9;811
28;2025-11-18;10;629
28;2025-11-18;11;561
28;2025-11-18;12;666
28;2025-11-18;13;692
28;2025-11-18;14;650
28;2025-11-18;15;682
28;2025-11-18;16;840
28;2025-11-18;17;996
28;2025-11-18;18;981
28;2025-11-18;19;696
28;2025-11-18;20;444
28;2025-11-18;21;284
28;2025-11-18;22;91
28;2025-11-18;23;0
28;2025-11-19;0;0
28;2025-11-19;1;0
28;2025-11-19;2;0
28;2025-11-19;3;0
28;2025-11-19;4;0
28;2025-11-19;5;66
28;2025-11-19;6;240
28;2025-11-19;7;741
28;2025-11-19;8;1223
28;2025-11-19;9;832
28;2025-11-19;10;636
28;2025-11-19;11;576
28;2025-11-19;12;699
28;2025-11-19;13;723
28;2025-11-19;14;670
28;2025-11-19;15;694
28;2025-11-19;16;865
28;2025-11-19;17;1015
28;2025-11-19;18;987
28;2025-11-19;19;705
28;2025-11-19;20;462
28;2025-11-19;21;296
28;2025-11-19;22;97
28;2025-11-19;23;0
28;2025-11-20;0;0
28;2025-11-20;1;0
28;2025-11-20;2;0
28;2025-11-20;3;0
28;2025-11-20;4;0
28;2025-11-20;5;62
28;2025-11-20;6;232
28;2025-11-20;7;748
28;2025-11-20;8;1214
28;2025-11-20;9;829
28;2025-11-20;10;622
28;2025-11-20;11;566
28;2025-11-20;12;675
28;2025-11-20;13;705
28;2025-11-20;14;664
28;2025-11-20;15;707
28;2025-11-20;16;866
28;2025-11-20;17;1024
28;2025-11-20;18;997
28;2025-11-20;19;701
28;2025-11-20;20;456
28;2025-11-20;21;292
28;2025-11-20;22;100
28;2025-11-20;23;0
28;2025-11-21;0;0
28;2025-11-21;1;0
28;2025-11-21;2;0
28;2025-11-21;3;0
28;2025-11-21;4;0
28;2025-11-21;5;67
28;2025-11-21;6;244
28;2025-11-21;7;747
28;2025-11-21;8;1142
28;2025-11-21;9;800
28;2025-11-21;10;624
28;2025-11-21;11;570
28;2025-11-21;12;687
28;2025-11-21;13;718
28;2025-11-21;14;683
28;2025-11-21;15;726
28;2025-11-21;16;909
28;2025-11-21;17;990
28;2025-11-21;18;835
28;2025-11-21;19;629
28;2025-11-21;20;414
28;2025-11-21;21;289
28;2025-11-21;22;102
28;2025-11-21;23;6
28;2025-11-22;0;0
28;2025-11-22;1;0
28;2025-11-22;2;0
28;2025-11-22;3;0
28;2025-11-22;4;0
28;2025-11-22;5;20
28;2025-11-22;6;79
28;2025-11-22;7;203
28;2025-11-22;8;365
28;2025-11-22;9;408
28;2025-11-22;10;456
28;2025-11-22;11;462
28;2025-11-22;12;555
28;2025-11-22;13;562
28;2025-11-22;14;552
28;2025-11-22;15;550
28;2025-11-22;16;545
28;2025-11-22;17;578
28;2025-11-22;18;469
28;2025-11-22;19;382
28;2025-11-22;20;274
28;2025-11-22;21;244
28;2025-11-22;22;79
28;2025-11-22;23;2
28;2025-11-23;0;0
28;2025-11-23;1;0
28;2025-11-23;2;0
28;2025-11-23;3;0
28;2025-11-23;4;0
28;2025-11-23;5;12
28;2025-11-23;6;52
28;2025-11-23;7;125
28;2025-11-23;8;216
28;2025-11-23;9;298
28;2025-11-23;10;355
28;2025-11-23;11;379
28;2025-11-23;12;450
28;2025-11-23;13;478
28;2025-11-23;14;485
28;2025-11-23;15;471
28;2025-11-23;16;452
28;2025-11-23;17;488
28;2025-11-23;18;379
28;2025-11-23;19;315
28;2025-11-23;20;246
28;2025-11-23;21;213
28;2025-11-23;22;66
28;2025-11-23;23;0
28;2025-11-24;0;0
28;2025-11-24;1;0
28;2025-11-24;2;0
28;2025-11-24;3;0
28;2025-11-24;4;0
28;2025-11-24;5;66
28;2025-11-24;6;242
28;2025-11-24;7;738
28;2025-11-24;8;1171
28;2025-11-24;9;808
28;2025-11-24;10;614
28;2025-11-24;11;531
28;2025-11-24;12;652
28;2025-11-24;13;673
28;2025-11-24;14;614
28;2025-11-24;15;659
28;2025-11-24;16;838
28;2025-11-24;17;976
28;2025-11-24;18;941
28;2025-11-24;19;693
28;2025-11-24;20;428
28;2025-11-24;21;269
28;2025-11-24;22;82
28;2025-11-24;23;0
28;2025-11-25;0;0
28;2025-11-25;1;0
28;2025-11-25;2;0
28;2025-11-25;3;0
28;2025-11-25;4;0
28;2025-11-25;5;60
28;2025-11-25;6;239
28;2025-11-25;7;745
28;2025-11-25;8;1219
28;2025-11-25;9;811
28;2025-11-25;10;629
28;2025-11-25;11;561
28;2025-11-25;12;666
28;2025-11-25;13;692
28;2025-11-25;14;650
28;2025-11-25;15;682
28;2025-11-25;16;840
28;2025-11-25;17;996
28;2025-11-25;18;981
28;2025-11-25;19;696
28;2025-11-25;20;444
28;2025-11-25;21;284
28;2025-11-25;22;91
28;2025-11-25;23;0
28;2025-11-26;0;0
28;2025-11-26;1;0
28;2025-11-26;2;0
28;2025-11-26;3;0
28;2025-11-26;4;0
28;2025-11-26;5;66
28;2025-11-26;6;240
28;2025-11-26;7;741
28;2025-11-26;8;1223
28;2025-11-26;9;832
28;2025-11-26;10;636
28;2025-11-26;11;576
28;2025-11-26;12;699
28;2025-11-26;13;723
28;2025-11-26;14;670
28;2025-11-26;15;694
28;2025-11-26;16;865
28;2025-11-26;17;1015
28;2025-11-26;18;987
28;2025-11-26;19;705
28;2025-11-26;20;462
28;2025-11-26;21;296
28;2025-11-26;22;97
28;2025-11-26;23;0
28;2025-11-27;0;0
28;2025-11-27;1;0
28;2025-11-27;2;0
28;2025-11-27;3;0
28;2025-11-27;4;0
28;2025-11-27;5;62
28;2025-11-27;6;232
28;2025-11-27;7;748
28;2025-11-27;8;1214
28;2025-11-27;9;829
28;2025-11-27;10;622
28;2025-11-27;11;566
28;2025-11-27;12;675
28;2025-11-27;13;705
28;2025-11-27;14;664
28;2025-11-27;15;707
28;2025-11-27;16;866
28;2025-11-27;17;1024
28;2025-11-27;18;997
28;2025-11-27;19;701
28;2025-11-27;20;456
28;2025-11-27;21;292
28;2025-11-27;22;100
28;2025-11-27;23;0
28;2025-11-28;0;0
28;2025-11-28;1;0
28;2025-11-28;2;0
28;2025-11-28;3;0
28;2025-11-28;4;0
28;2025-11-28;5;67
28;2025-11-28;6;244
28;2025-11-28;7;747
28;2025-11-28;8;1142
28;2025-11-28;9;800
28;2025-11-28;10;624
28;2025-11-28;11;570
28;2025-11-28;12;687
28;2025-11-28;13;718
28;2025-11-28;14;683
28;2025-11-28;15;726
28;2025-11-28;16;909
28;2025-11-28;17;990
28;2025-11-28;18;835
28;2025-11-28;19;629
28;2025-11-28;20;414
28;2025-11-28;21;289
28;2025-11-28;22;102
28;2025-11-28;23;6
28;2025-11-29;0;0
28;2025-11-29;1;0
28;2025-11-29;2;0
28;2025-11-29;3;0
28;2025-11-29;4;0
28;2025-11-29;5;20
28;2025-11-29;6;79
28;2025-11-29;7;203
28;2025-11-29;8;365
28;2025-11-29;9;408
28;2025-11-29;10;456
28;2025-11-29;11;462
28;2025-11-29;12;555
28;2025-11-29;13;562
28;2025-11-29;14;552
28;2025-11-29;15;550
28;2025-11-29;16;545
28;2025-11-29;17;578
28;2025-11-29;18;469
28;2025-11-29;19;382
28;2025-11-29;20;274
28;2025-11-29;21;244
28;2025-11-29;22;79
28;2025-11-29;23;2
28;2025-11-30;0;0
28;2025-11-30;1;0
28;2025-11-30;2;0
28;2025-11-30;3;0
28;2025-11-30;4;0
28;2025-11-30;5;12
28;2025-11-30;6;52
28;2025-11-30;7;125
28;2025-11-30;8;216
28;2025-11-30;9;298
28;2025-11-30;10;355
28;2025-11-30;11;379
28;2025-11-30;12;450
28;2025-11-30;13;478
28;2025-11-30;14;485
28;2025-11-30;15;471
28;2025-11-30;16;452
28;2025-11-30;17;488
28;2025-11-30;18;379
28;2025-11-30;19;315
28;2025-11-30;20;246
28;2025-11-30;21;213
28;2025-11-30;22;66
28;2025-11-30;23;0
28;2025-12-01;0;0
28;2025-12-01;1;0
28;2025-12-01;2;0
28;2025-12-01;3;0
28;2025-12-01;4;0
28;2025-12-01;5;66
28;2025-12-01;6;242
28;2025-12-01;7;738
28;2025-12-01;8;1171
28;2025-12-01;9;808
28;2025-12-01;10;614
28;2025-12-01;11;531
28;2025-12-01;12;652
28;2025-12-01;13;673
28;2025-12-01;14;614
28;2025-12-01;15;659
28;2025-12-01;16;838
28;2025-12-01;17;976
28;2025-12-01;18;941
28;2025-12-01;19;693
28;2025-12-01;20;428
28;2025-12-01;21;269
28;2025-12-01;22;82
28;2025-12-01;23;0
28;2025-12-02;0;0
28;2025-12-02;1;0
28;2025-12-02;2;0
28;2025-12-02;3;0
28;2025-12-02;4;0
28;2025-12-02;5;60
28;2025-12-02;6;239
28;2025-12-02;7;745
28;2025-12-02;8;1219
28;2025-12-02;9;811
28;2025-12-02;10;629
28;2025-12-02;11;561
28;2025-12-02;12;666
28;2025-12-02;13;692
28;2025-12-02;14;650
28;2025-12-02;15;682
28;2025-12-02;16;840
28;2025-12-02;17;996
28;2025-12-02;18;981
28;2025-12-02;19;696
28;2025-12-02;20;444
28;2025-12-02;21;284
28;2025-12-02;22;91
28;2025-12-02;23;0
28;2025-12-03;0;0
28;2025-12-03;1;0
28;2025-12-03;2;0
28;2025-12-03;3;0
28;2025-12-03;4;0
28;2025-12-03;5;66
28;2025-12-03;6;240
28;2025-12-03;7;741
28;2025-12-03;8;1223
28;2025-12-03;9;832
28;2025-12-03;10;636
28;2025-12-03;11;576
28;2025-12-03;12;699
28;2025-12-03;13;723
28;2025-12-03;14;670
28;2025-12-03;15;694
28;2025-12-03;16;865
28;2025-12-03;17;1015
28;2025-12-03;18;987
28;2025-12-03;19;705
28;2025-12-03;20;462
28;2025-12-03;21;296
28;2025-12-03;22;97
28;2025-12-03;23;0
28;2025-12-04;0;0
28;2025-12-04;1;0
28;2025-12-04;2;0
28;2025-12-04;3;0
28;2025-12-04;4;0
28;2025-12-04;5;62
28;2025-12-04;6;232
28;2025-12-04;7;748
28;2025-12-04;8;1214
28;2025-12-04;9;829
28;2025-12-04;10;622
28;2025-12-04;11;566
28;2025-12-04;12;675
28;2025-12-04;13;705
28;2025-12-04;14;664
28;2025-12-04;15;707
28;2025-12-04;16;866
28;2025-12-04;17;1024
28;2025-12-04;18;997
28;2025-12-04;19;701
28;2025-12-04;20;456
28;2025-12-04;21;292
28;2025-12-04;22;100
28;2025-12-04;23;0
28;2025-12-05;0;0
28;2025-12-05;1;0
28;2025-12-05;2;0
28;2025-12-05;3;0
28;2025-12-05;4;0
28;2025-12-05;5;67
28;2025-12-05;6;244
28;2025-12-05;7;747
28;2025-12-05;8;1142
28;2025-12-05;9;800
28;2025-12-05;10;624
28;2025-12-05;11;570
28;2025-12-05;12;687
28;2025-12-05;13;718
28;2025-12-05;14;683
28;2025-12-05;15;726
28;2025-12-05;16;909
28;2025-12-05;17;990
28;2025-12-05;18;835
28;2025-12-05;19;629
28;2025-12-05;20;414
28;2025-12-05;21;289
28;2025-12-05;22;102
28;2025-12-05;23;6
28;2025-12-06;0;0
28;2025-12-06;1;0
28;2025-12-06;2;0
28;2025-12-06;3;0
28;2025-12-06;4;0
28;2025-12-06;5;20
28;2025-12-06;6;79
28;2025-12-06;7;203
28;2025-12-06;8;365
28;2025-12-06;9;408
28;2025-12-06;10;456
28;2025-12-06;11;462
28;2025-12-06;12;555
28;2025-12-06;13;562
28;2025-12-06;14;552
28;2025-12-06;15;550
28;2025-12-06;16;545
28;2025-12-06;17;578
28;2025-12-06;18;469
28;2025-12-06;19;382
28;2025-12-06;20;274
28;2025-12-06;21;244
28;2025-12-06;22;79
28;2025-12-06;23;2
28;2025-12-07;0;0
28;2025-12-07;1;0
28;2025-12-07;2;0
28;2025-12-07;3;0
28;2025-12-07;4;0
28;2025-12-07;5;12
28;2025-12-07;6;52
28;2025-12-07;7;125
28;2025-12-07;8;216
28;2025-12-07;9;298
28;2025-12-07;10;355
28;2025-12-07;11;379
28;2025-12-07;12;450
28;2025-12-07;13;478
28;2025-12-07;14;485
28;2025-12-07;15;471
28;2025-12-07;16;452
28;2025-12-07;17;488
28;2025-12-07;18;379
28;2025-12-07;19;315
28;2025-12-07;20;246
28;2025-12-07;21;213
28;2025-12-07;22;66
28;2025-12-07;23;0
28;2025-12-08;0;0
28;2025-12-08;1;0
28;2025-12-08;2;0
28;2025-12-08;3;0
28;2025-12-08;4;0
28;2025-12-08;5;66
28;2025-12-08;6;242
28;2025-12-08;7;738
28;2025-12-08;8;1171
28;2025-12-08;9;808
28;2025-12-08;10;614
28;2025-12-08;11;531
28;2025-12-08;12;652
28;2025-12-08;13;673
28;2025-12-08;14;614
28;2025-12-08;15;659
28;2025-12-08;16;838
28;2025-12-08;17;976
28;2025-12-08;18;941
28;2025-12-08;19;693
28;2025-12-08;20;428
28;2025-12-08;21;269
28;2025-12-08;22;82
28;2025-12-08;23;0
28;2025-12-09;0;0
28;2025-12-09;1;0
28;2025-12-09;2;0
28;2025-12-09;3;0
28;2025-12-09;4;0
28;2025-12-09;5;60
28;2025-12-09;6;239
28;2025-12-09;7;745
28;2025-12-09;8;1219
28;2025-12-09;9;811
28;2025-12-09;10;629
28;2025-12-09;11;561
28;2025-12-09;12;666
28;2025-12-09;13;692
28;2025-12-09;14;650
28;2025-12-09;15;682
28;2025-12-09;16;840
28;2025-12-09;17;996
28;2025-12-09;18;981
28;2025-12-09;19;696
28;2025-12-09;20;444
28;2025-12-09;21;284
28;2025-12-09;22;91
28;2025-12-09;23;0
28;2025-12-10;0;0
28;2025-12-10;1;0
28;2025-12-10;2;0
28;2025-12-10;3;0
28;2025-12-10;4;0
28;2025-12-10;5;66
28;2025-12-10;6;240
28;2025-12-10;7;741
28;2025-12-10;8;1223
28;2025-12-10;9;832
28;2025-12-10;10;636
28;2025-12-10;11;576
28;2025-12-10;12;699
28;2025-12-10;13;723
28;2025-12-10;14;670
28;2025-12-10;15;694
28;2025-12-10;16;865
28;2025-12-10;17;1015
28;2025-12-10;18;987
28;2025-12-10;19;705
28;2025-12-10;20;462
28;2025-12-10;21;296
28;2025-12-10;22;97
28;2025-12-10;23;0
28;2025-12-11;0;0
28;2025-12-11;1;0
28;2025-12-11;2;0
28;2025-12-11;3;0
28;2025-12-11;4;0
28;2025-12-11;5;62
28;2025-12-11;6;232
28;2025-12-11;7;748
28;2025-12-11;8;1214
28;2025-12-11;9;829
28;2025-12-11;10;622
28;2025-12-11;11;566
28;2025-12-11;12;675
28;2025-12-11;13;705
28;2025-12-11;14;664
28;2025-12-11;15;707
28;2025-12-11;16;866
28;2025-12-11;17;1024
28;2025-12-11;18;997
28;2025-12-11;19;701
28;2025-12-11;20;456
28;2025-12-11;21;292
28;2025-12-11;22;100
28;2025-12-11;23;0
28;2025-12-12;0;0
28;2025-12-12;1;0
28;2025-12-12;2;0
28;2025-12-12;3;0
28;2025-12-12;4;0
28;2025-12-12;5;67
28;2025-12-12;6;244
28;2025-12-12;7;747
28;2025-12-12;8;1142
28;2025-12-12;9;800
28;2025-12-12;10;624
28;2025-12-12;11;570
28;2025-12-12;12;687
28;2025-12-12;13;718
28;2025-12-12;14;683
28;2025-12-12;15;726
28;2025-12-12;16;909
28;2025-12-12;17;990
28;2025-12-12;18;835
28;2025-12-12;19;629
28;2025-12-12;20;414
28;2025-12-12;21;289
28;2025-12-12;22;102
28;2025-12-12;23;6
28;2025-12-13;0;0
28;2025-12-13;1;0
28;2025-12-13;2;0
28;2025-12-13;3;0
28;2025-12-13;4;0
28;2025-12-13;5;20
28;2025-12-13;6;79
28;2025-12-13;7;203
28;2025-12-13;8;365
28;2025-12-13;9;408
28;2025-12-13;10;456
28;2025-12-13;11;462
28;2025-12-13;12;555
28;2025-12-13;13;562
28;2025-12-13;14;552
28;2025-12-13;15;550
28;2025-12-13;16;545
28;2025-12-13;17;578
28;2025-12-13;18;469
28;2025-12-13;19;382
28;2025-12-13;20;274
28;2025-12-13;21;244
28;2025-12-13;22;79
28;2025-12-13;23;2
28;2025-12-14;0;0
28;2025-12-14;1;0
28;2025-12-14;2;0
28;2025-12-14;3;0
28;2025-12-14;4;0
28;2025-12-14;5;12
28;2025-12-14;6;52
28;2025-12-14;7;125
28;2025-12-14;8;216
28;2025-12-14;9;298
28;2025-12-14;10;355
28;2025-12-14;11;379
28;2025-12-14;12;450
28;2025-12-14;13;478
28;2025-12-14;14;485
28;2025-12-14;15;471
28;2025-12-14;16;452
28;2025-12-14;17;488
28;2025-12-14;18;379
28;2025-12-14;19;315
28;2025-12-14;20;246
28;2025-12-14;21;213
28;2025-12-14;22;66
28;2025-12-14;23;0
28;2025-12-15;0;0
28;2025-12-15;1;0
28;2025-12-15;2;0
28;2025-12-15;3;0
28;2025-12-15;4;0
28;2025-12-15;5;66
28;2025-12-15;6;242
28;2025-12-15;7;738
28;2025-12-15;8;1171
28;2025-12-15;9;808
28;2025-12-15;10;614
28;2025-12-15;11;531
28;2025-12-15;12;652
28;2025-12-15;13;673
28;2025-12-15;14;614
28;2025-12-15;15;659
28;2025-12-15;16;838
28;2025-12-15;17;976
28;2025-12-15;18;941
28;2025-12-15;19;693
28;2025-12-15;20;428
28;2025-12-15;21;269
28;2025-12-15;22;82
28;2025-12-15;23;0
28;2025-12-16;0;0
28;2025-12-16;1;0
28;2025-12-16;2;0
28;2025-12-16;3;0
28;2025-12-16;4;0
28;2025-12-16;5;60
28;2025-12-16;6;239
28;2025-12-16;7;745
28;2025-12-16;8;1219
28;2025-12-16;9;811
28;2025-12-16;10;629
28;2025-12-16;11;561
28;2025-12-16;12;666
28;2025-12-16;13;692
28;2025-12-16;14;650
28;2025-12-16;15;682
28;2025-12-16;16;840
28;2025-12-16;17;996
28;2025-12-16;18;981
28;2025-12-16;19;696
28;2025-12-16;20;444
28;2025-12-16;21;284
28;2025-12-16;22;91
28;2025-12-16;23;0
28;2025-12-17;0;0
28;2025-12-17;1;0
28;2025-12-17;2;0
28;2025-12-17;3;0
28;2025-12-17;4;0
28;2025-12-17;5;66
28;2025-12-17;6;240
28;2025-12-17;7;741
28;2025-12-17;8;1223
28;2025-12-17;9;832
28;2025-12-17;10;636
28;2025-12-17;11;576
28;2025-12-17;12;699
28;2025-12-17;13;723
28;2025-12-17;14;670
28;2025-12-17;15;694
28;2025-12-17;16;865
28;2025-12-17;17;1015
28;2025-12-17;18;987
28;2025-12-17;19;705
28;2025-12-17;20;462
28;2025-12-17;21;296
28;2025-12-17;22;97
28;2025-12-17;23;0
28;2025-12-18;0;0
28;2025-12-18;1;0
28;2025-12-18;2;0
28;2025-12-18;3;0
28;2025-12-18;4;0
28;2025-12-18;5;62
28;2025-12-18;6;232
28;2025-12-18;7;748
28;2025-12-18;8;1214
28;2025-12-18;9;829
28;2025-12-18;10;622
28;2025-12-18;11;566
28;2025-12-18;12;675
28;2025-12-18;13;705
28;2025-12-18;14;664
28;2025-12-18;15;707
28;2025-12-18;16;866
28;2025-12-18;17;1024
28;2025-12-18;18;997
28;2025-12-18;19;701
28;2025-12-18;20;456
28;2025-12-18;21;292
28;2025-12-18;22;100
28;2025-12-18;23;0
28;2025-12-19;0;0
28;2025-12-19;1;0
28;2025-12-19;2;0
28;2025-12-19;3;0
28;2025-12-19;4;0
28;2025-12-19;5;67
28;2025-12-19;6;244
28;2025-12-19;7;747
28;2025-12-19;8;1142
28;2025-12-19;9;800
28;2025-12-19;10;624
28;2025-12-19;11;570
28;2025-12-19;12;687
28;2025-12-19;13;718
28;2025-12-19;14;683
28;2025-12-19;15;726
28;2025-12-19;16;909
28;2025-12-19;17;990
28;2025-12-19;18;835
28;2025-12-19;19;629
28;2025-12-19;20;414
28;2025-12-19;21;289
28;2025-12-19;22;102
28;2025-12-19;23;6
28;2025-12-20;0;0
28;2025-12-20;1;0
28;2025-12-20;2;0
28;2025-12-20;3;0
28;2025-12-20;4;0
28;2025-12-20;5;20
28;2025-12-20;6;79
28;2025-12-20;7;203
28;2025-12-20;8;365
28;2025-12-20;9;408
28;2025-12-20;10;456
28;2025-12-20;11;462
28;2025-12-20;12;555
28;2025-12-20;13;562
28;2025-12-20;14;552
28;2025-12-20;15;550
28;2025-12-20;16;545
28;2025-12-20;17;578
28;2025-12-20;18;469
28;2025-12-20;19;382
28;2025-12-20;20;274
28;2025-12-20;21;244
28;2025-12-20;22;79
28;2025-12-20;23;2
28;2025-12-21;0;0
28;2025-12-21;1;0
28;2025-12-21;2;0
28;2025-12-21;3;0
28;2025-12-21;4;0
28;2025-12-21;5;12
28;2025-12-21;6;52
28;2025-12-21;7;125
28;2025-12-21;8;216
28;2025-12-21;9;298
28;2025-12-21;10;355
28;2025-12-21;11;379
28;2025-12-21;12;450
28;2025-12-21;13;478
28;2025-12-21;14;485
28;2025-12-21;15;471
28;2025-12-21;16;452
28;2025-12-21;17;488
28;2025-12-21;18;379
28;2025-12-21;19;315
28;2025-12-21;20;246
28;2025-12-21;21;213
28;2025-12-21;22;66
28;2025-12-21;23;0
28;2025-12-22;0;0
28;2025-12-22;1;0
28;2025-12-22;2;0
28;2025-12-22;3;0
28;2025-12-22;4;0
28;2025-12-22;5;66
28;2025-12-22;6;242
28;2025-12-22;7;738
28;2025-12-22;8;1171
28;2025-12-22;9;808
28;2025-12-22;10;614
28;2025-12-22;11;531
28;2025-12-22;12;652
28;2025-12-22;13;673
28;2025-12-22;14;614
28;2025-12-22;15;659
28;2025-12-22;16;838
28;2025-12-22;17;976
28;2025-12-22;18;941
28;2025-12-22;19;693
28;2025-12-22;20;428
28;2025-12-22;21;269
28;2025-12-22;22;82
28;2025-12-22;23;0
28;2025-12-23;0;0
28;2025-12-23;1;0
28;2025-12-23;2;0
28;2025-12-23;3;0
28;2025-12-23;4;0
28;2025-12-23;5;60
28;2025-12-23;6;239
28;2025-12-23;7;745
28;2025-12-23;8;1219
28;2025-12-23;9;811
28;2025-12-23;10;629
28;2025-12-23;11;561
28;2025-12-23;12;666
28;2025-12-23;13;692
28;2025-12-23;14;650
28;2025-12-23;15;682
28;2025-12-23;16;840
28;2025-12-23;17;996
28;2025-12-23;18;981
28;2025-12-23;19;696
28;2025-12-23;20;444
28;2025-12-23;21;284
28;2025-12-23;22;91
28;2025-12-23;23;0
28;2025-12-24;0;0
28;2025-12-24;1;0
28;2025-12-24;2;0
28;2025-12-24;3;0
28;2025-12-24;4;0
28;2025-12-24;5;66
28;2025-12-24;6;240
28;2025-12-24;7;741
28;2025-12-24;8;1223
28;2025-12-24;9;832
28;2025-12-24;10;636
28;2025-12-24;11;576
28;2025-12-24;12;699
28;2025-12-24;13;723
28;2025-12-24;14;670
28;2025-12-24;15;694
28;2025-12-24;16;865
28;2025-12-24;17;1015
28;2025-12-24;18;987
28;2025-12-24;19;705
28;2025-12-24;20;462
28;2025-12-24;21;296
28;2025-12-24;22;97
28;2025-12-24;23;0
28;2025-12-25;0;0
28;2025-12-25;1;0
28;2025-12-25;2;0
28;2025-12-25;3;0
28;2025-12-25;4;0
28;2025-12-25;5;62
28;2025-12-25;6;232
28;2025-12-25;7;748
28;2025-12-25;8;1214
28;2025-12-25;9;829
28;2025-12-25;10;622
28;2025-12-25;11;566
28;2025-12-25;12;675
28;2025-12-25;13;705
28;2025-12-25;14;664
28;2025-12-25;15;707
28;2025-12-25;16;866
28;2025-12-25;17;1024
28;2025-12-25;18;997
28;2025-12-25;19;701
28;2025-12-25;20;456
28;2025-12-25;21;292
28;2025-12-25;22;100
28;2025-12-25;23;0
28;2025-12-26;0;0
28;2025-12-26;1;0
28;2025-12-26;2;0
28;2025-12-26;3;0
28;2025-12-26;4;0
28;2025-12-26;5;67
28;2025-12-26;6;244
28;2025-12-26;7;747
28;2025-12-26;8;1142
28;2025-12-26;9;800
28;2025-12-26;10;624
28;2025-12-26;11;570
28;2025-12-26;12;687
28;2025-12-26;13;718
28;2025-12-26;14;683
28;2025-12-26;15;726
28;2025-12-26;16;909
28;2025-12-26;17;990
28;2025-12-26;18;835
28;2025-12-26;19;629
28;2025-12-26;20;414
28;2025-12-26;21;289
28;2025-12-26;22;102
28;2025-12-26;23;6
28;2025-12-27;0;0
28;2025-12-27;1;0
28;2025-12-27;2;0
28;2025-12-27;3;0
28;2025-12-27;4;0
28;2025-12-27;5;20
28;2025-12-27;6;79
28;2025-12-27;7;203
28;2025-12-27;8;365
28;2025-12-27;9;408
28;2025-12-27;10;456
28;2025-12-27;11;462
28;2025-12-27;12;555
28;2025-12-27;13;562
28;2025-12-27;14;552
28;2025-12-27;15;550
28;2025-12-27;16;545
28;2025-12-27;17;578
28;2025-12-27;18;469
28;2025-12-27;19;382
28;2025-12-27;20;274
28;2025-12-27;21;244
28;2025-12-27;22;79
28;2025-12-27;23;2
28;2025-12-28;0;0
28;2025-12-28;1;0
28;2025-12-28;2;0
28;2025-12-28;3;0
28;2025-12-28;4;0
28;2025-12-28;5;12
28;2025-12-28;6;52
28;2025-12-28;7;125
28;2025-12-28;8;216
28;2025-12-28;9;298
28;2025-12-28;10;355
28;2025-12-28;11;379
28;2025-12-28;12;450
28;2025-12-28;13;478
28;2025-12-28;14;485
28;2025-12-28;15;471
28;2025-12-28;16;452
28;2025-12-28;17;488
28;2025-12-28;18;379
28;2025-12-28;19;315
28;2025-12-28;20;246
28;2025-12-28;21;213
28;2025-12-28;22;66
28;2025-12-28;23;0
28;2025-12-29;0;0
28;2025-12-29;1;0
28;2025-12-29;2;0
28;2025-12-29;3;0
28;2025-12-29;4;0
28;2025-12-29;5;66
28;2025-12-29;6;242
28;2025-12-29;7;738
28;2025-12-29;8;1171
28;2025-12-29;9;808
28;2025-12-29;10;614
28;2025-12-29;11;531
28;2025-12-29;12;652
28;2025-12-29;13;673
28;2025-12-29;14;614
28;2025-12-29;15;659
28;2025-12-29;16;838
28;2025-12-29;17;976
28;2025-12-29;18;941
28;2025-12-29;19;693
28;2025-12-29;20;428
28;2025-12-29;21;269
28;2025-12-29;22;82
28;2025-12-29;23;0
28;2025-12-30;0;0
28;2025-12-30;1;0
28;2025-12-30;2;0
28;2025-12-30;3;0
28;2025-12-30;4;0
28;2025-12-30;5;60
28;2025-12-30;6;239
28;2025-12-30;7;745
28;2025-12-30;8;1219
28;2025-12-30;9;811
28;2025-12-30;10;629
28;2025-12-30;11;561
28;2025-12-30;12;666
28;2025-12-30;13;692
28;2025-12-30;14;650
28;2025-12-30;15;682
28;2025-12-30;16;840
28;2025-12-30;17;996
28;2025-12-30;18;981
28;2025-12-30;19;696
28;2025-12-30;20;444
28;2025-12-30;21;284
28;2025-12-30;22;91
28;2025-12-30;23;0
28;2025-12-31;0;0
28;2025-12-31;1;0
28;2025-12-31;2;0
28;2025-12-31;3;0
28;2025-12-31;4;0
28;2025-12-31;5;17
28;2025-12-31;6;105
28;2025-12-31;7;200
28;2025-12-31;8;393
28;2025-12-31;9;346
28;2025-12-31;10;384
28;2025-12-31;11;377
28;2025-12-31;12;475
28;2025-12-31;13;476
28;2025-12-31;14;468
28;2025-12-31;15;460
28;2025-12-31;16;459
28;2025-12-31;17;522
28;2025-12-31;18;446
28;2025-12-31;19;362
28;2025-12-31;20;279
28;2025-12-31;21;237
28;2025-12-31;22;63
28;2025-12-31;23;0
50;2025-11-01;0;11
50;2025-11-01;1;0
50;2025-11-01;2;0
50;2025-11-01;3;0
50;2025-11-01;4;0
50;2025-11-01;5;9
50;2025-11-01;6;337
50;2025-11-01;7;1526
50;2025-11-01;8;2401
50;2025-11-01;9;1886
50;2025-11-01;10;1475
50;2025-11-01;11;1425
50;2025-11-01;12;1334
50;2025-11-01;13;1362
50;2025-11-01;14;1339
50;2025-11-01;15;1522
50;2025-11-01;16;1698
50;2025-11-01;17;2101
50;2025-11-01;18;1960
50;2025-11-01;19;1212
50;2025-11-01;20;715
50;2025-11-01;21;444
50;2025-11-01;22;120
50;2025-11-01;23;49
50;2025-11-02;0;0
50;2025-11-02;1;0
50;2025-11-02;2;0
50;2025-11-02;3;0
50;2025-11-02;4;0
50;2025-11-02;5;0
50;2025-11-02;6;0
50;2025-11-02;7;0
50;2025-11-02;8;9
50;2025-11-02;9;72
50;2025-11-02;10;37
50;2025-11-02;11;153
50;2025-11-02;12;134
50;2025-11-02;13;121
50;2025-11-02;14;124
50;2025-11-02;15;121
50;2025-11-02;16;178
50;2025-11-02;17;175
50;2025-11-02;18;76
50;2025-11-02;19;81
50;2025-11-02;20;59
50;2025-11-02;21;55
50;2025-11-02;22;0
50;2025-11-02;23;0
50;2025-11-03;0;11
50;2025-11-03;1;0
50;2025-11-03;2;0
50;2025-11-03;3;0
50;2025-11-03;4;3
50;2025-11-03;5;23
50;2025-11-03;6;146
50;2025-11-03;7;185
50;2025-11-03;8;375
50;2025-11-03;9;294
50;2025-11-03;10;232
50;2025-11-03;11;262
50;2025-11-03;12;289
50;2025-11-03;13;290
50;2025-11-03;14;281
50;2025-11-03;15;284
50;2025-11-03;16;268
50;2025-11-03;17;364
50;2025-11-03;18;335
50;2025-11-03;19;232
50;2025-11-03;20;177
50;2025-11-03;21;189
50;2025-11-03;22;100
50;2025-11-03;23;84
50;2025-11-04;0;32
50;2025-11-04;1;2
50;2025-11-04;2;0
50;2025-11-04;3;0
50;2025-11-04;4;12
50;2025-11-04;5;44
50;2025-11-04;6;176
50;2025-11-04;7;232
50;2025-11-04;8;363
50;2025-11-04;9;318
50;2025-11-04;10;257
50;2025-11-04;11;282
50;2025-11-04;12;304
50;2025-11-04;13;312
50;2025-11-04;14;303
50;2025-11-04;15;344
50;2025-11-04;16;324
50;2025-11-04;17;433
50;2025-11-04;18;347
50;2025-11-04;19;271
50;2025-11-04;20;219
50;2025-11-04;21;217
50;2025-11-04;22;126
50;2025-11-04;23;118
50;2025-11-05;0;13
50;2025-11-05;1;0
50;2025-11-05;2;0
50;2025-11-05;3;0
50;2025-11-05;4;3
50;2025-11-05;5;77
50;2025-11-05;6;507
50;2025-11-05;7;1739
50;2025-11-05;8;2737
50;2025-11-05;9;2075
50;2025-11-05;10;1625
50;2025-11-05;11;1532
50;2025-11-05;12;1482
50;2025-11-05;13;1476
50;2025-11-05;14;1428
50;2025-11-05;15;1611
50;2025-11-05;16;1724
50;2025-11-05;17;2323
50;2025-11-05;18;2358
50;2025-11-05;19;1482
50;2025-11-05;20;878
50;2025-11-05;21;610
50;2025-11-05;22;220
50;2025-11-05;23;146
50;2025-11-06;0;22
50;2025-11-06;1;0
50;2025-11-06;2;0
50;2025-11-06;3;0
50;2025-11-06;4;6
50;2025-11-06;5;81
50;2025-11-06;6;503
50;2025-11-06;7;1718
50;2025-11-06;8;2693
50;2025-11-06;9;2057
50;2025-11-06;10;1638
50;2025-11-06;11;1497
50;2025-11-06;12;1465
50;2025-11-06;13;1453
50;2025-11-06;14;1425
50;2025-11-06;15;1609
50;2025-11-06;16;1707
50;2025-11-06;17;2293
50;2025-11-06;18;2384
50;2025-11-06;19;1468
50;2025-11-06;20;905
50;2025-11-06;21;626
50;2025-11-06;22;237
50;2025-11-06;23;150
50;2025-11-07;0;12
50;2025-11-07;1;0
50;2025-11-07;2;0
50;2025-11-07;3;0
50;2025-11-07;4;1
50;2025-11-07;5;60
50;2025-11-07;6;483
50;2025-11-07;7;1698
50;2025-11-07;8;2584
50;2025-11-07;9;1972
50;2025-11-07;10;1517
50;2025-11-07;11;1457
50;2025-11-07;12;1413
50;2025-11-07;13;1429
50;2025-11-07;14;1411
50;2025-11-07;15;1640
50;2025-11-07;16;1921
50;2025-11-07;17;2169
50;2025-11-07;18;1767
50;2025-11-07;19;1260
50;2025-11-07;20;794
50;2025-11-07;21;523
50;2025-11-07;22;216
50;2025-11-07;23;157
50;2025-11-08;0;10
50;2025-11-08;1;0
50;2025-11-08;2;0
50;2025-11-08;3;0
50;2025-11-08;4;0
50;2025-11-08;5;0
50;2025-11-08;6;0
50;2025-11-08;7;60
50;2025-11-08;8;130
50;2025-11-08;9;195
50;2025-11-08;10;159
50;2025-11-08;11;231
50;2025-11-08;12;208
50;2025-11-08;13;193
50;2025-11-08;14;178
50;2025-11-08;15;197
50;2025-11-08;16;242
50;2025-11-08;17;221
50;2025-11-08;18;116
50;2025-11-08;19;150
50;2025-11-08;20;90
50;2025-11-08;21;87
50;2025-11-08;22;7
50;2025-11-08;23;0
50;2025-11-09;0;0
50;2025-11-09;1;0
50;2025-11-09;2;0
50;2025-11-09;3;0
50;2025-11-09;4;0
50;2025-11-09;5;0
50;2025-11-09;6;0
50;2025-11-09;7;0
50;2025-11-09;8;9
50;2025-11-09;9;72
50;2025-11-09;10;37
50;2025-11-09;11;153
50;2025-11-09;12;134
50;2025-11-09;13;121
50;2025-11-09;14;124
50;2025-11-09;15;121
50;2025-11-09;16;178
50;2025-11-09;17;175
50;2025-11-09;18;76
50;2025-11-09;19;81
50;2025-11-09;20;59
50;2025-11-09;21;55
50;2025-11-09;22;0
50;2025-11-09;23;0
50;2025-11-10;0;8
50;2025-11-10;1;0
50;2025-11-10;2;0
50;2025-11-10;3;0
50;2025-11-10;4;6
50;2025-11-10;5;68
50;2025-11-10;6;504
50;2025-11-10;7;1722
50;2025-11-10;8;2686
50;2025-11-10;9;2085
50;2025-11-10;10;1593
50;2025-11-10;11;1471
50;2025-11-10;12;1409
50;2025-11-10;13;1439
50;2025-11-10;14;1388
50;2025-11-10;15;1572
50;2025-11-10;16;1685
50;2025-11-10;17;2286
50;2025-11-10;18;2365
50;2025-11-10;19;1440
50;2025-11-10;20;849
50;2025-11-10;21;559
50;2025-11-10;22;198
50;2025-11-10;23;114
50;2025-11-11;0;22
50;2025-11-11;1;0
50;2025-11-11;2;0
50;2025-11-11;3;0
50;2025-11-11;4;11
50;2025-11-11;5;86
50;2025-11-11;6;541
50;2025-11-11;7;1790
50;2025-11-11;8;2779
50;2025-11-11;9;2130
50;2025-11-11;10;1653
50;2025-11-11;11;1522
50;2025-11-11;12;1456
50;2025-11-11;13;1486
50;2025-11-11;14;1431
50;2025-11-11;15;1631
50;2025-11-11;16;1742
50;2025-11-11;17;2367
50;2025-11-11;18;2432
50;2025-11-11;19;1510
50;2025-11-11;20;913
50;2025-11-11;21;608
50;2025-11-11;22;221
50;2025-11-11;23;144
50;2025-11-12;0;13
50;2025-11-12;1;0
50;2025-11-12;2;0
50;2025-11-12;3;0
50;2025-11-12;4;3
50;2025-11-12;5;77
50;2025-11-12;6;507
50;2025-11-12;7;1739
50;2025-11-12;8;2737
50;2025-11-12;9;2075
50;2025-11-12;10;1625
50;2025-11-12;11;1532
50;2025-11-12;12;1482
50;2025-11-12;13;1476
50;2025-11-12;14;1428
50;2025-11-12;15;1611
50;2025-11-12;16;1724
50;2025-11-12;17;2323
50;2025-11-12;18;2358
50;2025-11-12;19;1482
50;2025-11-12;20;878
50;2025-11-12;21;610
50;2025-11-12;22;220
50;2025-11-12;23;146
50;2025-11-13;0;22
50;2025-11-13;1;0
50;2025-11-13;2;0
50;2025-11-13;3;0
50;2025-11-13;4;6
50;2025-11-13;5;81
50;2025-11-13;6;503
50;2025-11-13;7;1718
50;2025-11-13;8;2693
50;2025-11-13;9;2057
50;2025-11-13;10;1638
50;2025-11-13;11;1497
50;2025-11-13;12;1465
50;2025-11-13;13;1453
50;2025-11-13;14;1425
50;2025-11-13;15;1609
50;2025-11-13;16;1707
50;2025-11-13;17;2293
50;2025-11-13;18;2384
50;2025-11-13;19;1468
50;2025-11-13;20;905
50;2025-11-13;21;626
50;2025-11-13;22;237
50;2025-11-13;23;150
50;2025-11-14;0;12
50;2025-11-14;1;0
50;2025-11-14;2;0
50;2025-11-14;3;0
50;2025-11-14;4;1
50;2025-11-14;5;60
50;2025-11-14;6;483
50;2025-11-14;7;1698
50;2025-11-14;8;2584
50;2025-11-14;9;1972
50;2025-11-14;10;1517
50;2025-11-14;11;1457
50;2025-11-14;12;1413
50;2025-11-14;13;1429
50;2025-11-14;14;1411
50;2025-11-14;15;1640
50;2025-11-14;16;1921
50;2025-11-14;17;2169
50;2025-11-14;18;1767
50;2025-11-14;19;1260
50;2025-11-14;20;794
50;2025-11-14;21;523
50;2025-11-14;22;216
50;2025-11-14;23;157
50;2025-11-15;0;10
50;2025-11-15;1;0
50;2025-11-15;2;0
50;2025-11-15;3;0
50;2025-11-15;4;0
50;2025-11-15;5;0
50;2025-11-15;6;0
50;2025-11-15;7;60
50;2025-11-15;8;130
50;2025-11-15;9;195
50;2025-11-15;10;159
50;2025-11-15;11;231
50;2025-11-15;12;208
50;2025-11-15;13;193
50;2025-11-15;14;178
50;2025-11-15;15;197
50;2025-11-15;16;242
50;2025-11-15;17;221
50;2025-11-15;18;116
50;2025-11-15;19;150
50;2025-11-15;20;90
50;2025-11-15;21;87
50;2025-11-15;22;7
50;2025-11-15;23;0
50;2025-11-16;0;0
50;2025-11-16;1;0
50;2025-11-16;2;0
50;2025-11-16;3;0
50;2025-11-16;4;0
50;2025-11-16;5;0
50;2025-11-16;6;0
50;2025-11-16;7;0
50;2025-11-16;8;9
50;2025-11-16;9;72
50;2025-11-16;10;37
50;2025-11-16;11;153
50;2025-11-16;12;134
50;2025-11-16;13;121
50;2025-11-16;14;124
50;2025-11-16;15;121
50;2025-11-16;16;178
50;2025-11-16;17;175
50;2025-11-16;18;76
50;2025-11-16;19;81
50;2025-11-16;20;59
50;2025-11-16;21;55
50;2025-11-16;22;0
50;2025-11-16;23;0
50;2025-11-17;0;8
50;2025-11-17;1;0
50;2025-11-17;2;0
50;2025-11-17;3;0
50;2025-11-17;4;6
50;2025-11-17;5;68
50;2025-11-17;6;504
50;2025-11-17;7;1722
50;2025-11-17;8;2686
50;2025-11-17;9;2085
50;2025-11-17;10;1593
50;2025-11-17;11;1471
50;2025-11-17;12;1409
50;2025-11-17;13;1439
50;2025-11-17;14;1388
50;2025-11-17;15;1572
50;2025-11-17;16;1685
50;2025-11-17;17;2286
50;2025-11-17;18;2365
50;2025-11-17;19;1440
50;2025-11-17;20;849
50;2025-11-17;21;559
50;2025-11-17;22;198
50;2025-11-17;23;114
50;2025-11-18;0;22
50;2025-11-18;1;0
50;2025-11-18;2;0
50;2025-11-18;3;0
50;2025-11-18;4;11
50;2025-11-18;5;86
50;2025-11-18;6;541
50;2025-11-18;7;1790
50;2025-11-18;8;2779
50;2025-11-18;9;2130
50;2025-11-18;10;1653
50;2025-11-18;11;1522
50;2025-11-18;12;1456
50;2025-11-18;13;1486
50;2025-11-18;14;1431
50;2025-11-18;15;1631
50;2025-11-18;16;1742
50;2025-11-18;17;2367
50;2025-11-18;18;2432
50;2025-11-18;19;1510
50;2025-11-18;20;913
50;2025-11-18;21;608
50;2025-11-18;22;221
50;2025-11-18;23;144
50;2025-11-19;0;13
50;2025-11-19;1;0
50;2025-11-19;2;0
50;2025-11-19;3;0
50;2025-11-19;4;3
50;2025-11-19;5;77
50;2025-11-19;6;507
50;2025-11-19;7;1739
50;2025-11-19;8;2737
50;2025-11-19;9;2075
50;2025-11-19;10;1625
50;2025-11-19;11;1532
50;2025-11-19;12;1482
50;2025-11-19;13;1476
50;2025-11-19;14;1428
50;2025-11-19;15;1611
50;2025-11-19;16;1724
50;2025-11-19;17;2323
50;2025-11-19;18;2358
50;2025-11-19;19;1482
50;2025-11-19;20;878
50;2025-11-19;21;610
50;2025-11-19;22;220
50;2025-11-19;23;146
50;2025-11-20;0;22
50;2025-11-20;1;0
50;2025-11-20;2;0
50;2025-11-20;3;0
50;2025-11-20;4;6
50;2025-11-20;5;81
50;2025-11-20;6;503
50;2025-11-20;7;1718
50;2025-11-20;8;2693
50;2025-11-20;9;2057
50;2025-11-20;10;1638
50;2025-11-20;11;1497
50;2025-11-20;12;1465
50;2025-11-20;13;1453
50;2025-11-20;14;1425
50;2025-11-20;15;1609
50;2025-11-20;16;1707
50;2025-11-20;17;2293
50;2025-11-20;18;2384
50;2025-11-20;19;1468
50;2025-11-20;20;905
50;2025-11-20;21;626
50;2025-11-20;22;237
50;2025-11-20;23;150
50;2025-11-21;0;12
50;2025-11-21;1;0
50;2025-11-21;2;0
50;2025-11-21;3;0
50;2025-11-21;4;1
50;2025-11-21;5;60
50;2025-11-21;6;483
50;2025-11-21;7;1698
50;2025-11-21;8;2584
50;2025-11-21;9;1972
50;2025-11-21;10;1517
50;2025-11-21;11;1457
50;2025-11-21;12;1413
50;2025-11-21;13;1429
50;2025-11-21;14;1411
50;2025-11-21;15;1640
50;2025-11-21;16;1921
50;2025-11-21;17;2169
50;2025-11-21;18;1767
50;2025-11-21;19;1260
50;2025-11-21;20;794
50;2025-11-21;21;523
50;2025-11-21;22;216
50;2025-11-21;23;157
50;2025-11-22;0;10
50;2025-11-22;1;0
50;2025-11-22;2;0
50;2025-11-22;3;0
50;2025-11-22;4;0
50;2025-11-22;5;0
50;2025-11-22;6;0
50;2025-11-22;7;60
50;2025-11-22;8;130
50;2025-11-22;9;195
50;2025-11-22;10;159
50;2025-11-22;11;231
50;2025-11-22;12;208
50;2025-11-22;13;193
50;2025-11-22;14;178
50;2025-11-22;15;197
50;2025-11-22;16;242
50;2025-11-22;17;221
50;2025-11-22;18;116
50;2025-11-22;19;150
50;2025-11-22;20;90
50;2025-11-22;21;87
50;2025-11-22;22;7
50;2025-11-22;23;0
50;2025-11-23;0;0
50;2025-11-23;1;0
50;2025-11-23;2;0
50;2025-11-23;3;0
50;2025-11-23;4;0
50;2025-11-23;5;0
50;2025-11-23;6;0
50;2025-11-23;7;0
50;2025-11-23;8;9
50;2025-11-23;9;72
50;2025-11-23;10;37
50;2025-11-23;11;153
50;2025-11-23;12;134
50;2025-11-23;13;121
50;2025-11-23;14;124
50;2025-11-23;15;121
50;2025-11-23;16;178
50;2025-11-23;17;175
50;2025-11-23;18;76
50;2025-11-23;19;81
50;2025-11-23;20;59
50;2025-11-23;21;55
50;2025-11-23;22;0
50;2025-11-23;23;0
50;2025-11-24;0;8
50;2025-11-24;1;0
50;2025-11-24;2;0
50;2025-11-24;3;0
50;2025-11-24;4;6
50;2025-11-24;5;68
50;2025-11-24;6;504
50;2025-11-24;7;1722
50;2025-11-24;8;2686
50;2025-11-24;9;2085
50;2025-11-24;10;1593
50;2025-11-24;11;1471
50;2025-11-24;12;1409
50;2025-11-24;13;1439
50;2025-11-24;14;1388
50;2025-11-24;15;1572
50;2025-11-24;16;1685
50;2025-11-24;17;2286
50;2025-11-24;18;2365
50;2025-11-24;19;1440
50;2025-11-24;20;849
50;2025-11-24;21;559
50;2025-11-24;22;198
50;2025-11-24;23;114
50;2025-11-25;0;22
50;2025-11-25;1;0
50;2025-11-25;2;0
50;2025-11-25;3;0
50;2025-11-25;4;11
50;2025-11-25;5;86
50;2025-11-25;6;541
50;2025-11-25;7;1790
50;2025-11-25;8;2779
50;2025-11-25;9;2130
50;2025-11-25;10;1653
50;2025-11-25;11;1522
50;2025-11-25;12;1456
50;2025-11-25;13;1486
50;2025-11-25;14;1431
50;2025-11-25;15;1631
50;2025-11-25;16;1742
50;2025-11-25;17;2367
50;2025-11-25;18;2432
50;2025-11-25;19;1510
50;2025-11-25;20;913
50;2025-11-25;21;608
50;2025-11-25;22;221
50;2025-11-25;23;144
50;2025-11-26;0;13
50;2025-11-26;1;0
50;2025-11-26;2;0
50;2025-11-26;3;0
50;2025-11-26;4;3
50;2025-11-26;5;77
50;2025-11-26;6;507
50;2025-11-26;7;1739
50;2025-11-26;8;2737
50;2025-11-26;9;2075
50;2025-11-26;10;1625
50;2025-11-26;11;1532
50;2025-11-26;12;1482
50;2025-11-26;13;1476
50;2025-11-26;14;1428
50;2025-11-26;15;1611
50;2025-11-26;16;1724
50;2025-11-26;17;2323
50;2025-11-26;18;2358
50;2025-11-26;19;1482
50;2025-11-26;20;878
50;2025-11-26;21;610
50;2025-11-26;22;220
50;2025-11-26;23;146
50;2025-11-27;0;22
50;2025-11-27;1;0
50;2025-11-27;2;0
50;2025-11-27;3;0
50;2025-11-27;4;6
50;2025-11-27;5;81
50;2025-11-27;6;503
50;2025-11-27;7;1718
50;2025-11-27;8;2693
50;2025-11-27;9;2057
50;2025-11-27;10;1638
50;2025-11-27;11;1497
50;2025-11-27;12;1465
50;2025-11-27;13;1453
50;2025-11-27;14;1425
50;2025-11-27;15;1609
50;2025-11-27;16;1707
50;2025-11-27;17;2293
50;2025-11-27;18;2384
50;2025-11-27;19;1468
50;2025-11-27;20;905
50;2025-11-27;21;626
50;2025-11-27;22;237
50;2025-11-27;23;150
50;2025-11-28;0;12
50;2025-11-28;1;0
50;2025-11-28;2;0
50;2025-11-28;3;0
50;2025-11-28;4;1
50;2025-11-28;5;60
50;2025-11-28;6;483
50;2025-11-28;7;1698
50;2025-11-28;8;2584
50;2025-11-28;9;1972
50;2025-11-28;10;1517
50;2025-11-28;11;1457
50;2025-11-28;12;1413
50;2025-11-28;13;1429
50;2025-11-28;14;1411
50;2025-11-28;15;1640
50;2025-11-28;16;1921
50;2025-11-28;17;2169
50;2025-11-28;18;1767
50;2025-11-28;19;1260
50;2025-11-28;20;794
50;2025-11-28;21;523
50;2025-11-28;22;216
50;2025-11-28;23;157
50;2025-11-29;0;10
50;2025-11-29;1;0
50;2025-11-29;2;0
50;2025-11-29;3;0
50;2025-11-29;4;0
50;2025-11-29;5;0
50;2025-11-29;6;0
50;2025-11-29;7;60
50;2025-11-29;8;130
50;2025-11-29;9;195
50;2025-11-29;10;159
50;2025-11-29;11;231
50;2025-11-29;12;208
50;2025-11-29;13;193
50;2025-11-29;14;178
50;2025-11-29;15;197
50;2025-11-29;16;242
50;2025-11-29;17;221
50;2025-11-29;18;116
50;2025-11-29;19;150
50;2025-11-29;20;90
50;2025-11-29;21;87
50;2025-11-29;22;7
50;2025-11-29;23;0
50;2025-11-30;0;0
50;2025-11-30;1;0
50;2025-11-30;2;0
50;2025-11-30;3;0
50;2025-11-30;4;0
50;2025-11-30;5;0
50;2025-11-30;6;0
50;2025-11-30;7;0
50;2025-11-30;8;9
50;2025-11-30;9;72
50;2025-11-30;10;37
50;2025-11-30;11;153
50;2025-11-30;12;134
50;2025-11-30;13;121
50;2025-11-30;14;124
50;2025-11-30;15;121
50;2025-11-30;16;178
50;2025-11-30;17;175
50;2025-11-30;18;76
50;2025-11-30;19;81
50;2025-11-30;20;59
50;2025-11-30;21;55
50;2025-11-30;22;0
50;2025-11-30;23;0
50;2025-12-01;0;8
50;2025-12-01;1;0
50;2025-12-01;2;0
50;2025-12-01;3;0
50;2025-12-01;4;6
50;2025-12-01;5;68
50;2025-12-01;6;504
50;2025-12-01;7;1722
50;2025-12-01;8;2686
50;2025-12-01;9;2085
50;2025-12-01;10;1593
50;2025-12-01;11;1471
50;2025-12-01;12;1409
50;2025-12-01;13;1439
50;2025-12-01;14;1388
50;2025-12-01;15;1572
50;2025-12-01;16;1685
50;2025-12-01;17;2286
50;2025-12-01;18;2365
50;2025-12-01;19;1440
50;2025-12-01;20;849
50;2025-12-01;21;559
50;2025-12-01;22;198
50;2025-12-01;23;114
50;2025-12-02;0;22
50;2025-12-02;1;0
50;2025-12-02;2;0
50;2025-12-02;3;0
50;2025-12-02;4;11
50;2025-12-02;5;86
50;2025-12-02;6;541
50;2025-12-02;7;1790
50;2025-12-02;8;2779
50;2025-12-02;9;2130
50;2025-12-02;10;1653
50;2025-12-02;11;1522
50;2025-12-02;12;1456
50;2025-12-02;13;1486
50;2025-12-02;14;1431
50;2025-12-02;15;1631
50;2025-12-02;16;1742
50;2025-12-02;17;2367
50;2025-12-02;18;2432
50;2025-12-02;19;1510
50;2025-12-02;20;913
50;2025-12-02;21;608
50;2025-12-02;22;221
50;2025-12-02;23;144
50;2025-12-03;0;13
50;2025-12-03;1;0
50;2025-12-03;2;0
50;2025-12-03;3;0
50;2025-12-03;4;3
50;2025-12-03;5;77
50;2025-12-03;6;507
50;2025-12-03;7;1739
50;2025-12-03;8;2737
50;2025-12-03;9;2075
50;2025-12-03;10;1625
50;2025-12-03;11;1532
50;2025-12-03;12;1482
50;2025-12-03;13;1476
50;2025-12-03;14;1428
50;2025-12-03;15;1611
50;2025-12-03;16;1724
50;2025-12-03;17;2323
50;2025-12-03;18;2358
50;2025-12-03;19;1482
50;2025-12-03;20;878
50;2025-12-03;21;610
50;2025-12-03;22;220
50;2025-12-03;23;146
50;2025-12-04;0;22
50;2025-12-04;1;0
50;2025-12-04;2;0
50;2025-12-04;3;0
50;2025-12-04;4;6
50;2025-12-04;5;81
50;2025-12-04;6;503
50;2025-12-04;7;1718
50;2025-12-04;8;2693
50;2025-12-04;9;2057
50;2025-12-04;10;1638
50;2025-12-04;11;1497
50;2025-12-04;12;1465
50;2025-12-04;13;1453
50;2025-12-04;14;1425
50;2025-12-04;15;1609
50;2025-12-04;16;1707
50;2025-12-04;17;2293
50;2025-12-04;18;2384
50;2025-12-04;19;1468
50;2025-12-04;20;905
50;2025-12-04;21;626
50;2025-12-04;22;237
50;2025-12-04;23;150
50;2025-12-05;0;12
50;2025-12-05;1;0
50;2025-12-05;2;0
50;2025-12-05;3;0
50;2025-12-05;4;1
50;2025-12-05;5;60
50;2025-12-05;6;483
50;2025-12-05;7;1698
50;2025-12-05;8;2584
50;2025-12-05;9;1972
50;2025-12-05;10;1517
50;2025-12-05;11;1457
50;2025-12-05;12;1413
50;2025-12-05;13;1429
50;2025-12-05;14;1411
50;2025-12-05;15;1640
50;2025-12-05;16;1921
50;2025-12-05;17;2169
50;2025-12-05;18;1767
50;2025-12-05;19;1260
50;2025-12-05;20;794
50;2025-12-05;21;523
50;2025-12-05;22;216
50;2025-12-05;23;157
50;2025-12-06;0;10
50;2025-12-06;1;0
50;2025-12-06;2;0
50;2025-12-06;3;0
50;2025-12-06;4;0
50;2025-12-06;5;0
50;2025-12-06;6;0
50;2025-12-06;7;60
50;2025-12-06;8;130
50;2025-12-06;9;195
50;2025-12-06;10;159
50;2025-12-06;11;231
50;2025-12-06;12;208
50;2025-12-06;13;193
50;2025-12-06;14;178
50;2025-12-06;15;197
50;2025-12-06;16;242
50;2025-12-06;17;221
50;2025-12-06;18;116
50;2025-12-06;19;150
50;2025-12-06;20;90
50;2025-12-06;21;87
50;2025-12-06;22;7
50;2025-12-06;23;0
50;2025-12-07;0;0
50;2025-12-07;1;0
50;2025-12-07;2;0
50;2025-12-07;3;0
50;2025-12-07;4;0
50;2025-12-07;5;0
50;2025-12-07;6;0
50;2025-12-07;7;0
50;2025-12-07;8;9
50;2025-12-07;9;72
50;2025-12-07;10;37
50;2025-12-07;11;153
50;2025-12-07;12;134
50;2025-12-07;13;121
50;2025-12-07;14;124
50;2025-12-07;15;121
50;2025-12-07;16;178
50;2025-12-07;17;175
50;2025-12-07;18;76
50;2025-12-07;19;81
50;2025-12-07;20;59
50;2025-12-07;21;55
50;2025-12-07;22;0
50;2025-12-07;23;0
50;2025-12-08;0;8
50;2025-12-08;1;0
50;2025-12-08;2;0
50;2025-12-08;3;0
50;2025-12-08;4;6
50;2025-12-08;5;68
50;2025-12-08;6;504
50;2025-12-08;7;1722
50;2025-12-08;8;2686
50;2025-12-08;9;2085
50;2025-12-08;10;1593
50;2025-12-08;11;1471
50;2025-12-08;12;1409
50;2025-12-08;13;1439
50;2025-12-08;14;1388
50;2025-12-08;15;1572
50;2025-12-08;16;1685
50;2025-12-08;17;2286
50;2025-12-08;18;2365
50;2025-12-08;19;1440
50;2025-12-08;20;849
50;2025-12-08;21;559
50;2025-12-08;22;198
50;2025-12-08;23;114
50;2025-12-09;0;22
50;2025-12-09;1;0
50;2025-12-09;2;0
50;2025-12-09;3;0
50;2025-12-09;4;11
50;2025-12-09;5;86
50;2025-12-09;6;541
50;2025-12-09;7;1790
50;2025-12-09;8;2779
50;2025-12-09;9;2130
50;2025-12-09;10;1653
50;2025-12-09;11;1522
50;2025-12-09;12;1456
50;2025-12-09;13;1486
50;2025-12-09;14;1431
50;2025-12-09;15;1631
50;2025-12-09;16;1742
50;2025-12-09;17;2367
50;2025-12-09;18;2432
50;2025-12-09;19;1510
50;2025-12-09;20;913
50;2025-12-09;21;608
50;2025-12-09;22;221
50;2025-12-09;23;144
50;2025-12-10;0;13
50;2025-12-10;1;0
50;2025-12-10;2;0
50;2025-12-10;3;0
50;2025-12-10;4;3
50;2025-12-10;5;77
50;2025-12-10;6;507
50;2025-12-10;7;1739
50;2025-12-10;8;2737
50;2025-12-10;9;2075
50;2025-12-10;10;1625
50;2025-12-10;11;1532
50;2025-12-10;12;1482
50;2025-12-10;13;1476
50;2025-12-10;14;1428
50;2025-12-10;15;1611
50;2025-12-10;16;1724
50;2025-12-10;17;2323
50;2025-12-10;18;2358
50;2025-12-10;19;1482
50;2025-12-10;20;878
50;2025-12-10;21;610
50;2025-12-10;22;220
50;2025-12-10;23;146
50;2025-12-11;0;22
50;2025-12-11;1;0
50;2025-12-11;2;0
50;2025-12-11;3;0
50;2025-12-11;4;6
50;2025-12-11;5;81
50;2025-12-11;6;503
50;2025-12-11;7;1718
50;2025-12-11;8;2693
50;2025-12-11;9;2057
50;2025-12-11;10;1638
50;2025-12-11;11;1497
50;2025-12-11;12;1465
50;2025-12-11;13;1453
50;2025-12-11;14;1425
50;2025-12-11;15;1609
50;2025-12-11;16;1707
50;2025-12-11;17;2293
50;2025-12-11;18;2384
50;2025-12-11;19;1468
50;2025-12-11;20;905
50;2025-12-11;21;626
50;2025-12-11;22;237
50;2025-12-11;23;150
50;2025-12-12;0;12
50;2025-12-12;1;0
50;2025-12-12;2;0
50;2025-12-12;3;0
50;2025-12-12;4;1
50;2025-12-12;5;60
50;2025-12-12;6;483
50;2025-12-12;7;1698
50;2025-12-12;8;2584
50;2025-12-12;9;1972
50;2025-12-12;10;1517
50;2025-12-12;11;1457
50;2025-12-12;12;1413
50;2025-12-12;13;1429
50;2025-12-12;14;1411
50;2025-12-12;15;1640
50;2025-12-12;16;1921
50;2025-12-12;17;2169
50;2025-12-12;18;1767
50;2025-12-12;19;1260
50;2025-12-12;20;794
50;2025-12-12;21;523
50;2025-12-12;22;216
50;2025-12-12;23;157
50;2025-12-13;0;10
50;2025-12-13;1;0
50;2025-12-13;2;0
50;2025-12-13;3;0
50;2025-12-13;4;0
50;2025-12-13;5;0
50;2025-12-13;6;0
50;2025-12-13;7;60
50;2025-12-13;8;130
50;2025-12-13;9;195
50;2025-12-13;10;159
50;2025-12-13;11;231
50;2025-12-13;12;208
50;2025-12-13;13;193
50;2025-12-13;14;178
50;2025-12-13;15;197
50;2025-12-13;16;242
50;2025-12-13;17;221
50;2025-12-13;18;116
50;2025-12-13;19;150
50;2025-12-13;20;90
50;2025-12-13;21;87
50;2025-12-13;22;7
50;2025-12-13;23;0
50;2025-12-14;0;0
50;2025-12-14;1;0
50;2025-12-14;2;0
50;2025-12-14;3;0
50;2025-12-14;4;0
50;2025-12-14;5;0
50;2025-12-14;6;0
50;2025-12-14;7;0
50;2025-12-14;8;9
50;2025-12-14;9;72
50;2025-12-14;10;37
50;2025-12-14;11;153
50;2025-12-14;12;134
50;2025-12-14;13;121
50;2025-12-14;14;124
50;2025-12-14;15;121
50;2025-12-14;16;178
50;2025-12-14;17;175
50;2025-12-14;18;76
50;2025-12-14;19;81
50;2025-12-14;20;59
50;2025-12-14;21;55
50;2025-12-14;22;0
50;2025-12-14;23;0
50;2025-12-15;0;8
50;2025-12-15;1;0
50;2025-12-15;2;0
50;2025-12-15;3;0
50;2025-12-15;4;6
50;2025-12-15;5;68
50;2025-12-15;6;504
50;2025-12-15;7;1722
50;2025-12-15;8;2686
50;2025-12-15;9;2085
50;2025-12-15;10;1593
50;2025-12-15;11;1471
50;2025-12-15;12;1409
50;2025-12-15;13;1439
50;2025-12-15;14;1388
50;2025-12-15;15;1572
50;2025-12-15;16;1685
50;2025-12-15;17;2286
50;2025-12-15;18;2365
50;2025-12-15;19;1440
50;2025-12-15;20;849
50;2025-12-15;21;559
50;2025-12-15;22;198
50;2025-12-15;23;114
50;2025-12-16;0;22
50;2025-12-16;1;0
50;2025-12-16;2;0
50;2025-12-16;3;0
50;2025-12-16;4;11
50;2025-12-16;5;86
50;2025-12-16;6;541
50;2025-12-16;7;1790
50;2025-12-16;8;2779
50;2025-12-16;9;2130
50;2025-12-16;10;1653
50;2025-12-16;11;1522
50;2025-12-16;12;1456
50;2025-12-16;13;1486
50;2025-12-16;14;1431
50;2025-12-16;15;1631
50;2025-12-16;16;1742
50;2025-12-16;17;2367
50;2025-12-16;18;2432
50;2025-12-16;19;1510
50;2025-12-16;20;913
50;2025-12-16;21;608
50;2025-12-16;22;221
50;2025-12-16;23;144
50;2025-12-17;0;13
50;2025-12-17;1;0
50;2025-12-17;2;0
50;2025-12-17;3;0
50;2025-12-17;4;3
50;2025-12-17;5;77
50;2025-12-17;6;507
50;2025-12-17;7;1739
50;2025-12-17;8;2737
50;2025-12-17;9;2075
50;2025-12-17;10;1625
50;2025-12-17;11;1532
50;2025-12-17;12;1482
50;2025-12-17;13;1476
50;2025-12-17;14;1428
50;2025-12-17;15;1611
50;2025-12-17;16;1724
50;2025-12-17;17;2323
50;2025-12-17;18;2358
50;2025-12-17;19;1482
50;2025-12-17;20;878
50;2025-12-17;21;610
50;2025-12-17;22;220
50;2025-12-17;23;146
50;2025-12-18;0;22
50;2025-12-18;1;0
50;2025-12-18;2;0
50;2025-12-18;3;0
50;2025-12-18;4;6
50;2025-12-18;5;81
50;2025-12-18;6;503
50;2025-12-18;7;1718
50;2025-12-18;8;2693
50;2025-12-18;9;2057
50;2025-12-18;10;1638
50;2025-12-18;11;1497
50;2025-12-18;12;1465
50;2025-12-18;13;1453
50;2025-12-18;14;1425
50;2025-12-18;15;1609
50;2025-12-18;16;1707
50;2025-12-18;17;2293
50;2025-12-18;18;2384
50;2025-12-18;19;1468
50;2025-12-18;20;905
50;2025-12-18;21;626
50;2025-12-18;22;237
50;2025-12-18;23;150
50;2025-12-19;0;12
50;2025-12-19;1;0
50;2025-12-19;2;0
50;2025-12-19;3;0
50;2025-12-19;4;1
50;2025-12-19;5;60
50;2025-12-19;6;483
50;2025-12-19;7;1698
50;2025-12-19;8;2584
50;2025-12-19;9;1972
50;2025-12-19;10;1517
50;2025-12-19;11;1457
50;2025-12-19;12;1413
50;2025-12-19;13;1429
50;2025-12-19;14;1411
50;2025-12-19;15;1640
50;2025-12-19;16;1921
50;2025-12-19;17;2169
50;2025-12-19;18;1767
50;2025-12-19;19;1260
50;2025-12-19;20;794
50;2025-12-19;21;523
50;2025-12-19;22;216
50;2025-12-19;23;157
50;2025-12-20;0;10
50;2025-12-20;1;0
50;2025-12-20;2;0
50;2025-12-20;3;0
50;2025-12-20;4;0
50;2025-12-20;5;0
50;2025-12-20;6;0
50;2025-12-20;7;60
50;2025-12-20;8;130
50;2025-12-20;9;195
50;2025-12-20;10;159
50;2025-12-20;11;231
50;2025-12-20;12;208
50;2025-12-20;13;193
50;2025-12-20;14;178
50;2025-12-20;15;197
50;2025-12-20;16;242
50;2025-12-20;17;221
50;2025-12-20;18;116
50;2025-12-20;19;150
50;2025-12-20;20;90
50;2025-12-20;21;87
50;2025-12-20;22;7
50;2025-12-20;23;0
50;2025-12-21;0;0
50;2025-12-21;1;0
50;2025-12-21;2;0
50;2025-12-21;3;0
50;2025-12-21;4;0
50;2025-12-21;5;0
50;2025-12-21;6;0
50;2025-12-21;7;0
50;2025-12-21;8;9
50;2025-12-21;9;72
50;2025-12-21;10;37
50;2025-12-21;11;153
50;2025-12-21;12;134
50;2025-12-21;13;121
50;2025-12-21;14;124
50;2025-12-21;15;121
50;2025-12-21;16;178
50;2025-12-21;17;175
50;2025-12-21;18;76
50;2025-12-21;19;81
50;2025-12-21;20;59
50;2025-12-21;21;55
50;2025-12-21;22;0
50;2025-12-21;23;0
50;2025-12-22;0;8
50;2025-12-22;1;0
50;2025-12-22;2;0
50;2025-12-22;3;0
50;2025-12-22;4;6
50;2025-12-22;5;68
50;2025-12-22;6;504
50;2025-12-22;7;1722
50;2025-12-22;8;2686
50;2025-12-22;9;2085
50;2025-12-22;10;1593
50;2025-12-22;11;1471
50;2025-12-22;12;1409
50;2025-12-22;13;1439
50;2025-12-22;14;1388
50;2025-12-22;15;1572
50;2025-12-22;16;1685
50;2025-12-22;17;2286
50;2025-12-22;18;2365
50;2025-12-22;19;1440
50;2025-12-22;20;849
50;2025-12-22;21;559
50;2025-12-22;22;198
50;2025-12-22;23;114
50;2025-12-23;0;22
50;2025-12-23;1;0
50;2025-12-23;2;0
50;2025-12-23;3;0
50;2025-12-23;4;11
50;2025-12-23;5;86
50;2025-12-23;6;541
50;2025-12-23;7;1790
50;2025-12-23;8;2779
50;2025-12-23;9;2130
50;2025-12-23;10;1653
50;2025-12-23;11;1522
50;2025-12-23;12;1456
50;2025-12-23;13;1486
50;2025-12-23;14;1431
50;2025-12-23;15;1631
50;2025-12-23;16;1742
50;2025-12-23;17;2367
50;2025-12-23;18;2432
50;2025-12-23;19;1510
50;2025-12-23;20;913
50;2025-12-23;21;608
50;2025-12-23;22;221
50;2025-12-23;23;144
50;2025-12-24;0;13
50;2025-12-24;1;0
50;2025-12-24;2;0
50;2025-12-24;3;0
50;2025-12-24;4;3
50;2025-12-24;5;77
50;2025-12-24;6;507
50;2025-12-24;7;1739
50;2025-12-24;8;2737
50;2025-12-24;9;2075
50;2025-12-24;10;1625
50;2025-12-24;11;1532
50;2025-12-24;12;1482
50;2025-12-24;13;1476
50;2025-12-24;14;1428
50;2025-12-24;15;1611
50;2025-12-24;16;1724
50;2025-12-24;17;2323
50;2025-12-24;18;2358
50;2025-12-24;19;1482
50;2025-12-24;20;878
50;2025-12-24;21;610
50;2025-12-24;22;220
50;2025-12-24;23;146
50;2025-12-25;0;22
50;2025-12-25;1;0
50;2025-12-25;2;0
50;2025-12-25;3;0
50;2025-12-25;4;6
50;2025-12-25;5;81
50;2025-12-25;6;503
50;2025-12-25;7;1718
50;2025-12-25;8;2693
50;2025-12-25;9;2057
50;2025-12-25;10;1638
50;2025-12-25;11;1497
50;2025-12-25;12;1465
50;2025-12-25;13;1453
50;2025-12-25;14;1425
50;2025-12-25;15;1609
50;2025-12-25;16;1707
50;2025-12-25;17;2293
50;2025-12-25;18;2384
50;2025-12-25;19;1468
50;2025-12-25;20;905
50;2025-12-25;21;626
50;2025-12-25;22;237
50;2025-12-25;23;150
50;2025-12-26;0;12
50;2025-12-26;1;0
50;2025-12-26;2;0
50;2025-12-26;3;0
50;2025-12-26;4;1
50;2025-12-26;5;60
50;2025-12-26;6;483
50;2025-12-26;7;1698
50;2025-12-26;8;2584
50;2025-12-26;9;1972
50;2025-12-26;10;1517
50;2025-12-26;11;1457
50;2025-12-26;12;1413
50;2025-12-26;13;1429
50;2025-12-26;14;1411
50;2025-12-26;15;1640
50;2025-12-26;16;1921
50;2025-12-26;17;2169
50;2025-12-26;18;1767
50;2025-12-26;19;1260
50;2025-12-26;20;794
50;2025-12-26;21;523
50;2025-12-26;22;216
50;2025-12-26;23;157
50;2025-12-27;0;10
50;2025-12-27;1;0
50;2025-12-27;2;0
50;2025-12-27;3;0
50;2025-12-27;4;0
50;2025-12-27;5;0
50;2025-12-27;6;0
50;2025-12-27;7;60
50;2025-12-27;8;130
50;2025-12-27;9;195
50;2025-12-27;10;159
50;2025-12-27;11;231
50;2025-12-27;12;208
50;2025-12-27;13;193
50;2025-12-27;14;178
50;2025-12-27;15;197
50;2025-12-27;16;242
50;2025-12-27;17;221
50;2025-12-27;18;116
50;2025-12-27;19;150
50;2025-12-27;20;90
50;2025-12-27;21;87
50;2025-12-27;22;7
50;2025-12-27;23;0
50;2025-12-28;0;0
50;2025-12-28;1;0
50;2025-12-28;2;0
50;2025-12-28;3;0
50;2025-12-28;4;0
50;2025-12-28;5;0
50;2025-12-28;6;0
50;2025-12-28;7;0
50;2025-12-28;8;9
50;2025-12-28;9;72
50;2025-12-28;10;37
50;2025-12-28;11;153
50;2025-12-28;12;134
50;2025-12-28;13;121
50;2025-12-28;14;124
50;2025-12-28;15;121
50;2025-12-28;16;178
50;2025-12-28;17;175
50;2025-12-28;18;76
50;2025-12-28;19;81
50;2025-12-28;20;59
50;2025-12-28;21;55
50;2025-12-28;22;0
50;2025-12-28;23;0
50;2025-12-29;0;8
50;2025-12-29;1;0
50;2025-12-29;2;0
50;2025-12-29;3;0
50;2025-12-29;4;6
50;2025-12-29;5;68
50;2025-12-29;6;504
50;2025-12-29;7;1722
50;2025-12-29;8;2686
50;2025-12-29;9;2085
50;2025-12-29;10;1593
50;2025-12-29;11;1471
50;2025-12-29;12;1409
50;2025-12-29;13;1439
50;2025-12-29;14;1388
50;2025-12-29;15;1572
50;2025-12-29;16;1685
50;2025-12-29;17;2286
50;2025-12-29;18;2365
50;2025-12-29;19;1440
50;2025-12-29;20;849
50;2025-12-29;21;559
50;2025-12-29;22;198
50;2025-12-29;23;114
50;2025-12-30;0;22
50;2025-12-30;1;0
50;2025-12-30;2;0
50;2025-12-30;3;0
50;2025-12-30;4;11
50;2025-12-30;5;86
50;2025-12-30;6;541
50;2025-12-30;7;1790
50;2025-12-30;8;2779
50;2025-12-30;9;2130
50;2025-12-30;10;1653
50;2025-12-30;11;1522
50;2025-12-30;12;1456
50;2025-12-30;13;1486
50;2025-12-30;14;1431
50;2025-12-30;15;1631
50;2025-12-30;16;1742
50;2025-12-30;17;2367
50;2025-12-30;18;2432
50;2025-12-30;19;1510
50;2025-12-30;20;913
50;2025-12-30;21;608
50;2025-12-30;22;221
50;2025-12-30;23;144
50;2025-12-31;0;16
50;2025-12-31;1;0
50;2025-12-31;2;0
50;2025-12-31;3;0
50;2025-12-31;4;1
50;2025-12-31;5;30
50;2025-12-31;6;152
50;2025-12-31;7;200
50;2025-12-31;8;362
50;2025-12-31;9;280
50;2025-12-31;10;239
50;2025-12-31;11;304
50;2025-12-31;12;338
50;2025-12-31;13;301
50;2025-12-31;14;299
50;2025-12-31;15;321
50;2025-12-31;16;303
50;2025-12-31;17;390
50;2025-12-31;18;306
50;2025-12-31;19;249
50;2025-12-31;20;190
50;2025-12-31;21;221
50;2025-12-31;22;116
50;2025-12-31;23;107
