route;date;hour;prediction
1;2025-11-01;0;0
1;2025-11-01;1;0
1;2025-11-01;2;0
1;2025-11-01;3;0
1;2025-11-01;4;7
1;2025-11-01;5;103
1;2025-11-01;6;471
1;2025-11-01;7;1346
1;2025-11-01;8;1853
1;2025-11-01;9;1444
1;2025-11-01;10;1362
1;2025-11-01;11;1342
1;2025-11-01;12;1408
1;2025-11-01;13;1468
1;2025-11-01;14;1417
1;2025-11-01;15;1487
1;2025-11-01;16;1521
1;2025-11-01;17;1737
1;2025-11-01;18;1630
1;2025-11-01;19;1223
1;2025-11-01;20;817
1;2025-11-01;21;455
1;2025-11-01;22;156
1;2025-11-01;23;5
1;2025-11-02;0;0
1;2025-11-02;1;0
1;2025-11-02;2;0
1;2025-11-02;3;0
1;2025-11-02;4;0
1;2025-11-02;5;0
1;2025-11-02;6;81
1;2025-11-02;7;213
1;2025-11-02;8;315
1;2025-11-02;9;508
1;2025-11-02;10;599
1;2025-11-02;11;651
1;2025-11-02;12;775
1;2025-11-02;13;813
1;2025-11-02;14;759
1;2025-11-02;15;682
1;2025-11-02;16;651
1;2025-11-02;17;622
1;2025-11-02;18;513
1;2025-11-02;19;431
1;2025-11-02;20;315
1;2025-11-02;21;213
1;2025-11-02;22;31
1;2025-11-02;23;0
1;2025-11-03;0;0
1;2025-11-03;1;0
1;2025-11-03;2;0
1;2025-11-03;3;0
1;2025-11-03;4;2
1;2025-11-03;5;0
1;2025-11-03;6;133
1;2025-11-03;7;325
1;2025-11-03;8;433
1;2025-11-03;9;613
1;2025-11-03;10;649
1;2025-11-03;11;649
1;2025-11-03;12;747
1;2025-11-03;13;759
1;2025-11-03;14;715
1;2025-11-03;15;684
1;2025-11-03;16;697
1;2025-11-03;17;688
1;2025-11-03;18;637
1;2025-11-03;19;553
1;2025-11-03;20;356
1;2025-11-03;21;253
1;2025-11-03;22;82
1;2025-11-03;23;19
1;2025-11-04;0;0
1;2025-11-04;1;0
1;2025-11-04;2;0
1;2025-11-04;3;0
1;2025-11-04;4;3
1;2025-11-04;5;27
1;2025-11-04;6;154
1;2025-11-04;7;351
1;2025-11-04;8;434
1;2025-11-04;9;547
1;2025-11-04;10;576
1;2025-11-04;11;575
1;2025-11-04;12;628
1;2025-11-04;13;682
1;2025-11-04;14;658
1;2025-11-04;15;629
1;2025-11-04;16;630
1;2025-11-04;17;623
1;2025-11-04;18;572
1;2025-11-04;19;517
1;2025-11-04;20;355
1;2025-11-04;21;261
1;2025-11-04;22;84
1;2025-11-04;23;17
1;2025-11-05;0;4
1;2025-11-05;1;0
1;2025-11-05;2;0
1;2025-11-05;3;0
1;2025-11-05;4;9
1;2025-11-05;5;117
1;2025-11-05;6;469
1;2025-11-05;7;1378
1;2025-11-05;8;1926
1;2025-11-05;9;1438
1;2025-11-05;10;1354
1;2025-11-05;11;1342
1;2025-11-05;12;1394
1;2025-11-05;13;1427
1;2025-11-05;14;1366
1;2025-11-05;15;1444
1;2025-11-05;16;1473
1;2025-11-05;17;1758
1;2025-11-05;18;1777
1;2025-11-05;19;1351
1;2025-11-05;20;857
1;2025-11-05;21;465
1;2025-11-05;22;186
1;2025-11-05;23;32
1;2025-11-06;0;1
1;2025-11-06;1;0
1;2025-11-06;2;0
1;2025-11-06;3;0
1;2025-11-06;4;9
1;2025-11-06;5;111
1;2025-11-06;6;491
1;2025-11-06;7;1407
1;2025-11-06;8;1918
1;2025-11-06;9;1475
1;2025-11-06;10;1364
1;2025-11-06;11;1314
1;2025-11-06;12;1395
1;2025-11-06;13;1423
1;2025-11-06;14;1360
1;2025-11-06;15;1436
1;2025-11-06;16;1486
1;2025-11-06;17;1759
1;2025-11-06;18;1792
1;2025-11-06;19;1356
1;2025-11-06;20;814
1;2025-11-06;21;463
1;2025-11-06;22;194
1;2025-11-06;23;29
1;2025-11-07;0;3
1;2025-11-07;1;0
1;2025-11-07;2;0
1;2025-11-07;3;0
1;2025-11-07;4;9
1;2025-11-07;5;116
1;2025-11-07;6;487
1;2025-11-07;7;1387
1;2025-11-07;8;1868
1;2025-11-07;9;1424
1;2025-11-07;10;1328
1;2025-11-07;11;1339
1;2025-11-07;12;1389
1;2025-11-07;13;1435
1;2025-11-07;14;1358
1;2025-11-07;15;1469
1;2025-11-07;16;1544
1;2025-11-07;17;1740
1;2025-11-07;18;1612
1;2025-11-07;19;1229
1;2025-11-07;20;788
1;2025-11-07;21;458
1;2025-11-07;22;200
1;2025-11-07;23;46
1;2025-11-08;0;5
1;2025-11-08;1;0
1;2025-11-08;2;0
1;2025-11-08;3;0
1;2025-11-08;4;2
1;2025-11-08;5;18
1;2025-11-08;6;152
1;2025-11-08;7;355
1;2025-11-08;8;498
1;2025-11-08;9;743
1;2025-11-08;10;837
1;2025-11-08;11;805
1;2025-11-08;12;915
1;2025-11-08;13;951
1;2025-11-08;14;917
1;2025-11-08;15;828
1;2025-11-08;16;800
1;2025-11-08;17;757
1;2025-11-08;18;625
1;2025-11-08;19;579
1;2025-11-08;20;394
1;2025-11-08;21;281
1;2025-11-08;22;94
1;2025-11-08;23;23
1;2025-11-09;0;0
1;2025-11-09;1;0
1;2025-11-09;2;0
1;2025-11-09;3;0
1;2025-11-09;4;0
1;2025-11-09;5;8
1;2025-11-09;6;117
1;2025-11-09;7;247
1;2025-11-09;8;342
1;2025-11-09;9;549
1;2025-11-09;10;644
1;2025-11-09;11;657
1;2025-11-09;12;768
1;2025-11-09;13;808
1;2025-11-09;14;748
1;2025-11-09;15;673
1;2025-11-09;16;644
1;2025-11-09;17;585
1;2025-11-09;18;478
1;2025-11-09;19;407
1;2025-11-09;20;283
1;2025-11-09;21;217
1;2025-11-09;22;33
1;2025-11-09;23;0
1;2025-11-10;0;0
1;2025-11-10;1;0
1;2025-11-10;2;0
1;2025-11-10;3;0
1;2025-11-10;4;10
1;2025-11-10;5;85
1;2025-11-10;6;461
1;2025-11-10;7;1387
1;2025-11-10;8;1851
1;2025-11-10;9;1413
1;2025-11-10;10;1298
1;2025-11-10;11;1275
1;2025-11-10;12;1329
1;2025-11-10;13;1349
1;2025-11-10;14;1294
1;2025-11-10;15;1385
1;2025-11-10;16;1432
1;2025-11-10;17;1707
1;2025-11-10;18;1709
1;2025-11-10;19;1323
1;2025-11-10;20;807
1;2025-11-10;21;405
1;2025-11-10;22;141
1;2025-11-10;23;0
1;2025-11-11;0;0
1;2025-11-11;1;0
1;2025-11-11;2;0
1;2025-11-11;3;0
1;2025-11-11;4;10
1;2025-11-11;5;83
1;2025-11-11;6;459
1;2025-11-11;7;1397
1;2025-11-11;8;1906
1;2025-11-11;9;1442
1;2025-11-11;10;1322
1;2025-11-11;11;1289
1;2025-11-11;12;1351
1;2025-11-11;13;1405
1;2025-11-11;14;1341
1;2025-11-11;15;1394
1;2025-11-11;16;1433
1;2025-11-11;17;1716
1;2025-11-11;18;1741
1;2025-11-11;19;1321
1;2025-11-11;20;814
1;2025-11-11;21;417
1;2025-11-11;22;147
1;2025-11-11;23;0
1;2025-11-12;0;0
1;2025-11-12;1;0
1;2025-11-12;2;0
1;2025-11-12;3;0
1;2025-11-12;4;9
1;2025-11-12;5;87
1;2025-11-12;6;472
1;2025-11-12;7;1390
1;2025-11-12;8;1914
1;2025-11-12;9;1440
1;2025-11-12;10;1330
1;2025-11-12;11;1294
1;2025-11-12;12;1359
1;2025-11-12;13;1396
1;2025-11-12;14;1321
1;2025-11-12;15;1402
1;2025-11-12;16;1445
1;2025-11-12;17;1729
1;2025-11-12;18;1723
1;2025-11-12;19;1317
1;2025-11-12;20;820
1;2025-11-12;21;429
1;2025-11-12;22;156
1;2025-11-12;23;0
1;2025-11-13;0;0
1;2025-11-13;1;0
1;2025-11-13;2;0
1;2025-11-13;3;0
1;2025-11-13;4;9
1;2025-11-13;5;73
1;2025-11-13;6;445
1;2025-11-13;7;1371
1;2025-11-13;8;1891
1;2025-11-13;9;1434
1;2025-11-13;10;1322
1;2025-11-13;11;1329
1;2025-11-13;12;1391
1;2025-11-13;13;1420
1;2025-11-13;14;1366
1;2025-11-13;15;1454
1;2025-11-13;16;1497
1;2025-11-13;17;1761
1;2025-11-13;18;1787
1;2025-11-13;19;1348
1;2025-11-13;20;848
1;2025-11-13;21;459
1;2025-11-13;22;147
1;2025-11-13;23;0
1;2025-11-14;0;0
1;2025-11-14;1;0
1;2025-11-14;2;0
1;2025-11-14;3;0
1;2025-11-14;4;8
1;2025-11-14;5;75
1;2025-11-14;6;448
1;2025-11-14;7;1343
1;2025-11-14;8;1822
1;2025-11-14;9;1429
1;2025-11-14;10;1324
1;2025-11-14;11;1324
1;2025-11-14;12;1385
1;2025-11-14;13;1423
1;2025-11-14;14;1359
1;2025-11-14;15;1469
1;2025-11-14;16;1526
1;2025-11-14;17;1730
1;2025-11-14;18;1607
1;2025-11-14;19;1224
1;2025-11-14;20;792
1;2025-11-14;21;440
1;2025-11-14;22;178
1;2025-11-14;23;35
1;2025-11-15;0;0
1;2025-11-15;1;0
1;2025-11-15;2;0
1;2025-11-15;3;0
1;2025-11-15;4;1
1;2025-11-15;5;0
1;2025-11-15;6;112
1;2025-11-15;7;305
1;2025-11-15;8;443
1;2025-11-15;9;638
1;2025-11-15;10;724
1;2025-11-15;11;674
1;2025-11-15;12;787
1;2025-11-15;13;868
1;2025-11-15;14;857
1;2025-11-15;15;764
1;2025-11-15;16;723
1;2025-11-15;17;722
1;2025-11-15;18;578
1;2025-11-15;19;539
1;2025-11-15;20;359
1;2025-11-15;21;250
1;2025-11-15;22;56
1;2025-11-15;23;0
1;2025-11-16;0;0
1;2025-11-16;1;0
1;2025-11-16;2;0
1;2025-11-16;3;0
1;2025-11-16;4;0
1;2025-11-16;5;0
1;2025-11-16;6;84
1;2025-11-16;7;220
1;2025-11-16;8;315
1;2025-11-16;9;532
1;2025-11-16;10;631
1;2025-11-16;11;644
1;2025-11-16;12;751
1;2025-11-16;13;789
1;2025-11-16;14;729
1;2025-11-16;15;639
1;2025-11-16;16;609
1;2025-11-16;17;585
1;2025-11-16;18;477
1;2025-11-16;19;410
1;2025-11-16;20;287
1;2025-11-16;21;220
1;2025-11-16;22;38
1;2025-11-16;23;0
1;2025-11-17;0;0
1;2025-11-17;1;0
1;2025-11-17;2;0
1;2025-11-17;3;0
1;2025-11-17;4;9
1;2025-11-17;5;84
1;2025-11-17;6;460
1;2025-11-17;7;1387
1;2025-11-17;8;1850
1;2025-11-17;9;1412
1;2025-11-17;10;1303
1;2025-11-17;11;1274
1;2025-11-17;12;1330
1;2025-11-17;13;1278
1;2025-11-17;14;1281
1;2025-11-17;15;1386
1;2025-11-17;16;1431
1;2025-11-17;17;1714
1;2025-11-17;18;1709
1;2025-11-17;19;1323
1;2025-11-17;20;805
1;2025-11-17;21;404
1;2025-11-17;22;139
1;2025-11-17;23;0
1;2025-11-18;0;0
1;2025-11-18;1;0
1;2025-11-18;2;0
1;2025-11-18;3;0
1;2025-11-18;4;9
1;2025-11-18;5;94
1;2025-11-18;6;495
1;2025-11-18;7;1427
1;2025-11-18;8;1903
1;2025-11-18;9;1436
1;2025-11-18;10;1294
1;2025-11-18;11;1333
1;2025-11-18;12;1394
1;2025-11-18;13;1387
1;2025-11-18;14;1315
1;2025-11-18;15;1431
1;2025-11-18;16;1469
1;2025-11-18;17;1717
1;2025-11-18;18;1725
1;2025-11-18;19;1330
1;2025-11-18;20;821
1;2025-11-18;21;420
1;2025-11-18;22;151
1;2025-11-18;23;0
1;2025-11-19;0;0
1;2025-11-19;1;0
1;2025-11-19;2;0
1;2025-11-19;3;0
1;2025-11-19;4;10
1;2025-11-19;5;88
1;2025-11-19;6;473
1;2025-11-19;7;1392
1;2025-11-19;8;1918
1;2025-11-19;9;1443
1;2025-11-19;10;1334
1;2025-11-19;11;1306
1;2025-11-19;12;1362
1;2025-11-19;13;1399
1;2025-11-19;14;1332
1;2025-11-19;15;1418
1;2025-11-19;16;1449
1;2025-11-19;17;1731
1;2025-11-19;18;1746
1;2025-11-19;19;1322
1;2025-11-19;20;822
1;2025-11-19;21;432
1;2025-11-19;22;160
1;2025-11-19;23;0
1;2025-11-20;0;0
1;2025-11-20;1;0
1;2025-11-20;2;0
1;2025-11-20;3;0
1;2025-11-20;4;10
1;2025-11-20;5;79
1;2025-11-20;6;456
1;2025-11-20;7;1376
1;2025-11-20;8;1902
1;2025-11-20;9;1450
1;2025-11-20;10;1337
1;2025-11-20;11;1305
1;2025-11-20;12;1367
1;2025-11-20;13;1394
1;2025-11-20;14;1330
1;2025-11-20;15;1419
1;2025-11-20;16;1460
1;2025-11-20;17;1733
1;2025-11-20;18;1765
1;2025-11-20;19;1332
1;2025-11-20;20;817
1;2025-11-20;21;437
1;2025-11-20;22;156
1;2025-11-20;23;0
1;2025-11-21;0;0
1;2025-11-21;1;0
1;2025-11-21;2;0
1;2025-11-21;3;0
1;2025-11-21;4;8
1;2025-11-21;5;79
1;2025-11-21;6;450
1;2025-11-21;7;1358
1;2025-11-21;8;1842
1;2025-11-21;9;1407
1;2025-11-21;10;1300
1;2025-11-21;11;1295
1;2025-11-21;12;1355
1;2025-11-21;13;1387
1;2025-11-21;14;1324
1;2025-11-21;15;1431
1;2025-11-21;16;1486
1;2025-11-21;17;1700
1;2025-11-21;18;1574
1;2025-11-21;19;1195
1;2025-11-21;20;753
1;2025-11-21;21;425
1;2025-11-21;22;157
1;2025-11-21;23;4
1;2025-11-22;0;0
1;2025-11-22;1;0
1;2025-11-22;2;0
1;2025-11-22;3;0
1;2025-11-22;4;1
1;2025-11-22;5;0
1;2025-11-22;6;121
1;2025-11-22;7;322
1;2025-11-22;8;463
1;2025-11-22;9;679
1;2025-11-22;10;805
1;2025-11-22;11;755
1;2025-11-22;12;862
1;2025-11-22;13;893
1;2025-11-22;14;862
1;2025-11-22;15;776
1;2025-11-22;16;746
1;2025-11-22;17;723
1;2025-11-22;18;586
1;2025-11-22;19;547
1;2025-11-22;20;362
1;2025-11-22;21;238
1;2025-11-22;22;48
1;2025-11-22;23;0
1;2025-11-23;0;0
1;2025-11-23;1;0
1;2025-11-23;2;0
1;2025-11-23;3;0
1;2025-11-23;4;0
1;2025-11-23;5;0
1;2025-11-23;6;83
1;2025-11-23;7;220
1;2025-11-23;8;322
1;2025-11-23;9;523
1;2025-11-23;10;616
1;2025-11-23;11;626
1;2025-11-23;12;745
1;2025-11-23;13;789
1;2025-11-23;14;729
1;2025-11-23;15;653
1;2025-11-23;16;603
1;2025-11-23;17;589
1;2025-11-23;18;475
1;2025-11-23;19;406
1;2025-11-23;20;286
1;2025-11-23;21;221
1;2025-11-23;22;39
1;2025-11-23;23;0
1;2025-11-24;0;0
1;2025-11-24;1;0
1;2025-11-24;2;0
1;2025-11-24;3;0
1;2025-11-24;4;10
1;2025-11-24;5;81
1;2025-11-24;6;461
1;2025-11-24;7;1396
1;2025-11-24;8;1858
1;2025-11-24;9;1415
1;2025-11-24;10;1272
1;2025-11-24;11;1214
1;2025-11-24;12;1327
1;2025-11-24;13;1356
1;2025-11-24;14;1298
1;2025-11-24;15;1416
1;2025-11-24;16;1432
1;2025-11-24;17;1710
1;2025-11-24;18;1711
1;2025-11-24;19;1326
1;2025-11-24;20;807
1;2025-11-24;21;407
1;2025-11-24;22;144
1;2025-11-24;23;0
1;2025-11-25;0;0
1;2025-11-25;1;0
1;2025-11-25;2;0
1;2025-11-25;3;0
1;2025-11-25;4;10
1;2025-11-25;5;84
1;2025-11-25;6;460
1;2025-11-25;7;1401
1;2025-11-25;8;1908
1;2025-11-25;9;1445
1;2025-11-25;10;1327
1;2025-11-25;11;1300
1;2025-11-25;12;1357
1;2025-11-25;13;1380
1;2025-11-25;14;1315
1;2025-11-25;15;1401
1;2025-11-25;16;1440
1;2025-11-25;17;1720
1;2025-11-25;18;1744
1;2025-11-25;19;1325
1;2025-11-25;20;818
1;2025-11-25;21;421
1;2025-11-25;22;152
1;2025-11-25;23;0
1;2025-11-26;0;0
1;2025-11-26;1;0
1;2025-11-26;2;0
1;2025-11-26;3;0
1;2025-11-26;4;9
1;2025-11-26;5;76
1;2025-11-26;6;455
1;2025-11-26;7;1390
1;2025-11-26;8;1915
1;2025-11-26;9;1440
1;2025-11-26;10;1299
1;2025-11-26;11;1277
1;2025-11-26;12;1341
1;2025-11-26;13;1400
1;2025-11-26;14;1324
1;2025-11-26;15;1408
1;2025-11-26;16;1403
1;2025-11-26;17;1680
1;2025-11-26;18;1724
1;2025-11-26;19;1323
1;2025-11-26;20;816
1;2025-11-26;21;422
1;2025-11-26;22;157
1;2025-11-26;23;0
1;2025-11-27;0;0
1;2025-11-27;1;0
1;2025-11-27;2;0
1;2025-11-27;3;0
1;2025-11-27;4;9
1;2025-11-27;5;75
1;2025-11-27;6;452
1;2025-11-27;7;1371
1;2025-11-27;8;1895
1;2025-11-27;9;1433
1;2025-11-27;10;1319
1;2025-11-27;11;1275
1;2025-11-27;12;1339
1;2025-11-27;13;1385
1;2025-11-27;14;1305
1;2025-11-27;15;1411
1;2025-11-27;16;1453
1;2025-11-27;17;1714
1;2025-11-27;18;1712
1;2025-11-27;19;1297
1;2025-11-27;20;794
1;2025-11-27;21;437
1;2025-11-27;22;163
1;2025-11-27;23;19
1;2025-11-28;0;0
1;2025-11-28;1;0
1;2025-11-28;2;0
1;2025-11-28;3;0
1;2025-11-28;4;8
1;2025-11-28;5;110
1;2025-11-28;6;450
1;2025-11-28;7;1352
1;2025-11-28;8;1837
1;2025-11-28;9;1403
1;2025-11-28;10;1298
1;2025-11-28;11;1294
1;2025-11-28;12;1346
1;2025-11-28;13;1383
1;2025-11-28;14;1321
1;2025-11-28;15;1426
1;2025-11-28;16;1484
1;2025-11-28;17;1701
1;2025-11-28;18;1574
1;2025-11-28;19;1195
1;2025-11-28;20;752
1;2025-11-28;21;424
1;2025-11-28;22;159
1;2025-11-28;23;6
1;2025-11-29;0;0
1;2025-11-29;1;0
1;2025-11-29;2;0
1;2025-11-29;3;0
1;2025-11-29;4;1
1;2025-11-29;5;0
1;2025-11-29;6;122
1;2025-11-29;7;321
1;2025-11-29;8;470
1;2025-11-29;9;718
1;2025-11-29;10;806
1;2025-11-29;11;757
1;2025-11-29;12;864
1;2025-11-29;13;896
1;2025-11-29;14;866
1;2025-11-29;15;776
1;2025-11-29;16;747
1;2025-11-29;17;722
1;2025-11-29;18;578
1;2025-11-29;19;542
1;2025-11-29;20;362
1;2025-11-29;21;253
1;2025-11-29;22;61
1;2025-11-29;23;0
1;2025-11-30;0;0
1;2025-11-30;1;0
1;2025-11-30;2;0
1;2025-11-30;3;0
1;2025-11-30;4;0
1;2025-11-30;5;0
1;2025-11-30;6;83
1;2025-11-30;7;221
1;2025-11-30;8;322
1;2025-11-30;9;524
1;2025-11-30;10;614
1;2025-11-30;11;623
1;2025-11-30;12;740
1;2025-11-30;13;780
1;2025-11-30;14;716
1;2025-11-30;15;640
1;2025-11-30;16;609
1;2025-11-30;17;588
1;2025-11-30;18;484
1;2025-11-30;19;411
1;2025-11-30;20;286
1;2025-11-30;21;217
1;2025-11-30;22;36
1;2025-11-30;23;0
1;2025-12-01;0;0
1;2025-12-01;1;0
1;2025-12-01;2;0
1;2025-12-01;3;0
1;2025-12-01;4;9
1;2025-12-01;5;87
1;2025-12-01;6;462
1;2025-12-01;7;1390
1;2025-12-01;8;1853
1;2025-12-01;9;1416
1;2025-12-01;10;1299
1;2025-12-01;11;1276
1;2025-12-01;12;1331
1;2025-12-01;13;1356
1;2025-12-01;14;1298
1;2025-12-01;15;1391
1;2025-12-01;16;1438
1;2025-12-01;17;1710
1;2025-12-01;18;1712
1;2025-12-01;19;1326
1;2025-12-01;20;805
1;2025-12-01;21;408
1;2025-12-01;22;142
1;2025-12-01;23;0
1;2025-12-02;0;0
1;2025-12-02;1;0
1;2025-12-02;2;0
1;2025-12-02;3;0
1;2025-12-02;4;10
1;2025-12-02;5;84
1;2025-12-02;6;461
1;2025-12-02;7;1400
1;2025-12-02;8;1908
1;2025-12-02;9;1446
1;2025-12-02;10;1328
1;2025-12-02;11;1299
1;2025-12-02;12;1357
1;2025-12-02;13;1379
1;2025-12-02;14;1314
1;2025-12-02;15;1400
1;2025-12-02;16;1440
1;2025-12-02;17;1722
1;2025-12-02;18;1745
1;2025-12-02;19;1328
1;2025-12-02;20;819
1;2025-12-02;21;422
1;2025-12-02;22;153
1;2025-12-02;23;0
1;2025-12-03;0;0
1;2025-12-03;1;0
1;2025-12-03;2;0
1;2025-12-03;3;0
1;2025-12-03;4;9
1;2025-12-03;5;88
1;2025-12-03;6;472
1;2025-12-03;7;1392
1;2025-12-03;8;1918
1;2025-12-03;9;1445
1;2025-12-03;10;1336
1;2025-12-03;11;1306
1;2025-12-03;12;1362
1;2025-12-03;13;1401
1;2025-12-03;14;1332
1;2025-12-03;15;1420
1;2025-12-03;16;1451
1;2025-12-03;17;1733
1;2025-12-03;18;1748
1;2025-12-03;19;1322
1;2025-12-03;20;823
1;2025-12-03;21;434
1;2025-12-03;22;162
1;2025-12-03;23;0
1;2025-12-04;0;0
1;2025-12-04;1;0
1;2025-12-04;2;0
1;2025-12-04;3;0
1;2025-12-04;4;10
1;2025-12-04;5;79
1;2025-12-04;6;456
1;2025-12-04;7;1378
1;2025-12-04;8;1903
1;2025-12-04;9;1450
1;2025-12-04;10;1337
1;2025-12-04;11;1302
1;2025-12-04;12;1365
1;2025-12-04;13;1390
1;2025-12-04;14;1327
1;2025-12-04;15;1415
1;2025-12-04;16;1455
1;2025-12-04;17;1732
1;2025-12-04;18;1761
1;2025-12-04;19;1326
1;2025-12-04;20;816
1;2025-12-04;21;431
1;2025-12-04;22;154
1;2025-12-04;23;0
1;2025-12-05;0;0
1;2025-12-05;1;0
1;2025-12-05;2;0
1;2025-12-05;3;0
1;2025-12-05;4;9
1;2025-12-05;5;83
1;2025-12-05;6;455
1;2025-12-05;7;1358
1;2025-12-05;8;1843
1;2025-12-05;9;1407
1;2025-12-05;10;1299
1;2025-12-05;11;1293
1;2025-12-05;12;1348
1;2025-12-05;13;1385
1;2025-12-05;14;1323
1;2025-12-05;15;1429
1;2025-12-05;16;1484
1;2025-12-05;17;1701
1;2025-12-05;18;1574
1;2025-12-05;19;1195
1;2025-12-05;20;748
1;2025-12-05;21;424
1;2025-12-05;22;155
1;2025-12-05;23;6
1;2025-12-06;0;0
1;2025-12-06;1;0
1;2025-12-06;2;0
1;2025-12-06;3;0
1;2025-12-06;4;1
1;2025-12-06;5;0
1;2025-12-06;6;122
1;2025-12-06;7;318
1;2025-12-06;8;469
1;2025-12-06;9;716
1;2025-12-06;10;807
1;2025-12-06;11;756
1;2025-12-06;12;864
1;2025-12-06;13;896
1;2025-12-06;14;866
1;2025-12-06;15;777
1;2025-12-06;16;748
1;2025-12-06;17;727
1;2025-12-06;18;590
1;2025-12-06;19;549
1;2025-12-06;20;360
1;2025-12-06;21;249
1;2025-12-06;22;58
1;2025-12-06;23;0
1;2025-12-07;0;0
1;2025-12-07;1;0
1;2025-12-07;2;0
1;2025-12-07;3;0
1;2025-12-07;4;0
1;2025-12-07;5;0
1;2025-12-07;6;83
1;2025-12-07;7;221
1;2025-12-07;8;322
1;2025-12-07;9;525
1;2025-12-07;10;617
1;2025-12-07;11;627
1;2025-12-07;12;743
1;2025-12-07;13;782
1;2025-12-07;14;719
1;2025-12-07;15;641
1;2025-12-07;16;612
1;2025-12-07;17;589
1;2025-12-07;18;477
1;2025-12-07;19;408
1;2025-12-07;20;287
1;2025-12-07;21;222
1;2025-12-07;22;40
1;2025-12-07;23;0
1;2025-12-08;0;0
1;2025-12-08;1;0
1;2025-12-08;2;0
1;2025-12-08;3;0
1;2025-12-08;4;10
1;2025-12-08;5;84
1;2025-12-08;6;462
1;2025-12-08;7;1390
1;2025-12-08;8;1853
1;2025-12-08;9;1415
1;2025-12-08;10;1301
1;2025-12-08;11;1276
1;2025-12-08;12;1331
1;2025-12-08;13;1356
1;2025-12-08;14;1298
1;2025-12-08;15;1391
1;2025-12-08;16;1438
1;2025-12-08;17;1710
1;2025-12-08;18;1712
1;2025-12-08;19;1326
1;2025-12-08;20;805
1;2025-12-08;21;408
1;2025-12-08;22;142
1;2025-12-08;23;0
1;2025-12-09;0;0
1;2025-12-09;1;0
1;2025-12-09;2;0
1;2025-12-09;3;0
1;2025-12-09;4;10
1;2025-12-09;5;84
1;2025-12-09;6;462
1;2025-12-09;7;1401
1;2025-12-09;8;1905
1;2025-12-09;9;1446
1;2025-12-09;10;1329
1;2025-12-09;11;1299
1;2025-12-09;12;1358
1;2025-12-09;13;1379
1;2025-12-09;14;1313
1;2025-12-09;15;1400
1;2025-12-09;16;1440
1;2025-12-09;17;1722
1;2025-12-09;18;1745
1;2025-12-09;19;1328
1;2025-12-09;20;819
1;2025-12-09;21;422
1;2025-12-09;22;154
1;2025-12-09;23;4
1;2025-12-10;0;0
1;2025-12-10;1;0
1;2025-12-10;2;0
1;2025-12-10;3;0
1;2025-12-10;4;9
1;2025-12-10;5;83
1;2025-12-10;6;463
1;2025-12-10;7;1386
1;2025-12-10;8;1906
1;2025-12-10;9;1446
1;2025-12-10;10;1328
1;2025-12-10;11;1295
1;2025-12-10;12;1364
1;2025-12-10;13;1400
1;2025-12-10;14;1332
1;2025-12-10;15;1419
1;2025-12-10;16;1449
1;2025-12-10;17;1731
1;2025-12-10;18;1746
1;2025-12-10;19;1322
1;2025-12-10;20;822
1;2025-12-10;21;432
1;2025-12-10;22;160
1;2025-12-10;23;0
1;2025-12-11;0;0
1;2025-12-11;1;0
1;2025-12-11;2;0
1;2025-12-11;3;0
1;2025-12-11;4;10
1;2025-12-11;5;77
1;2025-12-11;6;454
1;2025-12-11;7;1375
1;2025-12-11;8;1870
1;2025-12-11;9;1428
1;2025-12-11;10;1316
1;2025-12-11;11;1290
1;2025-12-11;12;1359
1;2025-12-11;13;1385
1;2025-12-11;14;1325
1;2025-12-11;15;1400
1;2025-12-11;16;1441
1;2025-12-11;17;1716
1;2025-12-11;18;1724
1;2025-12-11;19;1307
1;2025-12-11;20;804
1;2025-12-11;21;409
1;2025-12-11;22;148
1;2025-12-11;23;0
1;2025-12-12;0;0
1;2025-12-12;1;0
1;2025-12-12;2;0
1;2025-12-12;3;0
1;2025-12-12;4;9
1;2025-12-12;5;75
1;2025-12-12;6;443
1;2025-12-12;7;1350
1;2025-12-12;8;1842
1;2025-12-12;9;1400
1;2025-12-12;10;1298
1;2025-12-12;11;1289
1;2025-12-12;12;1333
1;2025-12-12;13;1366
1;2025-12-12;14;1300
1;2025-12-12;15;1411
1;2025-12-12;16;1452
1;2025-12-12;17;1679
1;2025-12-12;18;1579
1;2025-12-12;19;1202
1;2025-12-12;20;761
1;2025-12-12;21;429
1;2025-12-12;22;151
1;2025-12-12;23;1
1;2025-12-13;0;0
1;2025-12-13;1;0
1;2025-12-13;2;0
1;2025-12-13;3;0
1;2025-12-13;4;0
1;2025-12-13;5;0
1;2025-12-13;6;128
1;2025-12-13;7;323
1;2025-12-13;8;460
1;2025-12-13;9;717
1;2025-12-13;10;803
1;2025-12-13;11;762
1;2025-12-13;12;865
1;2025-12-13;13;900
1;2025-12-13;14;861
1;2025-12-13;15;774
1;2025-12-13;16;741
1;2025-12-13;17;717
1;2025-12-13;18;576
1;2025-12-13;19;544
1;2025-12-13;20;350
1;2025-12-13;21;244
1;2025-12-13;22;56
1;2025-12-13;23;0
1;2025-12-14;0;0
1;2025-12-14;1;0
1;2025-12-14;2;0
1;2025-12-14;3;0
1;2025-12-14;4;0
1;2025-12-14;5;0
1;2025-12-14;6;83
1;2025-12-14;7;220
1;2025-12-14;8;304
1;2025-12-14;9;519
1;2025-12-14;10;609
1;2025-12-14;11;626
1;2025-12-14;12;739
1;2025-12-14;13;780
1;2025-12-14;14;708
1;2025-12-14;15;635
1;2025-12-14;16;606
1;2025-12-14;17;576
1;2025-12-14;18;468
1;2025-12-14;19;408
1;2025-12-14;20;278
1;2025-12-14;21;222
1;2025-12-14;22;37
1;2025-12-14;23;0
1;2025-12-15;0;0
1;2025-12-15;1;0
1;2025-12-15;2;0
1;2025-12-15;3;0
1;2025-12-15;4;10
1;2025-12-15;5;83
1;2025-12-15;6;457
1;2025-12-15;7;1393
1;2025-12-15;8;1839
1;2025-12-15;9;1412
1;2025-12-15;10;1292
1;2025-12-15;11;1246
1;2025-12-15;12;1320
1;2025-12-15;13;1343
1;2025-12-15;14;1284
1;2025-12-15;15;1382
1;2025-12-15;16;1430
1;2025-12-15;17;1696
1;2025-12-15;18;1703
1;2025-12-15;19;1325
1;2025-12-15;20;795
1;2025-12-15;21;404
1;2025-12-15;22;134
1;2025-12-15;23;0
1;2025-12-16;0;0
1;2025-12-16;1;0
1;2025-12-16;2;0
1;2025-12-16;3;0
1;2025-12-16;4;9
1;2025-12-16;5;78
1;2025-12-16;6;460
1;2025-12-16;7;1401
1;2025-12-16;8;1901
1;2025-12-16;9;1444
1;2025-12-16;10;1326
1;2025-12-16;11;1288
1;2025-12-16;12;1335
1;2025-12-16;13;1338
1;2025-12-16;14;1307
1;2025-12-16;15;1401
1;2025-12-16;16;1439
1;2025-12-16;17;1720
1;2025-12-16;18;1744
1;2025-12-16;19;1326
1;2025-12-16;20;818
1;2025-12-16;21;420
1;2025-12-16;22;151
1;2025-12-16;23;0
1;2025-12-17;0;0
1;2025-12-17;1;0
1;2025-12-17;2;0
1;2025-12-17;3;0
1;2025-12-17;4;9
1;2025-12-17;5;86
1;2025-12-17;6;470
1;2025-12-17;7;1391
1;2025-12-17;8;1915
1;2025-12-17;9;1443
1;2025-12-17;10;1334
1;2025-12-17;11;1304
1;2025-12-17;12;1360
1;2025-12-17;13;1399
1;2025-12-17;14;1331
1;2025-12-17;15;1418
1;2025-12-17;16;1449
1;2025-12-17;17;1731
1;2025-12-17;18;1746
1;2025-12-17;19;1322
1;2025-12-17;20;822
1;2025-12-17;21;432
1;2025-12-17;22;160
1;2025-12-17;23;0
1;2025-12-18;0;0
1;2025-12-18;1;0
1;2025-12-18;2;0
1;2025-12-18;3;0
1;2025-12-18;4;10
1;2025-12-18;5;77
1;2025-12-18;6;453
1;2025-12-18;7;1376
1;2025-12-18;8;1900
1;2025-12-18;9;1449
1;2025-12-18;10;1335
1;2025-12-18;11;1304
1;2025-12-18;12;1366
1;2025-12-18;13;1393
1;2025-12-18;14;1328
1;2025-12-18;15;1418
1;2025-12-18;16;1458
1;2025-12-18;17;1732
1;2025-12-18;18;1761
1;2025-12-18;19;1326
1;2025-12-18;20;816
1;2025-12-18;21;433
1;2025-12-18;22;156
1;2025-12-18;23;0
1;2025-12-19;0;0
1;2025-12-19;1;0
1;2025-12-19;2;0
1;2025-12-19;3;0
1;2025-12-19;4;9
1;2025-12-19;5;80
1;2025-12-19;6;454
1;2025-12-19;7;1357
1;2025-12-19;8;1840
1;2025-12-19;9;1407
1;2025-12-19;10;1300
1;2025-12-19;11;1297
1;2025-12-19;12;1353
1;2025-12-19;13;1390
1;2025-12-19;14;1328
1;2025-12-19;15;1437
1;2025-12-19;16;1492
1;2025-12-19;17;1705
1;2025-12-19;18;1579
1;2025-12-19;19;1198
1;2025-12-19;20;756
1;2025-12-19;21;427
1;2025-12-19;22;156
1;2025-12-19;23;5
1;2025-12-20;0;0
1;2025-12-20;1;0
1;2025-12-20;2;0
1;2025-12-20;3;0
1;2025-12-20;4;1
1;2025-12-20;5;0
1;2025-12-20;6;125
1;2025-12-20;7;321
1;2025-12-20;8;470
1;2025-12-20;9;717
1;2025-12-20;10;805
1;2025-12-20;11;761
1;2025-12-20;12;866
1;2025-12-20;13;896
1;2025-12-20;14;866
1;2025-12-20;15;778
1;2025-12-20;16;749
1;2025-12-20;17;723
1;2025-12-20;18;580
1;2025-12-20;19;546
1;2025-12-20;20;362
1;2025-12-20;21;253
1;2025-12-20;22;60
1;2025-12-20;23;0
1;2025-12-21;0;0
1;2025-12-21;1;0
1;2025-12-21;2;0
1;2025-12-21;3;0
1;2025-12-21;4;0
1;2025-12-21;5;0
1;2025-12-21;6;76
1;2025-12-21;7;219
1;2025-12-21;8;312
1;2025-12-21;9;523
1;2025-12-21;10;616
1;2025-12-21;11;626
1;2025-12-21;12;741
1;2025-12-21;13;781
1;2025-12-21;14;717
1;2025-12-21;15;641
1;2025-12-21;16;612
1;2025-12-21;17;589
1;2025-12-21;18;477
1;2025-12-21;19;408
1;2025-12-21;20;287
1;2025-12-21;21;221
1;2025-12-21;22;35
1;2025-12-21;23;0
1;2025-12-22;0;0
1;2025-12-22;1;0
1;2025-12-22;2;0
1;2025-12-22;3;0
1;2025-12-22;4;10
1;2025-12-22;5;84
1;2025-12-22;6;462
1;2025-12-22;7;1390
1;2025-12-22;8;1854
1;2025-12-22;9;1424
1;2025-12-22;10;1283
1;2025-12-22;11;1277
1;2025-12-22;12;1340
1;2025-12-22;13;1356
1;2025-12-22;14;1298
1;2025-12-22;15;1378
1;2025-12-22;16;1434
1;2025-12-22;17;1710
1;2025-12-22;18;1696
1;2025-12-22;19;1326
1;2025-12-22;20;798
1;2025-12-22;21;406
1;2025-12-22;22;125
1;2025-12-22;23;0
1;2025-12-23;0;0
1;2025-12-23;1;0
1;2025-12-23;2;0
1;2025-12-23;3;0
1;2025-12-23;4;9
1;2025-12-23;5;83
1;2025-12-23;6;459
1;2025-12-23;7;1402
1;2025-12-23;8;1886
1;2025-12-23;9;1432
1;2025-12-23;10;1314
1;2025-12-23;11;1290
1;2025-12-23;12;1341
1;2025-12-23;13;1367
1;2025-12-23;14;1295
1;2025-12-23;15;1387
1;2025-12-23;16;1433
1;2025-12-23;17;1709
1;2025-12-23;18;1728
1;2025-12-23;19;1314
1;2025-12-23;20;804
1;2025-12-23;21;417
1;2025-12-23;22;146
1;2025-12-23;23;0
1;2025-12-24;0;0
1;2025-12-24;1;0
1;2025-12-24;2;0
1;2025-12-24;3;0
1;2025-12-24;4;10
1;2025-12-24;5;93
1;2025-12-24;6;469
1;2025-12-24;7;1393
1;2025-12-24;8;1892
1;2025-12-24;9;1436
1;2025-12-24;10;1323
1;2025-12-24;11;1305
1;2025-12-24;12;1330
1;2025-12-24;13;1365
1;2025-12-24;14;1317
1;2025-12-24;15;1400
1;2025-12-24;16;1452
1;2025-12-24;17;1721
1;2025-12-24;18;1729
1;2025-12-24;19;1322
1;2025-12-24;20;801
1;2025-12-24;21;420
1;2025-12-24;22;145
1;2025-12-24;23;0
1;2025-12-25;0;0
1;2025-12-25;1;0
1;2025-12-25;2;0
1;2025-12-25;3;0
1;2025-12-25;4;10
1;2025-12-25;5;76
1;2025-12-25;6;453
1;2025-12-25;7;1375
1;2025-12-25;8;1902
1;2025-12-25;9;1452
1;2025-12-25;10;1339
1;2025-12-25;11;1309
1;2025-12-25;12;1369
1;2025-12-25;13;1400
1;2025-12-25;14;1334
1;2025-12-25;15;1426
1;2025-12-25;16;1464
1;2025-12-25;17;1721
1;2025-12-25;18;1718
1;2025-12-25;19;1333
1;2025-12-25;20;789
1;2025-12-25;21;426
1;2025-12-25;22;141
1;2025-12-25;23;0
1;2025-12-26;0;0
1;2025-12-26;1;0
1;2025-12-26;2;0
1;2025-12-26;3;0
1;2025-12-26;4;10
1;2025-12-26;5;88
1;2025-12-26;6;444
1;2025-12-26;7;1356
1;2025-12-26;8;1854
1;2025-12-26;9;1418
1;2025-12-26;10;1292
1;2025-12-26;11;1284
1;2025-12-26;12;1338
1;2025-12-26;13;1395
1;2025-12-26;14;1324
1;2025-12-26;15;1436
1;2025-12-26;16;1481
1;2025-12-26;17;1697
1;2025-12-26;18;1583
1;2025-12-26;19;1204
1;2025-12-26;20;761
1;2025-12-26;21;430
1;2025-12-26;22;166
1;2025-12-26;23;0
1;2025-12-27;0;0
1;2025-12-27;1;0
1;2025-12-27;2;0
1;2025-12-27;3;0
1;2025-12-27;4;1
1;2025-12-27;5;0
1;2025-12-27;6;137
1;2025-12-27;7;328
1;2025-12-27;8;477
1;2025-12-27;9;707
1;2025-12-27;10;817
1;2025-12-27;11;772
1;2025-12-27;12;871
1;2025-12-27;13;907
1;2025-12-27;14;880
1;2025-12-27;15;783
1;2025-12-27;16;751
1;2025-12-27;17;731
1;2025-12-27;18;592
1;2025-12-27;19;555
1;2025-12-27;20;374
1;2025-12-27;21;273
1;2025-12-27;22;59
1;2025-12-27;23;5
1;2025-12-28;0;0
1;2025-12-28;1;0
1;2025-12-28;2;0
1;2025-12-28;3;0
1;2025-12-28;4;0
1;2025-12-28;5;0
1;2025-12-28;6;104
1;2025-12-28;7;229
1;2025-12-28;8;324
1;2025-12-28;9;543
1;2025-12-28;10;627
1;2025-12-28;11;627
1;2025-12-28;12;741
1;2025-12-28;13;782
1;2025-12-28;14;719
1;2025-12-28;15;644
1;2025-12-28;16;619
1;2025-12-28;17;600
1;2025-12-28;18;497
1;2025-12-28;19;424
1;2025-12-28;20;297
1;2025-12-28;21;248
1;2025-12-28;22;51
1;2025-12-28;23;0
1;2025-12-29;0;0
1;2025-12-29;1;0
1;2025-12-29;2;0
1;2025-12-29;3;0
1;2025-12-29;4;9
1;2025-12-29;5;85
1;2025-12-29;6;463
1;2025-12-29;7;1392
1;2025-12-29;8;1866
1;2025-12-29;9;1427
1;2025-12-29;10;1305
1;2025-12-29;11;1279
1;2025-12-29;12;1334
1;2025-12-29;13;1357
1;2025-12-29;14;1289
1;2025-12-29;15;1395
1;2025-12-29;16;1431
1;2025-12-29;17;1703
1;2025-12-29;18;1728
1;2025-12-29;19;1342
1;2025-12-29;20;815
1;2025-12-29;21;425
1;2025-12-29;22;147
1;2025-12-29;23;6
1;2025-12-30;0;0
1;2025-12-30;1;0
1;2025-12-30;2;0
1;2025-12-30;3;0
1;2025-12-30;4;11
1;2025-12-30;5;95
1;2025-12-30;6;477
1;2025-12-30;7;1412
1;2025-12-30;8;1891
1;2025-12-30;9;1464
1;2025-12-30;10;1330
1;2025-12-30;11;1312
1;2025-12-30;12;1363
1;2025-12-30;13;1394
1;2025-12-30;14;1315
1;2025-12-30;15;1413
1;2025-12-30;16;1442
1;2025-12-30;17;1719
1;2025-12-30;18;1750
1;2025-12-30;19;1346
1;2025-12-30;20;821
1;2025-12-30;21;423
1;2025-12-30;22;163
1;2025-12-30;23;1
1;2025-12-31;0;0
1;2025-12-31;1;0
1;2025-12-31;2;0
1;2025-12-31;3;0
1;2025-12-31;4;2
1;2025-12-31;5;3
1;2025-12-31;6;148
1;2025-12-31;7;338
1;2025-12-31;8;484
1;2025-12-31;9;620
1;2025-12-31;10;651
1;2025-12-31;11;653
1;2025-12-31;12;753
1;2025-12-31;13;764
1;2025-12-31;14;698
1;2025-12-31;15;655
1;2025-12-31;16;679
1;2025-12-31;17;665
1;2025-12-31;18;572
1;2025-12-31;19;530
1;2025-12-31;20;365
1;2025-12-31;21;272
1;2025-12-31;22;79
1;2025-12-31;23;0
5;2025-11-01;0;0
5;2025-11-01;1;0
5;2025-11-01;2;0
5;2025-11-01;3;0
5;2025-11-01;4;0
5;2025-11-01;5;0
5;2025-11-01;6;0
5;2025-11-01;7;0
5;2025-11-01;8;0
5;2025-11-01;9;0
5;2025-11-01;10;0
5;2025-11-01;11;0
5;2025-11-01;12;0
5;2025-11-01;13;0
5;2025-11-01;14;0
5;2025-11-01;15;0
5;2025-11-01;16;0
5;2025-11-01;17;0
5;2025-11-01;18;0
5;2025-11-01;19;0
5;2025-11-01;20;0
5;2025-11-01;21;0
5;2025-11-01;22;0
5;2025-11-01;23;0
5;2025-11-02;0;0
5;2025-11-02;1;0
5;2025-11-02;2;0
5;2025-11-02;3;0
5;2025-11-02;4;0
5;2025-11-02;5;0
5;2025-11-02;6;0
5;2025-11-02;7;0
5;2025-11-02;8;0
5;2025-11-02;9;0
5;2025-11-02;10;0
5;2025-11-02;11;0
5;2025-11-02;12;0
5;2025-11-02;13;0
5;2025-11-02;14;0
5;2025-11-02;15;0
5;2025-11-02;16;0
5;2025-11-02;17;0
5;2025-11-02;18;0
5;2025-11-02;19;0
5;2025-11-02;20;0
5;2025-11-02;21;0
5;2025-11-02;22;0
5;2025-11-02;23;0
5;2025-11-03;0;0
5;2025-11-03;1;0
5;2025-11-03;2;0
5;2025-11-03;3;0
5;2025-11-03;4;0
5;2025-11-03;5;0
5;2025-11-03;6;0
5;2025-11-03;7;0
5;2025-11-03;8;0
5;2025-11-03;9;0
5;2025-11-03;10;0
5;2025-11-03;11;0
5;2025-11-03;12;0
5;2025-11-03;13;0
5;2025-11-03;14;0
5;2025-11-03;15;0
5;2025-11-03;16;0
5;2025-11-03;17;0
5;2025-11-03;18;0
5;2025-11-03;19;0
5;2025-11-03;20;0
5;2025-11-03;21;0
5;2025-11-03;22;0
5;2025-11-03;23;0
5;2025-11-04;0;0
5;2025-11-04;1;0
5;2025-11-04;2;0
5;2025-11-04;3;0
5;2025-11-04;4;0
5;2025-11-04;5;0
5;2025-11-04;6;0
5;2025-11-04;7;0
5;2025-11-04;8;0
5;2025-11-04;9;0
5;2025-11-04;10;0
5;2025-11-04;11;0
5;2025-11-04;12;0
5;2025-11-04;13;0
5;2025-11-04;14;0
5;2025-11-04;15;0
5;2025-11-04;16;0
5;2025-11-04;17;0
5;2025-11-04;18;0
5;2025-11-04;19;0
5;2025-11-04;20;0
5;2025-11-04;21;0
5;2025-11-04;22;0
5;2025-11-04;23;0
5;2025-11-05;0;0
5;2025-11-05;1;0
5;2025-11-05;2;0
5;2025-11-05;3;0
5;2025-11-05;4;0
5;2025-11-05;5;0
5;2025-11-05;6;0
5;2025-11-05;7;0
5;2025-11-05;8;0
5;2025-11-05;9;0
5;2025-11-05;10;0
5;2025-11-05;11;0
5;2025-11-05;12;0
5;2025-11-05;13;0
5;2025-11-05;14;0
5;2025-11-05;15;0
5;2025-11-05;16;0
5;2025-11-05;17;0
5;2025-11-05;18;0
5;2025-11-05;19;0
5;2025-11-05;20;0
5;2025-11-05;21;0
5;2025-11-05;22;0
5;2025-11-05;23;0
5;2025-11-06;0;0
5;2025-11-06;1;0
5;2025-11-06;2;0
5;2025-11-06;3;0
5;2025-11-06;4;0
5;2025-11-06;5;0
5;2025-11-06;6;0
5;2025-11-06;7;0
5;2025-11-06;8;0
5;2025-11-06;9;0
5;2025-11-06;10;0
5;2025-11-06;11;0
5;2025-11-06;12;0
5;2025-11-06;13;0
5;2025-11-06;14;0
5;2025-11-06;15;0
5;2025-11-06;16;0
5;2025-11-06;17;0
5;2025-11-06;18;0
5;2025-11-06;19;0
5;2025-11-06;20;0
5;2025-11-06;21;0
5;2025-11-06;22;0
5;2025-11-06;23;0
5;2025-11-07;0;0
5;2025-11-07;1;0
5;2025-11-07;2;0
5;2025-11-07;3;0
5;2025-11-07;4;0
5;2025-11-07;5;0
5;2025-11-07;6;0
5;2025-11-07;7;0
5;2025-11-07;8;0
5;2025-11-07;9;0
5;2025-11-07;10;0
5;2025-11-07;11;0
5;2025-11-07;12;0
5;2025-11-07;13;0
5;2025-11-07;14;0
5;2025-11-07;15;0
5;2025-11-07;16;0
5;2025-11-07;17;0
5;2025-11-07;18;0
5;2025-11-07;19;0
5;2025-11-07;20;0
5;2025-11-07;21;0
5;2025-11-07;22;0
5;2025-11-07;23;0
5;2025-11-08;0;0
5;2025-11-08;1;0
5;2025-11-08;2;0
5;2025-11-08;3;0
5;2025-11-08;4;0
5;2025-11-08;5;0
5;2025-11-08;6;0
5;2025-11-08;7;0
5;2025-11-08;8;0
5;2025-11-08;9;0
5;2025-11-08;10;0
5;2025-11-08;11;0
5;2025-11-08;12;0
5;2025-11-08;13;0
5;2025-11-08;14;0
5;2025-11-08;15;0
5;2025-11-08;16;0
5;2025-11-08;17;0
5;2025-11-08;18;0
5;2025-11-08;19;0
5;2025-11-08;20;0
5;2025-11-08;21;0
5;2025-11-08;22;0
5;2025-11-08;23;0
5;2025-11-09;0;0
5;2025-11-09;1;0
5;2025-11-09;2;0
5;2025-11-09;3;0
5;2025-11-09;4;0
5;2025-11-09;5;0
5;2025-11-09;6;0
5;2025-11-09;7;0
5;2025-11-09;8;0
5;2025-11-09;9;0
5;2025-11-09;10;0
5;2025-11-09;11;0
5;2025-11-09;12;0
5;2025-11-09;13;0
5;2025-11-09;14;0
5;2025-11-09;15;0
5;2025-11-09;16;0
5;2025-11-09;17;0
5;2025-11-09;18;0
5;2025-11-09;19;0
5;2025-11-09;20;0
5;2025-11-09;21;0
5;2025-11-09;22;0
5;2025-11-09;23;0
5;2025-11-10;0;0
5;2025-11-10;1;0
5;2025-11-10;2;0
5;2025-11-10;3;0
5;2025-11-10;4;0
5;2025-11-10;5;0
5;2025-11-10;6;0
5;2025-11-10;7;0
5;2025-11-10;8;0
5;2025-11-10;9;0
5;2025-11-10;10;0
5;2025-11-10;11;0
5;2025-11-10;12;0
5;2025-11-10;13;0
5;2025-11-10;14;0
5;2025-11-10;15;0
5;2025-11-10;16;0
5;2025-11-10;17;0
5;2025-11-10;18;0
5;2025-11-10;19;0
5;2025-11-10;20;0
5;2025-11-10;21;0
5;2025-11-10;22;0
5;2025-11-10;23;0
5;2025-11-11;0;0
5;2025-11-11;1;0
5;2025-11-11;2;0
5;2025-11-11;3;0
5;2025-11-11;4;0
5;2025-11-11;5;0
5;2025-11-11;6;0
5;2025-11-11;7;0
5;2025-11-11;8;0
5;2025-11-11;9;0
5;2025-11-11;10;0
5;2025-11-11;11;0
5;2025-11-11;12;0
5;2025-11-11;13;0
5;2025-11-11;14;0
5;2025-11-11;15;0
5;2025-11-11;16;0
5;2025-11-11;17;0
5;2025-11-11;18;0
5;2025-11-11;19;0
5;2025-11-11;20;0
5;2025-11-11;21;0
5;2025-11-11;22;0
5;2025-11-11;23;0
5;2025-11-12;0;0
5;2025-11-12;1;0
5;2025-11-12;2;0
5;2025-11-12;3;0
5;2025-11-12;4;0
5;2025-11-12;5;0
5;2025-11-12;6;0
5;2025-11-12;7;0
5;2025-11-12;8;0
5;2025-11-12;9;0
5;2025-11-12;10;0
5;2025-11-12;11;0
5;2025-11-12;12;0
5;2025-11-12;13;0
5;2025-11-12;14;0
5;2025-11-12;15;0
5;2025-11-12;16;0
5;2025-11-12;17;0
5;2025-11-12;18;0
5;2025-11-12;19;0
5;2025-11-12;20;0
5;2025-11-12;21;0
5;2025-11-12;22;0
5;2025-11-12;23;0
5;2025-11-13;0;0
5;2025-11-13;1;0
5;2025-11-13;2;0
5;2025-11-13;3;0
5;2025-11-13;4;0
5;2025-11-13;5;0
5;2025-11-13;6;0
5;2025-11-13;7;0
5;2025-11-13;8;0
5;2025-11-13;9;0
5;2025-11-13;10;0
5;2025-11-13;11;0
5;2025-11-13;12;0
5;2025-11-13;13;0
5;2025-11-13;14;0
5;2025-11-13;15;0
5;2025-11-13;16;0
5;2025-11-13;17;0
5;2025-11-13;18;0
5;2025-11-13;19;0
5;2025-11-13;20;0
5;2025-11-13;21;0
5;2025-11-13;22;0
5;2025-11-13;23;0
5;2025-11-14;0;0
5;2025-11-14;1;0
5;2025-11-14;2;0
5;2025-11-14;3;0
5;2025-11-14;4;0
5;2025-11-14;5;0
5;2025-11-14;6;0
5;2025-11-14;7;0
5;2025-11-14;8;0
5;2025-11-14;9;0
5;2025-11-14;10;0
5;2025-11-14;11;0
5;2025-11-14;12;0
5;2025-11-14;13;0
5;2025-11-14;14;0
5;2025-11-14;15;0
5;2025-11-14;16;0
5;2025-11-14;17;0
5;2025-11-14;18;0
5;2025-11-14;19;0
5;2025-11-14;20;0
5;2025-11-14;21;0
5;2025-11-14;22;0
5;2025-11-14;23;0
5;2025-11-15;0;0
5;2025-11-15;1;0
5;2025-11-15;2;0
5;2025-11-15;3;0
5;2025-11-15;4;0
5;2025-11-15;5;0
5;2025-11-15;6;0
5;2025-11-15;7;0
5;2025-11-15;8;0
5;2025-11-15;9;0
5;2025-11-15;10;0
5;2025-11-15;11;0
5;2025-11-15;12;0
5;2025-11-15;13;0
5;2025-11-15;14;0
5;2025-11-15;15;0
5;2025-11-15;16;0
5;2025-11-15;17;0
5;2025-11-15;18;0
5;2025-11-15;19;0
5;2025-11-15;20;0
5;2025-11-15;21;0
5;2025-11-15;22;0
5;2025-11-15;23;0
5;2025-11-16;0;0
5;2025-11-16;1;0
5;2025-11-16;2;0
5;2025-11-16;3;0
5;2025-11-16;4;0
5;2025-11-16;5;0
5;2025-11-16;6;0
5;2025-11-16;7;0
5;2025-11-16;8;0
5;2025-11-16;9;0
5;2025-11-16;10;0
5;2025-11-16;11;0
5;2025-11-16;12;0
5;2025-11-16;13;0
5;2025-11-16;14;0
5;2025-11-16;15;0
5;2025-11-16;16;0
5;2025-11-16;17;0
5;2025-11-16;18;0
5;2025-11-16;19;0
5;2025-11-16;20;0
5;2025-11-16;21;0
5;2025-11-16;22;0
5;2025-11-16;23;0
5;2025-11-17;0;0
5;2025-11-17;1;0
5;2025-11-17;2;0
5;2025-11-17;3;0
5;2025-11-17;4;0
5;2025-11-17;5;0
5;2025-11-17;6;0
5;2025-11-17;7;0
5;2025-11-17;8;0
5;2025-11-17;9;0
5;2025-11-17;10;0
5;2025-11-17;11;0
5;2025-11-17;12;0
5;2025-11-17;13;0
5;2025-11-17;14;0
5;2025-11-17;15;0
5;2025-11-17;16;0
5;2025-11-17;17;0
5;2025-11-17;18;0
5;2025-11-17;19;0
5;2025-11-17;20;0
5;2025-11-17;21;0
5;2025-11-17;22;0
5;2025-11-17;23;0
5;2025-11-18;0;0
5;2025-11-18;1;0
5;2025-11-18;2;0
5;2025-11-18;3;0
5;2025-11-18;4;0
5;2025-11-18;5;0
5;2025-11-18;6;0
5;2025-11-18;7;0
5;2025-11-18;8;0
5;2025-11-18;9;0
5;2025-11-18;10;0
5;2025-11-18;11;0
5;2025-11-18;12;0
5;2025-11-18;13;0
5;2025-11-18;14;0
5;2025-11-18;15;0
5;2025-11-18;16;0
5;2025-11-18;17;0
5;2025-11-18;18;0
5;2025-11-18;19;0
5;2025-11-18;20;0
5;2025-11-18;21;0
5;2025-11-18;22;0
5;2025-11-18;23;0
5;2025-11-19;0;0
5;2025-11-19;1;0
5;2025-11-19;2;0
5;2025-11-19;3;0
5;2025-11-19;4;0
5;2025-11-19;5;0
5;2025-11-19;6;0
5;2025-11-19;7;0
5;2025-11-19;8;0
5;2025-11-19;9;0
5;2025-11-19;10;0
5;2025-11-19;11;0
5;2025-11-19;12;0
5;2025-11-19;13;0
5;2025-11-19;14;0
5;2025-11-19;15;0
5;2025-11-19;16;0
5;2025-11-19;17;0
5;2025-11-19;18;0
5;2025-11-19;19;0
5;2025-11-19;20;0
5;2025-11-19;21;0
5;2025-11-19;22;0
5;2025-11-19;23;0
5;2025-11-20;0;0
5;2025-11-20;1;0
5;2025-11-20;2;0
5;2025-11-20;3;0
5;2025-11-20;4;0
5;2025-11-20;5;0
5;2025-11-20;6;0
5;2025-11-20;7;0
5;2025-11-20;8;0
5;2025-11-20;9;0
5;2025-11-20;10;0
5;2025-11-20;11;0
5;2025-11-20;12;0
5;2025-11-20;13;0
5;2025-11-20;14;0
5;2025-11-20;15;0
5;2025-11-20;16;0
5;2025-11-20;17;0
5;2025-11-20;18;0
5;2025-11-20;19;0
5;2025-11-20;20;0
5;2025-11-20;21;0
5;2025-11-20;22;0
5;2025-11-20;23;0
5;2025-11-21;0;0
5;2025-11-21;1;0
5;2025-11-21;2;0
5;2025-11-21;3;0
5;2025-11-21;4;0
5;2025-11-21;5;0
5;2025-11-21;6;0
5;2025-11-21;7;0
5;2025-11-21;8;0
5;2025-11-21;9;0
5;2025-11-21;10;0
5;2025-11-21;11;0
5;2025-11-21;12;0
5;2025-11-21;13;0
5;2025-11-21;14;0
5;2025-11-21;15;0
5;2025-11-21;16;0
5;2025-11-21;17;0
5;2025-11-21;18;0
5;2025-11-21;19;0
5;2025-11-21;20;0
5;2025-11-21;21;0
5;2025-11-21;22;0
5;2025-11-21;23;0
5;2025-11-22;0;0
5;2025-11-22;1;0
5;2025-11-22;2;0
5;2025-11-22;3;0
5;2025-11-22;4;0
5;2025-11-22;5;0
5;2025-11-22;6;0
5;2025-11-22;7;0
5;2025-11-22;8;0
5;2025-11-22;9;0
5;2025-11-22;10;0
5;2025-11-22;11;0
5;2025-11-22;12;0
5;2025-11-22;13;0
5;2025-11-22;14;0
5;2025-11-22;15;0
5;2025-11-22;16;0
5;2025-11-22;17;0
5;2025-11-22;18;0
5;2025-11-22;19;0
5;2025-11-22;20;0
5;2025-11-22;21;0
5;2025-11-22;22;0
5;2025-11-22;23;0
5;2025-11-23;0;0
5;2025-11-23;1;0
5;2025-11-23;2;0
5;2025-11-23;3;0
5;2025-11-23;4;0
5;2025-11-23;5;0
5;2025-11-23;6;0
5;2025-11-23;7;0
5;2025-11-23;8;0
5;2025-11-23;9;0
5;2025-11-23;10;0
5;2025-11-23;11;0
5;2025-11-23;12;0
5;2025-11-23;13;0
5;2025-11-23;14;0
5;2025-11-23;15;0
5;2025-11-23;16;0
5;2025-11-23;17;0
5;2025-11-23;18;0
5;2025-11-23;19;0
5;2025-11-23;20;0
5;2025-11-23;21;0
5;2025-11-23;22;0
5;2025-11-23;23;0
5;2025-11-24;0;0
5;2025-11-24;1;0
5;2025-11-24;2;0
5;2025-11-24;3;0
5;2025-11-24;4;0
5;2025-11-24;5;0
5;2025-11-24;6;0
5;2025-11-24;7;0
5;2025-11-24;8;0
5;2025-11-24;9;0
5;2025-11-24;10;0
5;2025-11-24;11;0
5;2025-11-24;12;0
5;2025-11-24;13;0
5;2025-11-24;14;0
5;2025-11-24;15;0
5;2025-11-24;16;0
5;2025-11-24;17;0
5;2025-11-24;18;0
5;2025-11-24;19;0
5;2025-11-24;20;0
5;2025-11-24;21;0
5;2025-11-24;22;0
5;2025-11-24;23;0
5;2025-11-25;0;0
5;2025-11-25;1;0
5;2025-11-25;2;0
5;2025-11-25;3;0
5;2025-11-25;4;0
5;2025-11-25;5;0
5;2025-11-25;6;0
5;2025-11-25;7;0
5;2025-11-25;8;0
5;2025-11-25;9;0
5;2025-11-25;10;0
5;2025-11-25;11;0
5;2025-11-25;12;0
5;2025-11-25;13;0
5;2025-11-25;14;0
5;2025-11-25;15;0
5;2025-11-25;16;0
5;2025-11-25;17;0
5;2025-11-25;18;0
5;2025-11-25;19;0
5;2025-11-25;20;0
5;2025-11-25;21;0
5;2025-11-25;22;0
5;2025-11-25;23;0
5;2025-11-26;0;0
5;2025-11-26;1;0
5;2025-11-26;2;0
5;2025-11-26;3;0
5;2025-11-26;4;0
5;2025-11-26;5;0
5;2025-11-26;6;0
5;2025-11-26;7;0
5;2025-11-26;8;0
5;2025-11-26;9;0
5;2025-11-26;10;0
5;2025-11-26;11;0
5;2025-11-26;12;0
5;2025-11-26;13;0
5;2025-11-26;14;0
5;2025-11-26;15;0
5;2025-11-26;16;0
5;2025-11-26;17;0
5;2025-11-26;18;0
5;2025-11-26;19;0
5;2025-11-26;20;0
5;2025-11-26;21;0
5;2025-11-26;22;0
5;2025-11-26;23;0
5;2025-11-27;0;0
5;2025-11-27;1;0
5;2025-11-27;2;0
5;2025-11-27;3;0
5;2025-11-27;4;0
5;2025-11-27;5;0
5;2025-11-27;6;0
5;2025-11-27;7;0
5;2025-11-27;8;0
5;2025-11-27;9;0
5;2025-11-27;10;0
5;2025-11-27;11;0
5;2025-11-27;12;0
5;2025-11-27;13;0
5;2025-11-27;14;0
5;2025-11-27;15;0
5;2025-11-27;16;0
5;2025-11-27;17;0
5;2025-11-27;18;0
5;2025-11-27;19;0
5;2025-11-27;20;0
5;2025-11-27;21;0
5;2025-11-27;22;0
5;2025-11-27;23;0
5;2025-11-28;0;0
5;2025-11-28;1;0
5;2025-11-28;2;0
5;2025-11-28;3;0
5;2025-11-28;4;0
5;2025-11-28;5;0
5;2025-11-28;6;0
5;2025-11-28;7;0
5;2025-11-28;8;0
5;2025-11-28;9;0
5;2025-11-28;10;0
5;2025-11-28;11;0
5;2025-11-28;12;0
5;2025-11-28;13;0
5;2025-11-28;14;0
5;2025-11-28;15;0
5;2025-11-28;16;0
5;2025-11-28;17;0
5;2025-11-28;18;0
5;2025-11-28;19;0
5;2025-11-28;20;0
5;2025-11-28;21;0
5;2025-11-28;22;0
5;2025-11-28;23;0
5;2025-11-29;0;0
5;2025-11-29;1;0
5;2025-11-29;2;0
5;2025-11-29;3;0
5;2025-11-29;4;0
5;2025-11-29;5;0
5;2025-11-29;6;0
5;2025-11-29;7;0
5;2025-11-29;8;0
5;2025-11-29;9;0
5;2025-11-29;10;0
5;2025-11-29;11;0
5;2025-11-29;12;0
5;2025-11-29;13;0
5;2025-11-29;14;0
5;2025-11-29;15;0
5;2025-11-29;16;0
5;2025-11-29;17;0
5;2025-11-29;18;0
5;2025-11-29;19;0
5;2025-11-29;20;0
5;2025-11-29;21;0
5;2025-11-29;22;0
5;2025-11-29;23;0
5;2025-11-30;0;0
5;2025-11-30;1;0
5;2025-11-30;2;0
5;2025-11-30;3;0
5;2025-11-30;4;0
5;2025-11-30;5;0
5;2025-11-30;6;0
5;2025-11-30;7;0
5;2025-11-30;8;0
5;2025-11-30;9;0
5;2025-11-30;10;0
5;2025-11-30;11;0
5;2025-11-30;12;0
5;2025-11-30;13;0
5;2025-11-30;14;0
5;2025-11-30;15;0
5;2025-11-30;16;0
5;2025-11-30;17;0
5;2025-11-30;18;0
5;2025-11-30;19;0
5;2025-11-30;20;0
5;2025-11-30;21;0
5;2025-11-30;22;0
5;2025-11-30;23;0
5;2025-12-01;0;0
5;2025-12-01;1;0
5;2025-12-01;2;0
5;2025-12-01;3;0
5;2025-12-01;4;0
5;2025-12-01;5;0
5;2025-12-01;6;0
5;2025-12-01;7;0
5;2025-12-01;8;0
5;2025-12-01;9;0
5;2025-12-01;10;0
5;2025-12-01;11;0
5;2025-12-01;12;0
5;2025-12-01;13;0
5;2025-12-01;14;0
5;2025-12-01;15;0
5;2025-12-01;16;0
5;2025-12-01;17;0
5;2025-12-01;18;0
5;2025-12-01;19;0
5;2025-12-01;20;0
5;2025-12-01;21;0
5;2025-12-01;22;0
5;2025-12-01;23;0
5;2025-12-02;0;0
5;2025-12-02;1;0
5;2025-12-02;2;0
5;2025-12-02;3;0
5;2025-12-02;4;0
5;2025-12-02;5;0
5;2025-12-02;6;0
5;2025-12-02;7;0
5;2025-12-02;8;0
5;2025-12-02;9;0
5;2025-12-02;10;0
5;2025-12-02;11;0
5;2025-12-02;12;0
5;2025-12-02;13;0
5;2025-12-02;14;0
5;2025-12-02;15;0
5;2025-12-02;16;0
5;2025-12-02;17;0
5;2025-12-02;18;0
5;2025-12-02;19;0
5;2025-12-02;20;0
5;2025-12-02;21;0
5;2025-12-02;22;0
5;2025-12-02;23;0
5;2025-12-03;0;0
5;2025-12-03;1;0
5;2025-12-03;2;0
5;2025-12-03;3;0
5;2025-12-03;4;0
5;2025-12-03;5;0
5;2025-12-03;6;0
5;2025-12-03;7;0
5;2025-12-03;8;0
5;2025-12-03;9;0
5;2025-12-03;10;0
5;2025-12-03;11;0
5;2025-12-03;12;0
5;2025-12-03;13;0
5;2025-12-03;14;0
5;2025-12-03;15;0
5;2025-12-03;16;0
5;2025-12-03;17;0
5;2025-12-03;18;0
5;2025-12-03;19;0
5;2025-12-03;20;0
5;2025-12-03;21;0
5;2025-12-03;22;0
5;2025-12-03;23;0
5;2025-12-04;0;0
5;2025-12-04;1;0
5;2025-12-04;2;0
5;2025-12-04;3;0
5;2025-12-04;4;0
5;2025-12-04;5;0
5;2025-12-04;6;0
5;2025-12-04;7;0
5;2025-12-04;8;0
5;2025-12-04;9;0
5;2025-12-04;10;0
5;2025-12-04;11;0
5;2025-12-04;12;0
5;2025-12-04;13;0
5;2025-12-04;14;0
5;2025-12-04;15;0
5;2025-12-04;16;0
5;2025-12-04;17;0
5;2025-12-04;18;0
5;2025-12-04;19;0
5;2025-12-04;20;0
5;2025-12-04;21;0
5;2025-12-04;22;0
5;2025-12-04;23;0
5;2025-12-05;0;0
5;2025-12-05;1;0
5;2025-12-05;2;0
5;2025-12-05;3;0
5;2025-12-05;4;0
5;2025-12-05;5;0
5;2025-12-05;6;0
5;2025-12-05;7;0
5;2025-12-05;8;0
5;2025-12-05;9;0
5;2025-12-05;10;0
5;2025-12-05;11;0
5;2025-12-05;12;0
5;2025-12-05;13;0
5;2025-12-05;14;0
5;2025-12-05;15;0
5;2025-12-05;16;0
5;2025-12-05;17;0
5;2025-12-05;18;0
5;2025-12-05;19;0
5;2025-12-05;20;0
5;2025-12-05;21;0
5;2025-12-05;22;0
5;2025-12-05;23;0
5;2025-12-06;0;0
5;2025-12-06;1;0
5;2025-12-06;2;0
5;2025-12-06;3;0
5;2025-12-06;4;0
5;2025-12-06;5;0
5;2025-12-06;6;0
5;2025-12-06;7;0
5;2025-12-06;8;0
5;2025-12-06;9;0
5;2025-12-06;10;0
5;2025-12-06;11;0
5;2025-12-06;12;0
5;2025-12-06;13;0
5;2025-12-06;14;0
5;2025-12-06;15;0
5;2025-12-06;16;0
5;2025-12-06;17;0
5;2025-12-06;18;0
5;2025-12-06;19;0
5;2025-12-06;20;0
5;2025-12-06;21;0
5;2025-12-06;22;0
5;2025-12-06;23;0
5;2025-12-07;0;0
5;2025-12-07;1;0
5;2025-12-07;2;0
5;2025-12-07;3;0
5;2025-12-07;4;0
5;2025-12-07;5;0
5;2025-12-07;6;0
5;2025-12-07;7;0
5;2025-12-07;8;0
5;2025-12-07;9;0
5;2025-12-07;10;0
5;2025-12-07;11;0
5;2025-12-07;12;0
5;2025-12-07;13;0
5;2025-12-07;14;0
5;2025-12-07;15;0
5;2025-12-07;16;0
5;2025-12-07;17;0
5;2025-12-07;18;0
5;2025-12-07;19;0
5;2025-12-07;20;0
5;2025-12-07;21;0
5;2025-12-07;22;0
5;2025-12-07;23;0
5;2025-12-08;0;0
5;2025-12-08;1;0
5;2025-12-08;2;0
5;2025-12-08;3;0
5;2025-12-08;4;0
5;2025-12-08;5;0
5;2025-12-08;6;0
5;2025-12-08;7;0
5;2025-12-08;8;0
5;2025-12-08;9;0
5;2025-12-08;10;0
5;2025-12-08;11;0
5;2025-12-08;12;0
5;2025-12-08;13;0
5;2025-12-08;14;0
5;2025-12-08;15;0
5;2025-12-08;16;0
5;2025-12-08;17;0
5;2025-12-08;18;0
5;2025-12-08;19;0
5;2025-12-08;20;0
5;2025-12-08;21;0
5;2025-12-08;22;0
5;2025-12-08;23;0
5;2025-12-09;0;0
5;2025-12-09;1;0
5;2025-12-09;2;0
5;2025-12-09;3;0
5;2025-12-09;4;0
5;2025-12-09;5;0
5;2025-12-09;6;0
5;2025-12-09;7;0
5;2025-12-09;8;0
5;2025-12-09;9;0
5;2025-12-09;10;0
5;2025-12-09;11;0
5;2025-12-09;12;0
5;2025-12-09;13;0
5;2025-12-09;14;0
5;2025-12-09;15;0
5;2025-12-09;16;0
5;2025-12-09;17;0
5;2025-12-09;18;0
5;2025-12-09;19;0
5;2025-12-09;20;0
5;2025-12-09;21;0
5;2025-12-09;22;0
5;2025-12-09;23;0
5;2025-12-10;0;0
5;2025-12-10;1;0
5;2025-12-10;2;0
5;2025-12-10;3;0
5;2025-12-10;4;0
5;2025-12-10;5;0
5;2025-12-10;6;0
5;2025-12-10;7;0
5;2025-12-10;8;0
5;2025-12-10;9;0
5;2025-12-10;10;0
5;2025-12-10;11;0
5;2025-12-10;12;0
5;2025-12-10;13;0
5;2025-12-10;14;0
5;2025-12-10;15;0
5;2025-12-10;16;0
5;2025-12-10;17;0
5;2025-12-10;18;0
5;2025-12-10;19;0
5;2025-12-10;20;0
5;2025-12-10;21;0
5;2025-12-10;22;0
5;2025-12-10;23;0
5;2025-12-11;0;0
5;2025-12-11;1;0
5;2025-12-11;2;0
5;2025-12-11;3;0
5;2025-12-11;4;0
5;2025-12-11;5;0
5;2025-12-11;6;0
5;2025-12-11;7;0
5;2025-12-11;8;0
5;2025-12-11;9;0
5;2025-12-11;10;0
5;2025-12-11;11;0
5;2025-12-11;12;0
5;2025-12-11;13;0
5;2025-12-11;14;0
5;2025-12-11;15;0
5;2025-12-11;16;0
5;2025-12-11;17;0
5;2025-12-11;18;0
5;2025-12-11;19;0
5;2025-12-11;20;0
5;2025-12-11;21;0
5;2025-12-11;22;0
5;2025-12-11;23;0
5;2025-12-12;0;0
5;2025-12-12;1;0
5;2025-12-12;2;0
5;2025-12-12;3;0
5;2025-12-12;4;0
5;2025-12-12;5;0
5;2025-12-12;6;0
5;2025-12-12;7;0
5;2025-12-12;8;0
5;2025-12-12;9;0
5;2025-12-12;10;0
5;2025-12-12;11;0
5;2025-12-12;12;0
5;2025-12-12;13;0
5;2025-12-12;14;0
5;2025-12-12;15;0
5;2025-12-12;16;0
5;2025-12-12;17;0
5;2025-12-12;18;0
5;2025-12-12;19;0
5;2025-12-12;20;0
5;2025-12-12;21;0
5;2025-12-12;22;0
5;2025-12-12;23;0
5;2025-12-13;0;0
5;2025-12-13;1;0
5;2025-12-13;2;0
5;2025-12-13;3;0
5;2025-12-13;4;0
5;2025-12-13;5;0
5;2025-12-13;6;0
5;2025-12-13;7;0
5;2025-12-13;8;0
5;2025-12-13;9;0
5;2025-12-13;10;0
5;2025-12-13;11;0
5;2025-12-13;12;0
5;2025-12-13;13;0
5;2025-12-13;14;0
5;2025-12-13;15;0
5;2025-12-13;16;0
5;2025-12-13;17;0
5;2025-12-13;18;0
5;2025-12-13;19;0
5;2025-12-13;20;0
5;2025-12-13;21;0
5;2025-12-13;22;0
5;2025-12-13;23;0
5;2025-12-14;0;0
5;2025-12-14;1;0
5;2025-12-14;2;0
5;2025-12-14;3;0
5;2025-12-14;4;0
5;2025-12-14;5;0
5;2025-12-14;6;0
5;2025-12-14;7;0
5;2025-12-14;8;0
5;2025-12-14;9;0
5;2025-12-14;10;0
5;2025-12-14;11;0
5;2025-12-14;12;0
5;2025-12-14;13;0
5;2025-12-14;14;0
5;2025-12-14;15;0
5;2025-12-14;16;0
5;2025-12-14;17;0
5;2025-12-14;18;0
5;2025-12-14;19;0
5;2025-12-14;20;0
5;2025-12-14;21;0
5;2025-12-14;22;0
5;2025-12-14;23;0
5;2025-12-15;0;0
5;2025-12-15;1;0
5;2025-12-15;2;0
5;2025-12-15;3;0
5;2025-12-15;4;0
5;2025-12-15;5;0
5;2025-12-15;6;0
5;2025-12-15;7;0
5;2025-12-15;8;0
5;2025-12-15;9;0
5;2025-12-15;10;0
5;2025-12-15;11;0
5;2025-12-15;12;0
5;2025-12-15;13;0
5;2025-12-15;14;0
5;2025-12-15;15;0
5;2025-12-15;16;0
5;2025-12-15;17;0
5;2025-12-15;18;0
5;2025-12-15;19;0
5;2025-12-15;20;0
5;2025-12-15;21;0
5;2025-12-15;22;0
5;2025-12-15;23;0
5;2025-12-16;0;0
5;2025-12-16;1;0
5;2025-12-16;2;0
5;2025-12-16;3;0
5;2025-12-16;4;0
5;2025-12-16;5;0
5;2025-12-16;6;0
5;2025-12-16;7;0
5;2025-12-16;8;0
5;2025-12-16;9;0
5;2025-12-16;10;0
5;2025-12-16;11;0
5;2025-12-16;12;0
5;2025-12-16;13;0
5;2025-12-16;14;0
5;2025-12-16;15;0
5;2025-12-16;16;0
5;2025-12-16;17;0
5;2025-12-16;18;0
5;2025-12-16;19;0
5;2025-12-16;20;0
5;2025-12-16;21;0
5;2025-12-16;22;0
5;2025-12-16;23;0
5;2025-12-17;0;0
5;2025-12-17;1;0
5;2025-12-17;2;0
5;2025-12-17;3;0
5;2025-12-17;4;0
5;2025-12-17;5;0
5;2025-12-17;6;0
5;2025-12-17;7;0
5;2025-12-17;8;0
5;2025-12-17;9;0
5;2025-12-17;10;0
5;2025-12-17;11;0
5;2025-12-17;12;0
5;2025-12-17;13;0
5;2025-12-17;14;0
5;2025-12-17;15;0
5;2025-12-17;16;0
5;2025-12-17;17;0
5;2025-12-17;18;0
5;2025-12-17;19;0
5;2025-12-17;20;0
5;2025-12-17;21;0
5;2025-12-17;22;0
5;2025-12-17;23;0
5;2025-12-18;0;0
5;2025-12-18;1;0
5;2025-12-18;2;0
5;2025-12-18;3;0
5;2025-12-18;4;0
5;2025-12-18;5;0
5;2025-12-18;6;0
5;2025-12-18;7;0
5;2025-12-18;8;0
5;2025-12-18;9;0
5;2025-12-18;10;0
5;2025-12-18;11;0
5;2025-12-18;12;0
5;2025-12-18;13;0
5;2025-12-18;14;0
5;2025-12-18;15;0
5;2025-12-18;16;0
5;2025-12-18;17;0
5;2025-12-18;18;0
5;2025-12-18;19;0
5;2025-12-18;20;0
5;2025-12-18;21;0
5;2025-12-18;22;0
5;2025-12-18;23;0
5;2025-12-19;0;0
5;2025-12-19;1;0
5;2025-12-19;2;0
5;2025-12-19;3;0
5;2025-12-19;4;0
5;2025-12-19;5;0
5;2025-12-19;6;0
5;2025-12-19;7;0
5;2025-12-19;8;0
5;2025-12-19;9;0
5;2025-12-19;10;0
5;2025-12-19;11;0
5;2025-12-19;12;0
5;2025-12-19;13;0
5;2025-12-19;14;0
5;2025-12-19;15;0
5;2025-12-19;16;0
5;2025-12-19;17;0
5;2025-12-19;18;0
5;2025-12-19;19;0
5;2025-12-19;20;0
5;2025-12-19;21;0
5;2025-12-19;22;0
5;2025-12-19;23;0
5;2025-12-20;0;0
5;2025-12-20;1;0
5;2025-12-20;2;0
5;2025-12-20;3;0
5;2025-12-20;4;0
5;2025-12-20;5;0
5;2025-12-20;6;0
5;2025-12-20;7;0
5;2025-12-20;8;0
5;2025-12-20;9;0
5;2025-12-20;10;0
5;2025-12-20;11;0
5;2025-12-20;12;0
5;2025-12-20;13;0
5;2025-12-20;14;0
5;2025-12-20;15;0
5;2025-12-20;16;0
5;2025-12-20;17;0
5;2025-12-20;18;0
5;2025-12-20;19;0
5;2025-12-20;20;0
5;2025-12-20;21;0
5;2025-12-20;22;0
5;2025-12-20;23;0
5;2025-12-21;0;0
5;2025-12-21;1;0
5;2025-12-21;2;0
5;2025-12-21;3;0
5;2025-12-21;4;0
5;2025-12-21;5;0
5;2025-12-21;6;0
5;2025-12-21;7;0
5;2025-12-21;8;0
5;2025-12-21;9;0
5;2025-12-21;10;0
5;2025-12-21;11;0
5;2025-12-21;12;0
5;2025-12-21;13;0
5;2025-12-21;14;0
5;2025-12-21;15;0
5;2025-12-21;16;0
5;2025-12-21;17;0
5;2025-12-21;18;0
5;2025-12-21;19;0
5;2025-12-21;20;0
5;2025-12-21;21;0
5;2025-12-21;22;0
5;2025-12-21;23;0
5;2025-12-22;0;0
5;2025-12-22;1;0
5;2025-12-22;2;0
5;2025-12-22;3;0
5;2025-12-22;4;0
5;2025-12-22;5;0
5;2025-12-22;6;0
5;2025-12-22;7;0
5;2025-12-22;8;0
5;2025-12-22;9;0
5;2025-12-22;10;0
5;2025-12-22;11;0
5;2025-12-22;12;0
5;2025-12-22;13;0
5;2025-12-22;14;0
5;2025-12-22;15;0
5;2025-12-22;16;0
5;2025-12-22;17;0
5;2025-12-22;18;0
5;2025-12-22;19;0
5;2025-12-22;20;0
5;2025-12-22;21;0
5;2025-12-22;22;0
5;2025-12-22;23;0
5;2025-12-23;0;0
5;2025-12-23;1;0
5;2025-12-23;2;0
5;2025-12-23;3;0
5;2025-12-23;4;0
5;2025-12-23;5;0
5;2025-12-23;6;0
5;2025-12-23;7;0
5;2025-12-23;8;0
5;2025-12-23;9;0
5;2025-12-23;10;0
5;2025-12-23;11;0
5;2025-12-23;12;0
5;2025-12-23;13;0
5;2025-12-23;14;0
5;2025-12-23;15;0
5;2025-12-23;16;0
5;2025-12-23;17;0
5;2025-12-23;18;0
5;2025-12-23;19;0
5;2025-12-23;20;0
5;2025-12-23;21;0
5;2025-12-23;22;0
5;2025-12-23;23;0
5;2025-12-24;0;0
5;2025-12-24;1;0
5;2025-12-24;2;0
5;2025-12-24;3;0
5;2025-12-24;4;0
5;2025-12-24;5;0
5;2025-12-24;6;0
5;2025-12-24;7;0
5;2025-12-24;8;0
5;2025-12-24;9;0
5;2025-12-24;10;0
5;2025-12-24;11;0
5;2025-12-24;12;0
5;2025-12-24;13;0
5;2025-12-24;14;0
5;2025-12-24;15;0
5;2025-12-24;16;0
5;2025-12-24;17;0
5;2025-12-24;18;0
5;2025-12-24;19;0
5;2025-12-24;20;0
5;2025-12-24;21;0
5;2025-12-24;22;0
5;2025-12-24;23;0
5;2025-12-25;0;0
5;2025-12-25;1;0
5;2025-12-25;2;0
5;2025-12-25;3;0
5;2025-12-25;4;0
5;2025-12-25;5;0
5;2025-12-25;6;0
5;2025-12-25;7;0
5;2025-12-25;8;0
5;2025-12-25;9;0
5;2025-12-25;10;0
5;2025-12-25;11;0
5;2025-12-25;12;0
5;2025-12-25;13;0
5;2025-12-25;14;0
5;2025-12-25;15;0
5;2025-12-25;16;0
5;2025-12-25;17;0
5;2025-12-25;18;0
5;2025-12-25;19;0
5;2025-12-25;20;0
5;2025-12-25;21;0
5;2025-12-25;22;0
5;2025-12-25;23;0
5;2025-12-26;0;0
5;2025-12-26;1;0
5;2025-12-26;2;0
5;2025-12-26;3;0
5;2025-12-26;4;0
5;2025-12-26;5;0
5;2025-12-26;6;0
5;2025-12-26;7;0
5;2025-12-26;8;0
5;2025-12-26;9;0
5;2025-12-26;10;0
5;2025-12-26;11;0
5;2025-12-26;12;0
5;2025-12-26;13;0
5;2025-12-26;14;0
5;2025-12-26;15;0
5;2025-12-26;16;0
5;2025-12-26;17;0
5;2025-12-26;18;0
5;2025-12-26;19;0
5;2025-12-26;20;0
5;2025-12-26;21;0
5;2025-12-26;22;0
5;2025-12-26;23;0
5;2025-12-27;0;0
5;2025-12-27;1;0
5;2025-12-27;2;0
5;2025-12-27;3;0
5;2025-12-27;4;0
5;2025-12-27;5;0
5;2025-12-27;6;0
5;2025-12-27;7;0
5;2025-12-27;8;0
5;2025-12-27;9;0
5;2025-12-27;10;0
5;2025-12-27;11;0
5;2025-12-27;12;0
5;2025-12-27;13;0
5;2025-12-27;14;0
5;2025-12-27;15;0
5;2025-12-27;16;0
5;2025-12-27;17;0
5;2025-12-27;18;0
5;2025-12-27;19;0
5;2025-12-27;20;0
5;2025-12-27;21;0
5;2025-12-27;22;0
5;2025-12-27;23;0
5;2025-12-28;0;0
5;2025-12-28;1;0
5;2025-12-28;2;0
5;2025-12-28;3;0
5;2025-12-28;4;0
5;2025-12-28;5;0
5;2025-12-28;6;0
5;2025-12-28;7;0
5;2025-12-28;8;0
5;2025-12-28;9;0
5;2025-12-28;10;0
5;2025-12-28;11;0
5;2025-12-28;12;0
5;2025-12-28;13;0
5;2025-12-28;14;0
5;2025-12-28;15;0
5;2025-12-28;16;0
5;2025-12-28;17;0
5;2025-12-28;18;0
5;2025-12-28;19;0
5;2025-12-28;20;0
5;2025-12-28;21;0
5;2025-12-28;22;0
5;2025-12-28;23;0
5;2025-12-29;0;0
5;2025-12-29;1;0
5;2025-12-29;2;0
5;2025-12-29;3;0
5;2025-12-29;4;0
5;2025-12-29;5;0
5;2025-12-29;6;0
5;2025-12-29;7;0
5;2025-12-29;8;0
5;2025-12-29;9;0
5;2025-12-29;10;0
5;2025-12-29;11;0
5;2025-12-29;12;0
5;2025-12-29;13;0
5;2025-12-29;14;0
5;2025-12-29;15;0
5;2025-12-29;16;0
5;2025-12-29;17;0
5;2025-12-29;18;0
5;2025-12-29;19;0
5;2025-12-29;20;0
5;2025-12-29;21;0
5;2025-12-29;22;0
5;2025-12-29;23;0
5;2025-12-30;0;0
5;2025-12-30;1;0
5;2025-12-30;2;0
5;2025-12-30;3;0
5;2025-12-30;4;0
5;2025-12-30;5;0
5;2025-12-30;6;0
5;2025-12-30;7;0
5;2025-12-30;8;0
5;2025-12-30;9;0
5;2025-12-30;10;0
5;2025-12-30;11;0
5;2025-12-30;12;0
5;2025-12-30;13;0
5;2025-12-30;14;0
5;2025-12-30;15;0
5;2025-12-30;16;0
5;2025-12-30;17;0
5;2025-12-30;18;0
5;2025-12-30;19;0
5;2025-12-30;20;0
5;2025-12-30;21;0
5;2025-12-30;22;0
5;2025-12-30;23;0
5;2025-12-31;0;0
5;2025-12-31;1;0
5;2025-12-31;2;0
5;2025-12-31;3;0
5;2025-12-31;4;0
5;2025-12-31;5;0
5;2025-12-31;6;0
5;2025-12-31;7;0
5;2025-12-31;8;0
5;2025-12-31;9;0
5;2025-12-31;10;0
5;2025-12-31;11;0
5;2025-12-31;12;0
5;2025-12-31;13;0
5;2025-12-31;14;0
5;2025-12-31;15;0
5;2025-12-31;16;0
5;2025-12-31;17;0
5;2025-12-31;18;0
5;2025-12-31;19;0
5;2025-12-31;20;0
5;2025-12-31;21;0
5;2025-12-31;22;0
5;2025-12-31;23;0
7;2025-11-01;0;68
7;2025-11-01;1;7
7;2025-11-01;2;0
7;2025-11-01;3;0
7;2025-11-01;4;1
7;2025-11-01;5;133
7;2025-11-01;6;563
7;2025-11-01;7;1547
7;2025-11-01;8;2260
7;2025-11-01;9;1769
7;2025-11-01;10;1581
7;2025-11-01;11;1555
7;2025-11-01;12;1607
7;2025-11-01;13;1663
7;2025-11-01;14;1678
7;2025-11-01;15;1745
7;2025-11-01;16;1849
7;2025-11-01;17;2204
7;2025-11-01;18;2073
7;2025-11-01;19;1517
7;2025-11-01;20;982
7;2025-11-01;21;533
7;2025-11-01;22;248
7;2025-11-01;23;176
7;2025-11-02;0;23
7;2025-11-02;1;6
7;2025-11-02;2;0
7;2025-11-02;3;0
7;2025-11-02;4;0
7;2025-11-02;5;0
7;2025-11-02;6;101
7;2025-11-02;7;170
7;2025-11-02;8;375
7;2025-11-02;9;414
7;2025-11-02;10;421
7;2025-11-02;11;601
7;2025-11-02;12;674
7;2025-11-02;13;654
7;2025-11-02;14;714
7;2025-11-02;15;675
7;2025-11-02;16;629
7;2025-11-02;17;669
7;2025-11-02;18;607
7;2025-11-02;19;484
7;2025-11-02;20;418
7;2025-11-02;21;312
7;2025-11-02;22;110
7;2025-11-02;23;72
7;2025-11-03;0;43
7;2025-11-03;1;4
7;2025-11-03;2;0
7;2025-11-03;3;0
7;2025-11-03;4;0
7;2025-11-03;5;54
7;2025-11-03;6;246
7;2025-11-03;7;323
7;2025-11-03;8;649
7;2025-11-03;9;614
7;2025-11-03;10;624
7;2025-11-03;11;719
7;2025-11-03;12;813
7;2025-11-03;13;808
7;2025-11-03;14;826
7;2025-11-03;15;831
7;2025-11-03;16;835
7;2025-11-03;17;878
7;2025-11-03;18;945
7;2025-11-03;19;711
7;2025-11-03;20;493
7;2025-11-03;21;432
7;2025-11-03;22;219
7;2025-11-03;23;148
7;2025-11-04;0;74
7;2025-11-04;1;12
7;2025-11-04;2;0
7;2025-11-04;3;0
7;2025-11-04;4;1
7;2025-11-04;5;100
7;2025-11-04;6;312
7;2025-11-04;7;399
7;2025-11-04;8;693
7;2025-11-04;9;640
7;2025-11-04;10;652
7;2025-11-04;11;748
7;2025-11-04;12;785
7;2025-11-04;13;845
7;2025-11-04;14;874
7;2025-11-04;15;908
7;2025-11-04;16;861
7;2025-11-04;17;899
7;2025-11-04;18;937
7;2025-11-04;19;747
7;2025-11-04;20;552
7;2025-11-04;21;490
7;2025-11-04;22;251
7;2025-11-04;23;191
7;2025-11-05;0;65
7;2025-11-05;1;7
7;2025-11-05;2;0
7;2025-11-05;3;0
7;2025-11-05;4;5
7;2025-11-05;5;188
7;2025-11-05;6;574
7;2025-11-05;7;1521
7;2025-11-05;8;2461
7;2025-11-05;9;1807
7;2025-11-05;10;1611
7;2025-11-05;11;1516
7;2025-11-05;12;1613
7;2025-11-05;13;1617
7;2025-11-05;14;1639
7;2025-11-05;15;1766
7;2025-11-05;16;1845
7;2025-11-05;17;2341
7;2025-11-05;18;2497
7;2025-11-05;19;1697
7;2025-11-05;20;1062
7;2025-11-05;21;607
7;2025-11-05;22;275
7;2025-11-05;23;192
7;2025-11-06;0;51
7;2025-11-06;1;4
7;2025-11-06;2;0
7;2025-11-06;3;0
7;2025-11-06;4;3
7;2025-11-06;5;184
7;2025-11-06;6;612
7;2025-11-06;7;1564
7;2025-11-06;8;2460
7;2025-11-06;9;1806
7;2025-11-06;10;1591
7;2025-11-06;11;1494
7;2025-11-06;12;1608
7;2025-11-06;13;1605
7;2025-11-06;14;1640
7;2025-11-06;15;1716
7;2025-11-06;16;1829
7;2025-11-06;17;2322
7;2025-11-06;18;2502
7;2025-11-06;19;1697
7;2025-11-06;20;999
7;2025-11-06;21;609
7;2025-11-06;22;281
7;2025-11-06;23;200
7;2025-11-07;0;74
7;2025-11-07;1;8
7;2025-11-07;2;0
7;2025-11-07;3;0
7;2025-11-07;4;0
7;2025-11-07;5;165
7;2025-11-07;6;583
7;2025-11-07;7;1508
7;2025-11-07;8;2304
7;2025-11-07;9;1754
7;2025-11-07;10;1558
7;2025-11-07;11;1489
7;2025-11-07;12;1613
7;2025-11-07;13;1646
7;2025-11-07;14;1669
7;2025-11-07;15;1782
7;2025-11-07;16;1915
7;2025-11-07;17;2298
7;2025-11-07;18;2156
7;2025-11-07;19;1565
7;2025-11-07;20;1010
7;2025-11-07;21;585
7;2025-11-07;22;291
7;2025-11-07;23;224
7;2025-11-08;0;73
7;2025-11-08;1;18
7;2025-11-08;2;0
7;2025-11-08;3;0
7;2025-11-08;4;2
7;2025-11-08;5;53
7;2025-11-08;6;224
7;2025-11-08;7;362
7;2025-11-08;8;607
7;2025-11-08;9;617
7;2025-11-08;10;655
7;2025-11-08;11;784
7;2025-11-08;12;866
7;2025-11-08;13;849
7;2025-11-08;14;888
7;2025-11-08;15;836
7;2025-11-08;16;808
7;2025-11-08;17;801
7;2025-11-08;18;754
7;2025-11-08;19;686
7;2025-11-08;20;514
7;2025-11-08;21;400
7;2025-11-08;22;179
7;2025-11-08;23;150
7;2025-11-09;0;66
7;2025-11-09;1;12
7;2025-11-09;2;0
7;2025-11-09;3;0
7;2025-11-09;4;0
7;2025-11-09;5;14
7;2025-11-09;6;133
7;2025-11-09;7;200
7;2025-11-09;8;379
7;2025-11-09;9;441
7;2025-11-09;10;469
7;2025-11-09;11;607
7;2025-11-09;12;668
7;2025-11-09;13;668
7;2025-11-09;14;710
7;2025-11-09;15;665
7;2025-11-09;16;620
7;2025-11-09;17;624
7;2025-11-09;18;593
7;2025-11-09;19;469
7;2025-11-09;20;393
7;2025-11-09;21;316
7;2025-11-09;22;108
7;2025-11-09;23;71
7;2025-11-10;0;34
7;2025-11-10;1;7
7;2025-11-10;2;0
7;2025-11-10;3;0
7;2025-11-10;4;0
7;2025-11-10;5;135
7;2025-11-10;6;546
7;2025-11-10;7;1509
7;2025-11-10;8;2398
7;2025-11-10;9;1764
7;2025-11-10;10;1542
7;2025-11-10;11;1432
7;2025-11-10;12;1552
7;2025-11-10;13;1566
7;2025-11-10;14;1592
7;2025-11-10;15;1696
7;2025-11-10;16;1804
7;2025-11-10;17;2291
7;2025-11-10;18;2408
7;2025-11-10;19;1655
7;2025-11-10;20;984
7;2025-11-10;21;518
7;2025-11-10;22;213
7;2025-11-10;23;122
7;2025-11-11;0;34
7;2025-11-11;1;5
7;2025-11-11;2;0
7;2025-11-11;3;0
7;2025-11-11;4;0
7;2025-11-11;5;148
7;2025-11-11;6;585
7;2025-11-11;7;1552
7;2025-11-11;8;2467
7;2025-11-11;9;1804
7;2025-11-11;10;1606
7;2025-11-11;11;1497
7;2025-11-11;12;1592
7;2025-11-11;13;1627
7;2025-11-11;14;1635
7;2025-11-11;15;1723
7;2025-11-11;16;1823
7;2025-11-11;17;2327
7;2025-11-11;18;2466
7;2025-11-11;19;1712
7;2025-11-11;20;1029
7;2025-11-11;21;567
7;2025-11-11;22;240
7;2025-11-11;23;160
7;2025-11-12;0;35
7;2025-11-12;1;3
7;2025-11-12;2;0
7;2025-11-12;3;0
7;2025-11-12;4;0
7;2025-11-12;5;147
7;2025-11-12;6;580
7;2025-11-12;7;1535
7;2025-11-12;8;2481
7;2025-11-12;9;1808
7;2025-11-12;10;1623
7;2025-11-12;11;1501
7;2025-11-12;12;1639
7;2025-11-12;13;1604
7;2025-11-12;14;1652
7;2025-11-12;15;1727
7;2025-11-12;16;1833
7;2025-11-12;17;2343
7;2025-11-12;18;2455
7;2025-11-12;19;1694
7;2025-11-12;20;1020
7;2025-11-12;21;564
7;2025-11-12;22;236
7;2025-11-12;23;157
7;2025-11-13;0;34
7;2025-11-13;1;7
7;2025-11-13;2;0
7;2025-11-13;3;0
7;2025-11-13;4;0
7;2025-11-13;5;145
7;2025-11-13;6;580
7;2025-11-13;7;1542
7;2025-11-13;8;2466
7;2025-11-13;9;1794
7;2025-11-13;10;1575
7;2025-11-13;11;1502
7;2025-11-13;12;1623
7;2025-11-13;13;1619
7;2025-11-13;14;1654
7;2025-11-13;15;1732
7;2025-11-13;16;1840
7;2025-11-13;17;2336
7;2025-11-13;18;2497
7;2025-11-13;19;1707
7;2025-11-13;20;1043
7;2025-11-13;21;595
7;2025-11-13;22;240
7;2025-11-13;23;157
7;2025-11-14;0;29
7;2025-11-14;1;4
7;2025-11-14;2;0
7;2025-11-14;3;0
7;2025-11-14;4;0
7;2025-11-14;5;135
7;2025-11-14;6;549
7;2025-11-14;7;1483
7;2025-11-14;8;2302
7;2025-11-14;9;1772
7;2025-11-14;10;1568
7;2025-11-14;11;1500
7;2025-11-14;12;1627
7;2025-11-14;13;1653
7;2025-11-14;14;1678
7;2025-11-14;15;1777
7;2025-11-14;16;1916
7;2025-11-14;17;2306
7;2025-11-14;18;2155
7;2025-11-14;19;1565
7;2025-11-14;20;990
7;2025-11-14;21;562
7;2025-11-14;22;272
7;2025-11-14;23;202
7;2025-11-15;0;30
7;2025-11-15;1;10
7;2025-11-15;2;0
7;2025-11-15;3;0
7;2025-11-15;4;7
7;2025-11-15;5;9
7;2025-11-15;6;204
7;2025-11-15;7;334
7;2025-11-15;8;593
7;2025-11-15;9;588
7;2025-11-15;10;630
7;2025-11-15;11;736
7;2025-11-15;12;838
7;2025-11-15;13;779
7;2025-11-15;14;875
7;2025-11-15;15;823
7;2025-11-15;16;794
7;2025-11-15;17;786
7;2025-11-15;18;726
7;2025-11-15;19;679
7;2025-11-15;20;475
7;2025-11-15;21;366
7;2025-11-15;22;148
7;2025-11-15;23;108
7;2025-11-16;0;36
7;2025-11-16;1;10
7;2025-11-16;2;0
7;2025-11-16;3;0
7;2025-11-16;4;0
7;2025-11-16;5;0
7;2025-11-16;6;113
7;2025-11-16;7;169
7;2025-11-16;8;383
7;2025-11-16;9;434
7;2025-11-16;10;457
7;2025-11-16;11;593
7;2025-11-16;12;665
7;2025-11-16;13;661
7;2025-11-16;14;717
7;2025-11-16;15;649
7;2025-11-16;16;617
7;2025-11-16;17;660
7;2025-11-16;18;583
7;2025-11-16;19;460
7;2025-11-16;20;390
7;2025-11-16;21;318
7;2025-11-16;22;109
7;2025-11-16;23;68
7;2025-11-17;0;37
7;2025-11-17;1;7
7;2025-11-17;2;0
7;2025-11-17;3;0
7;2025-11-17;4;0
7;2025-11-17;5;133
7;2025-11-17;6;557
7;2025-11-17;7;1522
7;2025-11-17;8;2400
7;2025-11-17;9;1764
7;2025-11-17;10;1547
7;2025-11-17;11;1426
7;2025-11-17;12;1551
7;2025-11-17;13;1469
7;2025-11-17;14;1568
7;2025-11-17;15;1674
7;2025-11-17;16;1781
7;2025-11-17;17;2285
7;2025-11-17;18;2402
7;2025-11-17;19;1649
7;2025-11-17;20;979
7;2025-11-17;21;507
7;2025-11-17;22;210
7;2025-11-17;23;119
7;2025-11-18;0;30
7;2025-11-18;1;1
7;2025-11-18;2;0
7;2025-11-18;3;0
7;2025-11-18;4;0
7;2025-11-18;5;155
7;2025-11-18;6;598
7;2025-11-18;7;1581
7;2025-11-18;8;2442
7;2025-11-18;9;1790
7;2025-11-18;10;1540
7;2025-11-18;11;1507
7;2025-11-18;12;1620
7;2025-11-18;13;1616
7;2025-11-18;14;1611
7;2025-11-18;15;1727
7;2025-11-18;16;1831
7;2025-11-18;17;2327
7;2025-11-18;18;2445
7;2025-11-18;19;1709
7;2025-11-18;20;1012
7;2025-11-18;21;565
7;2025-11-18;22;235
7;2025-11-18;23;160
7;2025-11-19;0;26
7;2025-11-19;1;3
7;2025-11-19;2;0
7;2025-11-19;3;0
7;2025-11-19;4;0
7;2025-11-19;5;147
7;2025-11-19;6;582
7;2025-11-19;7;1535
7;2025-11-19;8;2484
7;2025-11-19;9;1807
7;2025-11-19;10;1611
7;2025-11-19;11;1490
7;2025-11-19;12;1613
7;2025-11-19;13;1604
7;2025-11-19;14;1639
7;2025-11-19;15;1732
7;2025-11-19;16;1833
7;2025-11-19;17;2343
7;2025-11-19;18;2454
7;2025-11-19;19;1686
7;2025-11-19;20;1019
7;2025-11-19;21;566
7;2025-11-19;22;231
7;2025-11-19;23;152
7;2025-11-20;0;31
7;2025-11-20;1;7
7;2025-11-20;2;0
7;2025-11-20;3;0
7;2025-11-20;4;0
7;2025-11-20;5;146
7;2025-11-20;6;582
7;2025-11-20;7;1540
7;2025-11-20;8;2475
7;2025-11-20;9;1800
7;2025-11-20;10;1592
7;2025-11-20;11;1483
7;2025-11-20;12;1621
7;2025-11-20;13;1605
7;2025-11-20;14;1649
7;2025-11-20;15;1727
7;2025-11-20;16;1838
7;2025-11-20;17;2326
7;2025-11-20;18;2479
7;2025-11-20;19;1704
7;2025-11-20;20;1020
7;2025-11-20;21;568
7;2025-11-20;22;238
7;2025-11-20;23;160
7;2025-11-21;0;46
7;2025-11-21;1;7
7;2025-11-21;2;0
7;2025-11-21;3;0
7;2025-11-21;4;0
7;2025-11-21;5;145
7;2025-11-21;6;545
7;2025-11-21;7;1489
7;2025-11-21;8;2330
7;2025-11-21;9;1761
7;2025-11-21;10;1560
7;2025-11-21;11;1472
7;2025-11-21;12;1608
7;2025-11-21;13;1636
7;2025-11-21;14;1675
7;2025-11-21;15;1771
7;2025-11-21;16;1915
7;2025-11-21;17;2298
7;2025-11-21;18;2142
7;2025-11-21;19;1561
7;2025-11-21;20;965
7;2025-11-21;21;539
7;2025-11-21;22;242
7;2025-11-21;23;176
7;2025-11-22;0;43
7;2025-11-22;1;10
7;2025-11-22;2;0
7;2025-11-22;3;0
7;2025-11-22;4;9
7;2025-11-22;5;9
7;2025-11-22;6;182
7;2025-11-22;7;329
7;2025-11-22;8;598
7;2025-11-22;9;612
7;2025-11-22;10;658
7;2025-11-22;11;777
7;2025-11-22;12;863
7;2025-11-22;13;834
7;2025-11-22;14;890
7;2025-11-22;15;815
7;2025-11-22;16;801
7;2025-11-22;17;795
7;2025-11-22;18;738
7;2025-11-22;19;688
7;2025-11-22;20;487
7;2025-11-22;21;378
7;2025-11-22;22;138
7;2025-11-22;23;109
7;2025-11-23;0;22
7;2025-11-23;1;10
7;2025-11-23;2;0
7;2025-11-23;3;0
7;2025-11-23;4;0
7;2025-11-23;5;0
7;2025-11-23;6;109
7;2025-11-23;7;174
7;2025-11-23;8;381
7;2025-11-23;9;420
7;2025-11-23;10;454
7;2025-11-23;11;593
7;2025-11-23;12;674
7;2025-11-23;13;664
7;2025-11-23;14;715
7;2025-11-23;15;673
7;2025-11-23;16;624
7;2025-11-23;17;653
7;2025-11-23;18;589
7;2025-11-23;19;463
7;2025-11-23;20;392
7;2025-11-23;21;315
7;2025-11-23;22;105
7;2025-11-23;23;69
7;2025-11-24;0;33
7;2025-11-24;1;7
7;2025-11-24;2;0
7;2025-11-24;3;0
7;2025-11-24;4;0
7;2025-11-24;5;106
7;2025-11-24;6;544
7;2025-11-24;7;1514
7;2025-11-24;8;2390
7;2025-11-24;9;1775
7;2025-11-24;10;1546
7;2025-11-24;11;1351
7;2025-11-24;12;1562
7;2025-11-24;13;1549
7;2025-11-24;14;1568
7;2025-11-24;15;1690
7;2025-11-24;16;1792
7;2025-11-24;17;2290
7;2025-11-24;18;2406
7;2025-11-24;19;1656
7;2025-11-24;20;988
7;2025-11-24;21;533
7;2025-11-24;22;207
7;2025-11-24;23;121
7;2025-11-25;0;31
7;2025-11-25;1;5
7;2025-11-25;2;0
7;2025-11-25;3;0
7;2025-11-25;4;0
7;2025-11-25;5;146
7;2025-11-25;6;588
7;2025-11-25;7;1551
7;2025-11-25;8;2465
7;2025-11-25;9;1802
7;2025-11-25;10;1606
7;2025-11-25;11;1496
7;2025-11-25;12;1620
7;2025-11-25;13;1616
7;2025-11-25;14;1635
7;2025-11-25;15;1736
7;2025-11-25;16;1834
7;2025-11-25;17;2326
7;2025-11-25;18;2464
7;2025-11-25;19;1714
7;2025-11-25;20;1030
7;2025-11-25;21;569
7;2025-11-25;22;242
7;2025-11-25;23;159
7;2025-11-26;0;24
7;2025-11-26;1;0
7;2025-11-26;2;0
7;2025-11-26;3;0
7;2025-11-26;4;2
7;2025-11-26;5;134
7;2025-11-26;6;571
7;2025-11-26;7;1534
7;2025-11-26;8;2474
7;2025-11-26;9;1801
7;2025-11-26;10;1586
7;2025-11-26;11;1454
7;2025-11-26;12;1581
7;2025-11-26;13;1603
7;2025-11-26;14;1644
7;2025-11-26;15;1719
7;2025-11-26;16;1804
7;2025-11-26;17;2307
7;2025-11-26;18;2445
7;2025-11-26;19;1692
7;2025-11-26;20;1012
7;2025-11-26;21;564
7;2025-11-26;22;235
7;2025-11-26;23;152
7;2025-11-27;0;27
7;2025-11-27;1;6
7;2025-11-27;2;0
7;2025-11-27;3;0
7;2025-11-27;4;0
7;2025-11-27;5;145
7;2025-11-27;6;578
7;2025-11-27;7;1539
7;2025-11-27;8;2469
7;2025-11-27;9;1791
7;2025-11-27;10;1584
7;2025-11-27;11;1486
7;2025-11-27;12;1613
7;2025-11-27;13;1593
7;2025-11-27;14;1635
7;2025-11-27;15;1718
7;2025-11-27;16;1827
7;2025-11-27;17;2327
7;2025-11-27;18;2458
7;2025-11-27;19;1685
7;2025-11-27;20;998
7;2025-11-27;21;587
7;2025-11-27;22;258
7;2025-11-27;23;182
7;2025-11-28;0;58
7;2025-11-28;1;6
7;2025-11-28;2;0
7;2025-11-28;3;0
7;2025-11-28;4;0
7;2025-11-28;5;160
7;2025-11-28;6;551
7;2025-11-28;7;1487
7;2025-11-28;8;2327
7;2025-11-28;9;1762
7;2025-11-28;10;1564
7;2025-11-28;11;1478
7;2025-11-28;12;1625
7;2025-11-28;13;1641
7;2025-11-28;14;1680
7;2025-11-28;15;1777
7;2025-11-28;16;1919
7;2025-11-28;17;2301
7;2025-11-28;18;2143
7;2025-11-28;19;1565
7;2025-11-28;20;962
7;2025-11-28;21;538
7;2025-11-28;22;244
7;2025-11-28;23;179
7;2025-11-29;0;46
7;2025-11-29;1;12
7;2025-11-29;2;0
7;2025-11-29;3;0
7;2025-11-29;4;0
7;2025-11-29;5;16
7;2025-11-29;6;206
7;2025-11-29;7;339
7;2025-11-29;8;604
7;2025-11-29;9;606
7;2025-11-29;10;655
7;2025-11-29;11;778
7;2025-11-29;12;870
7;2025-11-29;13;843
7;2025-11-29;14;897
7;2025-11-29;15;819
7;2025-11-29;16;808
7;2025-11-29;17;796
7;2025-11-29;18;737
7;2025-11-29;19;681
7;2025-11-29;20;482
7;2025-11-29;21;369
7;2025-11-29;22;143
7;2025-11-29;23;115
7;2025-11-30;0;36
7;2025-11-30;1;12
7;2025-11-30;2;0
7;2025-11-30;3;0
7;2025-11-30;4;0
7;2025-11-30;5;0
7;2025-11-30;6;111
7;2025-11-30;7;175
7;2025-11-30;8;387
7;2025-11-30;9;426
7;2025-11-30;10;445
7;2025-11-30;11;579
7;2025-11-30;12;658
7;2025-11-30;13;651
7;2025-11-30;14;698
7;2025-11-30;15;654
7;2025-11-30;16;616
7;2025-11-30;17;652
7;2025-11-30;18;593
7;2025-11-30;19;466
7;2025-11-30;20;393
7;2025-11-30;21;315
7;2025-11-30;22;109
7;2025-11-30;23;71
7;2025-12-01;0;35
7;2025-12-01;1;6
7;2025-12-01;2;0
7;2025-12-01;3;0
7;2025-12-01;4;2
7;2025-12-01;5;136
7;2025-12-01;6;549
7;2025-12-01;7;1509
7;2025-12-01;8;2400
7;2025-12-01;9;1764
7;2025-12-01;10;1544
7;2025-12-01;11;1425
7;2025-12-01;12;1548
7;2025-12-01;13;1561
7;2025-12-01;14;1587
7;2025-12-01;15;1697
7;2025-12-01;16;1801
7;2025-12-01;17;2288
7;2025-12-01;18;2406
7;2025-12-01;19;1653
7;2025-12-01;20;986
7;2025-12-01;21;519
7;2025-12-01;22;209
7;2025-12-01;23;121
7;2025-12-02;0;33
7;2025-12-02;1;6
7;2025-12-02;2;0
7;2025-12-02;3;0
7;2025-12-02;4;0
7;2025-12-02;5;149
7;2025-12-02;6;591
7;2025-12-02;7;1554
7;2025-12-02;8;2469
7;2025-12-02;9;1804
7;2025-12-02;10;1607
7;2025-12-02;11;1496
7;2025-12-02;12;1623
7;2025-12-02;13;1614
7;2025-12-02;14;1635
7;2025-12-02;15;1736
7;2025-12-02;16;1833
7;2025-12-02;17;2327
7;2025-12-02;18;2466
7;2025-12-02;19;1712
7;2025-12-02;20;1033
7;2025-12-02;21;574
7;2025-12-02;22;242
7;2025-12-02;23;160
7;2025-12-03;0;35
7;2025-12-03;1;6
7;2025-12-03;2;0
7;2025-12-03;3;0
7;2025-12-03;4;0
7;2025-12-03;5;147
7;2025-12-03;6;582
7;2025-12-03;7;1535
7;2025-12-03;8;2484
7;2025-12-03;9;1809
7;2025-12-03;10;1616
7;2025-12-03;11;1492
7;2025-12-03;12;1616
7;2025-12-03;13;1604
7;2025-12-03;14;1638
7;2025-12-03;15;1735
7;2025-12-03;16;1834
7;2025-12-03;17;2343
7;2025-12-03;18;2457
7;2025-12-03;19;1696
7;2025-12-03;20;1028
7;2025-12-03;21;572
7;2025-12-03;22;235
7;2025-12-03;23;155
7;2025-12-04;0;34
7;2025-12-04;1;8
7;2025-12-04;2;0
7;2025-12-04;3;0
7;2025-12-04;4;0
7;2025-12-04;5;146
7;2025-12-04;6;585
7;2025-12-04;7;1543
7;2025-12-04;8;2478
7;2025-12-04;9;1802
7;2025-12-04;10;1594
7;2025-12-04;11;1480
7;2025-12-04;12;1617
7;2025-12-04;13;1607
7;2025-12-04;14;1649
7;2025-12-04;15;1728
7;2025-12-04;16;1840
7;2025-12-04;17;2327
7;2025-12-04;18;2477
7;2025-12-04;19;1703
7;2025-12-04;20;1018
7;2025-12-04;21;568
7;2025-12-04;22;240
7;2025-12-04;23;161
7;2025-12-05;0;44
7;2025-12-05;1;7
7;2025-12-05;2;0
7;2025-12-05;3;0
7;2025-12-05;4;0
7;2025-12-05;5;137
7;2025-12-05;6;558
7;2025-12-05;7;1489
7;2025-12-05;8;2332
7;2025-12-05;9;1760
7;2025-12-05;10;1560
7;2025-12-05;11;1472
7;2025-12-05;12;1622
7;2025-12-05;13;1639
7;2025-12-05;14;1679
7;2025-12-05;15;1774
7;2025-12-05;16;1919
7;2025-12-05;17;2301
7;2025-12-05;18;2143
7;2025-12-05;19;1565
7;2025-12-05;20;960
7;2025-12-05;21;539
7;2025-12-05;22;242
7;2025-12-05;23;178
7;2025-12-06;0;43
7;2025-12-06;1;12
7;2025-12-06;2;0
7;2025-12-06;3;0
7;2025-12-06;4;0
7;2025-12-06;5;15
7;2025-12-06;6;199
7;2025-12-06;7;337
7;2025-12-06;8;602
7;2025-12-06;9;606
7;2025-12-06;10;651
7;2025-12-06;11;773
7;2025-12-06;12;868
7;2025-12-06;13;841
7;2025-12-06;14;894
7;2025-12-06;15;821
7;2025-12-06;16;802
7;2025-12-06;17;792
7;2025-12-06;18;737
7;2025-12-06;19;675
7;2025-12-06;20;478
7;2025-12-06;21;366
7;2025-12-06;22;143
7;2025-12-06;23;114
7;2025-12-07;0;38
7;2025-12-07;1;9
7;2025-12-07;2;0
7;2025-12-07;3;0
7;2025-12-07;4;0
7;2025-12-07;5;0
7;2025-12-07;6;111
7;2025-12-07;7;175
7;2025-12-07;8;385
7;2025-12-07;9;422
7;2025-12-07;10;451
7;2025-12-07;11;586
7;2025-12-07;12;660
7;2025-12-07;13;656
7;2025-12-07;14;701
7;2025-12-07;15;657
7;2025-12-07;16;621
7;2025-12-07;17;658
7;2025-12-07;18;594
7;2025-12-07;19;468
7;2025-12-07;20;396
7;2025-12-07;21;319
7;2025-12-07;22;108
7;2025-12-07;23;71
7;2025-12-08;0;36
7;2025-12-08;1;8
7;2025-12-08;2;0
7;2025-12-08;3;0
7;2025-12-08;4;0
7;2025-12-08;5;135
7;2025-12-08;6;549
7;2025-12-08;7;1509
7;2025-12-08;8;2400
7;2025-12-08;9;1765
7;2025-12-08;10;1544
7;2025-12-08;11;1425
7;2025-12-08;12;1548
7;2025-12-08;13;1561
7;2025-12-08;14;1591
7;2025-12-08;15;1697
7;2025-12-08;16;1801
7;2025-12-08;17;2288
7;2025-12-08;18;2406
7;2025-12-08;19;1653
7;2025-12-08;20;986
7;2025-12-08;21;519
7;2025-12-08;22;209
7;2025-12-08;23;121
7;2025-12-09;0;33
7;2025-12-09;1;6
7;2025-12-09;2;0
7;2025-12-09;3;0
7;2025-12-09;4;0
7;2025-12-09;5;148
7;2025-12-09;6;590
7;2025-12-09;7;1553
7;2025-12-09;8;2468
7;2025-12-09;9;1804
7;2025-12-09;10;1607
7;2025-12-09;11;1496
7;2025-12-09;12;1623
7;2025-12-09;13;1615
7;2025-12-09;14;1637
7;2025-12-09;15;1733
7;2025-12-09;16;1833
7;2025-12-09;17;2327
7;2025-12-09;18;2466
7;2025-12-09;19;1712
7;2025-12-09;20;1033
7;2025-12-09;21;571
7;2025-12-09;22;236
7;2025-12-09;23;149
7;2025-12-10;0;26
7;2025-12-10;1;3
7;2025-12-10;2;0
7;2025-12-10;3;0
7;2025-12-10;4;0
7;2025-12-10;5;149
7;2025-12-10;6;569
7;2025-12-10;7;1544
7;2025-12-10;8;2486
7;2025-12-10;9;1796
7;2025-12-10;10;1593
7;2025-12-10;11;1450
7;2025-12-10;12;1613
7;2025-12-10;13;1604
7;2025-12-10;14;1639
7;2025-12-10;15;1731
7;2025-12-10;16;1833
7;2025-12-10;17;2343
7;2025-12-10;18;2454
7;2025-12-10;19;1686
7;2025-12-10;20;1019
7;2025-12-10;21;566
7;2025-12-10;22;230
7;2025-12-10;23;152
7;2025-12-11;0;31
7;2025-12-11;1;7
7;2025-12-11;2;0
7;2025-12-11;3;0
7;2025-12-11;4;0
7;2025-12-11;5;143
7;2025-12-11;6;583
7;2025-12-11;7;1535
7;2025-12-11;8;2454
7;2025-12-11;9;1785
7;2025-12-11;10;1591
7;2025-12-11;11;1480
7;2025-12-11;12;1613
7;2025-12-11;13;1599
7;2025-12-11;14;1646
7;2025-12-11;15;1717
7;2025-12-11;16;1838
7;2025-12-11;17;2328
7;2025-12-11;18;2458
7;2025-12-11;19;1691
7;2025-12-11;20;1008
7;2025-12-11;21;560
7;2025-12-11;22;241
7;2025-12-11;23;161
7;2025-12-12;0;45
7;2025-12-12;1;8
7;2025-12-12;2;0
7;2025-12-12;3;0
7;2025-12-12;4;0
7;2025-12-12;5;130
7;2025-12-12;6;546
7;2025-12-12;7;1480
7;2025-12-12;8;2306
7;2025-12-12;9;1757
7;2025-12-12;10;1558
7;2025-12-12;11;1472
7;2025-12-12;12;1618
7;2025-12-12;13;1614
7;2025-12-12;14;1647
7;2025-12-12;15;1737
7;2025-12-12;16;1872
7;2025-12-12;17;2270
7;2025-12-12;18;2138
7;2025-12-12;19;1566
7;2025-12-12;20;961
7;2025-12-12;21;546
7;2025-12-12;22;239
7;2025-12-12;23;175
7;2025-12-13;0;45
7;2025-12-13;1;10
7;2025-12-13;2;0
7;2025-12-13;3;0
7;2025-12-13;4;0
7;2025-12-13;5;19
7;2025-12-13;6;213
7;2025-12-13;7;340
7;2025-12-13;8;619
7;2025-12-13;9;606
7;2025-12-13;10;653
7;2025-12-13;11;778
7;2025-12-13;12;874
7;2025-12-13;13;842
7;2025-12-13;14;912
7;2025-12-13;15;817
7;2025-12-13;16;812
7;2025-12-13;17;806
7;2025-12-13;18;736
7;2025-12-13;19;687
7;2025-12-13;20;459
7;2025-12-13;21;382
7;2025-12-13;22;139
7;2025-12-13;23;114
7;2025-12-14;0;29
7;2025-12-14;1;15
7;2025-12-14;2;0
7;2025-12-14;3;0
7;2025-12-14;4;0
7;2025-12-14;5;0
7;2025-12-14;6;112
7;2025-12-14;7;171
7;2025-12-14;8;393
7;2025-12-14;9;425
7;2025-12-14;10;458
7;2025-12-14;11;586
7;2025-12-14;12;662
7;2025-12-14;13;655
7;2025-12-14;14;714
7;2025-12-14;15;662
7;2025-12-14;16;624
7;2025-12-14;17;675
7;2025-12-14;18;602
7;2025-12-14;19;474
7;2025-12-14;20;391
7;2025-12-14;21;318
7;2025-12-14;22;104
7;2025-12-14;23;76
7;2025-12-15;0;20
7;2025-12-15;1;0
7;2025-12-15;2;0
7;2025-12-15;3;0
7;2025-12-15;4;0
7;2025-12-15;5;108
7;2025-12-15;6;534
7;2025-12-15;7;1510
7;2025-12-15;8;2395
7;2025-12-15;9;1777
7;2025-12-15;10;1537
7;2025-12-15;11;1362
7;2025-12-15;12;1519
7;2025-12-15;13;1536
7;2025-12-15;14;1606
7;2025-12-15;15;1701
7;2025-12-15;16;1800
7;2025-12-15;17;2295
7;2025-12-15;18;2404
7;2025-12-15;19;1664
7;2025-12-15;20;975
7;2025-12-15;21;520
7;2025-12-15;22;208
7;2025-12-15;23;126
7;2025-12-16;0;38
7;2025-12-16;1;5
7;2025-12-16;2;0
7;2025-12-16;3;0
7;2025-12-16;4;0
7;2025-12-16;5;153
7;2025-12-16;6;599
7;2025-12-16;7;1550
7;2025-12-16;8;2475
7;2025-12-16;9;1806
7;2025-12-16;10;1599
7;2025-12-16;11;1469
7;2025-12-16;12;1605
7;2025-12-16;13;1573
7;2025-12-16;14;1587
7;2025-12-16;15;1729
7;2025-12-16;16;1824
7;2025-12-16;17;2326
7;2025-12-16;18;2460
7;2025-12-16;19;1705
7;2025-12-16;20;1024
7;2025-12-16;21;562
7;2025-12-16;22;236
7;2025-12-16;23;157
7;2025-12-17;0;35
7;2025-12-17;1;5
7;2025-12-17;2;0
7;2025-12-17;3;0
7;2025-12-17;4;0
7;2025-12-17;5;144
7;2025-12-17;6;580
7;2025-12-17;7;1531
7;2025-12-17;8;2482
7;2025-12-17;9;1810
7;2025-12-17;10;1613
7;2025-12-17;11;1488
7;2025-12-17;12;1612
7;2025-12-17;13;1603
7;2025-12-17;14;1637
7;2025-12-17;15;1732
7;2025-12-17;16;1833
7;2025-12-17;17;2343
7;2025-12-17;18;2454
7;2025-12-17;19;1686
7;2025-12-17;20;1019
7;2025-12-17;21;566
7;2025-12-17;22;231
7;2025-12-17;23;152
7;2025-12-18;0;31
7;2025-12-18;1;7
7;2025-12-18;2;0
7;2025-12-18;3;0
7;2025-12-18;4;0
7;2025-12-18;5;143
7;2025-12-18;6;582
7;2025-12-18;7;1539
7;2025-12-18;8;2471
7;2025-12-18;9;1797
7;2025-12-18;10;1590
7;2025-12-18;11;1483
7;2025-12-18;12;1615
7;2025-12-18;13;1605
7;2025-12-18;14;1648
7;2025-12-18;15;1726
7;2025-12-18;16;1838
7;2025-12-18;17;2324
7;2025-12-18;18;2475
7;2025-12-18;19;1701
7;2025-12-18;20;1020
7;2025-12-18;21;566
7;2025-12-18;22;236
7;2025-12-18;23;160
7;2025-12-19;0;43
7;2025-12-19;1;8
7;2025-12-19;2;0
7;2025-12-19;3;0
7;2025-12-19;4;0
7;2025-12-19;5;134
7;2025-12-19;6;555
7;2025-12-19;7;1485
7;2025-12-19;8;2325
7;2025-12-19;9;1761
7;2025-12-19;10;1560
7;2025-12-19;11;1471
7;2025-12-19;12;1617
7;2025-12-19;13;1637
7;2025-12-19;14;1675
7;2025-12-19;15;1772
7;2025-12-19;16;1915
7;2025-12-19;17;2285
7;2025-12-19;18;2135
7;2025-12-19;19;1559
7;2025-12-19;20;963
7;2025-12-19;21;538
7;2025-12-19;22;243
7;2025-12-19;23;176
7;2025-12-20;0;44
7;2025-12-20;1;10
7;2025-12-20;2;0
7;2025-12-20;3;0
7;2025-12-20;4;0
7;2025-12-20;5;15
7;2025-12-20;6;206
7;2025-12-20;7;339
7;2025-12-20;8;604
7;2025-12-20;9;606
7;2025-12-20;10;655
7;2025-12-20;11;775
7;2025-12-20;12;870
7;2025-12-20;13;843
7;2025-12-20;14;897
7;2025-12-20;15;819
7;2025-12-20;16;805
7;2025-12-20;17;793
7;2025-12-20;18;737
7;2025-12-20;19;678
7;2025-12-20;20;480
7;2025-12-20;21;366
7;2025-12-20;22;142
7;2025-12-20;23;115
7;2025-12-21;0;40
7;2025-12-21;1;12
7;2025-12-21;2;0
7;2025-12-21;3;0
7;2025-12-21;4;0
7;2025-12-21;5;0
7;2025-12-21;6;107
7;2025-12-21;7;162
7;2025-12-21;8;381
7;2025-12-21;9;420
7;2025-12-21;10;449
7;2025-12-21;11;585
7;2025-12-21;12;657
7;2025-12-21;13;654
7;2025-12-21;14;700
7;2025-12-21;15;655
7;2025-12-21;16;621
7;2025-12-21;17;658
7;2025-12-21;18;594
7;2025-12-21;19;468
7;2025-12-21;20;396
7;2025-12-21;21;316
7;2025-12-21;22;98
7;2025-12-21;23;69
7;2025-12-22;0;21
7;2025-12-22;1;4
7;2025-12-22;2;0
7;2025-12-22;3;0
7;2025-12-22;4;0
7;2025-12-22;5;135
7;2025-12-22;6;551
7;2025-12-22;7;1509
7;2025-12-22;8;2403
7;2025-12-22;9;1773
7;2025-12-22;10;1541
7;2025-12-22;11;1426
7;2025-12-22;12;1547
7;2025-12-22;13;1560
7;2025-12-22;14;1591
7;2025-12-22;15;1689
7;2025-12-22;16;1795
7;2025-12-22;17;2287
7;2025-12-22;18;2417
7;2025-12-22;19;1657
7;2025-12-22;20;977
7;2025-12-22;21;520
7;2025-12-22;22;197
7;2025-12-22;23;118
7;2025-12-23;0;37
7;2025-12-23;1;10
7;2025-12-23;2;0
7;2025-12-23;3;0
7;2025-12-23;4;0
7;2025-12-23;5;134
7;2025-12-23;6;585
7;2025-12-23;7;1555
7;2025-12-23;8;2477
7;2025-12-23;9;1810
7;2025-12-23;10;1609
7;2025-12-23;11;1479
7;2025-12-23;12;1614
7;2025-12-23;13;1602
7;2025-12-23;14;1628
7;2025-12-23;15;1727
7;2025-12-23;16;1819
7;2025-12-23;17;2324
7;2025-12-23;18;2468
7;2025-12-23;19;1714
7;2025-12-23;20;1037
7;2025-12-23;21;575
7;2025-12-23;22;243
7;2025-12-23;23;165
7;2025-12-24;0;40
7;2025-12-24;1;10
7;2025-12-24;2;0
7;2025-12-24;3;0
7;2025-12-24;4;4
7;2025-12-24;5;149
7;2025-12-24;6;576
7;2025-12-24;7;1549
7;2025-12-24;8;2502
7;2025-12-24;9;1828
7;2025-12-24;10;1625
7;2025-12-24;11;1475
7;2025-12-24;12;1583
7;2025-12-24;13;1554
7;2025-12-24;14;1628
7;2025-12-24;15;1721
7;2025-12-24;16;1817
7;2025-12-24;17;2330
7;2025-12-24;18;2461
7;2025-12-24;19;1697
7;2025-12-24;20;1008
7;2025-12-24;21;578
7;2025-12-24;22;241
7;2025-12-24;23;153
7;2025-12-25;0;32
7;2025-12-25;1;10
7;2025-12-25;2;0
7;2025-12-25;3;0
7;2025-12-25;4;0
7;2025-12-25;5;144
7;2025-12-25;6;586
7;2025-12-25;7;1554
7;2025-12-25;8;2482
7;2025-12-25;9;1812
7;2025-12-25;10;1595
7;2025-12-25;11;1483
7;2025-12-25;12;1619
7;2025-12-25;13;1605
7;2025-12-25;14;1654
7;2025-12-25;15;1737
7;2025-12-25;16;1853
7;2025-12-25;17;2320
7;2025-12-25;18;2441
7;2025-12-25;19;1689
7;2025-12-25;20;996
7;2025-12-25;21;573
7;2025-12-25;22;229
7;2025-12-25;23;148
7;2025-12-26;0;26
7;2025-12-26;1;8
7;2025-12-26;2;0
7;2025-12-26;3;0
7;2025-12-26;4;5
7;2025-12-26;5;133
7;2025-12-26;6;549
7;2025-12-26;7;1486
7;2025-12-26;8;2330
7;2025-12-26;9;1768
7;2025-12-26;10;1551
7;2025-12-26;11;1459
7;2025-12-26;12;1599
7;2025-12-26;13;1599
7;2025-12-26;14;1636
7;2025-12-26;15;1762
7;2025-12-26;16;1875
7;2025-12-26;17;2281
7;2025-12-26;18;2137
7;2025-12-26;19;1547
7;2025-12-26;20;960
7;2025-12-26;21;551
7;2025-12-26;22;245
7;2025-12-26;23;185
7;2025-12-27;0;46
7;2025-12-27;1;6
7;2025-12-27;2;0
7;2025-12-27;3;0
7;2025-12-27;4;0
7;2025-12-27;5;16
7;2025-12-27;6;208
7;2025-12-27;7;340
7;2025-12-27;8;608
7;2025-12-27;9;620
7;2025-12-27;10;664
7;2025-12-27;11;782
7;2025-12-27;12;864
7;2025-12-27;13;845
7;2025-12-27;14;895
7;2025-12-27;15;818
7;2025-12-27;16;806
7;2025-12-27;17;798
7;2025-12-27;18;739
7;2025-12-27;19;679
7;2025-12-27;20;488
7;2025-12-27;21;387
7;2025-12-27;22;149
7;2025-12-27;23;117
7;2025-12-28;0;33
7;2025-12-28;1;9
7;2025-12-28;2;0
7;2025-12-28;3;0
7;2025-12-28;4;0
7;2025-12-28;5;0
7;2025-12-28;6;104
7;2025-12-28;7;172
7;2025-12-28;8;392
7;2025-12-28;9;430
7;2025-12-28;10;451
7;2025-12-28;11;570
7;2025-12-28;12;655
7;2025-12-28;13;621
7;2025-12-28;14;676
7;2025-12-28;15;644
7;2025-12-28;16;628
7;2025-12-28;17;662
7;2025-12-28;18;594
7;2025-12-28;19;467
7;2025-12-28;20;393
7;2025-12-28;21;337
7;2025-12-28;22;119
7;2025-12-28;23;81
7;2025-12-29;0;34
7;2025-12-29;1;6
7;2025-12-29;2;0
7;2025-12-29;3;0
7;2025-12-29;4;0
7;2025-12-29;5;141
7;2025-12-29;6;559
7;2025-12-29;7;1525
7;2025-12-29;8;2434
7;2025-12-29;9;1787
7;2025-12-29;10;1558
7;2025-12-29;11;1414
7;2025-12-29;12;1558
7;2025-12-29;13;1539
7;2025-12-29;14;1587
7;2025-12-29;15;1714
7;2025-12-29;16;1783
7;2025-12-29;17;2305
7;2025-12-29;18;2428
7;2025-12-29;19;1660
7;2025-12-29;20;983
7;2025-12-29;21;533
7;2025-12-29;22;215
7;2025-12-29;23;133
7;2025-12-30;0;33
7;2025-12-30;1;10
7;2025-12-30;2;0
7;2025-12-30;3;0
7;2025-12-30;4;6
7;2025-12-30;5;154
7;2025-12-30;6;592
7;2025-12-30;7;1553
7;2025-12-30;8;2465
7;2025-12-30;9;1795
7;2025-12-30;10;1608
7;2025-12-30;11;1475
7;2025-12-30;12;1613
7;2025-12-30;13;1591
7;2025-12-30;14;1633
7;2025-12-30;15;1750
7;2025-12-30;16;1823
7;2025-12-30;17;2335
7;2025-12-30;18;2485
7;2025-12-30;19;1691
7;2025-12-30;20;1031
7;2025-12-30;21;591
7;2025-12-30;22;252
7;2025-12-30;23;158
7;2025-12-31;0;64
7;2025-12-31;1;15
7;2025-12-31;2;0
7;2025-12-31;3;0
7;2025-12-31;4;3
7;2025-12-31;5;73
7;2025-12-31;6;295
7;2025-12-31;7;387
7;2025-12-31;8;796
7;2025-12-31;9;679
7;2025-12-31;10;706
7;2025-12-31;11;747
7;2025-12-31;12;878
7;2025-12-31;13;827
7;2025-12-31;14;875
7;2025-12-31;15;890
7;2025-12-31;16;864
7;2025-12-31;17;920
7;2025-12-31;18;934
7;2025-12-31;19;720
7;2025-12-31;20;530
7;2025-12-31;21;461
7;2025-12-31;22;222
7;2025-12-31;23;152
11;2025-11-01;0;99
11;2025-11-01;1;1
11;2025-11-01;2;0
11;2025-11-01;3;0
11;2025-11-01;4;0
11;2025-11-01;5;230
11;2025-11-01;6;1317
11;2025-11-01;7;2267
11;2025-11-01;8;3057
11;2025-11-01;9;2408
11;2025-11-01;10;1971
11;2025-11-01;11;1994
11;2025-11-01;12;2074
11;2025-11-01;13;2111
11;2025-11-01;14;2152
11;2025-11-01;15;2169
11;2025-11-01;16;2378
11;2025-11-01;17;2873
11;2025-11-01;18;2822
11;2025-11-01;19;2162
11;2025-11-01;20;1445
11;2025-11-01;21;905
11;2025-11-01;22;365
11;2025-11-01;23;269
11;2025-11-02;0;64
11;2025-11-02;1;9
11;2025-11-02;2;0
11;2025-11-02;3;0
11;2025-11-02;4;0
11;2025-11-02;5;96
11;2025-11-02;6;492
11;2025-11-02;7;539
11;2025-11-02;8;748
11;2025-11-02;9;897
11;2025-11-02;10;1021
11;2025-11-02;11;1409
11;2025-11-02;12;1559
11;2025-11-02;13;1468
11;2025-11-02;14;1585
11;2025-11-02;15;1586
11;2025-11-02;16;1532
11;2025-11-02;17;1644
11;2025-11-02;18;1392
11;2025-11-02;19;1121
11;2025-11-02;20;837
11;2025-11-02;21;582
11;2025-11-02;22;311
11;2025-11-02;23;210
11;2025-11-03;0;42
11;2025-11-03;1;7
11;2025-11-03;2;0
11;2025-11-03;3;0
11;2025-11-03;4;0
11;2025-11-03;5;161
11;2025-11-03;6;593
11;2025-11-03;7;703
11;2025-11-03;8;915
11;2025-11-03;9;963
11;2025-11-03;10;1038
11;2025-11-03;11;1291
11;2025-11-03;12;1377
11;2025-11-03;13;1338
11;2025-11-03;14;1419
11;2025-11-03;15;1434
11;2025-11-03;16;1472
11;2025-11-03;17;1575
11;2025-11-03;18;1516
11;2025-11-03;19;1273
11;2025-11-03;20;897
11;2025-11-03;21;610
11;2025-11-03;22;363
11;2025-11-03;23;244
11;2025-11-04;0;84
11;2025-11-04;1;9
11;2025-11-04;2;0
11;2025-11-04;3;0
11;2025-11-04;4;0
11;2025-11-04;5;204
11;2025-11-04;6;627
11;2025-11-04;7;716
11;2025-11-04;8;892
11;2025-11-04;9;888
11;2025-11-04;10;991
11;2025-11-04;11;1249
11;2025-11-04;12;1356
11;2025-11-04;13;1374
11;2025-11-04;14;1569
11;2025-11-04;15;1558
11;2025-11-04;16;1473
11;2025-11-04;17;1592
11;2025-11-04;18;1522
11;2025-11-04;19;1304
11;2025-11-04;20;939
11;2025-11-04;21;651
11;2025-11-04;22;392
11;2025-11-04;23;273
11;2025-11-05;0;79
11;2025-11-05;1;0
11;2025-11-05;2;0
11;2025-11-05;3;0
11;2025-11-05;4;0
11;2025-11-05;5;246
11;2025-11-05;6;1281
11;2025-11-05;7;2309
11;2025-11-05;8;3177
11;2025-11-05;9;2380
11;2025-11-05;10;1933
11;2025-11-05;11;1936
11;2025-11-05;12;1970
11;2025-11-05;13;2010
11;2025-11-05;14;2042
11;2025-11-05;15;2036
11;2025-11-05;16;2246
11;2025-11-05;17;2824
11;2025-11-05;18;3026
11;2025-11-05;19;2251
11;2025-11-05;20;1474
11;2025-11-05;21;870
11;2025-11-05;22;377
11;2025-11-05;23;238
11;2025-11-06;0;69
11;2025-11-06;1;0
11;2025-11-06;2;0
11;2025-11-06;3;0
11;2025-11-06;4;0
11;2025-11-06;5;252
11;2025-11-06;6;1347
11;2025-11-06;7;2344
11;2025-11-06;8;3165
11;2025-11-06;9;2441
11;2025-11-06;10;1986
11;2025-11-06;11;1879
11;2025-11-06;12;2012
11;2025-11-06;13;2045
11;2025-11-06;14;2061
11;2025-11-06;15;2040
11;2025-11-06;16;2266
11;2025-11-06;17;2846
11;2025-11-06;18;3061
11;2025-11-06;19;2292
11;2025-11-06;20;1460
11;2025-11-06;21;890
11;2025-11-06;22;408
11;2025-11-06;23;260
11;2025-11-07;0;82
11;2025-11-07;1;0
11;2025-11-07;2;0
11;2025-11-07;3;0
11;2025-11-07;4;0
11;2025-11-07;5;236
11;2025-11-07;6;1314
11;2025-11-07;7;2288
11;2025-11-07;8;2989
11;2025-11-07;9;2324
11;2025-11-07;10;1928
11;2025-11-07;11;1913
11;2025-11-07;12;1978
11;2025-11-07;13;1994
11;2025-11-07;14;2065
11;2025-11-07;15;2078
11;2025-11-07;16;2322
11;2025-11-07;17;2832
11;2025-11-07;18;2658
11;2025-11-07;19;2123
11;2025-11-07;20;1416
11;2025-11-07;21;873
11;2025-11-07;22;399
11;2025-11-07;23;289
11;2025-11-08;0;120
11;2025-11-08;1;2
11;2025-11-08;2;0
11;2025-11-08;3;0
11;2025-11-08;4;0
11;2025-11-08;5;195
11;2025-11-08;6;779
11;2025-11-08;7;817
11;2025-11-08;8;1096
11;2025-11-08;9;1179
11;2025-11-08;10;1320
11;2025-11-08;11;1629
11;2025-11-08;12;1763
11;2025-11-08;13;1729
11;2025-11-08;14;1789
11;2025-11-08;15;1729
11;2025-11-08;16;1704
11;2025-11-08;17;1754
11;2025-11-08;18;1542
11;2025-11-08;19;1451
11;2025-11-08;20;1075
11;2025-11-08;21;753
11;2025-11-08;22;405
11;2025-11-08;23;319
11;2025-11-09;0;107
11;2025-11-09;1;8
11;2025-11-09;2;0
11;2025-11-09;3;0
11;2025-11-09;4;0
11;2025-11-09;5;131
11;2025-11-09;6;535
11;2025-11-09;7;567
11;2025-11-09;8;775
11;2025-11-09;9;935
11;2025-11-09;10;1061
11;2025-11-09;11;1418
11;2025-11-09;12;1550
11;2025-11-09;13;1517
11;2025-11-09;14;1584
11;2025-11-09;15;1574
11;2025-11-09;16;1527
11;2025-11-09;17;1601
11;2025-11-09;18;1352
11;2025-11-09;19;1090
11;2025-11-09;20;810
11;2025-11-09;21;587
11;2025-11-09;22;312
11;2025-11-09;23;210
11;2025-11-10;0;43
11;2025-11-10;1;6
11;2025-11-10;2;0
11;2025-11-10;3;0
11;2025-11-10;4;0
11;2025-11-10;5;213
11;2025-11-10;6;1276
11;2025-11-10;7;2305
11;2025-11-10;8;3109
11;2025-11-10;9;2352
11;2025-11-10;10;1853
11;2025-11-10;11;1819
11;2025-11-10;12;1852
11;2025-11-10;13;1900
11;2025-11-10;14;1943
11;2025-11-10;15;1961
11;2025-11-10;16;2183
11;2025-11-10;17;2763
11;2025-11-10;18;2943
11;2025-11-10;19;2192
11;2025-11-10;20;1394
11;2025-11-10;21;797
11;2025-11-10;22;321
11;2025-11-10;23;186
11;2025-11-11;0;36
11;2025-11-11;1;1
11;2025-11-11;2;0
11;2025-11-11;3;0
11;2025-11-11;4;0
11;2025-11-11;5;216
11;2025-11-11;6;1296
11;2025-11-11;7;2325
11;2025-11-11;8;3168
11;2025-11-11;9;2379
11;2025-11-11;10;1906
11;2025-11-11;11;1859
11;2025-11-11;12;1918
11;2025-11-11;13;1988
11;2025-11-11;14;2028
11;2025-11-11;15;1989
11;2025-11-11;16;2216
11;2025-11-11;17;2786
11;2025-11-11;18;2996
11;2025-11-11;19;2221
11;2025-11-11;20;1437
11;2025-11-11;21;821
11;2025-11-11;22;337
11;2025-11-11;23;198
11;2025-11-12;0;46
11;2025-11-12;1;0
11;2025-11-12;2;0
11;2025-11-12;3;0
11;2025-11-12;4;0
11;2025-11-12;5;215
11;2025-11-12;6;1286
11;2025-11-12;7;2321
11;2025-11-12;8;3164
11;2025-11-12;9;2383
11;2025-11-12;10;1907
11;2025-11-12;11;1863
11;2025-11-12;12;1914
11;2025-11-12;13;1947
11;2025-11-12;14;1984
11;2025-11-12;15;1975
11;2025-11-12;16;2212
11;2025-11-12;17;2790
11;2025-11-12;18;2965
11;2025-11-12;19;2228
11;2025-11-12;20;1435
11;2025-11-12;21;835
11;2025-11-12;22;346
11;2025-11-12;23;207
11;2025-11-13;0;42
11;2025-11-13;1;0
11;2025-11-13;2;0
11;2025-11-13;3;0
11;2025-11-13;4;0
11;2025-11-13;5;213
11;2025-11-13;6;1295
11;2025-11-13;7;2312
11;2025-11-13;8;3143
11;2025-11-13;9;2404
11;2025-11-13;10;1947
11;2025-11-13;11;1937
11;2025-11-13;12;1996
11;2025-11-13;13;2032
11;2025-11-13;14;2060
11;2025-11-13;15;2068
11;2025-11-13;16;2281
11;2025-11-13;17;2844
11;2025-11-13;18;3062
11;2025-11-13;19;2284
11;2025-11-13;20;1490
11;2025-11-13;21;880
11;2025-11-13;22;362
11;2025-11-13;23;220
11;2025-11-14;0;39
11;2025-11-14;1;2
11;2025-11-14;2;0
11;2025-11-14;3;0
11;2025-11-14;4;0
11;2025-11-14;5;199
11;2025-11-14;6;1276
11;2025-11-14;7;2262
11;2025-11-14;8;2990
11;2025-11-14;9;2366
11;2025-11-14;10;1922
11;2025-11-14;11;1910
11;2025-11-14;12;1981
11;2025-11-14;13;1998
11;2025-11-14;14;2065
11;2025-11-14;15;2086
11;2025-11-14;16;2320
11;2025-11-14;17;2835
11;2025-11-14;18;2670
11;2025-11-14;19;2127
11;2025-11-14;20;1409
11;2025-11-14;21;853
11;2025-11-14;22;376
11;2025-11-14;23;268
11;2025-11-15;0;83
11;2025-11-15;1;0
11;2025-11-15;2;0
11;2025-11-15;3;0
11;2025-11-15;4;0
11;2025-11-15;5;141
11;2025-11-15;6;692
11;2025-11-15;7;748
11;2025-11-15;8;1034
11;2025-11-15;9;1070
11;2025-11-15;10;1195
11;2025-11-15;11;1427
11;2025-11-15;12;1549
11;2025-11-15;13;1595
11;2025-11-15;14;1749
11;2025-11-15;15;1700
11;2025-11-15;16;1687
11;2025-11-15;17;1710
11;2025-11-15;18;1507
11;2025-11-15;19;1409
11;2025-11-15;20;1052
11;2025-11-15;21;736
11;2025-11-15;22;359
11;2025-11-15;23;270
11;2025-11-16;0;71
11;2025-11-16;1;9
11;2025-11-16;2;0
11;2025-11-16;3;0
11;2025-11-16;4;0
11;2025-11-16;5;98
11;2025-11-16;6;477
11;2025-11-16;7;541
11;2025-11-16;8;753
11;2025-11-16;9;893
11;2025-11-16;10;1025
11;2025-11-16;11;1409
11;2025-11-16;12;1568
11;2025-11-16;13;1511
11;2025-11-16;14;1543
11;2025-11-16;15;1519
11;2025-11-16;16;1486
11;2025-11-16;17;1597
11;2025-11-16;18;1347
11;2025-11-16;19;1084
11;2025-11-16;20;776
11;2025-11-16;21;575
11;2025-11-16;22;310
11;2025-11-16;23;208
11;2025-11-17;0;45
11;2025-11-17;1;8
11;2025-11-17;2;0
11;2025-11-17;3;0
11;2025-11-17;4;1
11;2025-11-17;5;217
11;2025-11-17;6;1286
11;2025-11-17;7;2312
11;2025-11-17;8;3118
11;2025-11-17;9;2370
11;2025-11-17;10;1845
11;2025-11-17;11;1789
11;2025-11-17;12;1810
11;2025-11-17;13;1750
11;2025-11-17;14;1887
11;2025-11-17;15;1909
11;2025-11-17;16;2158
11;2025-11-17;17;2748
11;2025-11-17;18;2941
11;2025-11-17;19;2199
11;2025-11-17;20;1396
11;2025-11-17;21;792
11;2025-11-17;22;319
11;2025-11-17;23;185
11;2025-11-18;0;35
11;2025-11-18;1;0
11;2025-11-18;2;0
11;2025-11-18;3;0
11;2025-11-18;4;0
11;2025-11-18;5;210
11;2025-11-18;6;1314
11;2025-11-18;7;2347
11;2025-11-18;8;3161
11;2025-11-18;9;2352
11;2025-11-18;10;1814
11;2025-11-18;11;1859
11;2025-11-18;12;1932
11;2025-11-18;13;1930
11;2025-11-18;14;1981
11;2025-11-18;15;1978
11;2025-11-18;16;2248
11;2025-11-18;17;2788
11;2025-11-18;18;2956
11;2025-11-18;19;2203
11;2025-11-18;20;1424
11;2025-11-18;21;821
11;2025-11-18;22;337
11;2025-11-18;23;196
11;2025-11-19;0;48
11;2025-11-19;1;0
11;2025-11-19;2;0
11;2025-11-19;3;0
11;2025-11-19;4;0
11;2025-11-19;5;212
11;2025-11-19;6;1283
11;2025-11-19;7;2322
11;2025-11-19;8;3163
11;2025-11-19;9;2375
11;2025-11-19;10;1917
11;2025-11-19;11;1890
11;2025-11-19;12;1930
11;2025-11-19;13;1977
11;2025-11-19;14;2007
11;2025-11-19;15;1995
11;2025-11-19;16;2214
11;2025-11-19;17;2792
11;2025-11-19;18;3001
11;2025-11-19;19;2228
11;2025-11-19;20;1430
11;2025-11-19;21;838
11;2025-11-19;22;343
11;2025-11-19;23;204
11;2025-11-20;0;38
11;2025-11-20;1;0
11;2025-11-20;2;0
11;2025-11-20;3;0
11;2025-11-20;4;0
11;2025-11-20;5;219
11;2025-11-20;6;1300
11;2025-11-20;7;2320
11;2025-11-20;8;3140
11;2025-11-20;9;2412
11;2025-11-20;10;1952
11;2025-11-20;11;1907
11;2025-11-20;12;1968
11;2025-11-20;13;2003
11;2025-11-20;14;2021
11;2025-11-20;15;2030
11;2025-11-20;16;2245
11;2025-11-20;17;2812
11;2025-11-20;18;3034
11;2025-11-20;19;2268
11;2025-11-20;20;1449
11;2025-11-20;21;851
11;2025-11-20;22;361
11;2025-11-20;23;219
11;2025-11-21;0;56
11;2025-11-21;1;4
11;2025-11-21;2;0
11;2025-11-21;3;0
11;2025-11-21;4;0
11;2025-11-21;5;207
11;2025-11-21;6;1271
11;2025-11-21;7;2264
11;2025-11-21;8;3000
11;2025-11-21;9;2345
11;2025-11-21;10;1905
11;2025-11-21;11;1874
11;2025-11-21;12;1938
11;2025-11-21;13;1965
11;2025-11-21;14;2031
11;2025-11-21;15;2051
11;2025-11-21;16;2292
11;2025-11-21;17;2805
11;2025-11-21;18;2643
11;2025-11-21;19;2111
11;2025-11-21;20;1385
11;2025-11-21;21;846
11;2025-11-21;22;361
11;2025-11-21;23;246
11;2025-11-22;0;81
11;2025-11-22;1;1
11;2025-11-22;2;0
11;2025-11-22;3;0
11;2025-11-22;4;0
11;2025-11-22;5;144
11;2025-11-22;6;709
11;2025-11-22;7;789
11;2025-11-22;8;1069
11;2025-11-22;9;1115
11;2025-11-22;10;1281
11;2025-11-22;11;1586
11;2025-11-22;12;1713
11;2025-11-22;13;1678
11;2025-11-22;14;1733
11;2025-11-22;15;1682
11;2025-11-22;16;1665
11;2025-11-22;17;1710
11;2025-11-22;18;1508
11;2025-11-22;19;1422
11;2025-11-22;20;1036
11;2025-11-22;21;686
11;2025-11-22;22;347
11;2025-11-22;23;259
11;2025-11-23;0;65
11;2025-11-23;1;6
11;2025-11-23;2;0
11;2025-11-23;3;0
11;2025-11-23;4;0
11;2025-11-23;5;95
11;2025-11-23;6;486
11;2025-11-23;7;544
11;2025-11-23;8;740
11;2025-11-23;9;878
11;2025-11-23;10;1009
11;2025-11-23;11;1388
11;2025-11-23;12;1568
11;2025-11-23;13;1517
11;2025-11-23;14;1581
11;2025-11-23;15;1583
11;2025-11-23;16;1528
11;2025-11-23;17;1601
11;2025-11-23;18;1342
11;2025-11-23;19;1079
11;2025-11-23;20;773
11;2025-11-23;21;569
11;2025-11-23;22;307
11;2025-11-23;23;206
11;2025-11-24;0;41
11;2025-11-24;1;12
11;2025-11-24;2;0
11;2025-11-24;3;0
11;2025-11-24;4;0
11;2025-11-24;5;196
11;2025-11-24;6;1260
11;2025-11-24;7;2292
11;2025-11-24;8;3088
11;2025-11-24;9;2321
11;2025-11-24;10;1790
11;2025-11-24;11;1687
11;2025-11-24;12;1810
11;2025-11-24;13;1872
11;2025-11-24;14;1890
11;2025-11-24;15;1942
11;2025-11-24;16;2182
11;2025-11-24;17;2763
11;2025-11-24;18;2941
11;2025-11-24;19;2192
11;2025-11-24;20;1390
11;2025-11-24;21;807
11;2025-11-24;22;319
11;2025-11-24;23;185
11;2025-11-25;0;36
11;2025-11-25;1;0
11;2025-11-25;2;0
11;2025-11-25;3;0
11;2025-11-25;4;0
11;2025-11-25;5;213
11;2025-11-25;6;1284
11;2025-11-25;7;2329
11;2025-11-25;8;3159
11;2025-11-25;9;2372
11;2025-11-25;10;1904
11;2025-11-25;11;1851
11;2025-11-25;12;1914
11;2025-11-25;13;1953
11;2025-11-25;14;1987
11;2025-11-25;15;1987
11;2025-11-25;16;2214
11;2025-11-25;17;2786
11;2025-11-25;18;2995
11;2025-11-25;19;2224
11;2025-11-25;20;1431
11;2025-11-25;21;823
11;2025-11-25;22;335
11;2025-11-25;23;194
11;2025-11-26;0;52
11;2025-11-26;1;1
11;2025-11-26;2;0
11;2025-11-26;3;0
11;2025-11-26;4;0
11;2025-11-26;5;224
11;2025-11-26;6;1282
11;2025-11-26;7;2317
11;2025-11-26;8;3139
11;2025-11-26;9;2351
11;2025-11-26;10;1881
11;2025-11-26;11;1823
11;2025-11-26;12;1913
11;2025-11-26;13;1968
11;2025-11-26;14;1982
11;2025-11-26;15;1982
11;2025-11-26;16;2201
11;2025-11-26;17;2726
11;2025-11-26;18;2965
11;2025-11-26;19;2197
11;2025-11-26;20;1414
11;2025-11-26;21;838
11;2025-11-26;22;338
11;2025-11-26;23;205
11;2025-11-27;0;41
11;2025-11-27;1;1
11;2025-11-27;2;0
11;2025-11-27;3;0
11;2025-11-27;4;0
11;2025-11-27;5;215
11;2025-11-27;6;1307
11;2025-11-27;7;2312
11;2025-11-27;8;3147
11;2025-11-27;9;2403
11;2025-11-27;10;1948
11;2025-11-27;11;1836
11;2025-11-27;12;1901
11;2025-11-27;13;1963
11;2025-11-27;14;1954
11;2025-11-27;15;2029
11;2025-11-27;16;2247
11;2025-11-27;17;2778
11;2025-11-27;18;2960
11;2025-11-27;19;2192
11;2025-11-27;20;1434
11;2025-11-27;21;860
11;2025-11-27;22;362
11;2025-11-27;23;239
11;2025-11-28;0;65
11;2025-11-28;1;3
11;2025-11-28;2;0
11;2025-11-28;3;0
11;2025-11-28;4;0
11;2025-11-28;5;233
11;2025-11-28;6;1278
11;2025-11-28;7;2271
11;2025-11-28;8;3002
11;2025-11-28;9;2350
11;2025-11-28;10;1905
11;2025-11-28;11;1876
11;2025-11-28;12;1946
11;2025-11-28;13;1968
11;2025-11-28;14;2031
11;2025-11-28;15;2054
11;2025-11-28;16;2295
11;2025-11-28;17;2806
11;2025-11-28;18;2639
11;2025-11-28;19;2103
11;2025-11-28;20;1387
11;2025-11-28;21;843
11;2025-11-28;22;363
11;2025-11-28;23;247
11;2025-11-29;0;82
11;2025-11-29;1;1
11;2025-11-29;2;0
11;2025-11-29;3;0
11;2025-11-29;4;0
11;2025-11-29;5;156
11;2025-11-29;6;731
11;2025-11-29;7;788
11;2025-11-29;8;1067
11;2025-11-29;9;1149
11;2025-11-29;10;1286
11;2025-11-29;11;1584
11;2025-11-29;12;1714
11;2025-11-29;13;1681
11;2025-11-29;14;1736
11;2025-11-29;15;1678
11;2025-11-29;16;1664
11;2025-11-29;17;1710
11;2025-11-29;18;1507
11;2025-11-29;19;1421
11;2025-11-29;20;1033
11;2025-11-29;21;717
11;2025-11-29;22;354
11;2025-11-29;23;274
11;2025-11-30;0;68
11;2025-11-30;1;7
11;2025-11-30;2;0
11;2025-11-30;3;0
11;2025-11-30;4;0
11;2025-11-30;5;95
11;2025-11-30;6;490
11;2025-11-30;7;543
11;2025-11-30;8;744
11;2025-11-30;9;894
11;2025-11-30;10;1022
11;2025-11-30;11;1377
11;2025-11-30;12;1522
11;2025-11-30;13;1486
11;2025-11-30;14;1543
11;2025-11-30;15;1547
11;2025-11-30;16;1500
11;2025-11-30;17;1605
11;2025-11-30;18;1345
11;2025-11-30;19;1084
11;2025-11-30;20;805
11;2025-11-30;21;589
11;2025-11-30;22;315
11;2025-11-30;23;213
11;2025-12-01;0;44
11;2025-12-01;1;6
11;2025-12-01;2;0
11;2025-12-01;3;0
11;2025-12-01;4;0
11;2025-12-01;5;222
11;2025-12-01;6;1275
11;2025-12-01;7;2308
11;2025-12-01;8;3103
11;2025-12-01;9;2347
11;2025-12-01;10;1850
11;2025-12-01;11;1815
11;2025-12-01;12;1850
11;2025-12-01;13;1899
11;2025-12-01;14;1944
11;2025-12-01;15;1959
11;2025-12-01;16;2179
11;2025-12-01;17;2761
11;2025-12-01;18;2938
11;2025-12-01;19;2191
11;2025-12-01;20;1387
11;2025-12-01;21;795
11;2025-12-01;22;318
11;2025-12-01;23;184
11;2025-12-02;0;35
11;2025-12-02;1;0
11;2025-12-02;2;0
11;2025-12-02;3;0
11;2025-12-02;4;0
11;2025-12-02;5;215
11;2025-12-02;6;1290
11;2025-12-02;7;2327
11;2025-12-02;8;3165
11;2025-12-02;9;2378
11;2025-12-02;10;1905
11;2025-12-02;11;1860
11;2025-12-02;12;1918
11;2025-12-02;13;1954
11;2025-12-02;14;1998
11;2025-12-02;15;1988
11;2025-12-02;16;2217
11;2025-12-02;17;2788
11;2025-12-02;18;2998
11;2025-12-02;19;2222
11;2025-12-02;20;1433
11;2025-12-02;21;820
11;2025-12-02;22;336
11;2025-12-02;23;196
11;2025-12-03;0;45
11;2025-12-03;1;0
11;2025-12-03;2;0
11;2025-12-03;3;0
11;2025-12-03;4;0
11;2025-12-03;5;212
11;2025-12-03;6;1283
11;2025-12-03;7;2322
11;2025-12-03;8;3163
11;2025-12-03;9;2381
11;2025-12-03;10;1916
11;2025-12-03;11;1893
11;2025-12-03;12;1931
11;2025-12-03;13;1978
11;2025-12-03;14;2009
11;2025-12-03;15;1996
11;2025-12-03;16;2217
11;2025-12-03;17;2793
11;2025-12-03;18;3003
11;2025-12-03;19;2228
11;2025-12-03;20;1435
11;2025-12-03;21;836
11;2025-12-03;22;346
11;2025-12-03;23;207
11;2025-12-04;0;43
11;2025-12-04;1;0
11;2025-12-04;2;0
11;2025-12-04;3;0
11;2025-12-04;4;0
11;2025-12-04;5;214
11;2025-12-04;6;1307
11;2025-12-04;7;2315
11;2025-12-04;8;3144
11;2025-12-04;9;2416
11;2025-12-04;10;1954
11;2025-12-04;11;1908
11;2025-12-04;12;1968
11;2025-12-04;13;2007
11;2025-12-04;14;2022
11;2025-12-04;15;2033
11;2025-12-04;16;2251
11;2025-12-04;17;2814
11;2025-12-04;18;3034
11;2025-12-04;19;2264
11;2025-12-04;20;1461
11;2025-12-04;21;855
11;2025-12-04;22;368
11;2025-12-04;23;224
11;2025-12-05;0;48
11;2025-12-05;1;1
11;2025-12-05;2;0
11;2025-12-05;3;0
11;2025-12-05;4;0
11;2025-12-05;5;201
11;2025-12-05;6;1281
11;2025-12-05;7;2275
11;2025-12-05;8;3002
11;2025-12-05;9;2350
11;2025-12-05;10;1902
11;2025-12-05;11;1874
11;2025-12-05;12;1945
11;2025-12-05;13;1969
11;2025-12-05;14;2033
11;2025-12-05;15;2055
11;2025-12-05;16;2296
11;2025-12-05;17;2807
11;2025-12-05;18;2639
11;2025-12-05;19;2103
11;2025-12-05;20;1404
11;2025-12-05;21;843
11;2025-12-05;22;363
11;2025-12-05;23;247
11;2025-12-06;0;83
11;2025-12-06;1;2
11;2025-12-06;2;0
11;2025-12-06;3;0
11;2025-12-06;4;0
11;2025-12-06;5;159
11;2025-12-06;6;733
11;2025-12-06;7;784
11;2025-12-06;8;1072
11;2025-12-06;9;1148
11;2025-12-06;10;1288
11;2025-12-06;11;1586
11;2025-12-06;12;1713
11;2025-12-06;13;1679
11;2025-12-06;14;1733
11;2025-12-06;15;1684
11;2025-12-06;16;1665
11;2025-12-06;17;1712
11;2025-12-06;18;1508
11;2025-12-06;19;1420
11;2025-12-06;20;1040
11;2025-12-06;21;718
11;2025-12-06;22;359
11;2025-12-06;23;277
11;2025-12-07;0;72
11;2025-12-07;1;7
11;2025-12-07;2;0
11;2025-12-07;3;0
11;2025-12-07;4;0
11;2025-12-07;5;95
11;2025-12-07;6;491
11;2025-12-07;7;542
11;2025-12-07;8;743
11;2025-12-07;9;894
11;2025-12-07;10;1025
11;2025-12-07;11;1377
11;2025-12-07;12;1523
11;2025-12-07;13;1483
11;2025-12-07;14;1543
11;2025-12-07;15;1542
11;2025-12-07;16;1498
11;2025-12-07;17;1602
11;2025-12-07;18;1348
11;2025-12-07;19;1087
11;2025-12-07;20;792
11;2025-12-07;21;581
11;2025-12-07;22;310
11;2025-12-07;23;209
11;2025-12-08;0;43
11;2025-12-08;1;5
11;2025-12-08;2;0
11;2025-12-08;3;0
11;2025-12-08;4;0
11;2025-12-08;5;212
11;2025-12-08;6;1273
11;2025-12-08;7;2308
11;2025-12-08;8;3103
11;2025-12-08;9;2351
11;2025-12-08;10;1853
11;2025-12-08;11;1815
11;2025-12-08;12;1850
11;2025-12-08;13;1898
11;2025-12-08;14;1944
11;2025-12-08;15;1959
11;2025-12-08;16;2182
11;2025-12-08;17;2761
11;2025-12-08;18;2941
11;2025-12-08;19;2191
11;2025-12-08;20;1387
11;2025-12-08;21;795
11;2025-12-08;22;317
11;2025-12-08;23;183
11;2025-12-09;0;34
11;2025-12-09;1;0
11;2025-12-09;2;0
11;2025-12-09;3;0
11;2025-12-09;4;0
11;2025-12-09;5;215
11;2025-12-09;6;1299
11;2025-12-09;7;2337
11;2025-12-09;8;3169
11;2025-12-09;9;2375
11;2025-12-09;10;1902
11;2025-12-09;11;1853
11;2025-12-09;12;1915
11;2025-12-09;13;1955
11;2025-12-09;14;1986
11;2025-12-09;15;1984
11;2025-12-09;16;2212
11;2025-12-09;17;2788
11;2025-12-09;18;2995
11;2025-12-09;19;2222
11;2025-12-09;20;1430
11;2025-12-09;21;820
11;2025-12-09;22;324
11;2025-12-09;23;191
11;2025-12-10;0;54
11;2025-12-10;1;2
11;2025-12-10;2;0
11;2025-12-10;3;0
11;2025-12-10;4;0
11;2025-12-10;5;225
11;2025-12-10;6;1278
11;2025-12-10;7;2328
11;2025-12-10;8;3171
11;2025-12-10;9;2387
11;2025-12-10;10;1924
11;2025-12-10;11;1867
11;2025-12-10;12;1927
11;2025-12-10;13;1978
11;2025-12-10;14;1996
11;2025-12-10;15;1991
11;2025-12-10;16;2210
11;2025-12-10;17;2792
11;2025-12-10;18;2998
11;2025-12-10;19;2228
11;2025-12-10;20;1430
11;2025-12-10;21;838
11;2025-12-10;22;344
11;2025-12-10;23;205
11;2025-12-11;0;42
11;2025-12-11;1;0
11;2025-12-11;2;0
11;2025-12-11;3;0
11;2025-12-11;4;0
11;2025-12-11;5;212
11;2025-12-11;6;1306
11;2025-12-11;7;2313
11;2025-12-11;8;3102
11;2025-12-11;9;2372
11;2025-12-11;10;1896
11;2025-12-11;11;1865
11;2025-12-11;12;1933
11;2025-12-11;13;1983
11;2025-12-11;14;2020
11;2025-12-11;15;2006
11;2025-12-11;16;2219
11;2025-12-11;17;2785
11;2025-12-11;18;2951
11;2025-12-11;19;2203
11;2025-12-11;20;1430
11;2025-12-11;21;835
11;2025-12-11;22;357
11;2025-12-11;23;223
11;2025-12-12;0;48
11;2025-12-12;1;3
11;2025-12-12;2;0
11;2025-12-12;3;0
11;2025-12-12;4;0
11;2025-12-12;5;199
11;2025-12-12;6;1263
11;2025-12-12;7;2270
11;2025-12-12;8;2986
11;2025-12-12;9;2347
11;2025-12-12;10;1894
11;2025-12-12;11;1874
11;2025-12-12;12;1896
11;2025-12-12;13;1892
11;2025-12-12;14;1953
11;2025-12-12;15;1987
11;2025-12-12;16;2269
11;2025-12-12;17;2781
11;2025-12-12;18;2645
11;2025-12-12;19;2111
11;2025-12-12;20;1380
11;2025-12-12;21;848
11;2025-12-12;22;349
11;2025-12-12;23;245
11;2025-12-13;0;86
11;2025-12-13;1;2
11;2025-12-13;2;0
11;2025-12-13;3;0
11;2025-12-13;4;0
11;2025-12-13;5;161
11;2025-12-13;6;730
11;2025-12-13;7;799
11;2025-12-13;8;1072
11;2025-12-13;9;1147
11;2025-12-13;10;1281
11;2025-12-13;11;1596
11;2025-12-13;12;1715
11;2025-12-13;13;1679
11;2025-12-13;14;1726
11;2025-12-13;15;1671
11;2025-12-13;16;1657
11;2025-12-13;17;1715
11;2025-12-13;18;1501
11;2025-12-13;19;1414
11;2025-12-13;20;1009
11;2025-12-13;21;690
11;2025-12-13;22;357
11;2025-12-13;23;269
11;2025-12-14;0;56
11;2025-12-14;1;7
11;2025-12-14;2;0
11;2025-12-14;3;0
11;2025-12-14;4;0
11;2025-12-14;5;98
11;2025-12-14;6;476
11;2025-12-14;7;541
11;2025-12-14;8;725
11;2025-12-14;9;887
11;2025-12-14;10;1002
11;2025-12-14;11;1382
11;2025-12-14;12;1524
11;2025-12-14;13;1478
11;2025-12-14;14;1537
11;2025-12-14;15;1526
11;2025-12-14;16;1493
11;2025-12-14;17;1602
11;2025-12-14;18;1359
11;2025-12-14;19;1085
11;2025-12-14;20;775
11;2025-12-14;21;576
11;2025-12-14;22;310
11;2025-12-14;23;209
11;2025-12-15;0;51
11;2025-12-15;1;5
11;2025-12-15;2;0
11;2025-12-15;3;0
11;2025-12-15;4;1
11;2025-12-15;5;231
11;2025-12-15;6;1294
11;2025-12-15;7;2303
11;2025-12-15;8;3115
11;2025-12-15;9;2383
11;2025-12-15;10;1867
11;2025-12-15;11;1775
11;2025-12-15;12;1856
11;2025-12-15;13;1908
11;2025-12-15;14;1944
11;2025-12-15;15;1973
11;2025-12-15;16;2201
11;2025-12-15;17;2774
11;2025-12-15;18;2951
11;2025-12-15;19;2218
11;2025-12-15;20;1408
11;2025-12-15;21;815
11;2025-12-15;22;330
11;2025-12-15;23;192
11;2025-12-16;0;38
11;2025-12-16;1;3
11;2025-12-16;2;0
11;2025-12-16;3;0
11;2025-12-16;4;0
11;2025-12-16;5;222
11;2025-12-16;6;1297
11;2025-12-16;7;2345
11;2025-12-16;8;3179
11;2025-12-16;9;2391
11;2025-12-16;10;1896
11;2025-12-16;11;1818
11;2025-12-16;12;1857
11;2025-12-16;13;1884
11;2025-12-16;14;1970
11;2025-12-16;15;1989
11;2025-12-16;16;2218
11;2025-12-16;17;2786
11;2025-12-16;18;2996
11;2025-12-16;19;2227
11;2025-12-16;20;1437
11;2025-12-16;21;827
11;2025-12-16;22;336
11;2025-12-16;23;197
11;2025-12-17;0;41
11;2025-12-17;1;0
11;2025-12-17;2;0
11;2025-12-17;3;0
11;2025-12-17;4;0
11;2025-12-17;5;211
11;2025-12-17;6;1286
11;2025-12-17;7;2321
11;2025-12-17;8;3160
11;2025-12-17;9;2379
11;2025-12-17;10;1916
11;2025-12-17;11;1891
11;2025-12-17;12;1930
11;2025-12-17;13;1977
11;2025-12-17;14;2008
11;2025-12-17;15;1995
11;2025-12-17;16;2214
11;2025-12-17;17;2792
11;2025-12-17;18;3001
11;2025-12-17;19;2229
11;2025-12-17;20;1433
11;2025-12-17;21;838
11;2025-12-17;22;344
11;2025-12-17;23;205
11;2025-12-18;0;42
11;2025-12-18;1;0
11;2025-12-18;2;0
11;2025-12-18;3;0
11;2025-12-18;4;0
11;2025-12-18;5;212
11;2025-12-18;6;1302
11;2025-12-18;7;2315
11;2025-12-18;8;3140
11;2025-12-18;9;2411
11;2025-12-18;10;1955
11;2025-12-18;11;1900
11;2025-12-18;12;1964
11;2025-12-18;13;2002
11;2025-12-18;14;2019
11;2025-12-18;15;2028
11;2025-12-18;16;2247
11;2025-12-18;17;2811
11;2025-12-18;18;3031
11;2025-12-18;19;2267
11;2025-12-18;20;1455
11;2025-12-18;21;855
11;2025-12-18;22;363
11;2025-12-18;23;221
11;2025-12-19;0;46
11;2025-12-19;1;2
11;2025-12-19;2;0
11;2025-12-19;3;0
11;2025-12-19;4;0
11;2025-12-19;5;200
11;2025-12-19;6;1279
11;2025-12-19;7;2274
11;2025-12-19;8;3000
11;2025-12-19;9;2345
11;2025-12-19;10;1902
11;2025-12-19;11;1867
11;2025-12-19;12;1940
11;2025-12-19;13;1965
11;2025-12-19;14;2025
11;2025-12-19;15;2057
11;2025-12-19;16;2297
11;2025-12-19;17;2793
11;2025-12-19;18;2615
11;2025-12-19;19;2111
11;2025-12-19;20;1382
11;2025-12-19;21;844
11;2025-12-19;22;359
11;2025-12-19;23;243
11;2025-12-20;0;79
11;2025-12-20;1;0
11;2025-12-20;2;0
11;2025-12-20;3;0
11;2025-12-20;4;0
11;2025-12-20;5;157
11;2025-12-20;6;728
11;2025-12-20;7;789
11;2025-12-20;8;1067
11;2025-12-20;9;1149
11;2025-12-20;10;1286
11;2025-12-20;11;1584
11;2025-12-20;12;1714
11;2025-12-20;13;1681
11;2025-12-20;14;1731
11;2025-12-20;15;1677
11;2025-12-20;16;1664
11;2025-12-20;17;1710
11;2025-12-20;18;1507
11;2025-12-20;19;1421
11;2025-12-20;20;1031
11;2025-12-20;21;715
11;2025-12-20;22;353
11;2025-12-20;23;271
11;2025-12-21;0;70
11;2025-12-21;1;6
11;2025-12-21;2;0
11;2025-12-21;3;0
11;2025-12-21;4;0
11;2025-12-21;5;94
11;2025-12-21;6;465
11;2025-12-21;7;534
11;2025-12-21;8;720
11;2025-12-21;9;878
11;2025-12-21;10;1009
11;2025-12-21;11;1376
11;2025-12-21;12;1522
11;2025-12-21;13;1482
11;2025-12-21;14;1541
11;2025-12-21;15;1539
11;2025-12-21;16;1498
11;2025-12-21;17;1603
11;2025-12-21;18;1348
11;2025-12-21;19;1087
11;2025-12-21;20;792
11;2025-12-21;21;571
11;2025-12-21;22;299
11;2025-12-21;23;208
11;2025-12-22;0;37
11;2025-12-22;1;0
11;2025-12-22;2;0
11;2025-12-22;3;0
11;2025-12-22;4;0
11;2025-12-22;5;212
11;2025-12-22;6;1276
11;2025-12-22;7;2307
11;2025-12-22;8;3106
11;2025-12-22;9;2338
11;2025-12-22;10;1811
11;2025-12-22;11;1789
11;2025-12-22;12;1838
11;2025-12-22;13;1899
11;2025-12-22;14;1944
11;2025-12-22;15;1895
11;2025-12-22;16;2187
11;2025-12-22;17;2770
11;2025-12-22;18;2919
11;2025-12-22;19;2215
11;2025-12-22;20;1397
11;2025-12-22;21;804
11;2025-12-22;22;309
11;2025-12-22;23;165
11;2025-12-23;0;39
11;2025-12-23;1;0
11;2025-12-23;2;0
11;2025-12-23;3;0
11;2025-12-23;4;0
11;2025-12-23;5;229
11;2025-12-23;6;1298
11;2025-12-23;7;2313
11;2025-12-23;8;3160
11;2025-12-23;9;2391
11;2025-12-23;10;1899
11;2025-12-23;11;1858
11;2025-12-23;12;1918
11;2025-12-23;13;1967
11;2025-12-23;14;1981
11;2025-12-23;15;1987
11;2025-12-23;16;2227
11;2025-12-23;17;2796
11;2025-12-23;18;2978
11;2025-12-23;19;2217
11;2025-12-23;20;1414
11;2025-12-23;21;829
11;2025-12-23;22;336
11;2025-12-23;23;202
11;2025-12-24;0;48
11;2025-12-24;1;0
11;2025-12-24;2;0
11;2025-12-24;3;0
11;2025-12-24;4;0
11;2025-12-24;5;223
11;2025-12-24;6;1286
11;2025-12-24;7;2310
11;2025-12-24;8;3158
11;2025-12-24;9;2393
11;2025-12-24;10;1908
11;2025-12-24;11;1894
11;2025-12-24;12;1914
11;2025-12-24;13;1963
11;2025-12-24;14;1997
11;2025-12-24;15;1977
11;2025-12-24;16;2212
11;2025-12-24;17;2793
11;2025-12-24;18;2979
11;2025-12-24;19;2230
11;2025-12-24;20;1429
11;2025-12-24;21;847
11;2025-12-24;22;358
11;2025-12-24;23;219
11;2025-12-25;0;47
11;2025-12-25;1;0
11;2025-12-25;2;0
11;2025-12-25;3;0
11;2025-12-25;4;0
11;2025-12-25;5;215
11;2025-12-25;6;1276
11;2025-12-25;7;2319
11;2025-12-25;8;3144
11;2025-12-25;9;2418
11;2025-12-25;10;1952
11;2025-12-25;11;1900
11;2025-12-25;12;1966
11;2025-12-25;13;2005
11;2025-12-25;14;2009
11;2025-12-25;15;2015
11;2025-12-25;16;2239
11;2025-12-25;17;2787
11;2025-12-25;18;2938
11;2025-12-25;19;2258
11;2025-12-25;20;1453
11;2025-12-25;21;834
11;2025-12-25;22;352
11;2025-12-25;23;195
11;2025-12-26;0;38
11;2025-12-26;1;14
11;2025-12-26;2;0
11;2025-12-26;3;0
11;2025-12-26;4;0
11;2025-12-26;5;204
11;2025-12-26;6;1270
11;2025-12-26;7;2271
11;2025-12-26;8;2993
11;2025-12-26;9;2329
11;2025-12-26;10;1886
11;2025-12-26;11;1821
11;2025-12-26;12;1907
11;2025-12-26;13;1948
11;2025-12-26;14;1998
11;2025-12-26;15;2021
11;2025-12-26;16;2274
11;2025-12-26;17;2791
11;2025-12-26;18;2633
11;2025-12-26;19;2111
11;2025-12-26;20;1389
11;2025-12-26;21;849
11;2025-12-26;22;359
11;2025-12-26;23;248
11;2025-12-27;0;84
11;2025-12-27;1;1
11;2025-12-27;2;0
11;2025-12-27;3;0
11;2025-12-27;4;0
11;2025-12-27;5;152
11;2025-12-27;6;723
11;2025-12-27;7;783
11;2025-12-27;8;1068
11;2025-12-27;9;1139
11;2025-12-27;10;1277
11;2025-12-27;11;1586
11;2025-12-27;12;1712
11;2025-12-27;13;1682
11;2025-12-27;14;1725
11;2025-12-27;15;1684
11;2025-12-27;16;1657
11;2025-12-27;17;1712
11;2025-12-27;18;1504
11;2025-12-27;19;1420
11;2025-12-27;20;1037
11;2025-12-27;21;726
11;2025-12-27;22;327
11;2025-12-27;23;262
11;2025-12-28;0;62
11;2025-12-28;1;9
11;2025-12-28;2;0
11;2025-12-28;3;0
11;2025-12-28;4;0
11;2025-12-28;5;85
11;2025-12-28;6;453
11;2025-12-28;7;501
11;2025-12-28;8;707
11;2025-12-28;9;841
11;2025-12-28;10;977
11;2025-12-28;11;1269
11;2025-12-28;12;1441
11;2025-12-28;13;1402
11;2025-12-28;14;1456
11;2025-12-28;15;1420
11;2025-12-28;16;1492
11;2025-12-28;17;1602
11;2025-12-28;18;1341
11;2025-12-28;19;1084
11;2025-12-28;20;772
11;2025-12-28;21;573
11;2025-12-28;22;305
11;2025-12-28;23;215
11;2025-12-29;0;53
11;2025-12-29;1;10
11;2025-12-29;2;0
11;2025-12-29;3;0
11;2025-12-29;4;0
11;2025-12-29;5;199
11;2025-12-29;6;1286
11;2025-12-29;7;2323
11;2025-12-29;8;3096
11;2025-12-29;9;2352
11;2025-12-29;10;1842
11;2025-12-29;11;1808
11;2025-12-29;12;1819
11;2025-12-29;13;1852
11;2025-12-29;14;1891
11;2025-12-29;15;1912
11;2025-12-29;16;2138
11;2025-12-29;17;2729
11;2025-12-29;18;2928
11;2025-12-29;19;2191
11;2025-12-29;20;1395
11;2025-12-29;21;793
11;2025-12-29;22;313
11;2025-12-29;23;172
11;2025-12-30;0;35
11;2025-12-30;1;2
11;2025-12-30;2;0
11;2025-12-30;3;0
11;2025-12-30;4;0
11;2025-12-30;5;204
11;2025-12-30;6;1278
11;2025-12-30;7;2327
11;2025-12-30;8;3109
11;2025-12-30;9;2341
11;2025-12-30;10;1851
11;2025-12-30;11;1803
11;2025-12-30;12;1895
11;2025-12-30;13;1920
11;2025-12-30;14;1964
11;2025-12-30;15;1954
11;2025-12-30;16;2191
11;2025-12-30;17;2769
11;2025-12-30;18;2988
11;2025-12-30;19;2174
11;2025-12-30;20;1422
11;2025-12-30;21;812
11;2025-12-30;22;324
11;2025-12-30;23;200
11;2025-12-31;0;57
11;2025-12-31;1;0
11;2025-12-31;2;0
11;2025-12-31;3;0
11;2025-12-31;4;0
11;2025-12-31;5;159
11;2025-12-31;6;592
11;2025-12-31;7;739
11;2025-12-31;8;976
11;2025-12-31;9;972
11;2025-12-31;10;1056
11;2025-12-31;11;1328
11;2025-12-31;12;1475
11;2025-12-31;13;1385
11;2025-12-31;14;1450
11;2025-12-31;15;1385
11;2025-12-31;16;1416
11;2025-12-31;17;1517
11;2025-12-31;18;1400
11;2025-12-31;19;1230
11;2025-12-31;20;858
11;2025-12-31;21;594
11;2025-12-31;22;341
11;2025-12-31;23;228
12;2025-11-01;0;80
12;2025-11-01;1;8
12;2025-11-01;2;0
12;2025-11-01;3;0
12;2025-11-01;4;5
12;2025-11-01;5;303
12;2025-11-01;6;1420
12;2025-11-01;7;2615
12;2025-11-01;8;3303
12;2025-11-01;9;2473
12;2025-11-01;10;2018
12;2025-11-01;11;2001
12;2025-11-01;12;2029
12;2025-11-01;13;2184
12;2025-11-01;14;2125
12;2025-11-01;15;2393
12;2025-11-01;16;2859
12;2025-11-01;17;3081
12;2025-11-01;18;2979
12;2025-11-01;19;2293
12;2025-11-01;20;1492
12;2025-11-01;21;955
12;2025-11-01;22;472
12;2025-11-01;23;257
12;2025-11-02;0;28
12;2025-11-02;1;4
12;2025-11-02;2;0
12;2025-11-02;3;0
12;2025-11-02;4;0
12;2025-11-02;5;122
12;2025-11-02;6;492
12;2025-11-02;7;658
12;2025-11-02;8;827
12;2025-11-02;9;944
12;2025-11-02;10;1108
12;2025-11-02;11;1307
12;2025-11-02;12;1397
12;2025-11-02;13;1544
12;2025-11-02;14;1507
12;2025-11-02;15;1492
12;2025-11-02;16;1551
12;2025-11-02;17;1534
12;2025-11-02;18;1358
12;2025-11-02;19;1058
12;2025-11-02;20;780
12;2025-11-02;21;561
12;2025-11-02;22;314
12;2025-11-02;23;164
12;2025-11-03;0;18
12;2025-11-03;1;2
12;2025-11-03;2;0
12;2025-11-03;3;0
12;2025-11-03;4;0
12;2025-11-03;5;177
12;2025-11-03;6;620
12;2025-11-03;7;720
12;2025-11-03;8;925
12;2025-11-03;9;1015
12;2025-11-03;10;1162
12;2025-11-03;11;1247
12;2025-11-03;12;1284
12;2025-11-03;13;1418
12;2025-11-03;14;1348
12;2025-11-03;15;1334
12;2025-11-03;16;1525
12;2025-11-03;17;1502
12;2025-11-03;18;1496
12;2025-11-03;19;1168
12;2025-11-03;20;880
12;2025-11-03;21;695
12;2025-11-03;22;381
12;2025-11-03;23;238
12;2025-11-04;0;49
12;2025-11-04;1;0
12;2025-11-04;2;0
12;2025-11-04;3;0
12;2025-11-04;4;0
12;2025-11-04;5;216
12;2025-11-04;6;650
12;2025-11-04;7;758
12;2025-11-04;8;892
12;2025-11-04;9;967
12;2025-11-04;10;1136
12;2025-11-04;11;1163
12;2025-11-04;12;1188
12;2025-11-04;13;1376
12;2025-11-04;14;1403
12;2025-11-04;15;1366
12;2025-11-04;16;1412
12;2025-11-04;17;1391
12;2025-11-04;18;1378
12;2025-11-04;19;1137
12;2025-11-04;20;857
12;2025-11-04;21;665
12;2025-11-04;22;375
12;2025-11-04;23;227
12;2025-11-05;0;80
12;2025-11-05;1;24
12;2025-11-05;2;0
12;2025-11-05;3;0
12;2025-11-05;4;14
12;2025-11-05;5;311
12;2025-11-05;6;1384
12;2025-11-05;7;2580
12;2025-11-05;8;3429
12;2025-11-05;9;2515
12;2025-11-05;10;2044
12;2025-11-05;11;1984
12;2025-11-05;12;2052
12;2025-11-05;13;2097
12;2025-11-05;14;1999
12;2025-11-05;15;2255
12;2025-11-05;16;2728
12;2025-11-05;17;3103
12;2025-11-05;18;3201
12;2025-11-05;19;2436
12;2025-11-05;20;1569
12;2025-11-05;21;993
12;2025-11-05;22;476
12;2025-11-05;23;253
12;2025-11-06;0;44
12;2025-11-06;1;4
12;2025-11-06;2;0
12;2025-11-06;3;0
12;2025-11-06;4;8
12;2025-11-06;5;321
12;2025-11-06;6;1431
12;2025-11-06;7;2647
12;2025-11-06;8;3413
12;2025-11-06;9;2492
12;2025-11-06;10;2032
12;2025-11-06;11;1923
12;2025-11-06;12;2018
12;2025-11-06;13;2078
12;2025-11-06;14;1994
12;2025-11-06;15;2242
12;2025-11-06;16;2731
12;2025-11-06;17;3094
12;2025-11-06;18;3200
12;2025-11-06;19;2441
12;2025-11-06;20;1517
12;2025-11-06;21;967
12;2025-11-06;22;484
12;2025-11-06;23;278
12;2025-11-07;0;75
12;2025-11-07;1;9
12;2025-11-07;2;0
12;2025-11-07;3;0
12;2025-11-07;4;18
12;2025-11-07;5;317
12;2025-11-07;6;1401
12;2025-11-07;7;2585
12;2025-11-07;8;3284
12;2025-11-07;9;2452
12;2025-11-07;10;1953
12;2025-11-07;11;1921
12;2025-11-07;12;1988
12;2025-11-07;13;2077
12;2025-11-07;14;2010
12;2025-11-07;15;2338
12;2025-11-07;16;2843
12;2025-11-07;17;3033
12;2025-11-07;18;2822
12;2025-11-07;19;2251
12;2025-11-07;20;1463
12;2025-11-07;21;1016
12;2025-11-07;22;509
12;2025-11-07;23;309
12;2025-11-08;0;77
12;2025-11-08;1;12
12;2025-11-08;2;0
12;2025-11-08;3;0
12;2025-11-08;4;6
12;2025-11-08;5;246
12;2025-11-08;6;832
12;2025-11-08;7;955
12;2025-11-08;8;1066
12;2025-11-08;9;1241
12;2025-11-08;10;1434
12;2025-11-08;11;1484
12;2025-11-08;12;1510
12;2025-11-08;13;1631
12;2025-11-08;14;1561
12;2025-11-08;15;1565
12;2025-11-08;16;1584
12;2025-11-08;17;1562
12;2025-11-08;18;1466
12;2025-11-08;19;1348
12;2025-11-08;20;1022
12;2025-11-08;21;759
12;2025-11-08;22;398
12;2025-11-08;23;269
12;2025-11-09;0;79
12;2025-11-09;1;11
12;2025-11-09;2;0
12;2025-11-09;3;0
12;2025-11-09;4;6
12;2025-11-09;5;169
12;2025-11-09;6;553
12;2025-11-09;7;681
12;2025-11-09;8;819
12;2025-11-09;9;982
12;2025-11-09;10;1161
12;2025-11-09;11;1317
12;2025-11-09;12;1380
12;2025-11-09;13;1551
12;2025-11-09;14;1485
12;2025-11-09;15;1460
12;2025-11-09;16;1521
12;2025-11-09;17;1467
12;2025-11-09;18;1312
12;2025-11-09;19;1058
12;2025-11-09;20;754
12;2025-11-09;21;572
12;2025-11-09;22;317
12;2025-11-09;23;165
12;2025-11-10;0;23
12;2025-11-10;1;2
12;2025-11-10;2;0
12;2025-11-10;3;0
12;2025-11-10;4;1
12;2025-11-10;5;274
12;2025-11-10;6;1342
12;2025-11-10;7;2591
12;2025-11-10;8;3394
12;2025-11-10;9;2454
12;2025-11-10;10;1946
12;2025-11-10;11;1826
12;2025-11-10;12;1936
12;2025-11-10;13;1998
12;2025-11-10;14;1916
12;2025-11-10;15;2186
12;2025-11-10;16;2665
12;2025-11-10;17;3038
12;2025-11-10;18;3150
12;2025-11-10;19;2384
12;2025-11-10;20;1484
12;2025-11-10;21;891
12;2025-11-10;22;403
12;2025-11-10;23;197
12;2025-11-11;0;16
12;2025-11-11;1;0
12;2025-11-11;2;0
12;2025-11-11;3;0
12;2025-11-11;4;0
12;2025-11-11;5;284
12;2025-11-11;6;1382
12;2025-11-11;7;2637
12;2025-11-11;8;3485
12;2025-11-11;9;2496
12;2025-11-11;10;2009
12;2025-11-11;11;1873
12;2025-11-11;12;1953
12;2025-11-11;13;2038
12;2025-11-11;14;1947
12;2025-11-11;15;2150
12;2025-11-11;16;2626
12;2025-11-11;17;3047
12;2025-11-11;18;3205
12;2025-11-11;19;2419
12;2025-11-11;20;1500
12;2025-11-11;21;900
12;2025-11-11;22;422
12;2025-11-11;23;207
12;2025-11-12;0;29
12;2025-11-12;1;6
12;2025-11-12;2;0
12;2025-11-12;3;0
12;2025-11-12;4;3
12;2025-11-12;5;291
12;2025-11-12;6;1394
12;2025-11-12;7;2626
12;2025-11-12;8;3467
12;2025-11-12;9;2518
12;2025-11-12;10;2046
12;2025-11-12;11;1888
12;2025-11-12;12;1971
12;2025-11-12;13;2004
12;2025-11-12;14;1918
12;2025-11-12;15;2194
12;2025-11-12;16;2659
12;2025-11-12;17;3082
12;2025-11-12;18;3191
12;2025-11-12;19;2412
12;2025-11-12;20;1521
12;2025-11-12;21;949
12;2025-11-12;22;448
12;2025-11-12;23;220
12;2025-11-13;0;21
12;2025-11-13;1;2
12;2025-11-13;2;0
12;2025-11-13;3;0
12;2025-11-13;4;0
12;2025-11-13;5;284
12;2025-11-13;6;1384
12;2025-11-13;7;2630
12;2025-11-13;8;3438
12;2025-11-13;9;2465
12;2025-11-13;10;1984
12;2025-11-13;11;1919
12;2025-11-13;12;1994
12;2025-11-13;13;2056
12;2025-11-13;14;1980
12;2025-11-13;15;2258
12;2025-11-13;16;2713
12;2025-11-13;17;3085
12;2025-11-13;18;3182
12;2025-11-13;19;2414
12;2025-11-13;20;1541
12;2025-11-13;21;937
12;2025-11-13;22;421
12;2025-11-13;23;218
12;2025-11-14;0;14
12;2025-11-14;1;0
12;2025-11-14;2;0
12;2025-11-14;3;0
12;2025-11-14;4;0
12;2025-11-14;5;255
12;2025-11-14;6;1338
12;2025-11-14;7;2532
12;2025-11-14;8;3243
12;2025-11-14;9;2407
12;2025-11-14;10;1941
12;2025-11-14;11;1906
12;2025-11-14;12;1985
12;2025-11-14;13;2080
12;2025-11-14;14;2010
12;2025-11-14;15;2350
12;2025-11-14;16;2848
12;2025-11-14;17;3037
12;2025-11-14;18;2824
12;2025-11-14;19;2256
12;2025-11-14;20;1472
12;2025-11-14;21;953
12;2025-11-14;22;480
12;2025-11-14;23;280
12;2025-11-15;0;47
12;2025-11-15;1;0
12;2025-11-15;2;0
12;2025-11-15;3;0
12;2025-11-15;4;0
12;2025-11-15;5;174
12;2025-11-15;6;749
12;2025-11-15;7;892
12;2025-11-15;8;1006
12;2025-11-15;9;1144
12;2025-11-15;10;1292
12;2025-11-15;11;1322
12;2025-11-15;12;1334
12;2025-11-15;13;1529
12;2025-11-15;14;1511
12;2025-11-15;15;1517
12;2025-11-15;16;1533
12;2025-11-15;17;1539
12;2025-11-15;18;1468
12;2025-11-15;19;1352
12;2025-11-15;20;977
12;2025-11-15;21;706
12;2025-11-15;22;371
12;2025-11-15;23;221
12;2025-11-16;0;43
12;2025-11-16;1;4
12;2025-11-16;2;0
12;2025-11-16;3;0
12;2025-11-16;4;0
12;2025-11-16;5;122
12;2025-11-16;6;484
12;2025-11-16;7;659
12;2025-11-16;8;824
12;2025-11-16;9;974
12;2025-11-16;10;1172
12;2025-11-16;11;1281
12;2025-11-16;12;1369
12;2025-11-16;13;1567
12;2025-11-16;14;1481
12;2025-11-16;15;1432
12;2025-11-16;16;1508
12;2025-11-16;17;1510
12;2025-11-16;18;1353
12;2025-11-16;19;1062
12;2025-11-16;20;756
12;2025-11-16;21;571
12;2025-11-16;22;322
12;2025-11-16;23;168
12;2025-11-17;0;19
12;2025-11-17;1;1
12;2025-11-17;2;0
12;2025-11-17;3;0
12;2025-11-17;4;2
12;2025-11-17;5;269
12;2025-11-17;6;1339
12;2025-11-17;7;2601
12;2025-11-17;8;3396
12;2025-11-17;9;2449
12;2025-11-17;10;1940
12;2025-11-17;11;1826
12;2025-11-17;12;1903
12;2025-11-17;13;1868
12;2025-11-17;14;1849
12;2025-11-17;15;2142
12;2025-11-17;16;2656
12;2025-11-17;17;3021
12;2025-11-17;18;3149
12;2025-11-17;19;2387
12;2025-11-17;20;1482
12;2025-11-17;21;881
12;2025-11-17;22;402
12;2025-11-17;23;194
12;2025-11-18;0;14
12;2025-11-18;1;0
12;2025-11-18;2;0
12;2025-11-18;3;0
12;2025-11-18;4;8
12;2025-11-18;5;313
12;2025-11-18;6;1417
12;2025-11-18;7;2635
12;2025-11-18;8;3412
12;2025-11-18;9;2477
12;2025-11-18;10;1957
12;2025-11-18;11;1891
12;2025-11-18;12;1980
12;2025-11-18;13;2031
12;2025-11-18;14;1944
12;2025-11-18;15;2203
12;2025-11-18;16;2661
12;2025-11-18;17;3070
12;2025-11-18;18;3201
12;2025-11-18;19;2418
12;2025-11-18;20;1502
12;2025-11-18;21;900
12;2025-11-18;22;423
12;2025-11-18;23;207
12;2025-11-19;0;25
12;2025-11-19;1;8
12;2025-11-19;2;0
12;2025-11-19;3;0
12;2025-11-19;4;6
12;2025-11-19;5;290
12;2025-11-19;6;1394
12;2025-11-19;7;2643
12;2025-11-19;8;3484
12;2025-11-19;9;2518
12;2025-11-19;10;2052
12;2025-11-19;11;1922
12;2025-11-19;12;2001
12;2025-11-19;13;2061
12;2025-11-19;14;1947
12;2025-11-19;15;2205
12;2025-11-19;16;2678
12;2025-11-19;17;3083
12;2025-11-19;18;3208
12;2025-11-19;19;2419
12;2025-11-19;20;1520
12;2025-11-19;21;948
12;2025-11-19;22;445
12;2025-11-19;23;219
12;2025-11-20;0;17
12;2025-11-20;1;2
12;2025-11-20;2;0
12;2025-11-20;3;0
12;2025-11-20;4;2
12;2025-11-20;5;284
12;2025-11-20;6;1382
12;2025-11-20;7;2646
12;2025-11-20;8;3468
12;2025-11-20;9;2506
12;2025-11-20;10;2019
12;2025-11-20;11;1907
12;2025-11-20;12;1983
12;2025-11-20;13;2053
12;2025-11-20;14;1954
12;2025-11-20;15;2208
12;2025-11-20;16;2683
12;2025-11-20;17;3082
12;2025-11-20;18;3212
12;2025-11-20;19;2433
12;2025-11-20;20;1524
12;2025-11-20;21;915
12;2025-11-20;22;439
12;2025-11-20;23;227
12;2025-11-21;0;23
12;2025-11-21;1;0
12;2025-11-21;2;0
12;2025-11-21;3;0
12;2025-11-21;4;4
12;2025-11-21;5;268
12;2025-11-21;6;1340
12;2025-11-21;7;2596
12;2025-11-21;8;3315
12;2025-11-21;9;2416
12;2025-11-21;10;1929
12;2025-11-21;11;1873
12;2025-11-21;12;1940
12;2025-11-21;13;2047
12;2025-11-21;14;1968
12;2025-11-21;15;2304
12;2025-11-21;16;2815
12;2025-11-21;17;3022
12;2025-11-21;18;2827
12;2025-11-21;19;2232
12;2025-11-21;20;1430
12;2025-11-21;21;930
12;2025-11-21;22;451
12;2025-11-21;23;243
12;2025-11-22;0;38
12;2025-11-22;1;0
12;2025-11-22;2;0
12;2025-11-22;3;0
12;2025-11-22;4;0
12;2025-11-22;5;175
12;2025-11-22;6;752
12;2025-11-22;7;929
12;2025-11-22;8;1046
12;2025-11-22;9;1181
12;2025-11-22;10;1408
12;2025-11-22;11;1441
12;2025-11-22;12;1456
12;2025-11-22;13;1593
12;2025-11-22;14;1513
12;2025-11-22;15;1521
12;2025-11-22;16;1545
12;2025-11-22;17;1538
12;2025-11-22;18;1464
12;2025-11-22;19;1348
12;2025-11-22;20;983
12;2025-11-22;21;679
12;2025-11-22;22;338
12;2025-11-22;23;224
12;2025-11-23;0;30
12;2025-11-23;1;5
12;2025-11-23;2;0
12;2025-11-23;3;0
12;2025-11-23;4;0
12;2025-11-23;5;121
12;2025-11-23;6;491
12;2025-11-23;7;665
12;2025-11-23;8;831
12;2025-11-23;9;980
12;2025-11-23;10;1143
12;2025-11-23;11;1275
12;2025-11-23;12;1370
12;2025-11-23;13;1572
12;2025-11-23;14;1492
12;2025-11-23;15;1454
12;2025-11-23;16;1511
12;2025-11-23;17;1504
12;2025-11-23;18;1354
12;2025-11-23;19;1060
12;2025-11-23;20;755
12;2025-11-23;21;574
12;2025-11-23;22;318
12;2025-11-23;23;162
12;2025-11-24;0;19
12;2025-11-24;1;1
12;2025-11-24;2;0
12;2025-11-24;3;0
12;2025-11-24;4;5
12;2025-11-24;5;267
12;2025-11-24;6;1304
12;2025-11-24;7;2606
12;2025-11-24;8;3395
12;2025-11-24;9;2451
12;2025-11-24;10;1895
12;2025-11-24;11;1687
12;2025-11-24;12;1901
12;2025-11-24;13;1940
12;2025-11-24;14;1866
12;2025-11-24;15;2165
12;2025-11-24;16;2635
12;2025-11-24;17;3038
12;2025-11-24;18;3152
12;2025-11-24;19;2387
12;2025-11-24;20;1486
12;2025-11-24;21;891
12;2025-11-24;22;404
12;2025-11-24;23;196
12;2025-11-25;0;15
12;2025-11-25;1;0
12;2025-11-25;2;0
12;2025-11-25;3;0
12;2025-11-25;4;0
12;2025-11-25;5;280
12;2025-11-25;6;1378
12;2025-11-25;7;2641
12;2025-11-25;8;3487
12;2025-11-25;9;2497
12;2025-11-25;10;2011
12;2025-11-25;11;1879
12;2025-11-25;12;1979
12;2025-11-25;13;2034
12;2025-11-25;14;1932
12;2025-11-25;15;2179
12;2025-11-25;16;2656
12;2025-11-25;17;3065
12;2025-11-25;18;3211
12;2025-11-25;19;2429
12;2025-11-25;20;1499
12;2025-11-25;21;898
12;2025-11-25;22;421
12;2025-11-25;23;205
12;2025-11-26;0;25
12;2025-11-26;1;6
12;2025-11-26;2;0
12;2025-11-26;3;0
12;2025-11-26;4;5
12;2025-11-26;5;293
12;2025-11-26;6;1388
12;2025-11-26;7;2647
12;2025-11-26;8;3457
12;2025-11-26;9;2498
12;2025-11-26;10;2007
12;2025-11-26;11;1846
12;2025-11-26;12;1976
12;2025-11-26;13;2047
12;2025-11-26;14;1945
12;2025-11-26;15;2204
12;2025-11-26;16;2617
12;2025-11-26;17;3012
12;2025-11-26;18;3196
12;2025-11-26;19;2385
12;2025-11-26;20;1508
12;2025-11-26;21;934
12;2025-11-26;22;431
12;2025-11-26;23;231
12;2025-11-27;0;15
12;2025-11-27;1;2
12;2025-11-27;2;0
12;2025-11-27;3;0
12;2025-11-27;4;0
12;2025-11-27;5;285
12;2025-11-27;6;1384
12;2025-11-27;7;2630
12;2025-11-27;8;3452
12;2025-11-27;9;2445
12;2025-11-27;10;1990
12;2025-11-27;11;1859
12;2025-11-27;12;1917
12;2025-11-27;13;1969
12;2025-11-27;14;1896
12;2025-11-27;15;2176
12;2025-11-27;16;2651
12;2025-11-27;17;3007
12;2025-11-27;18;3097
12;2025-11-27;19;2333
12;2025-11-27;20;1474
12;2025-11-27;21;912
12;2025-11-27;22;428
12;2025-11-27;23;240
12;2025-11-28;0;42
12;2025-11-28;1;0
12;2025-11-28;2;0
12;2025-11-28;3;0
12;2025-11-28;4;14
12;2025-11-28;5;296
12;2025-11-28;6;1335
12;2025-11-28;7;2573
12;2025-11-28;8;3303
12;2025-11-28;9;2417
12;2025-11-28;10;1931
12;2025-11-28;11;1865
12;2025-11-28;12;1951
12;2025-11-28;13;2055
12;2025-11-28;14;1969
12;2025-11-28;15;2310
12;2025-11-28;16;2817
12;2025-11-28;17;3027
12;2025-11-28;18;2829
12;2025-11-28;19;2239
12;2025-11-28;20;1427
12;2025-11-28;21;931
12;2025-11-28;22;452
12;2025-11-28;23;245
12;2025-11-29;0;40
12;2025-11-29;1;2
12;2025-11-29;2;0
12;2025-11-29;3;0
12;2025-11-29;4;0
12;2025-11-29;5;194
12;2025-11-29;6;769
12;2025-11-29;7;941
12;2025-11-29;8;1092
12;2025-11-29;9;1244
12;2025-11-29;10;1408
12;2025-11-29;11;1448
12;2025-11-29;12;1460
12;2025-11-29;13;1596
12;2025-11-29;14;1516
12;2025-11-29;15;1522
12;2025-11-29;16;1547
12;2025-11-29;17;1538
12;2025-11-29;18;1462
12;2025-11-29;19;1347
12;2025-11-29;20;982
12;2025-11-29;21;707
12;2025-11-29;22;365
12;2025-11-29;23;223
12;2025-11-30;0;39
12;2025-11-30;1;7
12;2025-11-30;2;0
12;2025-11-30;3;0
12;2025-11-30;4;1
12;2025-11-30;5;121
12;2025-11-30;6;491
12;2025-11-30;7;665
12;2025-11-30;8;833
12;2025-11-30;9;983
12;2025-11-30;10;1144
12;2025-11-30;11;1273
12;2025-11-30;12;1367
12;2025-11-30;13;1553
12;2025-11-30;14;1464
12;2025-11-30;15;1446
12;2025-11-30;16;1512
12;2025-11-30;17;1509
12;2025-11-30;18;1360
12;2025-11-30;19;1066
12;2025-11-30;20;753
12;2025-11-30;21;574
12;2025-11-30;22;317
12;2025-11-30;23;166
12;2025-12-01;0;24
12;2025-12-01;1;2
12;2025-12-01;2;0
12;2025-12-01;3;0
12;2025-12-01;4;5
12;2025-12-01;5;272
12;2025-12-01;6;1342
12;2025-12-01;7;2609
12;2025-12-01;8;3410
12;2025-12-01;9;2465
12;2025-12-01;10;1945
12;2025-12-01;11;1830
12;2025-12-01;12;1937
12;2025-12-01;13;1998
12;2025-12-01;14;1918
12;2025-12-01;15;2184
12;2025-12-01;16;2668
12;2025-12-01;17;3035
12;2025-12-01;18;3150
12;2025-12-01;19;2385
12;2025-12-01;20;1485
12;2025-12-01;21;891
12;2025-12-01;22;403
12;2025-12-01;23;196
12;2025-12-02;0;15
12;2025-12-02;1;0
12;2025-12-02;2;0
12;2025-12-02;3;0
12;2025-12-02;4;0
12;2025-12-02;5;282
12;2025-12-02;6;1382
12;2025-12-02;7;2654
12;2025-12-02;8;3499
12;2025-12-02;9;2511
12;2025-12-02;10;2016
12;2025-12-02;11;1885
12;2025-12-02;12;1982
12;2025-12-02;13;2038
12;2025-12-02;14;1936
12;2025-12-02;15;2183
12;2025-12-02;16;2660
12;2025-12-02;17;3069
12;2025-12-02;18;3212
12;2025-12-02;19;2430
12;2025-12-02;20;1502
12;2025-12-02;21;900
12;2025-12-02;22;423
12;2025-12-02;23;207
12;2025-12-03;0;27
12;2025-12-03;1;7
12;2025-12-03;2;0
12;2025-12-03;3;0
12;2025-12-03;4;6
12;2025-12-03;5;290
12;2025-12-03;6;1394
12;2025-12-03;7;2643
12;2025-12-03;8;3484
12;2025-12-03;9;2533
12;2025-12-03;10;2054
12;2025-12-03;11;1922
12;2025-12-03;12;2002
12;2025-12-03;13;2063
12;2025-12-03;14;1951
12;2025-12-03;15;2206
12;2025-12-03;16;2677
12;2025-12-03;17;3086
12;2025-12-03;18;3211
12;2025-12-03;19;2423
12;2025-12-03;20;1522
12;2025-12-03;21;951
12;2025-12-03;22;449
12;2025-12-03;23;221
12;2025-12-04;0;21
12;2025-12-04;1;3
12;2025-12-04;2;0
12;2025-12-04;3;0
12;2025-12-04;4;1
12;2025-12-04;5;285
12;2025-12-04;6;1382
12;2025-12-04;7;2648
12;2025-12-04;8;3470
12;2025-12-04;9;2507
12;2025-12-04;10;2020
12;2025-12-04;11;1906
12;2025-12-04;12;1982
12;2025-12-04;13;2054
12;2025-12-04;14;1953
12;2025-12-04;15;2211
12;2025-12-04;16;2682
12;2025-12-04;17;3086
12;2025-12-04;18;3211
12;2025-12-04;19;2435
12;2025-12-04;20;1528
12;2025-12-04;21;916
12;2025-12-04;22;439
12;2025-12-04;23;227
12;2025-12-05;0;26
12;2025-12-05;1;0
12;2025-12-05;2;0
12;2025-12-05;3;0
12;2025-12-05;4;2
12;2025-12-05;5;262
12;2025-12-05;6;1345
12;2025-12-05;7;2590
12;2025-12-05;8;3316
12;2025-12-05;9;2428
12;2025-12-05;10;1931
12;2025-12-05;11;1868
12;2025-12-05;12;1951
12;2025-12-05;13;2054
12;2025-12-05;14;1969
12;2025-12-05;15;2310
12;2025-12-05;16;2817
12;2025-12-05;17;3027
12;2025-12-05;18;2829
12;2025-12-05;19;2239
12;2025-12-05;20;1440
12;2025-12-05;21;931
12;2025-12-05;22;452
12;2025-12-05;23;246
12;2025-12-06;0;39
12;2025-12-06;1;0
12;2025-12-06;2;0
12;2025-12-06;3;0
12;2025-12-06;4;0
12;2025-12-06;5;194
12;2025-12-06;6;769
12;2025-12-06;7;940
12;2025-12-06;8;1092
12;2025-12-06;9;1245
12;2025-12-06;10;1408
12;2025-12-06;11;1437
12;2025-12-06;12;1457
12;2025-12-06;13;1594
12;2025-12-06;14;1514
12;2025-12-06;15;1522
12;2025-12-06;16;1543
12;2025-12-06;17;1536
12;2025-12-06;18;1463
12;2025-12-06;19;1342
12;2025-12-06;20;971
12;2025-12-06;21;704
12;2025-12-06;22;358
12;2025-12-06;23;220
12;2025-12-07;0;40
12;2025-12-07;1;7
12;2025-12-07;2;0
12;2025-12-07;3;0
12;2025-12-07;4;0
12;2025-12-07;5;121
12;2025-12-07;6;491
12;2025-12-07;7;665
12;2025-12-07;8;833
12;2025-12-07;9;982
12;2025-12-07;10;1145
12;2025-12-07;11;1281
12;2025-12-07;12;1368
12;2025-12-07;13;1554
12;2025-12-07;14;1467
12;2025-12-07;15;1446
12;2025-12-07;16;1514
12;2025-12-07;17;1507
12;2025-12-07;18;1359
12;2025-12-07;19;1069
12;2025-12-07;20;759
12;2025-12-07;21;576
12;2025-12-07;22;320
12;2025-12-07;23;165
12;2025-12-08;0;23
12;2025-12-08;1;3
12;2025-12-08;2;0
12;2025-12-08;3;0
12;2025-12-08;4;5
12;2025-12-08;5;272
12;2025-12-08;6;1341
12;2025-12-08;7;2609
12;2025-12-08;8;3410
12;2025-12-08;9;2468
12;2025-12-08;10;1949
12;2025-12-08;11;1830
12;2025-12-08;12;1937
12;2025-12-08;13;1998
12;2025-12-08;14;1918
12;2025-12-08;15;2184
12;2025-12-08;16;2668
12;2025-12-08;17;3037
12;2025-12-08;18;3152
12;2025-12-08;19;2383
12;2025-12-08;20;1482
12;2025-12-08;21;890
12;2025-12-08;22;402
12;2025-12-08;23;196
12;2025-12-09;0;14
12;2025-12-09;1;0
12;2025-12-09;2;0
12;2025-12-09;3;0
12;2025-12-09;4;0
12;2025-12-09;5;282
12;2025-12-09;6;1382
12;2025-12-09;7;2655
12;2025-12-09;8;3499
12;2025-12-09;9;2509
12;2025-12-09;10;2014
12;2025-12-09;11;1882
12;2025-12-09;12;1982
12;2025-12-09;13;2037
12;2025-12-09;14;1935
12;2025-12-09;15;2178
12;2025-12-09;16;2657
12;2025-12-09;17;3067
12;2025-12-09;18;3210
12;2025-12-09;19;2429
12;2025-12-09;20;1501
12;2025-12-09;21;899
12;2025-12-09;22;410
12;2025-12-09;23;219
12;2025-12-10;0;27
12;2025-12-10;1;7
12;2025-12-10;2;0
12;2025-12-10;3;0
12;2025-12-10;4;9
12;2025-12-10;5;294
12;2025-12-10;6;1397
12;2025-12-10;7;2647
12;2025-12-10;8;3455
12;2025-12-10;9;2515
12;2025-12-10;10;2046
12;2025-12-10;11;1893
12;2025-12-10;12;1999
12;2025-12-10;13;2061
12;2025-12-10;14;1947
12;2025-12-10;15;2206
12;2025-12-10;16;2674
12;2025-12-10;17;3083
12;2025-12-10;18;3208
12;2025-12-10;19;2419
12;2025-12-10;20;1520
12;2025-12-10;21;949
12;2025-12-10;22;447
12;2025-12-10;23;219
12;2025-12-11;0;17
12;2025-12-11;1;2
12;2025-12-11;2;0
12;2025-12-11;3;0
12;2025-12-11;4;1
12;2025-12-11;5;284
12;2025-12-11;6;1380
12;2025-12-11;7;2638
12;2025-12-11;8;3383
12;2025-12-11;9;2470
12;2025-12-11;10;2017
12;2025-12-11;11;1874
12;2025-12-11;12;1955
12;2025-12-11;13;2040
12;2025-12-11;14;1952
12;2025-12-11;15;2196
12;2025-12-11;16;2670
12;2025-12-11;17;3043
12;2025-12-11;18;3159
12;2025-12-11;19;2382
12;2025-12-11;20;1503
12;2025-12-11;21;894
12;2025-12-11;22;443
12;2025-12-11;23;227
12;2025-12-12;0;27
12;2025-12-12;1;0
12;2025-12-12;2;0
12;2025-12-12;3;0
12;2025-12-12;4;0
12;2025-12-12;5;259
12;2025-12-12;6;1351
12;2025-12-12;7;2570
12;2025-12-12;8;3297
12;2025-12-12;9;2412
12;2025-12-12;10;1938
12;2025-12-12;11;1864
12;2025-12-12;12;1923
12;2025-12-12;13;2013
12;2025-12-12;14;1944
12;2025-12-12;15;2247
12;2025-12-12;16;2750
12;2025-12-12;17;3009
12;2025-12-12;18;2841
12;2025-12-12;19;2235
12;2025-12-12;20;1437
12;2025-12-12;21;939
12;2025-12-12;22;451
12;2025-12-12;23;247
12;2025-12-13;0;36
12;2025-12-13;1;0
12;2025-12-13;2;0
12;2025-12-13;3;0
12;2025-12-13;4;0
12;2025-12-13;5;184
12;2025-12-13;6;756
12;2025-12-13;7;913
12;2025-12-13;8;1055
12;2025-12-13;9;1230
12;2025-12-13;10;1392
12;2025-12-13;11;1437
12;2025-12-13;12;1449
12;2025-12-13;13;1588
12;2025-12-13;14;1507
12;2025-12-13;15;1515
12;2025-12-13;16;1533
12;2025-12-13;17;1523
12;2025-12-13;18;1444
12;2025-12-13;19;1346
12;2025-12-13;20;951
12;2025-12-13;21;667
12;2025-12-13;22;361
12;2025-12-13;23;215
12;2025-12-14;0;30
12;2025-12-14;1;10
12;2025-12-14;2;0
12;2025-12-14;3;0
12;2025-12-14;4;0
12;2025-12-14;5;117
12;2025-12-14;6;484
12;2025-12-14;7;658
12;2025-12-14;8;804
12;2025-12-14;9;973
12;2025-12-14;10;1129
12;2025-12-14;11;1278
12;2025-12-14;12;1356
12;2025-12-14;13;1544
12;2025-12-14;14;1466
12;2025-12-14;15;1438
12;2025-12-14;16;1506
12;2025-12-14;17;1504
12;2025-12-14;18;1353
12;2025-12-14;19;1068
12;2025-12-14;20;751
12;2025-12-14;21;569
12;2025-12-14;22;318
12;2025-12-14;23;166
12;2025-12-15;0;11
12;2025-12-15;1;0
12;2025-12-15;2;0
12;2025-12-15;3;0
12;2025-12-15;4;0
12;2025-12-15;5;253
12;2025-12-15;6;1298
12;2025-12-15;7;2549
12;2025-12-15;8;3369
12;2025-12-15;9;2401
12;2025-12-15;10;1914
12;2025-12-15;11;1757
12;2025-12-15;12;1898
12;2025-12-15;13;1966
12;2025-12-15;14;1889
12;2025-12-15;15;2151
12;2025-12-15;16;2639
12;2025-12-15;17;3003
12;2025-12-15;18;3126
12;2025-12-15;19;2359
12;2025-12-15;20;1463
12;2025-12-15;21;874
12;2025-12-15;22;391
12;2025-12-15;23;186
12;2025-12-16;0;12
12;2025-12-16;1;0
12;2025-12-16;2;0
12;2025-12-16;3;0
12;2025-12-16;4;0
12;2025-12-16;5;283
12;2025-12-16;6;1375
12;2025-12-16;7;2642
12;2025-12-16;8;3485
12;2025-12-16;9;2498
12;2025-12-16;10;2005
12;2025-12-16;11;1839
12;2025-12-16;12;1944
12;2025-12-16;13;1970
12;2025-12-16;14;1930
12;2025-12-16;15;2177
12;2025-12-16;16;2655
12;2025-12-16;17;3067
12;2025-12-16;18;3218
12;2025-12-16;19;2428
12;2025-12-16;20;1500
12;2025-12-16;21;900
12;2025-12-16;22;423
12;2025-12-16;23;207
12;2025-12-17;0;26
12;2025-12-17;1;7
12;2025-12-17;2;0
12;2025-12-17;3;0
12;2025-12-17;4;4
12;2025-12-17;5;289
12;2025-12-17;6;1391
12;2025-12-17;7;2633
12;2025-12-17;8;3472
12;2025-12-17;9;2523
12;2025-12-17;10;2054
12;2025-12-17;11;1919
12;2025-12-17;12;2001
12;2025-12-17;13;2060
12;2025-12-17;14;1948
12;2025-12-17;15;2205
12;2025-12-17;16;2677
12;2025-12-17;17;3085
12;2025-12-17;18;3210
12;2025-12-17;19;2423
12;2025-12-17;20;1521
12;2025-12-17;21;949
12;2025-12-17;22;446
12;2025-12-17;23;219
12;2025-12-18;0;17
12;2025-12-18;1;2
12;2025-12-18;2;0
12;2025-12-18;3;0
12;2025-12-18;4;0
12;2025-12-18;5;282
12;2025-12-18;6;1379
12;2025-12-18;7;2635
12;2025-12-18;8;3458
12;2025-12-18;9;2495
12;2025-12-18;10;2017
12;2025-12-18;11;1905
12;2025-12-18;12;1980
12;2025-12-18;13;2051
12;2025-12-18;14;1952
12;2025-12-18;15;2206
12;2025-12-18;16;2681
12;2025-12-18;17;3081
12;2025-12-18;18;3210
12;2025-12-18;19;2432
12;2025-12-18;20;1526
12;2025-12-18;21;915
12;2025-12-18;22;437
12;2025-12-18;23;225
12;2025-12-19;0;22
12;2025-12-19;1;0
12;2025-12-19;2;0
12;2025-12-19;3;0
12;2025-12-19;4;3
12;2025-12-19;5;258
12;2025-12-19;6;1343
12;2025-12-19;7;2580
12;2025-12-19;8;3303
12;2025-12-19;9;2416
12;2025-12-19;10;1928
12;2025-12-19;11;1870
12;2025-12-19;12;1946
12;2025-12-19;13;2046
12;2025-12-19;14;1968
12;2025-12-19;15;2297
12;2025-12-19;16;2814
12;2025-12-19;17;3010
12;2025-12-19;18;2833
12;2025-12-19;19;2231
12;2025-12-19;20;1426
12;2025-12-19;21;931
12;2025-12-19;22;455
12;2025-12-19;23;243
12;2025-12-20;0;39
12;2025-12-20;1;0
12;2025-12-20;2;0
12;2025-12-20;3;0
12;2025-12-20;4;0
12;2025-12-20;5;192
12;2025-12-20;6;768
12;2025-12-20;7;941
12;2025-12-20;8;1092
12;2025-12-20;9;1244
12;2025-12-20;10;1408
12;2025-12-20;11;1449
12;2025-12-20;12;1460
12;2025-12-20;13;1596
12;2025-12-20;14;1516
12;2025-12-20;15;1518
12;2025-12-20;16;1545
12;2025-12-20;17;1536
12;2025-12-20;18;1462
12;2025-12-20;19;1345
12;2025-12-20;20;980
12;2025-12-20;21;707
12;2025-12-20;22;366
12;2025-12-20;23;224
12;2025-12-21;0;38
12;2025-12-21;1;6
12;2025-12-21;2;0
12;2025-12-21;3;0
12;2025-12-21;4;1
12;2025-12-21;5;120
12;2025-12-21;6;469
12;2025-12-21;7;662
12;2025-12-21;8;812
12;2025-12-21;9;978
12;2025-12-21;10;1141
12;2025-12-21;11;1280
12;2025-12-21;12;1365
12;2025-12-21;13;1551
12;2025-12-21;14;1465
12;2025-12-21;15;1445
12;2025-12-21;16;1514
12;2025-12-21;17;1505
12;2025-12-21;18;1359
12;2025-12-21;19;1067
12;2025-12-21;20;759
12;2025-12-21;21;574
12;2025-12-21;22;316
12;2025-12-21;23;163
12;2025-12-22;0;16
12;2025-12-22;1;1
12;2025-12-22;2;0
12;2025-12-22;3;0
12;2025-12-22;4;5
12;2025-12-22;5;273
12;2025-12-22;6;1342
12;2025-12-22;7;2610
12;2025-12-22;8;3411
12;2025-12-22;9;2462
12;2025-12-22;10;1938
12;2025-12-22;11;1828
12;2025-12-22;12;1931
12;2025-12-22;13;1998
12;2025-12-22;14;1918
12;2025-12-22;15;2170
12;2025-12-22;16;2664
12;2025-12-22;17;3032
12;2025-12-22;18;3153
12;2025-12-22;19;2378
12;2025-12-22;20;1476
12;2025-12-22;21;883
12;2025-12-22;22;385
12;2025-12-22;23;189
12;2025-12-23;0;12
12;2025-12-23;1;0
12;2025-12-23;2;0
12;2025-12-23;3;0
12;2025-12-23;4;0
12;2025-12-23;5;279
12;2025-12-23;6;1370
12;2025-12-23;7;2640
12;2025-12-23;8;3489
12;2025-12-23;9;2485
12;2025-12-23;10;2000
12;2025-12-23;11;1865
12;2025-12-23;12;1965
12;2025-12-23;13;2023
12;2025-12-23;14;1912
12;2025-12-23;15;2164
12;2025-12-23;16;2637
12;2025-12-23;17;3067
12;2025-12-23;18;3207
12;2025-12-23;19;2434
12;2025-12-23;20;1498
12;2025-12-23;21;894
12;2025-12-23;22;422
12;2025-12-23;23;208
12;2025-12-24;0;36
12;2025-12-24;1;13
12;2025-12-24;2;0
12;2025-12-24;3;0
12;2025-12-24;4;8
12;2025-12-24;5;300
12;2025-12-24;6;1422
12;2025-12-24;7;2643
12;2025-12-24;8;3451
12;2025-12-24;9;2527
12;2025-12-24;10;2048
12;2025-12-24;11;1925
12;2025-12-24;12;1980
12;2025-12-24;13;2037
12;2025-12-24;14;1945
12;2025-12-24;15;2198
12;2025-12-24;16;2668
12;2025-12-24;17;3092
12;2025-12-24;18;3214
12;2025-12-24;19;2424
12;2025-12-24;20;1515
12;2025-12-24;21;933
12;2025-12-24;22;439
12;2025-12-24;23;216
12;2025-12-25;0;14
12;2025-12-25;1;2
12;2025-12-25;2;0
12;2025-12-25;3;0
12;2025-12-25;4;1
12;2025-12-25;5;278
12;2025-12-25;6;1371
12;2025-12-25;7;2638
12;2025-12-25;8;3456
12;2025-12-25;9;2492
12;2025-12-25;10;2016
12;2025-12-25;11;1901
12;2025-12-25;12;1979
12;2025-12-25;13;2049
12;2025-12-25;14;1950
12;2025-12-25;15;2201
12;2025-12-25;16;2677
12;2025-12-25;17;3064
12;2025-12-25;18;3133
12;2025-12-25;19;2423
12;2025-12-25;20;1509
12;2025-12-25;21;888
12;2025-12-25;22;419
12;2025-12-25;23;217
12;2025-12-26;0;12
12;2025-12-26;1;2
12;2025-12-26;2;0
12;2025-12-26;3;0
12;2025-12-26;4;7
12;2025-12-26;5;264
12;2025-12-26;6;1366
12;2025-12-26;7;2632
12;2025-12-26;8;3298
12;2025-12-26;9;2459
12;2025-12-26;10;1963
12;2025-12-26;11;1873
12;2025-12-26;12;1940
12;2025-12-26;13;2050
12;2025-12-26;14;1974
12;2025-12-26;15;2313
12;2025-12-26;16;2813
12;2025-12-26;17;3027
12;2025-12-26;18;2861
12;2025-12-26;19;2277
12;2025-12-26;20;1451
12;2025-12-26;21;931
12;2025-12-26;22;455
12;2025-12-26;23;253
12;2025-12-27;0;43
12;2025-12-27;1;0
12;2025-12-27;2;0
12;2025-12-27;3;0
12;2025-12-27;4;0
12;2025-12-27;5;194
12;2025-12-27;6;778
12;2025-12-27;7;945
12;2025-12-27;8;1091
12;2025-12-27;9;1230
12;2025-12-27;10;1411
12;2025-12-27;11;1468
12;2025-12-27;12;1466
12;2025-12-27;13;1605
12;2025-12-27;14;1533
12;2025-12-27;15;1525
12;2025-12-27;16;1546
12;2025-12-27;17;1537
12;2025-12-27;18;1461
12;2025-12-27;19;1352
12;2025-12-27;20;1001
12;2025-12-27;21;692
12;2025-12-27;22;350
12;2025-12-27;23;240
12;2025-12-28;0;40
12;2025-12-28;1;14
12;2025-12-28;2;0
12;2025-12-28;3;0
12;2025-12-28;4;3
12;2025-12-28;5;127
12;2025-12-28;6;495
12;2025-12-28;7;643
12;2025-12-28;8;771
12;2025-12-28;9;922
12;2025-12-28;10;1119
12;2025-12-28;11;1199
12;2025-12-28;12;1349
12;2025-12-28;13;1514
12;2025-12-28;14;1436
12;2025-12-28;15;1389
12;2025-12-28;16;1514
12;2025-12-28;17;1511
12;2025-12-28;18;1354
12;2025-12-28;19;1070
12;2025-12-28;20;780
12;2025-12-28;21;582
12;2025-12-28;22;333
12;2025-12-28;23;181
12;2025-12-29;0;21
12;2025-12-29;1;2
12;2025-12-29;2;0
12;2025-12-29;3;0
12;2025-12-29;4;4
12;2025-12-29;5;273
12;2025-12-29;6;1344
12;2025-12-29;7;2593
12;2025-12-29;8;3389
12;2025-12-29;9;2446
12;2025-12-29;10;1938
12;2025-12-29;11;1792
12;2025-12-29;12;1922
12;2025-12-29;13;1970
12;2025-12-29;14;1899
12;2025-12-29;15;2173
12;2025-12-29;16;2632
12;2025-12-29;17;3015
12;2025-12-29;18;3135
12;2025-12-29;19;2334
12;2025-12-29;20;1475
12;2025-12-29;21;870
12;2025-12-29;22;391
12;2025-12-29;23;199
12;2025-12-30;0;18
12;2025-12-30;1;0
12;2025-12-30;2;0
12;2025-12-30;3;0
12;2025-12-30;4;0
12;2025-12-30;5;292
12;2025-12-30;6;1391
12;2025-12-30;7;2664
12;2025-12-30;8;3438
12;2025-12-30;9;2479
12;2025-12-30;10;2003
12;2025-12-30;11;1854
12;2025-12-30;12;1986
12;2025-12-30;13;2013
12;2025-12-30;14;1935
12;2025-12-30;15;2182
12;2025-12-30;16;2652
12;2025-12-30;17;3052
12;2025-12-30;18;3221
12;2025-12-30;19;2389
12;2025-12-30;20;1490
12;2025-12-30;21;894
12;2025-12-30;22;428
12;2025-12-30;23;215
12;2025-12-31;0;17
12;2025-12-31;1;8
12;2025-12-31;2;0
12;2025-12-31;3;0
12;2025-12-31;4;2
12;2025-12-31;5;188
12;2025-12-31;6;688
12;2025-12-31;7;801
12;2025-12-31;8;1056
12;2025-12-31;9;1080
12;2025-12-31;10;1228
12;2025-12-31;11;1272
12;2025-12-31;12;1365
12;2025-12-31;13;1428
12;2025-12-31;14;1323
12;2025-12-31;15;1326
12;2025-12-31;16;1422
12;2025-12-31;17;1457
12;2025-12-31;18;1419
12;2025-12-31;19;1145
12;2025-12-31;20;877
12;2025-12-31;21;691
12;2025-12-31;22;371
12;2025-12-31;23;211
17;2025-11-01;0;215
17;2025-11-01;1;8
17;2025-11-01;2;0
17;2025-11-01;3;0
17;2025-11-01;4;18
17;2025-11-01;5;295
17;2025-11-01;6;1513
17;2025-11-01;7;3720
17;2025-11-01;8;4749
17;2025-11-01;9;3833
17;2025-11-01;10;3222
17;2025-11-01;11;3173
17;2025-11-01;12;3265
17;2025-11-01;13;3441
17;2025-11-01;14;3479
17;2025-11-01;15;3636
17;2025-11-01;16;4014
17;2025-11-01;17;4559
17;2025-11-01;18;4363
17;2025-11-01;19;3289
17;2025-11-01;20;2334
17;2025-11-01;21;1574
17;2025-11-01;22;782
17;2025-11-01;23;464
17;2025-11-02;0;121
17;2025-11-02;1;7
17;2025-11-02;2;0
17;2025-11-02;3;0
17;2025-11-02;4;0
17;2025-11-02;5;68
17;2025-11-02;6;377
17;2025-11-02;7;899
17;2025-11-02;8;1320
17;2025-11-02;9;1714
17;2025-11-02;10;1949
17;2025-11-02;11;2497
17;2025-11-02;12;2759
17;2025-11-02;13;2874
17;2025-11-02;14;3015
17;2025-11-02;15;3009
17;2025-11-02;16;3051
17;2025-11-02;17;3031
17;2025-11-02;18;2419
17;2025-11-02;19;2099
17;2025-11-02;20;1596
17;2025-11-02;21;1001
17;2025-11-02;22;584
17;2025-11-02;23;298
17;2025-11-03;0;99
17;2025-11-03;1;5
17;2025-11-03;2;0
17;2025-11-03;3;0
17;2025-11-03;4;0
17;2025-11-03;5;139
17;2025-11-03;6;542
17;2025-11-03;7;1286
17;2025-11-03;8;1768
17;2025-11-03;9;1907
17;2025-11-03;10;2101
17;2025-11-03;11;2364
17;2025-11-03;12;2356
17;2025-11-03;13;2602
17;2025-11-03;14;2683
17;2025-11-03;15;2721
17;2025-11-03;16;3010
17;2025-11-03;17;3085
17;2025-11-03;18;2916
17;2025-11-03;19;2251
17;2025-11-03;20;1725
17;2025-11-03;21;1142
17;2025-11-03;22;653
17;2025-11-03;23;370
17;2025-11-04;0;167
17;2025-11-04;1;16
17;2025-11-04;2;0
17;2025-11-04;3;0
17;2025-11-04;4;1
17;2025-11-04;5;218
17;2025-11-04;6;653
17;2025-11-04;7;1324
17;2025-11-04;8;1624
17;2025-11-04;9;1840
17;2025-11-04;10;2045
17;2025-11-04;11;2294
17;2025-11-04;12;2378
17;2025-11-04;13;2662
17;2025-11-04;14;2989
17;2025-11-04;15;2990
17;2025-11-04;16;3069
17;2025-11-04;17;3141
17;2025-11-04;18;2907
17;2025-11-04;19;2294
17;2025-11-04;20;1780
17;2025-11-04;21;1211
17;2025-11-04;22;727
17;2025-11-04;23;427
17;2025-11-05;0;157
17;2025-11-05;1;9
17;2025-11-05;2;0
17;2025-11-05;3;0
17;2025-11-05;4;16
17;2025-11-05;5;309
17;2025-11-05;6;1493
17;2025-11-05;7;3791
17;2025-11-05;8;4978
17;2025-11-05;9;3776
17;2025-11-05;10;3104
17;2025-11-05;11;3050
17;2025-11-05;12;3139
17;2025-11-05;13;3177
17;2025-11-05;14;3288
17;2025-11-05;15;3355
17;2025-11-05;16;3714
17;2025-11-05;17;4496
17;2025-11-05;18;4645
17;2025-11-05;19;3342
17;2025-11-05;20;2367
17;2025-11-05;21;1489
17;2025-11-05;22;733
17;2025-11-05;23;402
17;2025-11-06;0;136
17;2025-11-06;1;4
17;2025-11-06;2;0
17;2025-11-06;3;0
17;2025-11-06;4;17
17;2025-11-06;5;325
17;2025-11-06;6;1562
17;2025-11-06;7;3816
17;2025-11-06;8;5029
17;2025-11-06;9;3834
17;2025-11-06;10;3144
17;2025-11-06;11;2916
17;2025-11-06;12;3153
17;2025-11-06;13;3227
17;2025-11-06;14;3319
17;2025-11-06;15;3343
17;2025-11-06;16;3750
17;2025-11-06;17;4518
17;2025-11-06;18;4651
17;2025-11-06;19;3409
17;2025-11-06;20;2238
17;2025-11-06;21;1537
17;2025-11-06;22;784
17;2025-11-06;23;420
17;2025-11-07;0;163
17;2025-11-07;1;13
17;2025-11-07;2;0
17;2025-11-07;3;0
17;2025-11-07;4;14
17;2025-11-07;5;318
17;2025-11-07;6;1528
17;2025-11-07;7;3805
17;2025-11-07;8;4830
17;2025-11-07;9;3694
17;2025-11-07;10;3087
17;2025-11-07;11;3062
17;2025-11-07;12;3139
17;2025-11-07;13;3226
17;2025-11-07;14;3308
17;2025-11-07;15;3504
17;2025-11-07;16;3963
17;2025-11-07;17;4532
17;2025-11-07;18;4313
17;2025-11-07;19;3227
17;2025-11-07;20;2338
17;2025-11-07;21;1532
17;2025-11-07;22;804
17;2025-11-07;23;476
17;2025-11-08;0;223
17;2025-11-08;1;18
17;2025-11-08;2;0
17;2025-11-08;3;0
17;2025-11-08;4;0
17;2025-11-08;5;188
17;2025-11-08;6;653
17;2025-11-08;7;1340
17;2025-11-08;8;1849
17;2025-11-08;9;2268
17;2025-11-08;10;2480
17;2025-11-08;11;2759
17;2025-11-08;12;2976
17;2025-11-08;13;3164
17;2025-11-08;14;3190
17;2025-11-08;15;3219
17;2025-11-08;16;3261
17;2025-11-08;17;3206
17;2025-11-08;18;2816
17;2025-11-08;19;2347
17;2025-11-08;20;1901
17;2025-11-08;21;1287
17;2025-11-08;22;763
17;2025-11-08;23;482
17;2025-11-09;0;197
17;2025-11-09;1;16
17;2025-11-09;2;0
17;2025-11-09;3;0
17;2025-11-09;4;0
17;2025-11-09;5;144
17;2025-11-09;6;459
17;2025-11-09;7;943
17;2025-11-09;8;1367
17;2025-11-09;9;1835
17;2025-11-09;10;2075
17;2025-11-09;11;2507
17;2025-11-09;12;2527
17;2025-11-09;13;2731
17;2025-11-09;14;2773
17;2025-11-09;15;2766
17;2025-11-09;16;2813
17;2025-11-09;17;2752
17;2025-11-09;18;2370
17;2025-11-09;19;1988
17;2025-11-09;20;1484
17;2025-11-09;21;1006
17;2025-11-09;22;583
17;2025-11-09;23;300
17;2025-11-10;0;77
17;2025-11-10;1;6
17;2025-11-10;2;0
17;2025-11-10;3;0
17;2025-11-10;4;13
17;2025-11-10;5;254
17;2025-11-10;6;1465
17;2025-11-10;7;3815
17;2025-11-10;8;5023
17;2025-11-10;9;3776
17;2025-11-10;10;2989
17;2025-11-10;11;2896
17;2025-11-10;12;2929
17;2025-11-10;13;2993
17;2025-11-10;14;3078
17;2025-11-10;15;3209
17;2025-11-10;16;3629
17;2025-11-10;17;4374
17;2025-11-10;18;4601
17;2025-11-10;19;3272
17;2025-11-10;20;2233
17;2025-11-10;21;1376
17;2025-11-10;22;625
17;2025-11-10;23;311
17;2025-11-11;0;84
17;2025-11-11;1;1
17;2025-11-11;2;0
17;2025-11-11;3;0
17;2025-11-11;4;9
17;2025-11-11;5;273
17;2025-11-11;6;1509
17;2025-11-11;7;3847
17;2025-11-11;8;5050
17;2025-11-11;9;3809
17;2025-11-11;10;3049
17;2025-11-11;11;2958
17;2025-11-11;12;3019
17;2025-11-11;13;3124
17;2025-11-11;14;3231
17;2025-11-11;15;3273
17;2025-11-11;16;3666
17;2025-11-11;17;4426
17;2025-11-11;18;4614
17;2025-11-11;19;3326
17;2025-11-11;20;2298
17;2025-11-11;21;1433
17;2025-11-11;22;678
17;2025-11-11;23;351
17;2025-11-12;0;94
17;2025-11-12;1;3
17;2025-11-12;2;0
17;2025-11-12;3;0
17;2025-11-12;4;13
17;2025-11-12;5;275
17;2025-11-12;6;1498
17;2025-11-12;7;3827
17;2025-11-12;8;4981
17;2025-11-12;9;3782
17;2025-11-12;10;3047
17;2025-11-12;11;2913
17;2025-11-12;12;2964
17;2025-11-12;13;3032
17;2025-11-12;14;3145
17;2025-11-12;15;3247
17;2025-11-12;16;3676
17;2025-11-12;17;4429
17;2025-11-12;18;4556
17;2025-11-12;19;3275
17;2025-11-12;20;2281
17;2025-11-12;21;1434
17;2025-11-12;22;688
17;2025-11-12;23;358
17;2025-11-13;0;98
17;2025-11-13;1;3
17;2025-11-13;2;0
17;2025-11-13;3;0
17;2025-11-13;4;10
17;2025-11-13;5;269
17;2025-11-13;6;1486
17;2025-11-13;7;3780
17;2025-11-13;8;4975
17;2025-11-13;9;3795
17;2025-11-13;10;3099
17;2025-11-13;11;3026
17;2025-11-13;12;3117
17;2025-11-13;13;3191
17;2025-11-13;14;3292
17;2025-11-13;15;3368
17;2025-11-13;16;3791
17;2025-11-13;17;4498
17;2025-11-13;18;4633
17;2025-11-13;19;3387
17;2025-11-13;20;2357
17;2025-11-13;21;1507
17;2025-11-13;22;723
17;2025-11-13;23;368
17;2025-11-14;0;94
17;2025-11-14;1;3
17;2025-11-14;2;0
17;2025-11-14;3;0
17;2025-11-14;4;8
17;2025-11-14;5;250
17;2025-11-14;6;1472
17;2025-11-14;7;3761
17;2025-11-14;8;4806
17;2025-11-14;9;3783
17;2025-11-14;10;3070
17;2025-11-14;11;3041
17;2025-11-14;12;3110
17;2025-11-14;13;3215
17;2025-11-14;14;3297
17;2025-11-14;15;3492
17;2025-11-14;16;3947
17;2025-11-14;17;4514
17;2025-11-14;18;4309
17;2025-11-14;19;3221
17;2025-11-14;20;2306
17;2025-11-14;21;1487
17;2025-11-14;22;775
17;2025-11-14;23;438
17;2025-11-15;0;152
17;2025-11-15;1;4
17;2025-11-15;2;0
17;2025-11-15;3;0
17;2025-11-15;4;4
17;2025-11-15;5;83
17;2025-11-15;6;540
17;2025-11-15;7;1221
17;2025-11-15;8;1697
17;2025-11-15;9;2052
17;2025-11-15;10;2248
17;2025-11-15;11;2356
17;2025-11-15;12;2356
17;2025-11-15;13;2525
17;2025-11-15;14;2760
17;2025-11-15;15;2806
17;2025-11-15;16;2854
17;2025-11-15;17;2836
17;2025-11-15;18;2465
17;2025-11-15;19;2180
17;2025-11-15;20;1792
17;2025-11-15;21;1131
17;2025-11-15;22;693
17;2025-11-15;23;422
17;2025-11-16;0;100
17;2025-11-16;1;0
17;2025-11-16;2;0
17;2025-11-16;3;0
17;2025-11-16;4;0
17;2025-11-16;5;67
17;2025-11-16;6;372
17;2025-11-16;7;897
17;2025-11-16;8;1313
17;2025-11-16;9;1689
17;2025-11-16;10;1909
17;2025-11-16;11;2316
17;2025-11-16;12;2325
17;2025-11-16;13;2554
17;2025-11-16;14;2634
17;2025-11-16;15;2676
17;2025-11-16;16;2736
17;2025-11-16;17;2706
17;2025-11-16;18;2308
17;2025-11-16;19;1926
17;2025-11-16;20;1481
17;2025-11-16;21;978
17;2025-11-16;22;580
17;2025-11-16;23;308
17;2025-11-17;0;78
17;2025-11-17;1;5
17;2025-11-17;2;0
17;2025-11-17;3;0
17;2025-11-17;4;12
17;2025-11-17;5;250
17;2025-11-17;6;1464
17;2025-11-17;7;3795
17;2025-11-17;8;5010
17;2025-11-17;9;3774
17;2025-11-17;10;2948
17;2025-11-17;11;2849
17;2025-11-17;12;2793
17;2025-11-17;13;2757
17;2025-11-17;14;2941
17;2025-11-17;15;3127
17;2025-11-17;16;3577
17;2025-11-17;17;4309
17;2025-11-17;18;4600
17;2025-11-17;19;3270
17;2025-11-17;20;2240
17;2025-11-17;21;1339
17;2025-11-17;22;624
17;2025-11-17;23;313
17;2025-11-18;0;84
17;2025-11-18;1;2
17;2025-11-18;2;0
17;2025-11-18;3;0
17;2025-11-18;4;16
17;2025-11-18;5;266
17;2025-11-18;6;1561
17;2025-11-18;7;3865
17;2025-11-18;8;5041
17;2025-11-18;9;3715
17;2025-11-18;10;2896
17;2025-11-18;11;2936
17;2025-11-18;12;3017
17;2025-11-18;13;3028
17;2025-11-18;14;3128
17;2025-11-18;15;3289
17;2025-11-18;16;3705
17;2025-11-18;17;4427
17;2025-11-18;18;4585
17;2025-11-18;19;3280
17;2025-11-18;20;2261
17;2025-11-18;21;1433
17;2025-11-18;22;685
17;2025-11-18;23;358
17;2025-11-19;0;82
17;2025-11-19;1;0
17;2025-11-19;2;0
17;2025-11-19;3;0
17;2025-11-19;4;11
17;2025-11-19;5;276
17;2025-11-19;6;1501
17;2025-11-19;7;3831
17;2025-11-19;8;4987
17;2025-11-19;9;3794
17;2025-11-19;10;3090
17;2025-11-19;11;3005
17;2025-11-19;12;3054
17;2025-11-19;13;3118
17;2025-11-19;14;3206
17;2025-11-19;15;3299
17;2025-11-19;16;3692
17;2025-11-19;17;4443
17;2025-11-19;18;4590
17;2025-11-19;19;3275
17;2025-11-19;20;2292
17;2025-11-19;21;1446
17;2025-11-19;22;695
17;2025-11-19;23;374
17;2025-11-20;0;98
17;2025-11-20;1;9
17;2025-11-20;2;0
17;2025-11-20;3;0
17;2025-11-20;4;14
17;2025-11-20;5;276
17;2025-11-20;6;1512
17;2025-11-20;7;3812
17;2025-11-20;8;5016
17;2025-11-20;9;3824
17;2025-11-20;10;3129
17;2025-11-20;11;3026
17;2025-11-20;12;3074
17;2025-11-20;13;3150
17;2025-11-20;14;3245
17;2025-11-20;15;3323
17;2025-11-20;16;3772
17;2025-11-20;17;4460
17;2025-11-20;18;4611
17;2025-11-20;19;3362
17;2025-11-20;20;2323
17;2025-11-20;21;1488
17;2025-11-20;22;735
17;2025-11-20;23;386
17;2025-11-21;0;104
17;2025-11-21;1;7
17;2025-11-21;2;0
17;2025-11-21;3;0
17;2025-11-21;4;8
17;2025-11-21;5;252
17;2025-11-21;6;1461
17;2025-11-21;7;3736
17;2025-11-21;8;4829
17;2025-11-21;9;3754
17;2025-11-21;10;3045
17;2025-11-21;11;3014
17;2025-11-21;12;2986
17;2025-11-21;13;3130
17;2025-11-21;14;3221
17;2025-11-21;15;3425
17;2025-11-21;16;3899
17;2025-11-21;17;4455
17;2025-11-21;18;4251
17;2025-11-21;19;3161
17;2025-11-21;20;2264
17;2025-11-21;21;1490
17;2025-11-21;22;750
17;2025-11-21;23;422
17;2025-11-22;0;162
17;2025-11-22;1;4
17;2025-11-22;2;0
17;2025-11-22;3;0
17;2025-11-22;4;2
17;2025-11-22;5;84
17;2025-11-22;6;556
17;2025-11-22;7;1275
17;2025-11-22;8;1782
17;2025-11-22;9;2083
17;2025-11-22;10;2368
17;2025-11-22;11;2564
17;2025-11-22;12;2516
17;2025-11-22;13;2701
17;2025-11-22;14;2794
17;2025-11-22;15;2824
17;2025-11-22;16;2879
17;2025-11-22;17;2825
17;2025-11-22;18;2465
17;2025-11-22;19;2218
17;2025-11-22;20;1768
17;2025-11-22;21;1089
17;2025-11-22;22;617
17;2025-11-22;23;394
17;2025-11-23;0;110
17;2025-11-23;1;6
17;2025-11-23;2;0
17;2025-11-23;3;0
17;2025-11-23;4;0
17;2025-11-23;5;74
17;2025-11-23;6;377
17;2025-11-23;7;908
17;2025-11-23;8;1330
17;2025-11-23;9;1728
17;2025-11-23;10;1959
17;2025-11-23;11;2364
17;2025-11-23;12;2385
17;2025-11-23;13;2601
17;2025-11-23;14;2685
17;2025-11-23;15;2702
17;2025-11-23;16;2733
17;2025-11-23;17;2751
17;2025-11-23;18;2364
17;2025-11-23;19;1982
17;2025-11-23;20;1489
17;2025-11-23;21;1009
17;2025-11-23;22;578
17;2025-11-23;23;312
17;2025-11-24;0;77
17;2025-11-24;1;14
17;2025-11-24;2;0
17;2025-11-24;3;0
17;2025-11-24;4;16
17;2025-11-24;5;216
17;2025-11-24;6;1444
17;2025-11-24;7;3793
17;2025-11-24;8;4993
17;2025-11-24;9;3678
17;2025-11-24;10;2863
17;2025-11-24;11;2671
17;2025-11-24;12;2787
17;2025-11-24;13;2937
17;2025-11-24;14;3005
17;2025-11-24;15;3158
17;2025-11-24;16;3629
17;2025-11-24;17;4377
17;2025-11-24;18;4601
17;2025-11-24;19;3275
17;2025-11-24;20;2238
17;2025-11-24;21;1392
17;2025-11-24;22;628
17;2025-11-24;23;317
17;2025-11-25;0;85
17;2025-11-25;1;4
17;2025-11-25;2;0
17;2025-11-25;3;0
17;2025-11-25;4;11
17;2025-11-25;5;277
17;2025-11-25;6;1517
17;2025-11-25;7;3852
17;2025-11-25;8;5048
17;2025-11-25;9;3817
17;2025-11-25;10;3070
17;2025-11-25;11;2980
17;2025-11-25;12;3021
17;2025-11-25;13;3092
17;2025-11-25;14;3191
17;2025-11-25;15;3285
17;2025-11-25;16;3687
17;2025-11-25;17;4443
17;2025-11-25;18;4621
17;2025-11-25;19;3328
17;2025-11-25;20;2309
17;2025-11-25;21;1437
17;2025-11-25;22;686
17;2025-11-25;23;359
17;2025-11-26;0;87
17;2025-11-26;1;1
17;2025-11-26;2;0
17;2025-11-26;3;0
17;2025-11-26;4;21
17;2025-11-26;5;262
17;2025-11-26;6;1499
17;2025-11-26;7;3754
17;2025-11-26;8;4942
17;2025-11-26;9;3717
17;2025-11-26;10;2994
17;2025-11-26;11;2891
17;2025-11-26;12;2995
17;2025-11-26;13;3071
17;2025-11-26;14;3156
17;2025-11-26;15;3266
17;2025-11-26;16;3570
17;2025-11-26;17;4317
17;2025-11-26;18;4563
17;2025-11-26;19;3233
17;2025-11-26;20;2241
17;2025-11-26;21;1406
17;2025-11-26;22;672
17;2025-11-26;23;366
17;2025-11-27;0;88
17;2025-11-27;1;2
17;2025-11-27;2;0
17;2025-11-27;3;0
17;2025-11-27;4;14
17;2025-11-27;5;274
17;2025-11-27;6;1503
17;2025-11-27;7;3789
17;2025-11-27;8;4987
17;2025-11-27;9;3796
17;2025-11-27;10;3100
17;2025-11-27;11;2864
17;2025-11-27;12;2898
17;2025-11-27;13;3065
17;2025-11-27;14;3110
17;2025-11-27;15;3313
17;2025-11-27;16;3752
17;2025-11-27;17;4368
17;2025-11-27;18;4490
17;2025-11-27;19;3237
17;2025-11-27;20;2202
17;2025-11-27;21;1438
17;2025-11-27;22;659
17;2025-11-27;23;371
17;2025-11-28;0;105
17;2025-11-28;1;1
17;2025-11-28;2;0
17;2025-11-28;3;0
17;2025-11-28;4;12
17;2025-11-28;5;294
17;2025-11-28;6;1475
17;2025-11-28;7;3770
17;2025-11-28;8;4818
17;2025-11-28;9;3745
17;2025-11-28;10;3032
17;2025-11-28;11;3006
17;2025-11-28;12;3044
17;2025-11-28;13;3128
17;2025-11-28;14;3220
17;2025-11-28;15;3422
17;2025-11-28;16;3900
17;2025-11-28;17;4453
17;2025-11-28;18;4251
17;2025-11-28;19;3161
17;2025-11-28;20;2265
17;2025-11-28;21;1490
17;2025-11-28;22;750
17;2025-11-28;23;423
17;2025-11-29;0;164
17;2025-11-29;1;5
17;2025-11-29;2;0
17;2025-11-29;3;0
17;2025-11-29;4;0
17;2025-11-29;5;128
17;2025-11-29;6;578
17;2025-11-29;7;1304
17;2025-11-29;8;1813
17;2025-11-29;9;2165
17;2025-11-29;10;2370
17;2025-11-29;11;2563
17;2025-11-29;12;2516
17;2025-11-29;13;2701
17;2025-11-29;14;2793
17;2025-11-29;15;2824
17;2025-11-29;16;2878
17;2025-11-29;17;2825
17;2025-11-29;18;2464
17;2025-11-29;19;2215
17;2025-11-29;20;1767
17;2025-11-29;21;1124
17;2025-11-29;22;699
17;2025-11-29;23;433
17;2025-11-30;0;112
17;2025-11-30;1;6
17;2025-11-30;2;0
17;2025-11-30;3;0
17;2025-11-30;4;0
17;2025-11-30;5;76
17;2025-11-30;6;377
17;2025-11-30;7;910
17;2025-11-30;8;1331
17;2025-11-30;9;1727
17;2025-11-30;10;1960
17;2025-11-30;11;2398
17;2025-11-30;12;2410
17;2025-11-30;13;2623
17;2025-11-30;14;2718
17;2025-11-30;15;2724
17;2025-11-30;16;2780
17;2025-11-30;17;2756
17;2025-11-30;18;2369
17;2025-11-30;19;1990
17;2025-11-30;20;1485
17;2025-11-30;21;1016
17;2025-11-30;22;586
17;2025-11-30;23;313
17;2025-12-01;0;81
17;2025-12-01;1;6
17;2025-12-01;2;0
17;2025-12-01;3;0
17;2025-12-01;4;17
17;2025-12-01;5;251
17;2025-12-01;6;1469
17;2025-12-01;7;3822
17;2025-12-01;8;5031
17;2025-12-01;9;3780
17;2025-12-01;10;2991
17;2025-12-01;11;2901
17;2025-12-01;12;2933
17;2025-12-01;13;3005
17;2025-12-01;14;3086
17;2025-12-01;15;3221
17;2025-12-01;16;3645
17;2025-12-01;17;4384
17;2025-12-01;18;4606
17;2025-12-01;19;3279
17;2025-12-01;20;2240
17;2025-12-01;21;1380
17;2025-12-01;22;632
17;2025-12-01;23;319
17;2025-12-02;0;83
17;2025-12-02;1;3
17;2025-12-02;2;0
17;2025-12-02;3;0
17;2025-12-02;4;10
17;2025-12-02;5;276
17;2025-12-02;6;1515
17;2025-12-02;7;3853
17;2025-12-02;8;5049
17;2025-12-02;9;3814
17;2025-12-02;10;3068
17;2025-12-02;11;2982
17;2025-12-02;12;3020
17;2025-12-02;13;3089
17;2025-12-02;14;3189
17;2025-12-02;15;3286
17;2025-12-02;16;3685
17;2025-12-02;17;4442
17;2025-12-02;18;4621
17;2025-12-02;19;3330
17;2025-12-02;20;2306
17;2025-12-02;21;1433
17;2025-12-02;22;686
17;2025-12-02;23;357
17;2025-12-03;0;94
17;2025-12-03;1;2
17;2025-12-03;2;0
17;2025-12-03;3;0
17;2025-12-03;4;13
17;2025-12-03;5;276
17;2025-12-03;6;1501
17;2025-12-03;7;3831
17;2025-12-03;8;4987
17;2025-12-03;9;3790
17;2025-12-03;10;3089
17;2025-12-03;11;3005
17;2025-12-03;12;3056
17;2025-12-03;13;3115
17;2025-12-03;14;3204
17;2025-12-03;15;3301
17;2025-12-03;16;3689
17;2025-12-03;17;4442
17;2025-12-03;18;4592
17;2025-12-03;19;3276
17;2025-12-03;20;2288
17;2025-12-03;21;1443
17;2025-12-03;22;694
17;2025-12-03;23;371
17;2025-12-04;0;103
17;2025-12-04;1;3
17;2025-12-04;2;0
17;2025-12-04;3;0
17;2025-12-04;4;14
17;2025-12-04;5;279
17;2025-12-04;6;1511
17;2025-12-04;7;3817
17;2025-12-04;8;5013
17;2025-12-04;9;3819
17;2025-12-04;10;3123
17;2025-12-04;11;3022
17;2025-12-04;12;3073
17;2025-12-04;13;3152
17;2025-12-04;14;3246
17;2025-12-04;15;3325
17;2025-12-04;16;3772
17;2025-12-04;17;4453
17;2025-12-04;18;4607
17;2025-12-04;19;3357
17;2025-12-04;20;2324
17;2025-12-04;21;1490
17;2025-12-04;22;730
17;2025-12-04;23;388
17;2025-12-05;0;105
17;2025-12-05;1;4
17;2025-12-05;2;0
17;2025-12-05;3;0
17;2025-12-05;4;13
17;2025-12-05;5;259
17;2025-12-05;6;1476
17;2025-12-05;7;3789
17;2025-12-05;8;4831
17;2025-12-05;9;3755
17;2025-12-05;10;3044
17;2025-12-05;11;3013
17;2025-12-05;12;3048
17;2025-12-05;13;3130
17;2025-12-05;14;3220
17;2025-12-05;15;3423
17;2025-12-05;16;3900
17;2025-12-05;17;4453
17;2025-12-05;18;4251
17;2025-12-05;19;3161
17;2025-12-05;20;2274
17;2025-12-05;21;1490
17;2025-12-05;22;749
17;2025-12-05;23;421
17;2025-12-06;0;163
17;2025-12-06;1;2
17;2025-12-06;2;0
17;2025-12-06;3;0
17;2025-12-06;4;0
17;2025-12-06;5;128
17;2025-12-06;6;576
17;2025-12-06;7;1304
17;2025-12-06;8;1813
17;2025-12-06;9;2162
17;2025-12-06;10;2368
17;2025-12-06;11;2559
17;2025-12-06;12;2512
17;2025-12-06;13;2695
17;2025-12-06;14;2790
17;2025-12-06;15;2823
17;2025-12-06;16;2879
17;2025-12-06;17;2823
17;2025-12-06;18;2464
17;2025-12-06;19;2215
17;2025-12-06;20;1762
17;2025-12-06;21;1125
17;2025-12-06;22;698
17;2025-12-06;23;432
17;2025-12-07;0;126
17;2025-12-07;1;7
17;2025-12-07;2;0
17;2025-12-07;3;0
17;2025-12-07;4;0
17;2025-12-07;5;76
17;2025-12-07;6;377
17;2025-12-07;7;910
17;2025-12-07;8;1331
17;2025-12-07;9;1729
17;2025-12-07;10;1963
17;2025-12-07;11;2399
17;2025-12-07;12;2411
17;2025-12-07;13;2620
17;2025-12-07;14;2716
17;2025-12-07;15;2721
17;2025-12-07;16;2778
17;2025-12-07;17;2759
17;2025-12-07;18;2369
17;2025-12-07;19;1990
17;2025-12-07;20;1491
17;2025-12-07;21;1014
17;2025-12-07;22;584
17;2025-12-07;23;313
17;2025-12-08;0;81
17;2025-12-08;1;7
17;2025-12-08;2;0
17;2025-12-08;3;0
17;2025-12-08;4;17
17;2025-12-08;5;258
17;2025-12-08;6;1472
17;2025-12-08;7;3822
17;2025-12-08;8;5031
17;2025-12-08;9;3777
17;2025-12-08;10;2989
17;2025-12-08;11;2900
17;2025-12-08;12;2933
17;2025-12-08;13;3004
17;2025-12-08;14;3085
17;2025-12-08;15;3221
17;2025-12-08;16;3643
17;2025-12-08;17;4381
17;2025-12-08;18;4606
17;2025-12-08;19;3279
17;2025-12-08;20;2240
17;2025-12-08;21;1380
17;2025-12-08;22;632
17;2025-12-08;23;319
17;2025-12-09;0;83
17;2025-12-09;1;2
17;2025-12-09;2;0
17;2025-12-09;3;0
17;2025-12-09;4;10
17;2025-12-09;5;275
17;2025-12-09;6;1514
17;2025-12-09;7;3842
17;2025-12-09;8;5042
17;2025-12-09;9;3813
17;2025-12-09;10;3064
17;2025-12-09;11;2979
17;2025-12-09;12;3019
17;2025-12-09;13;3083
17;2025-12-09;14;3184
17;2025-12-09;15;3283
17;2025-12-09;16;3680
17;2025-12-09;17;4440
17;2025-12-09;18;4620
17;2025-12-09;19;3329
17;2025-12-09;20;2304
17;2025-12-09;21;1430
17;2025-12-09;22;659
17;2025-12-09;23;345
17;2025-12-10;0;87
17;2025-12-10;1;0
17;2025-12-10;2;0
17;2025-12-10;3;0
17;2025-12-10;4;8
17;2025-12-10;5;263
17;2025-12-10;6;1498
17;2025-12-10;7;3757
17;2025-12-10;8;4964
17;2025-12-10;9;3770
17;2025-12-10;10;3057
17;2025-12-10;11;2964
17;2025-12-10;12;3056
17;2025-12-10;13;3119
17;2025-12-10;14;3207
17;2025-12-10;15;3300
17;2025-12-10;16;3693
17;2025-12-10;17;4444
17;2025-12-10;18;4591
17;2025-12-10;19;3275
17;2025-12-10;20;2292
17;2025-12-10;21;1446
17;2025-12-10;22;692
17;2025-12-10;23;371
17;2025-12-11;0;102
17;2025-12-11;1;3
17;2025-12-11;2;0
17;2025-12-11;3;0
17;2025-12-11;4;13
17;2025-12-11;5;280
17;2025-12-11;6;1510
17;2025-12-11;7;3815
17;2025-12-11;8;4858
17;2025-12-11;9;3701
17;2025-12-11;10;3012
17;2025-12-11;11;2922
17;2025-12-11;12;2970
17;2025-12-11;13;3100
17;2025-12-11;14;3246
17;2025-12-11;15;3277
17;2025-12-11;16;3701
17;2025-12-11;17;4374
17;2025-12-11;18;4530
17;2025-12-11;19;3247
17;2025-12-11;20;2210
17;2025-12-11;21;1420
17;2025-12-11;22;711
17;2025-12-11;23;383
17;2025-12-12;0;105
17;2025-12-12;1;7
17;2025-12-12;2;0
17;2025-12-12;3;0
17;2025-12-12;4;10
17;2025-12-12;5;252
17;2025-12-12;6;1462
17;2025-12-12;7;3772
17;2025-12-12;8;4791
17;2025-12-12;9;3743
17;2025-12-12;10;2994
17;2025-12-12;11;2992
17;2025-12-12;12;2890
17;2025-12-12;13;2966
17;2025-12-12;14;3067
17;2025-12-12;15;3273
17;2025-12-12;16;3742
17;2025-12-12;17;4396
17;2025-12-12;18;4230
17;2025-12-12;19;3168
17;2025-12-12;20;2264
17;2025-12-12;21;1493
17;2025-12-12;22;732
17;2025-12-12;23;411
17;2025-12-13;0;161
17;2025-12-13;1;1
17;2025-12-13;2;0
17;2025-12-13;3;0
17;2025-12-13;4;0
17;2025-12-13;5;118
17;2025-12-13;6;574
17;2025-12-13;7;1263
17;2025-12-13;8;1771
17;2025-12-13;9;2168
17;2025-12-13;10;2366
17;2025-12-13;11;2553
17;2025-12-13;12;2512
17;2025-12-13;13;2681
17;2025-12-13;14;2785
17;2025-12-13;15;2812
17;2025-12-13;16;2885
17;2025-12-13;17;2817
17;2025-12-13;18;2452
17;2025-12-13;19;2179
17;2025-12-13;20;1733
17;2025-12-13;21;1094
17;2025-12-13;22;697
17;2025-12-13;23;415
17;2025-12-14;0;86
17;2025-12-14;1;0
17;2025-12-14;2;0
17;2025-12-14;3;0
17;2025-12-14;4;0
17;2025-12-14;5;68
17;2025-12-14;6;374
17;2025-12-14;7;900
17;2025-12-14;8;1303
17;2025-12-14;9;1730
17;2025-12-14;10;1956
17;2025-12-14;11;2352
17;2025-12-14;12;2371
17;2025-12-14;13;2567
17;2025-12-14;14;2669
17;2025-12-14;15;2679
17;2025-12-14;16;2743
17;2025-12-14;17;2712
17;2025-12-14;18;2323
17;2025-12-14;19;1935
17;2025-12-14;20;1481
17;2025-12-14;21;983
17;2025-12-14;22;584
17;2025-12-14;23;313
17;2025-12-15;0;79
17;2025-12-15;1;1
17;2025-12-15;2;0
17;2025-12-15;3;0
17;2025-12-15;4;8
17;2025-12-15;5;251
17;2025-12-15;6;1470
17;2025-12-15;7;3797
17;2025-12-15;8;5008
17;2025-12-15;9;3783
17;2025-12-15;10;2993
17;2025-12-15;11;2848
17;2025-12-15;12;2936
17;2025-12-15;13;2990
17;2025-12-15;14;3088
17;2025-12-15;15;3216
17;2025-12-15;16;3652
17;2025-12-15;17;4377
17;2025-12-15;18;4590
17;2025-12-15;19;3258
17;2025-12-15;20;2244
17;2025-12-15;21;1390
17;2025-12-15;22;629
17;2025-12-15;23;319
17;2025-12-16;0;84
17;2025-12-16;1;0
17;2025-12-16;2;0
17;2025-12-16;3;0
17;2025-12-16;4;7
17;2025-12-16;5;269
17;2025-12-16;6;1516
17;2025-12-16;7;3832
17;2025-12-16;8;5032
17;2025-12-16;9;3819
17;2025-12-16;10;3040
17;2025-12-16;11;2914
17;2025-12-16;12;2890
17;2025-12-16;13;2938
17;2025-12-16;14;3126
17;2025-12-16;15;3290
17;2025-12-16;16;3686
17;2025-12-16;17;4443
17;2025-12-16;18;4620
17;2025-12-16;19;3328
17;2025-12-16;20;2310
17;2025-12-16;21;1437
17;2025-12-16;22;688
17;2025-12-16;23;362
17;2025-12-17;0;83
17;2025-12-17;1;2
17;2025-12-17;2;0
17;2025-12-17;3;0
17;2025-12-17;4;12
17;2025-12-17;5;275
17;2025-12-17;6;1496
17;2025-12-17;7;3826
17;2025-12-17;8;4984
17;2025-12-17;9;3794
17;2025-12-17;10;3089
17;2025-12-17;11;3004
17;2025-12-17;12;3056
17;2025-12-17;13;3118
17;2025-12-17;14;3207
17;2025-12-17;15;3299
17;2025-12-17;16;3692
17;2025-12-17;17;4442
17;2025-12-17;18;4590
17;2025-12-17;19;3273
17;2025-12-17;20;2291
17;2025-12-17;21;1446
17;2025-12-17;22;694
17;2025-12-17;23;374
17;2025-12-18;0;109
17;2025-12-18;1;9
17;2025-12-18;2;0
17;2025-12-18;3;0
17;2025-12-18;4;18
17;2025-12-18;5;282
17;2025-12-18;6;1516
17;2025-12-18;7;3819
17;2025-12-18;8;5016
17;2025-12-18;9;3823
17;2025-12-18;10;3127
17;2025-12-18;11;3028
17;2025-12-18;12;3079
17;2025-12-18;13;3151
17;2025-12-18;14;3244
17;2025-12-18;15;3324
17;2025-12-18;16;3769
17;2025-12-18;17;4455
17;2025-12-18;18;4607
17;2025-12-18;19;3356
17;2025-12-18;20;2325
17;2025-12-18;21;1487
17;2025-12-18;22;729
17;2025-12-18;23;388
17;2025-12-19;0;105
17;2025-12-19;1;5
17;2025-12-19;2;0
17;2025-12-19;3;0
17;2025-12-19;4;15
17;2025-12-19;5;259
17;2025-12-19;6;1478
17;2025-12-19;7;3789
17;2025-12-19;8;4830
17;2025-12-19;9;3754
17;2025-12-19;10;3042
17;2025-12-19;11;3012
17;2025-12-19;12;3050
17;2025-12-19;13;3125
17;2025-12-19;14;3217
17;2025-12-19;15;3423
17;2025-12-19;16;3904
17;2025-12-19;17;4406
17;2025-12-19;18;4249
17;2025-12-19;19;3162
17;2025-12-19;20;2262
17;2025-12-19;21;1493
17;2025-12-19;22;755
17;2025-12-19;23;419
17;2025-12-20;0;159
17;2025-12-20;1;3
17;2025-12-20;2;0
17;2025-12-20;3;0
17;2025-12-20;4;0
17;2025-12-20;5;127
17;2025-12-20;6;578
17;2025-12-20;7;1304
17;2025-12-20;8;1813
17;2025-12-20;9;2165
17;2025-12-20;10;2370
17;2025-12-20;11;2562
17;2025-12-20;12;2516
17;2025-12-20;13;2701
17;2025-12-20;14;2793
17;2025-12-20;15;2824
17;2025-12-20;16;2878
17;2025-12-20;17;2824
17;2025-12-20;18;2464
17;2025-12-20;19;2215
17;2025-12-20;20;1766
17;2025-12-20;21;1123
17;2025-12-20;22;698
17;2025-12-20;23;431
17;2025-12-21;0;124
17;2025-12-21;1;5
17;2025-12-21;2;0
17;2025-12-21;3;0
17;2025-12-21;4;0
17;2025-12-21;5;76
17;2025-12-21;6;353
17;2025-12-21;7;883
17;2025-12-21;8;1320
17;2025-12-21;9;1728
17;2025-12-21;10;1962
17;2025-12-21;11;2390
17;2025-12-21;12;2409
17;2025-12-21;13;2618
17;2025-12-21;14;2710
17;2025-12-21;15;2721
17;2025-12-21;16;2778
17;2025-12-21;17;2759
17;2025-12-21;18;2368
17;2025-12-21;19;1990
17;2025-12-21;20;1491
17;2025-12-21;21;1012
17;2025-12-21;22;572
17;2025-12-21;23;311
17;2025-12-22;0;61
17;2025-12-22;1;2
17;2025-12-22;2;0
17;2025-12-22;3;0
17;2025-12-22;4;14
17;2025-12-22;5;254
17;2025-12-22;6;1467
17;2025-12-22;7;3819
17;2025-12-22;8;5028
17;2025-12-22;9;3729
17;2025-12-22;10;2902
17;2025-12-22;11;2841
17;2025-12-22;12;2871
17;2025-12-22;13;3005
17;2025-12-22;14;3086
17;2025-12-22;15;3185
17;2025-12-22;16;3639
17;2025-12-22;17;4376
17;2025-12-22;18;4580
17;2025-12-22;19;3268
17;2025-12-22;20;2233
17;2025-12-22;21;1383
17;2025-12-22;22;600
17;2025-12-22;23;302
17;2025-12-23;0;79
17;2025-12-23;1;0
17;2025-12-23;2;0
17;2025-12-23;3;0
17;2025-12-23;4;15
17;2025-12-23;5;275
17;2025-12-23;6;1523
17;2025-12-23;7;3839
17;2025-12-23;8;5039
17;2025-12-23;9;3816
17;2025-12-23;10;3065
17;2025-12-23;11;2977
17;2025-12-23;12;3023
17;2025-12-23;13;3083
17;2025-12-23;14;3189
17;2025-12-23;15;3282
17;2025-12-23;16;3676
17;2025-12-23;17;4435
17;2025-12-23;18;4605
17;2025-12-23;19;3328
17;2025-12-23;20;2302
17;2025-12-23;21;1434
17;2025-12-23;22;692
17;2025-12-23;23;350
17;2025-12-24;0;87
17;2025-12-24;1;6
17;2025-12-24;2;0
17;2025-12-24;3;0
17;2025-12-24;4;12
17;2025-12-24;5;274
17;2025-12-24;6;1500
17;2025-12-24;7;3824
17;2025-12-24;8;4981
17;2025-12-24;9;3788
17;2025-12-24;10;3088
17;2025-12-24;11;3002
17;2025-12-24;12;3008
17;2025-12-24;13;3037
17;2025-12-24;14;3207
17;2025-12-24;15;3259
17;2025-12-24;16;3694
17;2025-12-24;17;4435
17;2025-12-24;18;4570
17;2025-12-24;19;3263
17;2025-12-24;20;2263
17;2025-12-24;21;1429
17;2025-12-24;22;673
17;2025-12-24;23;349
17;2025-12-25;0;98
17;2025-12-25;1;0
17;2025-12-25;2;0
17;2025-12-25;3;0
17;2025-12-25;4;14
17;2025-12-25;5;272
17;2025-12-25;6;1493
17;2025-12-25;7;3800
17;2025-12-25;8;5004
17;2025-12-25;9;3828
17;2025-12-25;10;3131
17;2025-12-25;11;3029
17;2025-12-25;12;3074
17;2025-12-25;13;3150
17;2025-12-25;14;3248
17;2025-12-25;15;3318
17;2025-12-25;16;3781
17;2025-12-25;17;4391
17;2025-12-25;18;4494
17;2025-12-25;19;3352
17;2025-12-25;20;2256
17;2025-12-25;21;1459
17;2025-12-25;22;666
17;2025-12-25;23;336
17;2025-12-26;0;96
17;2025-12-26;1;12
17;2025-12-26;2;0
17;2025-12-26;3;0
17;2025-12-26;4;13
17;2025-12-26;5;257
17;2025-12-26;6;1449
17;2025-12-26;7;3683
17;2025-12-26;8;4811
17;2025-12-26;9;3660
17;2025-12-26;10;2924
17;2025-12-26;11;2881
17;2025-12-26;12;2909
17;2025-12-26;13;3077
17;2025-12-26;14;3164
17;2025-12-26;15;3412
17;2025-12-26;16;3862
17;2025-12-26;17;4409
17;2025-12-26;18;4268
17;2025-12-26;19;3108
17;2025-12-26;20;2222
17;2025-12-26;21;1440
17;2025-12-26;22;715
17;2025-12-26;23;414
17;2025-12-27;0;132
17;2025-12-27;1;0
17;2025-12-27;2;0
17;2025-12-27;3;0
17;2025-12-27;4;0
17;2025-12-27;5;114
17;2025-12-27;6;541
17;2025-12-27;7;1269
17;2025-12-27;8;1777
17;2025-12-27;9;2064
17;2025-12-27;10;2298
17;2025-12-27;11;2527
17;2025-12-27;12;2458
17;2025-12-27;13;2669
17;2025-12-27;14;2728
17;2025-12-27;15;2800
17;2025-12-27;16;2808
17;2025-12-27;17;2779
17;2025-12-27;18;2402
17;2025-12-27;19;2152
17;2025-12-27;20;1744
17;2025-12-27;21;1056
17;2025-12-27;22;515
17;2025-12-27;23;373
17;2025-12-28;0;67
17;2025-12-28;1;0
17;2025-12-28;2;0
17;2025-12-28;3;0
17;2025-12-28;4;0
17;2025-12-28;5;58
17;2025-12-28;6;314
17;2025-12-28;7;739
17;2025-12-28;8;1135
17;2025-12-28;9;1588
17;2025-12-28;10;1846
17;2025-12-28;11;2131
17;2025-12-28;12;2163
17;2025-12-28;13;2375
17;2025-12-28;14;2427
17;2025-12-28;15;2484
17;2025-12-28;16;2673
17;2025-12-28;17;2665
17;2025-12-28;18;2251
17;2025-12-28;19;1866
17;2025-12-28;20;1444
17;2025-12-28;21;902
17;2025-12-28;22;517
17;2025-12-28;23;267
17;2025-12-29;0;76
17;2025-12-29;1;0
17;2025-12-29;2;0
17;2025-12-29;3;0
17;2025-12-29;4;3
17;2025-12-29;5;248
17;2025-12-29;6;1443
17;2025-12-29;7;3797
17;2025-12-29;8;5001
17;2025-12-29;9;3741
17;2025-12-29;10;2940
17;2025-12-29;11;2864
17;2025-12-29;12;2888
17;2025-12-29;13;2934
17;2025-12-29;14;3000
17;2025-12-29;15;3189
17;2025-12-29;16;3577
17;2025-12-29;17;4327
17;2025-12-29;18;4587
17;2025-12-29;19;3242
17;2025-12-29;20;2214
17;2025-12-29;21;1345
17;2025-12-29;22;582
17;2025-12-29;23;296
17;2025-12-30;0;66
17;2025-12-30;1;0
17;2025-12-30;2;0
17;2025-12-30;3;0
17;2025-12-30;4;0
17;2025-12-30;5;227
17;2025-12-30;6;1491
17;2025-12-30;7;3759
17;2025-12-30;8;4835
17;2025-12-30;9;3666
17;2025-12-30;10;2919
17;2025-12-30;11;2841
17;2025-12-30;12;2931
17;2025-12-30;13;2981
17;2025-12-30;14;3102
17;2025-12-30;15;3246
17;2025-12-30;16;3621
17;2025-12-30;17;4383
17;2025-12-30;18;4572
17;2025-12-30;19;3184
17;2025-12-30;20;2209
17;2025-12-30;21;1389
17;2025-12-30;22;625
17;2025-12-30;23;321
17;2025-12-31;0;55
17;2025-12-31;1;0
17;2025-12-31;2;0
17;2025-12-31;3;0
17;2025-12-31;4;0
17;2025-12-31;5;121
17;2025-12-31;6;579
17;2025-12-31;7;1227
17;2025-12-31;8;1724
17;2025-12-31;9;1813
17;2025-12-31;10;2006
17;2025-12-31;11;2245
17;2025-12-31;12;2347
17;2025-12-31;13;2316
17;2025-12-31;14;2455
17;2025-12-31;15;2467
17;2025-12-31;16;2687
17;2025-12-31;17;2781
17;2025-12-31;18;2374
17;2025-12-31;19;1946
17;2025-12-31;20;1547
17;2025-12-31;21;994
17;2025-12-31;22;582
17;2025-12-31;23;322
25;2025-11-01;0;1
25;2025-11-01;1;0
25;2025-11-01;2;0
25;2025-11-01;3;0
25;2025-11-01;4;0
25;2025-11-01;5;21
25;2025-11-01;6;191
25;2025-11-01;7;509
25;2025-11-01;8;811
25;2025-11-01;9;464
25;2025-11-01;10;372
25;2025-11-01;11;447
25;2025-11-01;12;449
25;2025-11-01;13;586
25;2025-11-01;14;567
25;2025-11-01;15;655
25;2025-11-01;16;739
25;2025-11-01;17;714
25;2025-11-01;18;634
25;2025-11-01;19;468
25;2025-11-01;20;297
25;2025-11-01;21;206
25;2025-11-01;22;70
25;2025-11-01;23;0
25;2025-11-02;0;0
25;2025-11-02;1;0
25;2025-11-02;2;0
25;2025-11-02;3;0
25;2025-11-02;4;0
25;2025-11-02;5;0
25;2025-11-02;6;67
25;2025-11-02;7;99
25;2025-11-02;8;242
25;2025-11-02;9;187
25;2025-11-02;10;184
25;2025-11-02;11;313
25;2025-11-02;12;355
25;2025-11-02;13;487
25;2025-11-02;14;485
25;2025-11-02;15;554
25;2025-11-02;16;527
25;2025-11-02;17;502
25;2025-11-02;18;460
25;2025-11-02;19;371
25;2025-11-02;20;205
25;2025-11-02;21;136
25;2025-11-02;22;45
25;2025-11-02;23;0
25;2025-11-03;0;0
25;2025-11-03;1;0
25;2025-11-03;2;0
25;2025-11-03;3;0
25;2025-11-03;4;0
25;2025-11-03;5;0
25;2025-11-03;6;115
25;2025-11-03;7;168
25;2025-11-03;8;331
25;2025-11-03;9;270
25;2025-11-03;10;241
25;2025-11-03;11;334
25;2025-11-03;12;336
25;2025-11-03;13;478
25;2025-11-03;14;442
25;2025-11-03;15;530
25;2025-11-03;16;531
25;2025-11-03;17;540
25;2025-11-03;18;531
25;2025-11-03;19;433
25;2025-11-03;20;243
25;2025-11-03;21;194
25;2025-11-03;22;89
25;2025-11-03;23;26
25;2025-11-04;0;13
25;2025-11-04;1;0
25;2025-11-04;2;0
25;2025-11-04;3;0
25;2025-11-04;4;0
25;2025-11-04;5;19
25;2025-11-04;6;130
25;2025-11-04;7;209
25;2025-11-04;8;353
25;2025-11-04;9;242
25;2025-11-04;10;233
25;2025-11-04;11;330
25;2025-11-04;12;317
25;2025-11-04;13;485
25;2025-11-04;14;492
25;2025-11-04;15;581
25;2025-11-04;16;560
25;2025-11-04;17;549
25;2025-11-04;18;543
25;2025-11-04;19;451
25;2025-11-04;20;261
25;2025-11-04;21;210
25;2025-11-04;22;95
25;2025-11-04;23;34
25;2025-11-05;0;6
25;2025-11-05;1;0
25;2025-11-05;2;0
25;2025-11-05;3;0
25;2025-11-05;4;0
25;2025-11-05;5;15
25;2025-11-05;6;182
25;2025-11-05;7;512
25;2025-11-05;8;882
25;2025-11-05;9;468
25;2025-11-05;10;375
25;2025-11-05;11;433
25;2025-11-05;12;432
25;2025-11-05;13;562
25;2025-11-05;14;508
25;2025-11-05;15;605
25;2025-11-05;16;687
25;2025-11-05;17;753
25;2025-11-05;18;779
25;2025-11-05;19;569
25;2025-11-05;20;328
25;2025-11-05;21;220
25;2025-11-05;22;94
25;2025-11-05;23;0
25;2025-11-06;0;0
25;2025-11-06;1;0
25;2025-11-06;2;0
25;2025-11-06;3;0
25;2025-11-06;4;0
25;2025-11-06;5;18
25;2025-11-06;6;209
25;2025-11-06;7;535
25;2025-11-06;8;874
25;2025-11-06;9;479
25;2025-11-06;10;378
25;2025-11-06;11;438
25;2025-11-06;12;431
25;2025-11-06;13;562
25;2025-11-06;14;517
25;2025-11-06;15;611
25;2025-11-06;16;700
25;2025-11-06;17;751
25;2025-11-06;18;780
25;2025-11-06;19;569
25;2025-11-06;20;303
25;2025-11-06;21;219
25;2025-11-06;22;100
25;2025-11-06;23;11
25;2025-11-07;0;1
25;2025-11-07;1;0
25;2025-11-07;2;0
25;2025-11-07;3;0
25;2025-11-07;4;0
25;2025-11-07;5;12
25;2025-11-07;6;202
25;2025-11-07;7;520
25;2025-11-07;8;834
25;2025-11-07;9;454
25;2025-11-07;10;355
25;2025-11-07;11;430
25;2025-11-07;12;425
25;2025-11-07;13;574
25;2025-11-07;14;515
25;2025-11-07;15;648
25;2025-11-07;16;754
25;2025-11-07;17;738
25;2025-11-07;18;667
25;2025-11-07;19;507
25;2025-11-07;20;301
25;2025-11-07;21;211
25;2025-11-07;22;102
25;2025-11-07;23;13
25;2025-11-08;0;9
25;2025-11-08;1;0
25;2025-11-08;2;0
25;2025-11-08;3;0
25;2025-11-08;4;0
25;2025-11-08;5;19
25;2025-11-08;6;125
25;2025-11-08;7;186
25;2025-11-08;8;344
25;2025-11-08;9;295
25;2025-11-08;10;300
25;2025-11-08;11;398
25;2025-11-08;12;407
25;2025-11-08;13;558
25;2025-11-08;14;555
25;2025-11-08;15;631
25;2025-11-08;16;606
25;2025-11-08;17;562
25;2025-11-08;18;518
25;2025-11-08;19;438
25;2025-11-08;20;263
25;2025-11-08;21;203
25;2025-11-08;22;98
25;2025-11-08;23;42
25;2025-11-09;0;14
25;2025-11-09;1;0
25;2025-11-09;2;0
25;2025-11-09;3;0
25;2025-11-09;4;0
25;2025-11-09;5;8
25;2025-11-09;6;97
25;2025-11-09;7;129
25;2025-11-09;8;244
25;2025-11-09;9;225
25;2025-11-09;10;223
25;2025-11-09;11;319
25;2025-11-09;12;348
25;2025-11-09;13;489
25;2025-11-09;14;484
25;2025-11-09;15;553
25;2025-11-09;16;526
25;2025-11-09;17;466
25;2025-11-09;18;436
25;2025-11-09;19;347
25;2025-11-09;20;172
25;2025-11-09;21;144
25;2025-11-09;22;49
25;2025-11-09;23;0
25;2025-11-10;0;0
25;2025-11-10;1;0
25;2025-11-10;2;0
25;2025-11-10;3;0
25;2025-11-10;4;0
25;2025-11-10;5;0
25;2025-11-10;6;183
25;2025-11-10;7;513
25;2025-11-10;8;846
25;2025-11-10;9;462
25;2025-11-10;10;334
25;2025-11-10;11;371
25;2025-11-10;12;361
25;2025-11-10;13;505
25;2025-11-10;14;438
25;2025-11-10;15;551
25;2025-11-10;16;647
25;2025-11-10;17;689
25;2025-11-10;18;720
25;2025-11-10;19;523
25;2025-11-10;20;273
25;2025-11-10;21;173
25;2025-11-10;22;60
25;2025-11-10;23;0
25;2025-11-11;0;0
25;2025-11-11;1;0
25;2025-11-11;2;0
25;2025-11-11;3;0
25;2025-11-11;4;0
25;2025-11-11;5;0
25;2025-11-11;6;178
25;2025-11-11;7;525
25;2025-11-11;8;861
25;2025-11-11;9;464
25;2025-11-11;10;345
25;2025-11-11;11;383
25;2025-11-11;12;372
25;2025-11-11;13;534
25;2025-11-11;14;483
25;2025-11-11;15;553
25;2025-11-11;16;650
25;2025-11-11;17;693
25;2025-11-11;18;735
25;2025-11-11;19;523
25;2025-11-11;20;286
25;2025-11-11;21;175
25;2025-11-11;22;55
25;2025-11-11;23;0
25;2025-11-12;0;0
25;2025-11-12;1;0
25;2025-11-12;2;0
25;2025-11-12;3;0
25;2025-11-12;4;0
25;2025-11-12;5;0
25;2025-11-12;6;188
25;2025-11-12;7;528
25;2025-11-12;8;883
25;2025-11-12;9;471
25;2025-11-12;10;367
25;2025-11-12;11;419
25;2025-11-12;12;405
25;2025-11-12;13;532
25;2025-11-12;14;475
25;2025-11-12;15;574
25;2025-11-12;16;661
25;2025-11-12;17;719
25;2025-11-12;18;754
25;2025-11-12;19;545
25;2025-11-12;20;296
25;2025-11-12;21;194
25;2025-11-12;22;71
25;2025-11-12;23;0
25;2025-11-13;0;0
25;2025-11-13;1;0
25;2025-11-13;2;0
25;2025-11-13;3;0
25;2025-11-13;4;0
25;2025-11-13;5;0
25;2025-11-13;6;187
25;2025-11-13;7;512
25;2025-11-13;8;857
25;2025-11-13;9;452
25;2025-11-13;10;347
25;2025-11-13;11;429
25;2025-11-13;12;417
25;2025-11-13;13;557
25;2025-11-13;14;511
25;2025-11-13;15;611
25;2025-11-13;16;698
25;2025-11-13;17;742
25;2025-11-13;18;772
25;2025-11-13;19;564
25;2025-11-13;20;316
25;2025-11-13;21;207
25;2025-11-13;22;62
25;2025-11-13;23;0
25;2025-11-14;0;0
25;2025-11-14;1;0
25;2025-11-14;2;0
25;2025-11-14;3;0
25;2025-11-14;4;0
25;2025-11-14;5;0
25;2025-11-14;6;174
25;2025-11-14;7;489
25;2025-11-14;8;786
25;2025-11-14;9;451
25;2025-11-14;10;347
25;2025-11-14;11;417
25;2025-11-14;12;414
25;2025-11-14;13;563
25;2025-11-14;14;509
25;2025-11-14;15;641
25;2025-11-14;16;743
25;2025-11-14;17;728
25;2025-11-14;18;662
25;2025-11-14;19;501
25;2025-11-14;20;301
25;2025-11-14;21;203
25;2025-11-14;22;92
25;2025-11-14;23;12
25;2025-11-15;0;0
25;2025-11-15;1;0
25;2025-11-15;2;0
25;2025-11-15;3;0
25;2025-11-15;4;0
25;2025-11-15;5;0
25;2025-11-15;6;74
25;2025-11-15;7;133
25;2025-11-15;8;318
25;2025-11-15;9;241
25;2025-11-15;10;236
25;2025-11-15;11;322
25;2025-11-15;12;322
25;2025-11-15;13;505
25;2025-11-15;14;507
25;2025-11-15;15;569
25;2025-11-15;16;561
25;2025-11-15;17;508
25;2025-11-15;18;485
25;2025-11-15;19;404
25;2025-11-15;20;224
25;2025-11-15;21;175
25;2025-11-15;22;66
25;2025-11-15;23;5
25;2025-11-16;0;0
25;2025-11-16;1;0
25;2025-11-16;2;0
25;2025-11-16;3;0
25;2025-11-16;4;0
25;2025-11-16;5;0
25;2025-11-16;6;57
25;2025-11-16;7;97
25;2025-11-16;8;235
25;2025-11-16;9;208
25;2025-11-16;10;196
25;2025-11-16;11;283
25;2025-11-16;12;323
25;2025-11-16;13;459
25;2025-11-16;14;459
25;2025-11-16;15;502
25;2025-11-16;16;495
25;2025-11-16;17;457
25;2025-11-16;18;431
25;2025-11-16;19;346
25;2025-11-16;20;160
25;2025-11-16;21;141
25;2025-11-16;22;43
25;2025-11-16;23;0
25;2025-11-17;0;0
25;2025-11-17;1;0
25;2025-11-17;2;0
25;2025-11-17;3;0
25;2025-11-17;4;0
25;2025-11-17;5;0
25;2025-11-17;6;174
25;2025-11-17;7;515
25;2025-11-17;8;845
25;2025-11-17;9;460
25;2025-11-17;10;340
25;2025-11-17;11;380
25;2025-11-17;12;368
25;2025-11-17;13;459
25;2025-11-17;14;427
25;2025-11-17;15;555
25;2025-11-17;16;652
25;2025-11-17;17;694
25;2025-11-17;18;717
25;2025-11-17;19;523
25;2025-11-17;20;270
25;2025-11-17;21;179
25;2025-11-17;22;52
25;2025-11-17;23;0
25;2025-11-18;0;0
25;2025-11-18;1;0
25;2025-11-18;2;0
25;2025-11-18;3;0
25;2025-11-18;4;0
25;2025-11-18;5;5
25;2025-11-18;6;206
25;2025-11-18;7;541
25;2025-11-18;8;854
25;2025-11-18;9;473
25;2025-11-18;10;347
25;2025-11-18;11;438
25;2025-11-18;12;423
25;2025-11-18;13;540
25;2025-11-18;14;486
25;2025-11-18;15;590
25;2025-11-18;16;684
25;2025-11-18;17;695
25;2025-11-18;18;730
25;2025-11-18;19;533
25;2025-11-18;20;286
25;2025-11-18;21;174
25;2025-11-18;22;52
25;2025-11-18;23;0
25;2025-11-19;0;0
25;2025-11-19;1;0
25;2025-11-19;2;0
25;2025-11-19;3;0
25;2025-11-19;4;0
25;2025-11-19;5;0
25;2025-11-19;6;180
25;2025-11-19;7;528
25;2025-11-19;8;884
25;2025-11-19;9;471
25;2025-11-19;10;358
25;2025-11-19;11;404
25;2025-11-19;12;392
25;2025-11-19;13;531
25;2025-11-19;14;474
25;2025-11-19;15;572
25;2025-11-19;16;663
25;2025-11-19;17;711
25;2025-11-19;18;756
25;2025-11-19;19;545
25;2025-11-19;20;293
25;2025-11-19;21;188
25;2025-11-19;22;65
25;2025-11-19;23;0
25;2025-11-20;0;0
25;2025-11-20;1;0
25;2025-11-20;2;0
25;2025-11-20;3;0
25;2025-11-20;4;0
25;2025-11-20;5;0
25;2025-11-20;6;179
25;2025-11-20;7;521
25;2025-11-20;8;881
25;2025-11-20;9;468
25;2025-11-20;10;360
25;2025-11-20;11;406
25;2025-11-20;12;392
25;2025-11-20;13;533
25;2025-11-20;14;485
25;2025-11-20;15;583
25;2025-11-20;16;679
25;2025-11-20;17;709
25;2025-11-20;18;752
25;2025-11-20;19;541
25;2025-11-20;20;290
25;2025-11-20;21;186
25;2025-11-20;22;66
25;2025-11-20;23;0
25;2025-11-21;0;0
25;2025-11-21;1;0
25;2025-11-21;2;0
25;2025-11-21;3;0
25;2025-11-21;4;0
25;2025-11-21;5;0
25;2025-11-21;6;178
25;2025-11-21;7;515
25;2025-11-21;8;826
25;2025-11-21;9;437
25;2025-11-21;10;328
25;2025-11-21;11;391
25;2025-11-21;12;383
25;2025-11-21;13;536
25;2025-11-21;14;478
25;2025-11-21;15;606
25;2025-11-21;16;714
25;2025-11-21;17;687
25;2025-11-21;18;636
25;2025-11-21;19;476
25;2025-11-21;20;260
25;2025-11-21;21;173
25;2025-11-21;22;62
25;2025-11-21;23;0
25;2025-11-22;0;0
25;2025-11-22;1;0
25;2025-11-22;2;0
25;2025-11-22;3;0
25;2025-11-22;4;0
25;2025-11-22;5;0
25;2025-11-22;6;95
25;2025-11-22;7;155
25;2025-11-22;8;338
25;2025-11-22;9;270
25;2025-11-22;10;260
25;2025-11-22;11;345
25;2025-11-22;12;347
25;2025-11-22;13;512
25;2025-11-22;14;511
25;2025-11-22;15;568
25;2025-11-22;16;561
25;2025-11-22;17;508
25;2025-11-22;18;489
25;2025-11-22;19;404
25;2025-11-22;20;216
25;2025-11-22;21;152
25;2025-11-22;22;42
25;2025-11-22;23;5
25;2025-11-23;0;0
25;2025-11-23;1;0
25;2025-11-23;2;0
25;2025-11-23;3;0
25;2025-11-23;4;0
25;2025-11-23;5;0
25;2025-11-23;6;62
25;2025-11-23;7;101
25;2025-11-23;8;245
25;2025-11-23;9;202
25;2025-11-23;10;185
25;2025-11-23;11;283
25;2025-11-23;12;324
25;2025-11-23;13;459
25;2025-11-23;14;457
25;2025-11-23;15;512
25;2025-11-23;16;504
25;2025-11-23;17;456
25;2025-11-23;18;433
25;2025-11-23;19;345
25;2025-11-23;20;163
25;2025-11-23;21;138
25;2025-11-23;22;41
25;2025-11-23;23;0
25;2025-11-24;0;0
25;2025-11-24;1;0
25;2025-11-24;2;0
25;2025-11-24;3;0
25;2025-11-24;4;0
25;2025-11-24;5;0
25;2025-11-24;6;171
25;2025-11-24;7;528
25;2025-11-24;8;857
25;2025-11-24;9;471
25;2025-11-24;10;333
25;2025-11-24;11;335
25;2025-11-24;12;372
25;2025-11-24;13;504
25;2025-11-24;14;442
25;2025-11-24;15;582
25;2025-11-24;16;635
25;2025-11-24;17;691
25;2025-11-24;18;721
25;2025-11-24;19;522
25;2025-11-24;20;271
25;2025-11-24;21;177
25;2025-11-24;22;52
25;2025-11-24;23;0
25;2025-11-25;0;0
25;2025-11-25;1;0
25;2025-11-25;2;0
25;2025-11-25;3;0
25;2025-11-25;4;0
25;2025-11-25;5;0
25;2025-11-25;6;170
25;2025-11-25;7;523
25;2025-11-25;8;855
25;2025-11-25;9;461
25;2025-11-25;10;342
25;2025-11-25;11;388
25;2025-11-25;12;367
25;2025-11-25;13;506
25;2025-11-25;14;453
25;2025-11-25;15;560
25;2025-11-25;16;659
25;2025-11-25;17;688
25;2025-11-25;18;735
25;2025-11-25;19;523
25;2025-11-25;20;281
25;2025-11-25;21;169
25;2025-11-25;22;48
25;2025-11-25;23;0
25;2025-11-26;0;0
25;2025-11-26;1;0
25;2025-11-26;2;0
25;2025-11-26;3;0
25;2025-11-26;4;0
25;2025-11-26;5;0
25;2025-11-26;6;168
25;2025-11-26;7;544
25;2025-11-26;8;899
25;2025-11-26;9;461
25;2025-11-26;10;331
25;2025-11-26;11;385
25;2025-11-26;12;396
25;2025-11-26;13;534
25;2025-11-26;14;476
25;2025-11-26;15;574
25;2025-11-26;16;631
25;2025-11-26;17;674
25;2025-11-26;18;755
25;2025-11-26;19;554
25;2025-11-26;20;303
25;2025-11-26;21;190
25;2025-11-26;22;65
25;2025-11-26;23;0
25;2025-11-27;0;0
25;2025-11-27;1;0
25;2025-11-27;2;0
25;2025-11-27;3;0
25;2025-11-27;4;0
25;2025-11-27;5;0
25;2025-11-27;6;183
25;2025-11-27;7;516
25;2025-11-27;8;872
25;2025-11-27;9;448
25;2025-11-27;10;344
25;2025-11-27;11;410
25;2025-11-27;12;383
25;2025-11-27;13;526
25;2025-11-27;14;473
25;2025-11-27;15;573
25;2025-11-27;16;662
25;2025-11-27;17;716
25;2025-11-27;18;721
25;2025-11-27;19;528
25;2025-11-27;20;288
25;2025-11-27;21;205
25;2025-11-27;22;80
25;2025-11-27;23;0
25;2025-11-28;0;0
25;2025-11-28;1;0
25;2025-11-28;2;0
25;2025-11-28;3;0
25;2025-11-28;4;0
25;2025-11-28;5;7
25;2025-11-28;6;172
25;2025-11-28;7;497
25;2025-11-28;8;818
25;2025-11-28;9;440
25;2025-11-28;10;334
25;2025-11-28;11;397
25;2025-11-28;12;384
25;2025-11-28;13;540
25;2025-11-28;14;487
25;2025-11-28;15;615
25;2025-11-28;16;722
25;2025-11-28;17;698
25;2025-11-28;18;642
25;2025-11-28;19;484
25;2025-11-28;20;265
25;2025-11-28;21;179
25;2025-11-28;22;67
25;2025-11-28;23;0
25;2025-11-29;0;0
25;2025-11-29;1;0
25;2025-11-29;2;0
25;2025-11-29;3;0
25;2025-11-29;4;0
25;2025-11-29;5;0
25;2025-11-29;6;89
25;2025-11-29;7;152
25;2025-11-29;8;342
25;2025-11-29;9;275
25;2025-11-29;10;267
25;2025-11-29;11;355
25;2025-11-29;12;358
25;2025-11-29;13;521
25;2025-11-29;14;511
25;2025-11-29;15;569
25;2025-11-29;16;562
25;2025-11-29;17;509
25;2025-11-29;18;491
25;2025-11-29;19;405
25;2025-11-29;20;219
25;2025-11-29;21;167
25;2025-11-29;22;58
25;2025-11-29;23;5
25;2025-11-30;0;0
25;2025-11-30;1;0
25;2025-11-30;2;0
25;2025-11-30;3;0
25;2025-11-30;4;0
25;2025-11-30;5;0
25;2025-11-30;6;60
25;2025-11-30;7;101
25;2025-11-30;8;245
25;2025-11-30;9;206
25;2025-11-30;10;190
25;2025-11-30;11;285
25;2025-11-30;12;318
25;2025-11-30;13;468
25;2025-11-30;14;457
25;2025-11-30;15;525
25;2025-11-30;16;503
25;2025-11-30;17;469
25;2025-11-30;18;444
25;2025-11-30;19;354
25;2025-11-30;20;175
25;2025-11-30;21;146
25;2025-11-30;22;53
25;2025-11-30;23;0
25;2025-12-01;0;0
25;2025-12-01;1;0
25;2025-12-01;2;0
25;2025-12-01;3;0
25;2025-12-01;4;0
25;2025-12-01;5;0
25;2025-12-01;6;176
25;2025-12-01;7;515
25;2025-12-01;8;850
25;2025-12-01;9;459
25;2025-12-01;10;331
25;2025-12-01;11;369
25;2025-12-01;12;360
25;2025-12-01;13;507
25;2025-12-01;14;440
25;2025-12-01;15;549
25;2025-12-01;16;648
25;2025-12-01;17;686
25;2025-12-01;18;722
25;2025-12-01;19;522
25;2025-12-01;20;273
25;2025-12-01;21;172
25;2025-12-01;22;53
25;2025-12-01;23;0
25;2025-12-02;0;0
25;2025-12-02;1;0
25;2025-12-02;2;0
25;2025-12-02;3;0
25;2025-12-02;4;0
25;2025-12-02;5;0
25;2025-12-02;6;172
25;2025-12-02;7;528
25;2025-12-02;8;859
25;2025-12-02;9;463
25;2025-12-02;10;345
25;2025-12-02;11;389
25;2025-12-02;12;373
25;2025-12-02;13;508
25;2025-12-02;14;458
25;2025-12-02;15;563
25;2025-12-02;16;661
25;2025-12-02;17;692
25;2025-12-02;18;740
25;2025-12-02;19;526
25;2025-12-02;20;284
25;2025-12-02;21;172
25;2025-12-02;22;50
25;2025-12-02;23;0
25;2025-12-03;0;0
25;2025-12-03;1;0
25;2025-12-03;2;0
25;2025-12-03;3;0
25;2025-12-03;4;0
25;2025-12-03;5;0
25;2025-12-03;6;181
25;2025-12-03;7;529
25;2025-12-03;8;885
25;2025-12-03;9;472
25;2025-12-03;10;361
25;2025-12-03;11;407
25;2025-12-03;12;399
25;2025-12-03;13;537
25;2025-12-03;14;478
25;2025-12-03;15;576
25;2025-12-03;16;667
25;2025-12-03;17;714
25;2025-12-03;18;758
25;2025-12-03;19;546
25;2025-12-03;20;294
25;2025-12-03;21;191
25;2025-12-03;22;67
25;2025-12-03;23;0
25;2025-12-04;0;0
25;2025-12-04;1;0
25;2025-12-04;2;0
25;2025-12-04;3;0
25;2025-12-04;4;0
25;2025-12-04;5;0
25;2025-12-04;6;177
25;2025-12-04;7;520
25;2025-12-04;8;880
25;2025-12-04;9;468
25;2025-12-04;10;359
25;2025-12-04;11;407
25;2025-12-04;12;393
25;2025-12-04;13;536
25;2025-12-04;14;490
25;2025-12-04;15;591
25;2025-12-04;16;680
25;2025-12-04;17;714
25;2025-12-04;18;754
25;2025-12-04;19;545
25;2025-12-04;20;290
25;2025-12-04;21;191
25;2025-12-04;22;71
25;2025-12-04;23;0
25;2025-12-05;0;0
25;2025-12-05;1;0
25;2025-12-05;2;0
25;2025-12-05;3;0
25;2025-12-05;4;0
25;2025-12-05;5;0
25;2025-12-05;6;170
25;2025-12-05;7;503
25;2025-12-05;8;824
25;2025-12-05;9;442
25;2025-12-05;10;337
25;2025-12-05;11;399
25;2025-12-05;12;385
25;2025-12-05;13;544
25;2025-12-05;14;488
25;2025-12-05;15;615
25;2025-12-05;16;721
25;2025-12-05;17;696
25;2025-12-05;18;642
25;2025-12-05;19;484
25;2025-12-05;20;273
25;2025-12-05;21;180
25;2025-12-05;22;68
25;2025-12-05;23;0
25;2025-12-06;0;0
25;2025-12-06;1;0
25;2025-12-06;2;0
25;2025-12-06;3;0
25;2025-12-06;4;0
25;2025-12-06;5;0
25;2025-12-06;6;90
25;2025-12-06;7;153
25;2025-12-06;8;340
25;2025-12-06;9;276
25;2025-12-06;10;269
25;2025-12-06;11;357
25;2025-12-06;12;359
25;2025-12-06;13;518
25;2025-12-06;14;517
25;2025-12-06;15;587
25;2025-12-06;16;564
25;2025-12-06;17;515
25;2025-12-06;18;493
25;2025-12-06;19;411
25;2025-12-06;20;223
25;2025-12-06;21;173
25;2025-12-06;22;67
25;2025-12-06;23;7
25;2025-12-07;0;0
25;2025-12-07;1;0
25;2025-12-07;2;0
25;2025-12-07;3;0
25;2025-12-07;4;0
25;2025-12-07;5;0
25;2025-12-07;6;60
25;2025-12-07;7;100
25;2025-12-07;8;244
25;2025-12-07;9;205
25;2025-12-07;10;190
25;2025-12-07;11;284
25;2025-12-07;12;316
25;2025-12-07;13;465
25;2025-12-07;14;452
25;2025-12-07;15;507
25;2025-12-07;16;501
25;2025-12-07;17;463
25;2025-12-07;18;441
25;2025-12-07;19;349
25;2025-12-07;20;169
25;2025-12-07;21;144
25;2025-12-07;22;46
25;2025-12-07;23;0
25;2025-12-08;0;0
25;2025-12-08;1;0
25;2025-12-08;2;0
25;2025-12-08;3;0
25;2025-12-08;4;0
25;2025-12-08;5;0
25;2025-12-08;6;177
25;2025-12-08;7;515
25;2025-12-08;8;850
25;2025-12-08;9;460
25;2025-12-08;10;331
25;2025-12-08;11;368
25;2025-12-08;12;360
25;2025-12-08;13;505
25;2025-12-08;14;439
25;2025-12-08;15;549
25;2025-12-08;16;647
25;2025-12-08;17;686
25;2025-12-08;18;721
25;2025-12-08;19;522
25;2025-12-08;20;273
25;2025-12-08;21;172
25;2025-12-08;22;53
25;2025-12-08;23;0
25;2025-12-09;0;0
25;2025-12-09;1;0
25;2025-12-09;2;0
25;2025-12-09;3;0
25;2025-12-09;4;0
25;2025-12-09;5;0
25;2025-12-09;6;172
25;2025-12-09;7;527
25;2025-12-09;8;859
25;2025-12-09;9;463
25;2025-12-09;10;346
25;2025-12-09;11;391
25;2025-12-09;12;375
25;2025-12-09;13;509
25;2025-12-09;14;459
25;2025-12-09;15;565
25;2025-12-09;16;662
25;2025-12-09;17;693
25;2025-12-09;18;742
25;2025-12-09;19;526
25;2025-12-09;20;285
25;2025-12-09;21;174
25;2025-12-09;22;56
25;2025-12-09;23;0
25;2025-12-10;0;0
25;2025-12-10;1;0
25;2025-12-10;2;0
25;2025-12-10;3;0
25;2025-12-10;4;0
25;2025-12-10;5;0
25;2025-12-10;6;189
25;2025-12-10;7;546
25;2025-12-10;8;894
25;2025-12-10;9;483
25;2025-12-10;10;369
25;2025-12-10;11;411
25;2025-12-10;12;392
25;2025-12-10;13;533
25;2025-12-10;14;473
25;2025-12-10;15;572
25;2025-12-10;16;665
25;2025-12-10;17;711
25;2025-12-10;18;757
25;2025-12-10;19;545
25;2025-12-10;20;293
25;2025-12-10;21;188
25;2025-12-10;22;64
25;2025-12-10;23;0
25;2025-12-11;0;0
25;2025-12-11;1;0
25;2025-12-11;2;0
25;2025-12-11;3;0
25;2025-12-11;4;0
25;2025-12-11;5;0
25;2025-12-11;6;176
25;2025-12-11;7;519
25;2025-12-11;8;863
25;2025-12-11;9;465
25;2025-12-11;10;362
25;2025-12-11;11;415
25;2025-12-11;12;391
25;2025-12-11;13;530
25;2025-12-11;14;483
25;2025-12-11;15;582
25;2025-12-11;16;679
25;2025-12-11;17;719
25;2025-12-11;18;746
25;2025-12-11;19;545
25;2025-12-11;20;293
25;2025-12-11;21;184
25;2025-12-11;22;68
25;2025-12-11;23;0
25;2025-12-12;0;0
25;2025-12-12;1;0
25;2025-12-12;2;0
25;2025-12-12;3;0
25;2025-12-12;4;0
25;2025-12-12;5;0
25;2025-12-12;6;176
25;2025-12-12;7;494
25;2025-12-12;8;829
25;2025-12-12;9;431
25;2025-12-12;10;337
25;2025-12-12;11;388
25;2025-12-12;12;380
25;2025-12-12;13;536
25;2025-12-12;14;481
25;2025-12-12;15;578
25;2025-12-12;16;684
25;2025-12-12;17;685
25;2025-12-12;18;644
25;2025-12-12;19;478
25;2025-12-12;20;262
25;2025-12-12;21;173
25;2025-12-12;22;66
25;2025-12-12;23;0
25;2025-12-13;0;0
25;2025-12-13;1;0
25;2025-12-13;2;0
25;2025-12-13;3;0
25;2025-12-13;4;0
25;2025-12-13;5;0
25;2025-12-13;6;89
25;2025-12-13;7;156
25;2025-12-13;8;337
25;2025-12-13;9;274
25;2025-12-13;10;264
25;2025-12-13;11;354
25;2025-12-13;12;353
25;2025-12-13;13;511
25;2025-12-13;14;506
25;2025-12-13;15;563
25;2025-12-13;16;561
25;2025-12-13;17;508
25;2025-12-13;18;485
25;2025-12-13;19;407
25;2025-12-13;20;217
25;2025-12-13;21;171
25;2025-12-13;22;57
25;2025-12-13;23;6
25;2025-12-14;0;0
25;2025-12-14;1;0
25;2025-12-14;2;0
25;2025-12-14;3;0
25;2025-12-14;4;0
25;2025-12-14;5;0
25;2025-12-14;6;61
25;2025-12-14;7;101
25;2025-12-14;8;234
25;2025-12-14;9;201
25;2025-12-14;10;183
25;2025-12-14;11;278
25;2025-12-14;12;315
25;2025-12-14;13;456
25;2025-12-14;14;444
25;2025-12-14;15;504
25;2025-12-14;16;502
25;2025-12-14;17;461
25;2025-12-14;18;434
25;2025-12-14;19;349
25;2025-12-14;20;153
25;2025-12-14;21;136
25;2025-12-14;22;43
25;2025-12-14;23;0
25;2025-12-15;0;0
25;2025-12-15;1;0
25;2025-12-15;2;0
25;2025-12-15;3;0
25;2025-12-15;4;0
25;2025-12-15;5;0
25;2025-12-15;6;169
25;2025-12-15;7;509
25;2025-12-15;8;839
25;2025-12-15;9;448
25;2025-12-15;10;319
25;2025-12-15;11;374
25;2025-12-15;12;353
25;2025-12-15;13;498
25;2025-12-15;14;432
25;2025-12-15;15;546
25;2025-12-15;16;645
25;2025-12-15;17;678
25;2025-12-15;18;714
25;2025-12-15;19;524
25;2025-12-15;20;266
25;2025-12-15;21;166
25;2025-12-15;22;49
25;2025-12-15;23;0
25;2025-12-16;0;0
25;2025-12-16;1;0
25;2025-12-16;2;0
25;2025-12-16;3;0
25;2025-12-16;4;0
25;2025-12-16;5;0
25;2025-12-16;6;172
25;2025-12-16;7;534
25;2025-12-16;8;857
25;2025-12-16;9;462
25;2025-12-16;10;354
25;2025-12-16;11;398
25;2025-12-16;12;347
25;2025-12-16;13;465
25;2025-12-16;14;442
25;2025-12-16;15;562
25;2025-12-16;16;658
25;2025-12-16;17;689
25;2025-12-16;18;735
25;2025-12-16;19;525
25;2025-12-16;20;281
25;2025-12-16;21;168
25;2025-12-16;22;50
25;2025-12-16;23;0
25;2025-12-17;0;0
25;2025-12-17;1;0
25;2025-12-17;2;0
25;2025-12-17;3;0
25;2025-12-17;4;0
25;2025-12-17;5;0
25;2025-12-17;6;177
25;2025-12-17;7;528
25;2025-12-17;8;883
25;2025-12-17;9;470
25;2025-12-17;10;358
25;2025-12-17;11;404
25;2025-12-17;12;393
25;2025-12-17;13;533
25;2025-12-17;14;473
25;2025-12-17;15;573
25;2025-12-17;16;663
25;2025-12-17;17;712
25;2025-12-17;18;755
25;2025-12-17;19;544
25;2025-12-17;20;292
25;2025-12-17;21;188
25;2025-12-17;22;64
25;2025-12-17;23;0
25;2025-12-18;0;0
25;2025-12-18;1;0
25;2025-12-18;2;0
25;2025-12-18;3;0
25;2025-12-18;4;0
25;2025-12-18;5;0
25;2025-12-18;6;176
25;2025-12-18;7;520
25;2025-12-18;8;880
25;2025-12-18;9;465
25;2025-12-18;10;355
25;2025-12-18;11;402
25;2025-12-18;12;386
25;2025-12-18;13;528
25;2025-12-18;14;479
25;2025-12-18;15;579
25;2025-12-18;16;675
25;2025-12-18;17;705
25;2025-12-18;18;748
25;2025-12-18;19;537
25;2025-12-18;20;285
25;2025-12-18;21;180
25;2025-12-18;22;62
25;2025-12-18;23;0
25;2025-12-19;0;0
25;2025-12-19;1;0
25;2025-12-19;2;0
25;2025-12-19;3;0
25;2025-12-19;4;0
25;2025-12-19;5;0
25;2025-12-19;6;167
25;2025-12-19;7;500
25;2025-12-19;8;820
25;2025-12-19;9;437
25;2025-12-19;10;329
25;2025-12-19;11;391
25;2025-12-19;12;375
25;2025-12-19;13;535
25;2025-12-19;14;479
25;2025-12-19;15;608
25;2025-12-19;16;719
25;2025-12-19;17;700
25;2025-12-19;18;658
25;2025-12-19;19;477
25;2025-12-19;20;262
25;2025-12-19;21;173
25;2025-12-19;22;63
25;2025-12-19;23;0
25;2025-12-20;0;0
25;2025-12-20;1;0
25;2025-12-20;2;0
25;2025-12-20;3;0
25;2025-12-20;4;0
25;2025-12-20;5;0
25;2025-12-20;6;89
25;2025-12-20;7;154
25;2025-12-20;8;342
25;2025-12-20;9;275
25;2025-12-20;10;267
25;2025-12-20;11;354
25;2025-12-20;12;357
25;2025-12-20;13;521
25;2025-12-20;14;512
25;2025-12-20;15;570
25;2025-12-20;16;562
25;2025-12-20;17;509
25;2025-12-20;18;488
25;2025-12-20;19;405
25;2025-12-20;20;219
25;2025-12-20;21;167
25;2025-12-20;22;60
25;2025-12-20;23;6
25;2025-12-21;0;0
25;2025-12-21;1;0
25;2025-12-21;2;0
25;2025-12-21;3;0
25;2025-12-21;4;0
25;2025-12-21;5;0
25;2025-12-21;6;69
25;2025-12-21;7;105
25;2025-12-21;8;240
25;2025-12-21;9;203
25;2025-12-21;10;185
25;2025-12-21;11;278
25;2025-12-21;12;307
25;2025-12-21;13;455
25;2025-12-21;14;448
25;2025-12-21;15;510
25;2025-12-21;16;501
25;2025-12-21;17;463
25;2025-12-21;18;441
25;2025-12-21;19;349
25;2025-12-21;20;169
25;2025-12-21;21;137
25;2025-12-21;22;41
25;2025-12-21;23;0
25;2025-12-22;0;0
25;2025-12-22;1;0
25;2025-12-22;2;0
25;2025-12-22;3;0
25;2025-12-22;4;0
25;2025-12-22;5;0
25;2025-12-22;6;175
25;2025-12-22;7;513
25;2025-12-22;8;848
25;2025-12-22;9;468
25;2025-12-22;10;339
25;2025-12-22;11;382
25;2025-12-22;12;374
25;2025-12-22;13;506
25;2025-12-22;14;440
25;2025-12-22;15;543
25;2025-12-22;16;644
25;2025-12-22;17;684
25;2025-12-22;18;731
25;2025-12-22;19;519
25;2025-12-22;20;269
25;2025-12-22;21;165
25;2025-12-22;22;52
25;2025-12-22;23;0
25;2025-12-23;0;0
25;2025-12-23;1;0
25;2025-12-23;2;0
25;2025-12-23;3;0
25;2025-12-23;4;0
25;2025-12-23;5;0
25;2025-12-23;6;172
25;2025-12-23;7;533
25;2025-12-23;8;864
25;2025-12-23;9;465
25;2025-12-23;10;346
25;2025-12-23;11;393
25;2025-12-23;12;377
25;2025-12-23;13;509
25;2025-12-23;14;457
25;2025-12-23;15;564
25;2025-12-23;16;666
25;2025-12-23;17;697
25;2025-12-23;18;741
25;2025-12-23;19;531
25;2025-12-23;20;284
25;2025-12-23;21;174
25;2025-12-23;22;56
25;2025-12-23;23;0
25;2025-12-24;0;0
25;2025-12-24;1;0
25;2025-12-24;2;0
25;2025-12-24;3;0
25;2025-12-24;4;0
25;2025-12-24;5;0
25;2025-12-24;6;181
25;2025-12-24;7;534
25;2025-12-24;8;886
25;2025-12-24;9;473
25;2025-12-24;10;362
25;2025-12-24;11;412
25;2025-12-24;12;406
25;2025-12-24;13;532
25;2025-12-24;14;470
25;2025-12-24;15;575
25;2025-12-24;16;670
25;2025-12-24;17;716
25;2025-12-24;18;767
25;2025-12-24;19;546
25;2025-12-24;20;299
25;2025-12-24;21;189
25;2025-12-24;22;72
25;2025-12-24;23;0
25;2025-12-25;0;0
25;2025-12-25;1;0
25;2025-12-25;2;0
25;2025-12-25;3;0
25;2025-12-25;4;0
25;2025-12-25;5;0
25;2025-12-25;6;182
25;2025-12-25;7;524
25;2025-12-25;8;879
25;2025-12-25;9;468
25;2025-12-25;10;358
25;2025-12-25;11;404
25;2025-12-25;12;388
25;2025-12-25;13;529
25;2025-12-25;14;485
25;2025-12-25;15;586
25;2025-12-25;16;682
25;2025-12-25;17;708
25;2025-12-25;18;713
25;2025-12-25;19;546
25;2025-12-25;20;264
25;2025-12-25;21;184
25;2025-12-25;22;36
25;2025-12-25;23;0
25;2025-12-26;0;0
25;2025-12-26;1;0
25;2025-12-26;2;0
25;2025-12-26;3;0
25;2025-12-26;4;0
25;2025-12-26;5;0
25;2025-12-26;6;147
25;2025-12-26;7;501
25;2025-12-26;8;841
25;2025-12-26;9;437
25;2025-12-26;10;318
25;2025-12-26;11;372
25;2025-12-26;12;360
25;2025-12-26;13;539
25;2025-12-26;14;479
25;2025-12-26;15;616
25;2025-12-26;16;712
25;2025-12-26;17;693
25;2025-12-26;18;647
25;2025-12-26;19;468
25;2025-12-26;20;276
25;2025-12-26;21;182
25;2025-12-26;22;72
25;2025-12-26;23;0
25;2025-12-27;0;0
25;2025-12-27;1;0
25;2025-12-27;2;0
25;2025-12-27;3;0
25;2025-12-27;4;0
25;2025-12-27;5;0
25;2025-12-27;6;87
25;2025-12-27;7;153
25;2025-12-27;8;340
25;2025-12-27;9;283
25;2025-12-27;10;267
25;2025-12-27;11;354
25;2025-12-27;12;357
25;2025-12-27;13;518
25;2025-12-27;14;511
25;2025-12-27;15;573
25;2025-12-27;16;562
25;2025-12-27;17;516
25;2025-12-27;18;485
25;2025-12-27;19;412
25;2025-12-27;20;222
25;2025-12-27;21;176
25;2025-12-27;22;56
25;2025-12-27;23;11
25;2025-12-28;0;0
25;2025-12-28;1;0
25;2025-12-28;2;0
25;2025-12-28;3;0
25;2025-12-28;4;0
25;2025-12-28;5;0
25;2025-12-28;6;75
25;2025-12-28;7;115
25;2025-12-28;8;240
25;2025-12-28;9;213
25;2025-12-28;10;206
25;2025-12-28;11;299
25;2025-12-28;12;315
25;2025-12-28;13;454
25;2025-12-28;14;437
25;2025-12-28;15;500
25;2025-12-28;16;498
25;2025-12-28;17;472
25;2025-12-28;18;439
25;2025-12-28;19;355
25;2025-12-28;20;174
25;2025-12-28;21;160
25;2025-12-28;22;64
25;2025-12-28;23;0
25;2025-12-29;0;0
25;2025-12-29;1;0
25;2025-12-29;2;0
25;2025-12-29;3;0
25;2025-12-29;4;0
25;2025-12-29;5;0
25;2025-12-29;6;178
25;2025-12-29;7;520
25;2025-12-29;8;865
25;2025-12-29;9;483
25;2025-12-29;10;356
25;2025-12-29;11;392
25;2025-12-29;12;377
25;2025-12-29;13;513
25;2025-12-29;14;444
25;2025-12-29;15;566
25;2025-12-29;16;651
25;2025-12-29;17;689
25;2025-12-29;18;739
25;2025-12-29;19;548
25;2025-12-29;20;300
25;2025-12-29;21;186
25;2025-12-29;22;69
25;2025-12-29;23;0
25;2025-12-30;0;0
25;2025-12-30;1;0
25;2025-12-30;2;0
25;2025-12-30;3;0
25;2025-12-30;4;0
25;2025-12-30;5;0
25;2025-12-30;6;171
25;2025-12-30;7;546
25;2025-12-30;8;835
25;2025-12-30;9;454
25;2025-12-30;10;331
25;2025-12-30;11;386
25;2025-12-30;12;387
25;2025-12-30;13;516
25;2025-12-30;14;459
25;2025-12-30;15;575
25;2025-12-30;16;667
25;2025-12-30;17;705
25;2025-12-30;18;750
25;2025-12-30;19;523
25;2025-12-30;20;282
25;2025-12-30;21;189
25;2025-12-30;22;67
25;2025-12-30;23;0
25;2025-12-31;0;0
25;2025-12-31;1;0
25;2025-12-31;2;0
25;2025-12-31;3;0
25;2025-12-31;4;0
25;2025-12-31;5;0
25;2025-12-31;6;134
25;2025-12-31;7;231
25;2025-12-31;8;408
25;2025-12-31;9;282
25;2025-12-31;10;263
25;2025-12-31;11;340
25;2025-12-31;12;353
25;2025-12-31;13;487
25;2025-12-31;14;449
25;2025-12-31;15;523
25;2025-12-31;16;532
25;2025-12-31;17;538
25;2025-12-31;18;514
25;2025-12-31;19;447
25;2025-12-31;20;222
25;2025-12-31;21;192
25;2025-12-31;22;87
25;2025-12-31;23;0
26;2025-11-01;0;54
26;2025-11-01;1;1
26;2025-11-01;2;0
26;2025-11-01;3;0
26;2025-11-01;4;3
26;2025-11-01;5;97
26;2025-11-01;6;457
26;2025-11-01;7;1103
26;2025-11-01;8;2011
26;2025-11-01;9;1439
26;2025-11-01;10;1281
26;2025-11-01;11;1237
26;2025-11-01;12;1299
26;2025-11-01;13;1374
26;2025-11-01;14;1440
26;2025-11-01;15;1469
26;2025-11-01;16;1612
26;2025-11-01;17;1754
26;2025-11-01;18;1666
26;2025-11-01;19;1197
26;2025-11-01;20;783
26;2025-11-01;21;495
26;2025-11-01;22;184
26;2025-11-01;23;135
26;2025-11-02;0;11
26;2025-11-02;1;3
26;2025-11-02;2;0
26;2025-11-02;3;0
26;2025-11-02;4;0
26;2025-11-02;5;0
26;2025-11-02;6;109
26;2025-11-02;7;216
26;2025-11-02;8;432
26;2025-11-02;9;489
26;2025-11-02;10;557
26;2025-11-02;11;755
26;2025-11-02;12;797
26;2025-11-02;13;830
26;2025-11-02;14;847
26;2025-11-02;15;790
26;2025-11-02;16;799
26;2025-11-02;17;797
26;2025-11-02;18;669
26;2025-11-02;19;535
26;2025-11-02;20;374
26;2025-11-02;21;268
26;2025-11-02;22;119
26;2025-11-02;23;74
26;2025-11-03;0;3
26;2025-11-03;1;2
26;2025-11-03;2;0
26;2025-11-03;3;0
26;2025-11-03;4;0
26;2025-11-03;5;9
26;2025-11-03;6;195
26;2025-11-03;7;288
26;2025-11-03;8;636
26;2025-11-03;9;585
26;2025-11-03;10;652
26;2025-11-03;11;711
26;2025-11-03;12;734
26;2025-11-03;13;765
26;2025-11-03;14;805
26;2025-11-03;15;790
26;2025-11-03;16;798
26;2025-11-03;17;846
26;2025-11-03;18;828
26;2025-11-03;19;619
26;2025-11-03;20;399
26;2025-11-03;21;327
26;2025-11-03;22;156
26;2025-11-03;23;125
26;2025-11-04;0;43
26;2025-11-04;1;4
26;2025-11-04;2;0
26;2025-11-04;3;0
26;2025-11-04;4;3
26;2025-11-04;5;55
26;2025-11-04;6;228
26;2025-11-04;7;334
26;2025-11-04;8;595
26;2025-11-04;9;507
26;2025-11-04;10;568
26;2025-11-04;11;632
26;2025-11-04;12;602
26;2025-11-04;13;681
26;2025-11-04;14;767
26;2025-11-04;15;716
26;2025-11-04;16;729
26;2025-11-04;17;761
26;2025-11-04;18;730
26;2025-11-04;19;608
26;2025-11-04;20;412
26;2025-11-04;21;339
26;2025-11-04;22;162
26;2025-11-04;23;133
26;2025-11-05;0;39
26;2025-11-05;1;2
26;2025-11-05;2;0
26;2025-11-05;3;0
26;2025-11-05;4;5
26;2025-11-05;5;89
26;2025-11-05;6;422
26;2025-11-05;7;1073
26;2025-11-05;8;2127
26;2025-11-05;9;1431
26;2025-11-05;10;1261
26;2025-11-05;11;1162
26;2025-11-05;12;1217
26;2025-11-05;13;1261
26;2025-11-05;14;1354
26;2025-11-05;15;1379
26;2025-11-05;16;1509
26;2025-11-05;17;1749
26;2025-11-05;18;1846
26;2025-11-05;19;1246
26;2025-11-05;20;768
26;2025-11-05;21;473
26;2025-11-05;22;193
26;2025-11-05;23;124
26;2025-11-06;0;42
26;2025-11-06;1;3
26;2025-11-06;2;0
26;2025-11-06;3;0
26;2025-11-06;4;6
26;2025-11-06;5;99
26;2025-11-06;6;477
26;2025-11-06;7;1128
26;2025-11-06;8;2121
26;2025-11-06;9;1467
26;2025-11-06;10;1266
26;2025-11-06;11;1142
26;2025-11-06;12;1219
26;2025-11-06;13;1274
26;2025-11-06;14;1345
26;2025-11-06;15;1388
26;2025-11-06;16;1523
26;2025-11-06;17;1760
26;2025-11-06;18;1883
26;2025-11-06;19;1283
26;2025-11-06;20;736
26;2025-11-06;21;484
26;2025-11-06;22;210
26;2025-11-06;23;153
26;2025-11-07;0;40
26;2025-11-07;1;4
26;2025-11-07;2;0
26;2025-11-07;3;0
26;2025-11-07;4;3
26;2025-11-07;5;80
26;2025-11-07;6;459
26;2025-11-07;7;1074
26;2025-11-07;8;1988
26;2025-11-07;9;1390
26;2025-11-07;10;1217
26;2025-11-07;11;1125
26;2025-11-07;12;1184
26;2025-11-07;13;1263
26;2025-11-07;14;1331
26;2025-11-07;15;1408
26;2025-11-07;16;1582
26;2025-11-07;17;1722
26;2025-11-07;18;1522
26;2025-11-07;19;1106
26;2025-11-07;20;710
26;2025-11-07;21;450
26;2025-11-07;22;197
26;2025-11-07;23;157
26;2025-11-08;0;58
26;2025-11-08;1;3
26;2025-11-08;2;0
26;2025-11-08;3;0
26;2025-11-08;4;4
26;2025-11-08;5;57
26;2025-11-08;6;234
26;2025-11-08;7;378
26;2025-11-08;8;661
26;2025-11-08;9;740
26;2025-11-08;10;839
26;2025-11-08;11;959
26;2025-11-08;12;990
26;2025-11-08;13;1021
26;2025-11-08;14;1045
26;2025-11-08;15;967
26;2025-11-08;16;968
26;2025-11-08;17;949
26;2025-11-08;18;832
26;2025-11-08;19;763
26;2025-11-08;20;522
26;2025-11-08;21;388
26;2025-11-08;22;184
26;2025-11-08;23;177
26;2025-11-09;0;52
26;2025-11-09;1;5
26;2025-11-09;2;0
26;2025-11-09;3;0
26;2025-11-09;4;1
26;2025-11-09;5;24
26;2025-11-09;6;147
26;2025-11-09;7;247
26;2025-11-09;8;455
26;2025-11-09;9;528
26;2025-11-09;10;595
26;2025-11-09;11;757
26;2025-11-09;12;791
26;2025-11-09;13;831
26;2025-11-09;14;841
26;2025-11-09;15;787
26;2025-11-09;16;797
26;2025-11-09;17;761
26;2025-11-09;18;638
26;2025-11-09;19;510
26;2025-11-09;20;341
26;2025-11-09;21;273
26;2025-11-09;22;120
26;2025-11-09;23;75
26;2025-11-10;0;4
26;2025-11-10;1;1
26;2025-11-10;2;0
26;2025-11-10;3;0
26;2025-11-10;4;0
26;2025-11-10;5;53
26;2025-11-10;6;429
26;2025-11-10;7;1064
26;2025-11-10;8;2059
26;2025-11-10;9;1396
26;2025-11-10;10;1194
26;2025-11-10;11;1066
26;2025-11-10;12;1108
26;2025-11-10;13;1186
26;2025-11-10;14;1245
26;2025-11-10;15;1319
26;2025-11-10;16;1448
26;2025-11-10;17;1693
26;2025-11-10;18;1803
26;2025-11-10;19;1200
26;2025-11-10;20;707
26;2025-11-10;21;407
26;2025-11-10;22;148
26;2025-11-10;23;77
26;2025-11-11;0;3
26;2025-11-11;1;0
26;2025-11-11;2;0
26;2025-11-11;3;0
26;2025-11-11;4;0
26;2025-11-11;5;54
26;2025-11-11;6;436
26;2025-11-11;7;1095
26;2025-11-11;8;2122
26;2025-11-11;9;1432
26;2025-11-11;10;1226
26;2025-11-11;11;1109
26;2025-11-11;12;1150
26;2025-11-11;13;1239
26;2025-11-11;14;1319
26;2025-11-11;15;1327
26;2025-11-11;16;1463
26;2025-11-11;17;1705
26;2025-11-11;18;1843
26;2025-11-11;19;1243
26;2025-11-11;20;733
26;2025-11-11;21;432
26;2025-11-11;22;155
26;2025-11-11;23;85
26;2025-11-12;0;6
26;2025-11-12;1;0
26;2025-11-12;2;0
26;2025-11-12;3;0
26;2025-11-12;4;1
26;2025-11-12;5;59
26;2025-11-12;6;430
26;2025-11-12;7;1091
26;2025-11-12;8;2118
26;2025-11-12;9;1436
26;2025-11-12;10;1237
26;2025-11-12;11;1106
26;2025-11-12;12;1156
26;2025-11-12;13;1204
26;2025-11-12;14;1294
26;2025-11-12;15;1335
26;2025-11-12;16;1474
26;2025-11-12;17;1717
26;2025-11-12;18;1803
26;2025-11-12;19;1227
26;2025-11-12;20;734
26;2025-11-12;21;446
26;2025-11-12;22;165
26;2025-11-12;23;91
26;2025-11-13;0;15
26;2025-11-13;1;0
26;2025-11-13;2;0
26;2025-11-13;3;0
26;2025-11-13;4;1
26;2025-11-13;5;65
26;2025-11-13;6;435
26;2025-11-13;7;1099
26;2025-11-13;8;2103
26;2025-11-13;9;1433
26;2025-11-13;10;1225
26;2025-11-13;11;1160
26;2025-11-13;12;1207
26;2025-11-13;13;1268
26;2025-11-13;14;1342
26;2025-11-13;15;1392
26;2025-11-13;16;1523
26;2025-11-13;17;1752
26;2025-11-13;18;1881
26;2025-11-13;19;1279
26;2025-11-13;20;773
26;2025-11-13;21;474
26;2025-11-13;22;168
26;2025-11-13;23;101
26;2025-11-14;0;0
26;2025-11-14;1;0
26;2025-11-14;2;0
26;2025-11-14;3;0
26;2025-11-14;4;0
26;2025-11-14;5;41
26;2025-11-14;6;416
26;2025-11-14;7;1032
26;2025-11-14;8;1945
26;2025-11-14;9;1378
26;2025-11-14;10;1210
26;2025-11-14;11;1111
26;2025-11-14;12;1171
26;2025-11-14;13;1252
26;2025-11-14;14;1319
26;2025-11-14;15;1401
26;2025-11-14;16;1572
26;2025-11-14;17;1716
26;2025-11-14;18;1517
26;2025-11-14;19;1101
26;2025-11-14;20;704
26;2025-11-14;21;441
26;2025-11-14;22;180
26;2025-11-14;23;140
26;2025-11-15;0;18
26;2025-11-15;1;0
26;2025-11-15;2;0
26;2025-11-15;3;0
26;2025-11-15;4;0
26;2025-11-15;5;16
26;2025-11-15;6;206
26;2025-11-15;7;361
26;2025-11-15;8;634
26;2025-11-15;9;706
26;2025-11-15;10;770
26;2025-11-15;11;863
26;2025-11-15;12;897
26;2025-11-15;13;944
26;2025-11-15;14;1001
26;2025-11-15;15;927
26;2025-11-15;16;920
26;2025-11-15;17;915
26;2025-11-15;18;814
26;2025-11-15;19;747
26;2025-11-15;20;484
26;2025-11-15;21;374
26;2025-11-15;22;160
26;2025-11-15;23;133
26;2025-11-16;0;19
26;2025-11-16;1;0
26;2025-11-16;2;0
26;2025-11-16;3;0
26;2025-11-16;4;0
26;2025-11-16;5;0
26;2025-11-16;6;112
26;2025-11-16;7;212
26;2025-11-16;8;430
26;2025-11-16;9;504
26;2025-11-16;10;581
26;2025-11-16;11;730
26;2025-11-16;12;763
26;2025-11-16;13;797
26;2025-11-16;14;812
26;2025-11-16;15;753
26;2025-11-16;16;762
26;2025-11-16;17;763
26;2025-11-16;18;651
26;2025-11-16;19;516
26;2025-11-16;20;349
26;2025-11-16;21;282
26;2025-11-16;22;118
26;2025-11-16;23;79
26;2025-11-17;0;5
26;2025-11-17;1;0
26;2025-11-17;2;0
26;2025-11-17;3;0
26;2025-11-17;4;0
26;2025-11-17;5;49
26;2025-11-17;6;426
26;2025-11-17;7;1070
26;2025-11-17;8;2058
26;2025-11-17;9;1395
26;2025-11-17;10;1190
26;2025-11-17;11;1061
26;2025-11-17;12;1089
26;2025-11-17;13;1107
26;2025-11-17;14;1199
26;2025-11-17;15;1297
26;2025-11-17;16;1440
26;2025-11-17;17;1692
26;2025-11-17;18;1801
26;2025-11-17;19;1200
26;2025-11-17;20;705
26;2025-11-17;21;402
26;2025-11-17;22;146
26;2025-11-17;23;74
26;2025-11-18;0;2
26;2025-11-18;1;0
26;2025-11-18;2;0
26;2025-11-18;3;0
26;2025-11-18;4;0
26;2025-11-18;5;66
26;2025-11-18;6;472
26;2025-11-18;7;1112
26;2025-11-18;8;2103
26;2025-11-18;9;1439
26;2025-11-18;10;1184
26;2025-11-18;11;1134
26;2025-11-18;12;1182
26;2025-11-18;13;1210
26;2025-11-18;14;1287
26;2025-11-18;15;1343
26;2025-11-18;16;1499
26;2025-11-18;17;1714
26;2025-11-18;18;1815
26;2025-11-18;19;1239
26;2025-11-18;20;733
26;2025-11-18;21;433
26;2025-11-18;22;157
26;2025-11-18;23;84
26;2025-11-19;0;0
26;2025-11-19;1;0
26;2025-11-19;2;0
26;2025-11-19;3;0
26;2025-11-19;4;2
26;2025-11-19;5;58
26;2025-11-19;6;431
26;2025-11-19;7;1092
26;2025-11-19;8;2118
26;2025-11-19;9;1436
26;2025-11-19;10;1244
26;2025-11-19;11;1131
26;2025-11-19;12;1179
26;2025-11-19;13;1236
26;2025-11-19;14;1317
26;2025-11-19;15;1353
26;2025-11-19;16;1477
26;2025-11-19;17;1723
26;2025-11-19;18;1829
26;2025-11-19;19;1234
26;2025-11-19;20;738
26;2025-11-19;21;453
26;2025-11-19;22;171
26;2025-11-19;23;94
26;2025-11-20;0;16
26;2025-11-20;1;0
26;2025-11-20;2;0
26;2025-11-20;3;0
26;2025-11-20;4;3
26;2025-11-20;5;68
26;2025-11-20;6;440
26;2025-11-20;7;1103
26;2025-11-20;8;2112
26;2025-11-20;9;1446
26;2025-11-20;10;1241
26;2025-11-20;11;1134
26;2025-11-20;12;1179
26;2025-11-20;13;1234
26;2025-11-20;14;1308
26;2025-11-20;15;1357
26;2025-11-20;16;1490
26;2025-11-20;17;1726
26;2025-11-20;18;1866
26;2025-11-20;19;1262
26;2025-11-20;20;747
26;2025-11-20;21;451
26;2025-11-20;22;177
26;2025-11-20;23;105
26;2025-11-21;0;11
26;2025-11-21;1;0
26;2025-11-21;2;0
26;2025-11-21;3;0
26;2025-11-21;4;0
26;2025-11-21;5;46
26;2025-11-21;6;420
26;2025-11-21;7;1043
26;2025-11-21;8;1963
26;2025-11-21;9;1355
26;2025-11-21;10;1182
26;2025-11-21;11;1079
26;2025-11-21;12;1134
26;2025-11-21;13;1219
26;2025-11-21;14;1285
26;2025-11-21;15;1371
26;2025-11-21;16;1541
26;2025-11-21;17;1685
26;2025-11-21;18;1495
26;2025-11-21;19;1082
26;2025-11-21;20;671
26;2025-11-21;21;413
26;2025-11-21;22;159
26;2025-11-21;23;106
26;2025-11-22;0;26
26;2025-11-22;1;0
26;2025-11-22;2;0
26;2025-11-22;3;0
26;2025-11-22;4;0
26;2025-11-22;5;14
26;2025-11-22;6;198
26;2025-11-22;7;351
26;2025-11-22;8;641
26;2025-11-22;9;704
26;2025-11-22;10;812
26;2025-11-22;11;925
26;2025-11-22;12;949
26;2025-11-22;13;975
26;2025-11-22;14;1007
26;2025-11-22;15;929
26;2025-11-22;16;927
26;2025-11-22;17;916
26;2025-11-22;18;815
26;2025-11-22;19;750
26;2025-11-22;20;489
26;2025-11-22;21;346
26;2025-11-22;22;136
26;2025-11-22;23;119
26;2025-11-23;0;18
26;2025-11-23;1;4
26;2025-11-23;2;0
26;2025-11-23;3;0
26;2025-11-23;4;0
26;2025-11-23;5;0
26;2025-11-23;6;114
26;2025-11-23;7;220
26;2025-11-23;8;438
26;2025-11-23;9;503
26;2025-11-23;10;568
26;2025-11-23;11;729
26;2025-11-23;12;763
26;2025-11-23;13;803
26;2025-11-23;14;808
26;2025-11-23;15;758
26;2025-11-23;16;774
26;2025-11-23;17;764
26;2025-11-23;18;647
26;2025-11-23;19;515
26;2025-11-23;20;348
26;2025-11-23;21;277
26;2025-11-23;22;121
26;2025-11-23;23;77
26;2025-11-24;0;4
26;2025-11-24;1;0
26;2025-11-24;2;0
26;2025-11-24;3;0
26;2025-11-24;4;0
26;2025-11-24;5;42
26;2025-11-24;6;426
26;2025-11-24;7;1067
26;2025-11-24;8;2044
26;2025-11-24;9;1387
26;2025-11-24;10;1160
26;2025-11-24;11;989
26;2025-11-24;12;1089
26;2025-11-24;13;1172
26;2025-11-24;14;1216
26;2025-11-24;15;1327
26;2025-11-24;16;1447
26;2025-11-24;17;1693
26;2025-11-24;18;1803
26;2025-11-24;19;1201
26;2025-11-24;20;707
26;2025-11-24;21;411
26;2025-11-24;22;147
26;2025-11-24;23;78
26;2025-11-25;0;3
26;2025-11-25;1;0
26;2025-11-25;2;0
26;2025-11-25;3;0
26;2025-11-25;4;0
26;2025-11-25;5;52
26;2025-11-25;6;435
26;2025-11-25;7;1094
26;2025-11-25;8;2121
26;2025-11-25;9;1434
26;2025-11-25;10;1226
26;2025-11-25;11;1119
26;2025-11-25;12;1156
26;2025-11-25;13;1206
26;2025-11-25;14;1293
26;2025-11-25;15;1330
26;2025-11-25;16;1465
26;2025-11-25;17;1715
26;2025-11-25;18;1847
26;2025-11-25;19;1245
26;2025-11-25;20;737
26;2025-11-25;21;431
26;2025-11-25;22;156
26;2025-11-25;23;82
26;2025-11-26;0;2
26;2025-11-26;1;0
26;2025-11-26;2;0
26;2025-11-26;3;0
26;2025-11-26;4;0
26;2025-11-26;5;54
26;2025-11-26;6;426
26;2025-11-26;7;1093
26;2025-11-26;8;2115
26;2025-11-26;9;1431
26;2025-11-26;10;1206
26;2025-11-26;11;1092
26;2025-11-26;12;1149
26;2025-11-26;13;1226
26;2025-11-26;14;1303
26;2025-11-26;15;1341
26;2025-11-26;16;1447
26;2025-11-26;17;1691
26;2025-11-26;18;1808
26;2025-11-26;19;1216
26;2025-11-26;20;727
26;2025-11-26;21;443
26;2025-11-26;22;160
26;2025-11-26;23;91
26;2025-11-27;0;11
26;2025-11-27;1;0
26;2025-11-27;2;0
26;2025-11-27;3;0
26;2025-11-27;4;1
26;2025-11-27;5;66
26;2025-11-27;6;440
26;2025-11-27;7;1100
26;2025-11-27;8;2108
26;2025-11-27;9;1428
26;2025-11-27;10;1223
26;2025-11-27;11;1096
26;2025-11-27;12;1148
26;2025-11-27;13;1201
26;2025-11-27;14;1262
26;2025-11-27;15;1353
26;2025-11-27;16;1484
26;2025-11-27;17;1707
26;2025-11-27;18;1820
26;2025-11-27;19;1231
26;2025-11-27;20;720
26;2025-11-27;21;466
26;2025-11-27;22;185
26;2025-11-27;23;108
26;2025-11-28;0;22
26;2025-11-28;1;0
26;2025-11-28;2;0
26;2025-11-28;3;0
26;2025-11-28;4;0
26;2025-11-28;5;73
26;2025-11-28;6;417
26;2025-11-28;7;1041
26;2025-11-28;8;1961
26;2025-11-28;9;1353
26;2025-11-28;10;1185
26;2025-11-28;11;1082
26;2025-11-28;12;1136
26;2025-11-28;13;1219
26;2025-11-28;14;1287
26;2025-11-28;15;1372
26;2025-11-28;16;1542
26;2025-11-28;17;1685
26;2025-11-28;18;1494
26;2025-11-28;19;1079
26;2025-11-28;20;671
26;2025-11-28;21;414
26;2025-11-28;22;159
26;2025-11-28;23;108
26;2025-11-29;0;27
26;2025-11-29;1;1
26;2025-11-29;2;0
26;2025-11-29;3;0
26;2025-11-29;4;0
26;2025-11-29;5;20
26;2025-11-29;6;208
26;2025-11-29;7;356
26;2025-11-29;8;647
26;2025-11-29;9;718
26;2025-11-29;10;814
26;2025-11-29;11;927
26;2025-11-29;12;953
26;2025-11-29;13;977
26;2025-11-29;14;1008
26;2025-11-29;15;930
26;2025-11-29;16;929
26;2025-11-29;17;917
26;2025-11-29;18;817
26;2025-11-29;19;750
26;2025-11-29;20;488
26;2025-11-29;21;364
26;2025-11-29;22;159
26;2025-11-29;23;135
26;2025-11-30;0;18
26;2025-11-30;1;2
26;2025-11-30;2;0
26;2025-11-30;3;0
26;2025-11-30;4;0
26;2025-11-30;5;0
26;2025-11-30;6;116
26;2025-11-30;7;220
26;2025-11-30;8;436
26;2025-11-30;9;502
26;2025-11-30;10;569
26;2025-11-30;11;726
26;2025-11-30;12;759
26;2025-11-30;13;802
26;2025-11-30;14;806
26;2025-11-30;15;756
26;2025-11-30;16;764
26;2025-11-30;17;764
26;2025-11-30;18;644
26;2025-11-30;19;514
26;2025-11-30;20;346
26;2025-11-30;21;278
26;2025-11-30;22;122
26;2025-11-30;23;78
26;2025-12-01;0;5
26;2025-12-01;1;1
26;2025-12-01;2;0
26;2025-12-01;3;0
26;2025-12-01;4;0
26;2025-12-01;5;48
26;2025-12-01;6;429
26;2025-12-01;7;1066
26;2025-12-01;8;2060
26;2025-12-01;9;1397
26;2025-12-01;10;1196
26;2025-12-01;11;1065
26;2025-12-01;12;1107
26;2025-12-01;13;1191
26;2025-12-01;14;1248
26;2025-12-01;15;1321
26;2025-12-01;16;1452
26;2025-12-01;17;1694
26;2025-12-01;18;1805
26;2025-12-01;19;1201
26;2025-12-01;20;708
26;2025-12-01;21;409
26;2025-12-01;22;149
26;2025-12-01;23;79
26;2025-12-02;0;4
26;2025-12-02;1;0
26;2025-12-02;2;0
26;2025-12-02;3;0
26;2025-12-02;4;0
26;2025-12-02;5;55
26;2025-12-02;6;439
26;2025-12-02;7;1097
26;2025-12-02;8;2124
26;2025-12-02;9;1434
26;2025-12-02;10;1227
26;2025-12-02;11;1119
26;2025-12-02;12;1157
26;2025-12-02;13;1208
26;2025-12-02;14;1294
26;2025-12-02;15;1332
26;2025-12-02;16;1467
26;2025-12-02;17;1716
26;2025-12-02;18;1849
26;2025-12-02;19;1245
26;2025-12-02;20;738
26;2025-12-02;21;433
26;2025-12-02;22;157
26;2025-12-02;23;84
26;2025-12-03;0;5
26;2025-12-03;1;0
26;2025-12-03;2;0
26;2025-12-03;3;0
26;2025-12-03;4;1
26;2025-12-03;5;58
26;2025-12-03;6;431
26;2025-12-03;7;1093
26;2025-12-03;8;2118
26;2025-12-03;9;1436
26;2025-12-03;10;1242
26;2025-12-03;11;1133
26;2025-12-03;12;1177
26;2025-12-03;13;1236
26;2025-12-03;14;1316
26;2025-12-03;15;1351
26;2025-12-03;16;1479
26;2025-12-03;17;1722
26;2025-12-03;18;1831
26;2025-12-03;19;1230
26;2025-12-03;20;739
26;2025-12-03;21;450
26;2025-12-03;22;167
26;2025-12-03;23;92
26;2025-12-04;0;16
26;2025-12-04;1;0
26;2025-12-04;2;0
26;2025-12-04;3;0
26;2025-12-04;4;0
26;2025-12-04;5;65
26;2025-12-04;6;442
26;2025-12-04;7;1104
26;2025-12-04;8;2112
26;2025-12-04;9;1446
26;2025-12-04;10;1240
26;2025-12-04;11;1133
26;2025-12-04;12;1179
26;2025-12-04;13;1234
26;2025-12-04;14;1309
26;2025-12-04;15;1358
26;2025-12-04;16;1488
26;2025-12-04;17;1726
26;2025-12-04;18;1865
26;2025-12-04;19;1262
26;2025-12-04;20;747
26;2025-12-04;21;451
26;2025-12-04;22;177
26;2025-12-04;23;105
26;2025-12-05;0;7
26;2025-12-05;1;0
26;2025-12-05;2;0
26;2025-12-05;3;0
26;2025-12-05;4;0
26;2025-12-05;5;42
26;2025-12-05;6;425
26;2025-12-05;7;1046
26;2025-12-05;8;1962
26;2025-12-05;9;1354
26;2025-12-05;10;1183
26;2025-12-05;11;1080
26;2025-12-05;12;1134
26;2025-12-05;13;1219
26;2025-12-05;14;1286
26;2025-12-05;15;1371
26;2025-12-05;16;1542
26;2025-12-05;17;1685
26;2025-12-05;18;1494
26;2025-12-05;19;1079
26;2025-12-05;20;674
26;2025-12-05;21;413
26;2025-12-05;22;159
26;2025-12-05;23;108
26;2025-12-06;0;26
26;2025-12-06;1;0
26;2025-12-06;2;0
26;2025-12-06;3;0
26;2025-12-06;4;0
26;2025-12-06;5;20
26;2025-12-06;6;202
26;2025-12-06;7;354
26;2025-12-06;8;647
26;2025-12-06;9;716
26;2025-12-06;10;813
26;2025-12-06;11;924
26;2025-12-06;12;950
26;2025-12-06;13;974
26;2025-12-06;14;1007
26;2025-12-06;15;929
26;2025-12-06;16;927
26;2025-12-06;17;917
26;2025-12-06;18;814
26;2025-12-06;19;745
26;2025-12-06;20;487
26;2025-12-06;21;361
26;2025-12-06;22;158
26;2025-12-06;23;133
26;2025-12-07;0;21
26;2025-12-07;1;2
26;2025-12-07;2;0
26;2025-12-07;3;0
26;2025-12-07;4;0
26;2025-12-07;5;0
26;2025-12-07;6;116
26;2025-12-07;7;220
26;2025-12-07;8;436
26;2025-12-07;9;503
26;2025-12-07;10;569
26;2025-12-07;11;726
26;2025-12-07;12;761
26;2025-12-07;13;802
26;2025-12-07;14;806
26;2025-12-07;15;755
26;2025-12-07;16;765
26;2025-12-07;17;764
26;2025-12-07;18;648
26;2025-12-07;19;517
26;2025-12-07;20;347
26;2025-12-07;21;279
26;2025-12-07;22;122
26;2025-12-07;23;78
26;2025-12-08;0;6
26;2025-12-08;1;1
26;2025-12-08;2;0
26;2025-12-08;3;0
26;2025-12-08;4;1
26;2025-12-08;5;54
26;2025-12-08;6;431
26;2025-12-08;7;1066
26;2025-12-08;8;2060
26;2025-12-08;9;1396
26;2025-12-08;10;1195
26;2025-12-08;11;1064
26;2025-12-08;12;1107
26;2025-12-08;13;1190
26;2025-12-08;14;1247
26;2025-12-08;15;1321
26;2025-12-08;16;1451
26;2025-12-08;17;1692
26;2025-12-08;18;1805
26;2025-12-08;19;1201
26;2025-12-08;20;708
26;2025-12-08;21;409
26;2025-12-08;22;149
26;2025-12-08;23;79
26;2025-12-09;0;4
26;2025-12-09;1;0
26;2025-12-09;2;0
26;2025-12-09;3;0
26;2025-12-09;4;0
26;2025-12-09;5;53
26;2025-12-09;6;435
26;2025-12-09;7;1095
26;2025-12-09;8;2121
26;2025-12-09;9;1433
26;2025-12-09;10;1226
26;2025-12-09;11;1120
26;2025-12-09;12;1159
26;2025-12-09;13;1207
26;2025-12-09;14;1294
26;2025-12-09;15;1331
26;2025-12-09;16;1466
26;2025-12-09;17;1718
26;2025-12-09;18;1851
26;2025-12-09;19;1246
26;2025-12-09;20;740
26;2025-12-09;21;435
26;2025-12-09;22;153
26;2025-12-09;23;84
26;2025-12-10;0;2
26;2025-12-10;1;0
26;2025-12-10;2;0
26;2025-12-10;3;0
26;2025-12-10;4;0
26;2025-12-10;5;62
26;2025-12-10;6;428
26;2025-12-10;7;1089
26;2025-12-10;8;2111
26;2025-12-10;9;1437
26;2025-12-10;10;1240
26;2025-12-10;11;1120
26;2025-12-10;12;1179
26;2025-12-10;13;1237
26;2025-12-10;14;1318
26;2025-12-10;15;1355
26;2025-12-10;16;1477
26;2025-12-10;17;1724
26;2025-12-10;18;1831
26;2025-12-10;19;1234
26;2025-12-10;20;738
26;2025-12-10;21;453
26;2025-12-10;22;168
26;2025-12-10;23;90
26;2025-12-11;0;15
26;2025-12-11;1;0
26;2025-12-11;2;0
26;2025-12-11;3;0
26;2025-12-11;4;1
26;2025-12-11;5;67
26;2025-12-11;6;441
26;2025-12-11;7;1101
26;2025-12-11;8;2097
26;2025-12-11;9;1431
26;2025-12-11;10;1212
26;2025-12-11;11;1108
26;2025-12-11;12;1158
26;2025-12-11;13;1221
26;2025-12-11;14;1308
26;2025-12-11;15;1346
26;2025-12-11;16;1477
26;2025-12-11;17;1717
26;2025-12-11;18;1823
26;2025-12-11;19;1249
26;2025-12-11;20;732
26;2025-12-11;21;444
26;2025-12-11;22;170
26;2025-12-11;23;105
26;2025-12-12;0;8
26;2025-12-12;1;0
26;2025-12-12;2;0
26;2025-12-12;3;0
26;2025-12-12;4;0
26;2025-12-12;5;42
26;2025-12-12;6;415
26;2025-12-12;7;1040
26;2025-12-12;8;1962
26;2025-12-12;9;1350
26;2025-12-12;10;1178
26;2025-12-12;11;1076
26;2025-12-12;12;1122
26;2025-12-12;13;1181
26;2025-12-12;14;1247
26;2025-12-12;15;1334
26;2025-12-12;16;1515
26;2025-12-12;17;1675
26;2025-12-12;18;1496
26;2025-12-12;19;1087
26;2025-12-12;20;675
26;2025-12-12;21;411
26;2025-12-12;22;153
26;2025-12-12;23;102
26;2025-12-13;0;25
26;2025-12-13;1;0
26;2025-12-13;2;0
26;2025-12-13;3;0
26;2025-12-13;4;0
26;2025-12-13;5;21
26;2025-12-13;6;202
26;2025-12-13;7;345
26;2025-12-13;8;637
26;2025-12-13;9;714
26;2025-12-13;10;810
26;2025-12-13;11;923
26;2025-12-13;12;952
26;2025-12-13;13;965
26;2025-12-13;14;1001
26;2025-12-13;15;924
26;2025-12-13;16;927
26;2025-12-13;17;915
26;2025-12-13;18;817
26;2025-12-13;19;744
26;2025-12-13;20;471
26;2025-12-13;21;351
26;2025-12-13;22;153
26;2025-12-13;23;121
26;2025-12-14;0;16
26;2025-12-14;1;2
26;2025-12-14;2;0
26;2025-12-14;3;0
26;2025-12-14;4;0
26;2025-12-14;5;0
26;2025-12-14;6;112
26;2025-12-14;7;214
26;2025-12-14;8;433
26;2025-12-14;9;503
26;2025-12-14;10;569
26;2025-12-14;11;725
26;2025-12-14;12;760
26;2025-12-14;13;791
26;2025-12-14;14;799
26;2025-12-14;15;753
26;2025-12-14;16;762
26;2025-12-14;17;765
26;2025-12-14;18;653
26;2025-12-14;19;517
26;2025-12-14;20;342
26;2025-12-14;21;275
26;2025-12-14;22;121
26;2025-12-14;23;79
26;2025-12-15;0;5
26;2025-12-15;1;1
26;2025-12-15;2;0
26;2025-12-15;3;0
26;2025-12-15;4;1
26;2025-12-15;5;54
26;2025-12-15;6;431
26;2025-12-15;7;1060
26;2025-12-15;8;2062
26;2025-12-15;9;1396
26;2025-12-15;10;1195
26;2025-12-15;11;1056
26;2025-12-15;12;1108
26;2025-12-15;13;1181
26;2025-12-15;14;1246
26;2025-12-15;15;1317
26;2025-12-15;16;1454
26;2025-12-15;17;1690
26;2025-12-15;18;1808
26;2025-12-15;19;1202
26;2025-12-15;20;704
26;2025-12-15;21;406
26;2025-12-15;22;145
26;2025-12-15;23;78
26;2025-12-16;0;3
26;2025-12-16;1;0
26;2025-12-16;2;0
26;2025-12-16;3;0
26;2025-12-16;4;0
26;2025-12-16;5;52
26;2025-12-16;6;437
26;2025-12-16;7;1091
26;2025-12-16;8;2123
26;2025-12-16;9;1434
26;2025-12-16;10;1226
26;2025-12-16;11;1103
26;2025-12-16;12;1131
26;2025-12-16;13;1148
26;2025-12-16;14;1275
26;2025-12-16;15;1330
26;2025-12-16;16;1464
26;2025-12-16;17;1715
26;2025-12-16;18;1844
26;2025-12-16;19;1244
26;2025-12-16;20;737
26;2025-12-16;21;429
26;2025-12-16;22;155
26;2025-12-16;23;81
26;2025-12-17;0;1
26;2025-12-17;1;0
26;2025-12-17;2;0
26;2025-12-17;3;0
26;2025-12-17;4;0
26;2025-12-17;5;57
26;2025-12-17;6;429
26;2025-12-17;7;1089
26;2025-12-17;8;2120
26;2025-12-17;9;1435
26;2025-12-17;10;1244
26;2025-12-17;11;1130
26;2025-12-17;12;1178
26;2025-12-17;13;1237
26;2025-12-17;14;1317
26;2025-12-17;15;1353
26;2025-12-17;16;1477
26;2025-12-17;17;1723
26;2025-12-17;18;1829
26;2025-12-17;19;1233
26;2025-12-17;20;737
26;2025-12-17;21;452
26;2025-12-17;22;169
26;2025-12-17;23;93
26;2025-12-18;0;18
26;2025-12-18;1;0
26;2025-12-18;2;0
26;2025-12-18;3;0
26;2025-12-18;4;1
26;2025-12-18;5;65
26;2025-12-18;6;442
26;2025-12-18;7;1104
26;2025-12-18;8;2113
26;2025-12-18;9;1446
26;2025-12-18;10;1240
26;2025-12-18;11;1134
26;2025-12-18;12;1180
26;2025-12-18;13;1232
26;2025-12-18;14;1307
26;2025-12-18;15;1356
26;2025-12-18;16;1488
26;2025-12-18;17;1724
26;2025-12-18;18;1864
26;2025-12-18;19;1262
26;2025-12-18;20;746
26;2025-12-18;21;450
26;2025-12-18;22;176
26;2025-12-18;23;101
26;2025-12-19;0;6
26;2025-12-19;1;0
26;2025-12-19;2;0
26;2025-12-19;3;0
26;2025-12-19;4;0
26;2025-12-19;5;42
26;2025-12-19;6;424
26;2025-12-19;7;1045
26;2025-12-19;8;1962
26;2025-12-19;9;1355
26;2025-12-19;10;1183
26;2025-12-19;11;1079
26;2025-12-19;12;1136
26;2025-12-19;13;1218
26;2025-12-19;14;1285
26;2025-12-19;15;1373
26;2025-12-19;16;1543
26;2025-12-19;17;1685
26;2025-12-19;18;1506
26;2025-12-19;19;1082
26;2025-12-19;20;672
26;2025-12-19;21;412
26;2025-12-19;22;158
26;2025-12-19;23;108
26;2025-12-20;0;27
26;2025-12-20;1;0
26;2025-12-20;2;0
26;2025-12-20;3;0
26;2025-12-20;4;0
26;2025-12-20;5;21
26;2025-12-20;6;209
26;2025-12-20;7;356
26;2025-12-20;8;647
26;2025-12-20;9;716
26;2025-12-20;10;811
26;2025-12-20;11;927
26;2025-12-20;12;954
26;2025-12-20;13;977
26;2025-12-20;14;1008
26;2025-12-20;15;932
26;2025-12-20;16;930
26;2025-12-20;17;918
26;2025-12-20;18;818
26;2025-12-20;19;750
26;2025-12-20;20;488
26;2025-12-20;21;362
26;2025-12-20;22;158
26;2025-12-20;23;135
26;2025-12-21;0;22
26;2025-12-21;1;3
26;2025-12-21;2;0
26;2025-12-21;3;0
26;2025-12-21;4;0
26;2025-12-21;5;0
26;2025-12-21;6;116
26;2025-12-21;7;219
26;2025-12-21;8;429
26;2025-12-21;9;504
26;2025-12-21;10;569
26;2025-12-21;11;725
26;2025-12-21;12;760
26;2025-12-21;13;800
26;2025-12-21;14;805
26;2025-12-21;15;756
26;2025-12-21;16;765
26;2025-12-21;17;764
26;2025-12-21;18;649
26;2025-12-21;19;517
26;2025-12-21;20;347
26;2025-12-21;21;277
26;2025-12-21;22;111
26;2025-12-21;23;76
26;2025-12-22;0;3
26;2025-12-22;1;0
26;2025-12-22;2;0
26;2025-12-22;3;0
26;2025-12-22;4;0
26;2025-12-22;5;52
26;2025-12-22;6;430
26;2025-12-22;7;1064
26;2025-12-22;8;2060
26;2025-12-22;9;1397
26;2025-12-22;10;1184
26;2025-12-22;11;1063
26;2025-12-22;12;1104
26;2025-12-22;13;1191
26;2025-12-22;14;1248
26;2025-12-22;15;1315
26;2025-12-22;16;1449
26;2025-12-22;17;1690
26;2025-12-22;18;1784
26;2025-12-22;19;1203
26;2025-12-22;20;708
26;2025-12-22;21;406
26;2025-12-22;22;137
26;2025-12-22;23;74
26;2025-12-23;0;3
26;2025-12-23;1;0
26;2025-12-23;2;0
26;2025-12-23;3;0
26;2025-12-23;4;0
26;2025-12-23;5;56
26;2025-12-23;6;439
26;2025-12-23;7;1097
26;2025-12-23;8;2121
26;2025-12-23;9;1435
26;2025-12-23;10;1224
26;2025-12-23;11;1117
26;2025-12-23;12;1155
26;2025-12-23;13;1201
26;2025-12-23;14;1287
26;2025-12-23;15;1325
26;2025-12-23;16;1466
26;2025-12-23;17;1712
26;2025-12-23;18;1854
26;2025-12-23;19;1247
26;2025-12-23;20;735
26;2025-12-23;21;429
26;2025-12-23;22;156
26;2025-12-23;23;84
26;2025-12-24;0;5
26;2025-12-24;1;0
26;2025-12-24;2;0
26;2025-12-24;3;0
26;2025-12-24;4;1
26;2025-12-24;5;60
26;2025-12-24;6;432
26;2025-12-24;7;1085
26;2025-12-24;8;2113
26;2025-12-24;9;1430
26;2025-12-24;10;1245
26;2025-12-24;11;1129
26;2025-12-24;12;1162
26;2025-12-24;13;1204
26;2025-12-24;14;1311
26;2025-12-24;15;1342
26;2025-12-24;16;1479
26;2025-12-24;17;1720
26;2025-12-24;18;1818
26;2025-12-24;19;1232
26;2025-12-24;20;728
26;2025-12-24;21;443
26;2025-12-24;22;156
26;2025-12-24;23;80
26;2025-12-25;0;8
26;2025-12-25;1;0
26;2025-12-25;2;0
26;2025-12-25;3;0
26;2025-12-25;4;1
26;2025-12-25;5;63
26;2025-12-25;6;448
26;2025-12-25;7;1107
26;2025-12-25;8;2114
26;2025-12-25;9;1450
26;2025-12-25;10;1239
26;2025-12-25;11;1134
26;2025-12-25;12;1181
26;2025-12-25;13;1234
26;2025-12-25;14;1311
26;2025-12-25;15;1356
26;2025-12-25;16;1487
26;2025-12-25;17;1720
26;2025-12-25;18;1817
26;2025-12-25;19;1266
26;2025-12-25;20;713
26;2025-12-25;21;446
26;2025-12-25;22;152
26;2025-12-25;23;86
26;2025-12-26;0;9
26;2025-12-26;1;0
26;2025-12-26;2;0
26;2025-12-26;3;0
26;2025-12-26;4;0
26;2025-12-26;5;46
26;2025-12-26;6;430
26;2025-12-26;7;1066
26;2025-12-26;8;1967
26;2025-12-26;9;1380
26;2025-12-26;10;1171
26;2025-12-26;11;1076
26;2025-12-26;12;1126
26;2025-12-26;13;1206
26;2025-12-26;14;1269
26;2025-12-26;15;1373
26;2025-12-26;16;1536
26;2025-12-26;17;1685
26;2025-12-26;18;1505
26;2025-12-26;19;1107
26;2025-12-26;20;678
26;2025-12-26;21;417
26;2025-12-26;22;163
26;2025-12-26;23;113
26;2025-12-27;0;27
26;2025-12-27;1;0
26;2025-12-27;2;0
26;2025-12-27;3;0
26;2025-12-27;4;0
26;2025-12-27;5;18
26;2025-12-27;6;210
26;2025-12-27;7;357
26;2025-12-27;8;648
26;2025-12-27;9;722
26;2025-12-27;10;815
26;2025-12-27;11;933
26;2025-12-27;12;951
26;2025-12-27;13;971
26;2025-12-27;14;1003
26;2025-12-27;15;931
26;2025-12-27;16;927
26;2025-12-27;17;915
26;2025-12-27;18;819
26;2025-12-27;19;754
26;2025-12-27;20;492
26;2025-12-27;21;364
26;2025-12-27;22;140
26;2025-12-27;23;135
26;2025-12-28;0;21
26;2025-12-28;1;1
26;2025-12-28;2;0
26;2025-12-28;3;0
26;2025-12-28;4;1
26;2025-12-28;5;0
26;2025-12-28;6;122
26;2025-12-28;7;239
26;2025-12-28;8;456
26;2025-12-28;9;520
26;2025-12-28;10;576
26;2025-12-28;11;726
26;2025-12-28;12;753
26;2025-12-28;13;782
26;2025-12-28;14;786
26;2025-12-28;15;740
26;2025-12-28;16;763
26;2025-12-28;17;764
26;2025-12-28;18;657
26;2025-12-28;19;527
26;2025-12-28;20;356
26;2025-12-28;21;284
26;2025-12-28;22;122
26;2025-12-28;23;83
26;2025-12-29;0;5
26;2025-12-29;1;0
26;2025-12-29;2;0
26;2025-12-29;3;0
26;2025-12-29;4;2
26;2025-12-29;5;56
26;2025-12-29;6;429
26;2025-12-29;7;1063
26;2025-12-29;8;2053
26;2025-12-29;9;1407
26;2025-12-29;10;1198
26;2025-12-29;11;1074
26;2025-12-29;12;1104
26;2025-12-29;13;1172
26;2025-12-29;14;1234
26;2025-12-29;15;1321
26;2025-12-29;16;1448
26;2025-12-29;17;1694
26;2025-12-29;18;1793
26;2025-12-29;19;1199
26;2025-12-29;20;704
26;2025-12-29;21;404
26;2025-12-29;22;142
26;2025-12-29;23;80
26;2025-12-30;0;1
26;2025-12-30;1;0
26;2025-12-30;2;0
26;2025-12-30;3;0
26;2025-12-30;4;0
26;2025-12-30;5;56
26;2025-12-30;6;445
26;2025-12-30;7;1098
26;2025-12-30;8;2097
26;2025-12-30;9;1435
26;2025-12-30;10;1205
26;2025-12-30;11;1105
26;2025-12-30;12;1144
26;2025-12-30;13;1178
26;2025-12-30;14;1277
26;2025-12-30;15;1336
26;2025-12-30;16;1467
26;2025-12-30;17;1711
26;2025-12-30;18;1836
26;2025-12-30;19;1241
26;2025-12-30;20;723
26;2025-12-30;21;422
26;2025-12-30;22;161
26;2025-12-30;23;89
26;2025-12-31;0;0
26;2025-12-31;1;0
26;2025-12-31;2;0
26;2025-12-31;3;0
26;2025-12-31;4;0
26;2025-12-31;5;14
26;2025-12-31;6;200
26;2025-12-31;7;311
26;2025-12-31;8;660
26;2025-12-31;9;584
26;2025-12-31;10;648
26;2025-12-31;11;710
26;2025-12-31;12;750
26;2025-12-31;13;739
26;2025-12-31;14;792
26;2025-12-31;15;735
26;2025-12-31;16;746
26;2025-12-31;17;789
26;2025-12-31;18;747
26;2025-12-31;19;590
26;2025-12-31;20;375
26;2025-12-31;21;321
26;2025-12-31;22;136
26;2025-12-31;23;88
28;2025-11-01;0;0
28;2025-11-01;1;0
28;2025-11-01;2;0
28;2025-11-01;3;0
28;2025-11-01;4;0
28;2025-11-01;5;63
28;2025-11-01;6;228
28;2025-11-01;7;703
28;2025-11-01;8;1129
28;2025-11-01;9;818
28;2025-11-01;10;630
28;2025-11-01;11;601
28;2025-11-01;12;705
28;2025-11-01;13;750
28;2025-11-01;14;717
28;2025-11-01;15;760
28;2025-11-01;16;891
28;2025-11-01;17;973
28;2025-11-01;18;872
28;2025-11-01;19;630
28;2025-11-01;20;436
28;2025-11-01;21;286
28;2025-11-01;22;72
28;2025-11-01;23;0
28;2025-11-02;0;0
28;2025-11-02;1;0
28;2025-11-02;2;0
28;2025-11-02;3;0
28;2025-11-02;4;0
28;2025-11-02;5;0
28;2025-11-02;6;34
28;2025-11-02;7;113
28;2025-11-02;8;244
28;2025-11-02;9;262
28;2025-11-02;10;318
28;2025-11-02;11;373
28;2025-11-02;12;439
28;2025-11-02;13;493
28;2025-11-02;14;486
28;2025-11-02;15;475
28;2025-11-02;16;458
28;2025-11-02;17;480
28;2025-11-02;18;401
28;2025-11-02;19;334
28;2025-11-02;20;262
28;2025-11-02;21;175
28;2025-11-02;22;29
28;2025-11-02;23;0
28;2025-11-03;0;0
28;2025-11-03;1;0
28;2025-11-03;2;0
28;2025-11-03;3;0
28;2025-11-03;4;0
28;2025-11-03;5;0
28;2025-11-03;6;59
28;2025-11-03;7;183
28;2025-11-03;8;362
28;2025-11-03;9;331
28;2025-11-03;10;378
28;2025-11-03;11;367
28;2025-11-03;12;449
28;2025-11-03;13;474
28;2025-11-03;14;467
28;2025-11-03;15;464
28;2025-11-03;16;477
28;2025-11-03;17;498
28;2025-11-03;18;462
28;2025-11-03;19;361
28;2025-11-03;20;281
28;2025-11-03;21;207
28;2025-11-03;22;68
28;2025-11-03;23;0
28;2025-11-04;0;2
28;2025-11-04;1;0
28;2025-11-04;2;0
28;2025-11-04;3;0
28;2025-11-04;4;0
28;2025-11-04;5;23
28;2025-11-04;6;93
28;2025-11-04;7;231
28;2025-11-04;8;375
28;2025-11-04;9;319
28;2025-11-04;10;371
28;2025-11-04;11;345
28;2025-11-04;12;408
28;2025-11-04;13;463
28;2025-11-04;14;489
28;2025-11-04;15;488
28;2025-11-04;16;480
28;2025-11-04;17;516
28;2025-11-04;18;473
28;2025-11-04;19;370
28;2025-11-04;20;303
28;2025-11-04;21;232
28;2025-11-04;22;81
28;2025-11-04;23;9
28;2025-11-05;0;3
28;2025-11-05;1;0
28;2025-11-05;2;0
28;2025-11-05;3;0
28;2025-11-05;4;1
28;2025-11-05;5;69
28;2025-11-05;6;203
28;2025-11-05;7;712
28;2025-11-05;8;1227
28;2025-11-05;9;823
28;2025-11-05;10;632
28;2025-11-05;11;594
28;2025-11-05;12;706
28;2025-11-05;13;732
28;2025-11-05;14;685
28;2025-11-05;15;735
28;2025-11-05;16;883
28;2025-11-05;17;1021
28;2025-11-05;18;1027
28;2025-11-05;19;717
28;2025-11-05;20;473
28;2025-11-05;21;294
28;2025-11-05;22;109
28;2025-11-05;23;2
28;2025-11-06;0;0
28;2025-11-06;1;0
28;2025-11-06;2;0
28;2025-11-06;3;0
28;2025-11-06;4;0
28;2025-11-06;5;72
28;2025-11-06;6;256
28;2025-11-06;7;766
28;2025-11-06;8;1240
28;2025-11-06;9;846
28;2025-11-06;10;639
28;2025-11-06;11;588
28;2025-11-06;12;704
28;2025-11-06;13;736
28;2025-11-06;14;687
28;2025-11-06;15;742
28;2025-11-06;16;889
28;2025-11-06;17;1033
28;2025-11-06;18;1040
28;2025-11-06;19;720
28;2025-11-06;20;448
28;2025-11-06;21;303
28;2025-11-06;22;117
28;2025-11-06;23;11
28;2025-11-07;0;3
28;2025-11-07;1;0
28;2025-11-07;2;0
28;2025-11-07;3;0
28;2025-11-07;4;3
28;2025-11-07;5;77
28;2025-11-07;6;247
28;2025-11-07;7;732
28;2025-11-07;8;1178
28;2025-11-07;9;818
28;2025-11-07;10;609
28;2025-11-07;11;578
28;2025-11-07;12;693
28;2025-11-07;13;733
28;2025-11-07;14;688
28;2025-11-07;15;755
28;2025-11-07;16;928
28;2025-11-07;17;1001
28;2025-11-07;18;886
28;2025-11-07;19;656
28;2025-11-07;20;436
28;2025-11-07;21;295
28;2025-11-07;22;117
28;2025-11-07;23;18
28;2025-11-08;0;1
28;2025-11-08;1;0
28;2025-11-08;2;0
28;2025-11-08;3;0
28;2025-11-08;4;0
28;2025-11-08;5;25
28;2025-11-08;6;94
28;2025-11-08;7;223
28;2025-11-08;8;389
28;2025-11-08;9;411
28;2025-11-08;10;465
28;2025-11-08;11;464
28;2025-11-08;12;543
28;2025-11-08;13;565
28;2025-11-08;14;571
28;2025-11-08;15;561
28;2025-11-08;16;552
28;2025-11-08;17;558
28;2025-11-08;18;476
28;2025-11-08;19;402
28;2025-11-08;20;304
28;2025-11-08;21;240
28;2025-11-08;22;86
28;2025-11-08;23;8
28;2025-11-09;0;1
28;2025-11-09;1;0
28;2025-11-09;2;0
28;2025-11-09;3;0
28;2025-11-09;4;0
28;2025-11-09;5;13
28;2025-11-09;6;70
28;2025-11-09;7;146
28;2025-11-09;8;264
28;2025-11-09;9;296
28;2025-11-09;10;361
28;2025-11-09;11;378
28;2025-11-09;12;429
28;2025-11-09;13;483
28;2025-11-09;14;485
28;2025-11-09;15;471
28;2025-11-09;16;453
28;2025-11-09;17;437
28;2025-11-09;18;362
28;2025-11-09;19;310
28;2025-11-09;20;230
28;2025-11-09;21;182
28;2025-11-09;22;33
28;2025-11-09;23;0
28;2025-11-10;0;0
28;2025-11-10;1;0
28;2025-11-10;2;0
28;2025-11-10;3;0
28;2025-11-10;4;0
28;2025-11-10;5;35
28;2025-11-10;6;206
28;2025-11-10;7;712
28;2025-11-10;8;1176
28;2025-11-10;9;781
28;2025-11-10;10;575
28;2025-11-10;11;515
28;2025-11-10;12;621
28;2025-11-10;13;664
28;2025-11-10;14;603
28;2025-11-10;15;662
28;2025-11-10;16;824
28;2025-11-10;17;944
28;2025-11-10;18;940
28;2025-11-10;19;665
28;2025-11-10;20;404
28;2025-11-10;21;229
28;2025-11-10;22;55
28;2025-11-10;23;0
28;2025-11-11;0;0
28;2025-11-11;1;0
28;2025-11-11;2;0
28;2025-11-11;3;0
28;2025-11-11;4;0
28;2025-11-11;5;34
28;2025-11-11;6;209
28;2025-11-11;7;731
28;2025-11-11;8;1205
28;2025-11-11;9;799
28;2025-11-11;10;607
28;2025-11-11;11;533
28;2025-11-11;12;642
28;2025-11-11;13;715
28;2025-11-11;14;664
28;2025-11-11;15;676
28;2025-11-11;16;823
28;2025-11-11;17;962
28;2025-11-11;18;982
28;2025-11-11;19;685
28;2025-11-11;20;430
28;2025-11-11;21;250
28;2025-11-11;22;69
28;2025-11-11;23;0
28;2025-11-12;0;0
28;2025-11-12;1;0
28;2025-11-12;2;0
28;2025-11-12;3;0
28;2025-11-12;4;0
28;2025-11-12;5;36
28;2025-11-12;6;211
28;2025-11-12;7;725
28;2025-11-12;8;1219
28;2025-11-12;9;823
28;2025-11-12;10;624
28;2025-11-12;11;561
28;2025-11-12;12;675
28;2025-11-12;13;696
28;2025-11-12;14;653
28;2025-11-12;15;701
28;2025-11-12;16;848
28;2025-11-12;17;991
28;2025-11-12;18;981
28;2025-11-12;19;692
28;2025-11-12;20;437
28;2025-11-12;21;261
28;2025-11-12;22;72
28;2025-11-12;23;0
28;2025-11-13;0;0
28;2025-11-13;1;0
28;2025-11-13;2;0
28;2025-11-13;3;0
28;2025-11-13;4;0
28;2025-11-13;5;35
28;2025-11-13;6;213
28;2025-11-13;7;727
28;2025-11-13;8;1220
28;2025-11-13;9;814
28;2025-11-13;10;595
28;2025-11-13;11;589
28;2025-11-13;12;700
28;2025-11-13;13;734
28;2025-11-13;14;689
28;2025-11-13;15;745
28;2025-11-13;16;896
28;2025-11-13;17;1036
28;2025-11-13;18;1038
28;2025-11-13;19;717
28;2025-11-13;20;477
28;2025-11-13;21;297
28;2025-11-13;22;75
28;2025-11-13;23;0
28;2025-11-14;0;0
28;2025-11-14;1;0
28;2025-11-14;2;0
28;2025-11-14;3;0
28;2025-11-14;4;0
28;2025-11-14;5;32
28;2025-11-14;6;197
28;2025-11-14;7;690
28;2025-11-14;8;1122
28;2025-11-14;9;801
28;2025-11-14;10;610
28;2025-11-14;11;584
28;2025-11-14;12;700
28;2025-11-14;13;740
28;2025-11-14;14;690
28;2025-11-14;15;749
28;2025-11-14;16;921
28;2025-11-14;17;1006
28;2025-11-14;18;888
28;2025-11-14;19;655
28;2025-11-14;20;453
28;2025-11-14;21;292
28;2025-11-14;22;110
28;2025-11-14;23;8
28;2025-11-15;0;0
28;2025-11-15;1;0
28;2025-11-15;2;0
28;2025-11-15;3;0
28;2025-11-15;4;0
28;2025-11-15;5;0
28;2025-11-15;6;51
28;2025-11-15;7;179
28;2025-11-15;8;364
28;2025-11-15;9;391
28;2025-11-15;10;425
28;2025-11-15;11;405
28;2025-11-15;12;484
28;2025-11-15;13;532
28;2025-11-15;14;531
28;2025-11-15;15;514
28;2025-11-15;16;499
28;2025-11-15;17;531
28;2025-11-15;18;444
28;2025-11-15;19;379
28;2025-11-15;20;271
28;2025-11-15;21;208
28;2025-11-15;22;51
28;2025-11-15;23;0
28;2025-11-16;0;0
28;2025-11-16;1;0
28;2025-11-16;2;0
28;2025-11-16;3;0
28;2025-11-16;4;0
28;2025-11-16;5;0
28;2025-11-16;6;33
28;2025-11-16;7;111
28;2025-11-16;8;242
28;2025-11-16;9;282
28;2025-11-16;10;346
28;2025-11-16;11;350
28;2025-11-16;12;412
28;2025-11-16;13;478
28;2025-11-16;14;464
28;2025-11-16;15;436
28;2025-11-16;16;427
28;2025-11-16;17;438
28;2025-11-16;18;372
28;2025-11-16;19;304
28;2025-11-16;20;225
28;2025-11-16;21;175
28;2025-11-16;22;30
28;2025-11-16;23;0
28;2025-11-17;0;0
28;2025-11-17;1;0
28;2025-11-17;2;0
28;2025-11-17;3;0
28;2025-11-17;4;0
28;2025-11-17;5;33
28;2025-11-17;6;206
28;2025-11-17;7;707
28;2025-11-17;8;1166
28;2025-11-17;9;783
28;2025-11-17;10;593
28;2025-11-17;11;523
28;2025-11-17;12;638
28;2025-11-17;13;641
28;2025-11-17;14;608
28;2025-11-17;15;664
28;2025-11-17;16;824
28;2025-11-17;17;957
28;2025-11-17;18;936
28;2025-11-17;19;665
28;2025-11-17;20;401
28;2025-11-17;21;231
28;2025-11-17;22;58
28;2025-11-17;23;0
28;2025-11-18;0;0
28;2025-11-18;1;0
28;2025-11-18;2;0
28;2025-11-18;3;0
28;2025-11-18;4;0
28;2025-11-18;5;53
28;2025-11-18;6;248
28;2025-11-18;7;766
28;2025-11-18;8;1224
28;2025-11-18;9;820
28;2025-11-18;10;605
28;2025-11-18;11;575
28;2025-11-18;12;694
28;2025-11-18;13;719
28;2025-11-18;14;665
28;2025-11-18;15;719
28;2025-11-18;16;857
28;2025-11-18;17;971
28;2025-11-18;18;966
28;2025-11-18;19;687
28;2025-11-18;20;425
28;2025-11-18;21;248
28;2025-11-18;22;69
28;2025-11-18;23;0
28;2025-11-19;0;0
28;2025-11-19;1;0
28;2025-11-19;2;0
28;2025-11-19;3;0
28;2025-11-19;4;0
28;2025-11-19;5;36
28;2025-11-19;6;211
28;2025-11-19;7;721
28;2025-11-19;8;1219
28;2025-11-19;9;822
28;2025-11-19;10;613
28;2025-11-19;11;562
28;2025-11-19;12;669
28;2025-11-19;13;712
28;2025-11-19;14;658
28;2025-11-19;15;708
28;2025-11-19;16;858
28;2025-11-19;17;991
28;2025-11-19;18;995
28;2025-11-19;19;691
28;2025-11-19;20;434
28;2025-11-19;21;260
28;2025-11-19;22;71
28;2025-11-19;23;0
28;2025-11-20;0;0
28;2025-11-20;1;0
28;2025-11-20;2;0
28;2025-11-20;3;0
28;2025-11-20;4;0
28;2025-11-20;5;34
28;2025-11-20;6;213
28;2025-11-20;7;724
28;2025-11-20;8;1222
28;2025-11-20;9;826
28;2025-11-20;10;612
28;2025-11-20;11;562
28;2025-11-20;12;674
28;2025-11-20;13;710
28;2025-11-20;14;658
28;2025-11-20;15;712
28;2025-11-20;16;856
28;2025-11-20;17;1003
28;2025-11-20;18;1002
28;2025-11-20;19;694
28;2025-11-20;20;443
28;2025-11-20;21;263
28;2025-11-20;22;76
28;2025-11-20;23;0
28;2025-11-21;0;0
28;2025-11-21;1;0
28;2025-11-21;2;0
28;2025-11-21;3;0
28;2025-11-21;4;0
28;2025-11-21;5;38
28;2025-11-21;6;213
28;2025-11-21;7;693
28;2025-11-21;8;1144
28;2025-11-21;9;780
28;2025-11-21;10;580
28;2025-11-21;11;539
28;2025-11-21;12;674
28;2025-11-21;13;700
28;2025-11-21;14;649
28;2025-11-21;15;708
28;2025-11-21;16;887
28;2025-11-21;17;966
28;2025-11-21;18;844
28;2025-11-21;19;622
28;2025-11-21;20;391
28;2025-11-21;21;252
28;2025-11-21;22;72
28;2025-11-21;23;0
28;2025-11-22;0;0
28;2025-11-22;1;0
28;2025-11-22;2;0
28;2025-11-22;3;0
28;2025-11-22;4;0
28;2025-11-22;5;0
28;2025-11-22;6;59
28;2025-11-22;7;189
28;2025-11-22;8;378
28;2025-11-22;9;403
28;2025-11-22;10;447
28;2025-11-22;11;432
28;2025-11-22;12;502
28;2025-11-22;13;533
28;2025-11-22;14;536
28;2025-11-22;15;522
28;2025-11-22;16;510
28;2025-11-22;17;531
28;2025-11-22;18;446
28;2025-11-22;19;375
28;2025-11-22;20;264
28;2025-11-22;21;199
28;2025-11-22;22;50
28;2025-11-22;23;0
28;2025-11-23;0;0
28;2025-11-23;1;0
28;2025-11-23;2;0
28;2025-11-23;3;0
28;2025-11-23;4;0
28;2025-11-23;5;0
28;2025-11-23;6;35
28;2025-11-23;7;113
28;2025-11-23;8;244
28;2025-11-23;9;275
28;2025-11-23;10;334
28;2025-11-23;11;340
28;2025-11-23;12;408
28;2025-11-23;13;477
28;2025-11-23;14;477
28;2025-11-23;15;455
28;2025-11-23;16;435
28;2025-11-23;17;443
28;2025-11-23;18;373
28;2025-11-23;19;306
28;2025-11-23;20;226
28;2025-11-23;21;178
28;2025-11-23;22;31
28;2025-11-23;23;0
28;2025-11-24;0;0
28;2025-11-24;1;0
28;2025-11-24;2;0
28;2025-11-24;3;0
28;2025-11-24;4;0
28;2025-11-24;5;32
28;2025-11-24;6;199
28;2025-11-24;7;723
28;2025-11-24;8;1200
28;2025-11-24;9;791
28;2025-11-24;10;557
28;2025-11-24;11;496
28;2025-11-24;12;637
28;2025-11-24;13;662
28;2025-11-24;14;601
28;2025-11-24;15;695
28;2025-11-24;16;812
28;2025-11-24;17;943
28;2025-11-24;18;939
28;2025-11-24;19;662
28;2025-11-24;20;400
28;2025-11-24;21;239
28;2025-11-24;22;54
28;2025-11-24;23;0
28;2025-11-25;0;0
28;2025-11-25;1;0
28;2025-11-25;2;0
28;2025-11-25;3;0
28;2025-11-25;4;0
28;2025-11-25;5;33
28;2025-11-25;6;208
28;2025-11-25;7;728
28;2025-11-25;8;1207
28;2025-11-25;9;798
28;2025-11-25;10;606
28;2025-11-25;11;542
28;2025-11-25;12;648
28;2025-11-25;13;689
28;2025-11-25;14;630
28;2025-11-25;15;682
28;2025-11-25;16;832
28;2025-11-25;17;971
28;2025-11-25;18;980
28;2025-11-25;19;683
28;2025-11-25;20;426
28;2025-11-25;21;248
28;2025-11-25;22;68
28;2025-11-25;23;0
28;2025-11-26;0;0
28;2025-11-26;1;0
28;2025-11-26;2;0
28;2025-11-26;3;0
28;2025-11-26;4;0
28;2025-11-26;5;41
28;2025-11-26;6;213
28;2025-11-26;7;719
28;2025-11-26;8;1229
28;2025-11-26;9;830
28;2025-11-26;10;600
28;2025-11-26;11;554
28;2025-11-26;12;673
28;2025-11-26;13;711
28;2025-11-26;14;662
28;2025-11-26;15;712
28;2025-11-26;16;848
28;2025-11-26;17;987
28;2025-11-26;18;981
28;2025-11-26;19;690
28;2025-11-26;20;428
28;2025-11-26;21;254
28;2025-11-26;22;74
28;2025-11-26;23;0
28;2025-11-27;0;0
28;2025-11-27;1;0
28;2025-11-27;2;0
28;2025-11-27;3;0
28;2025-11-27;4;0
28;2025-11-27;5;36
28;2025-11-27;6;217
28;2025-11-27;7;729
28;2025-11-27;8;1226
28;2025-11-27;9;815
28;2025-11-27;10;595
28;2025-11-27;11;553
28;2025-11-27;12;656
28;2025-11-27;13;696
28;2025-11-27;14;644
28;2025-11-27;15;706
28;2025-11-27;16;851
28;2025-11-27;17;987
28;2025-11-27;18;976
28;2025-11-27;19;672
28;2025-11-27;20;432
28;2025-11-27;21;283
28;2025-11-27;22;102
28;2025-11-27;23;0
28;2025-11-28;0;0
28;2025-11-28;1;0
28;2025-11-28;2;0
28;2025-11-28;3;0
28;2025-11-28;4;0
28;2025-11-28;5;63
28;2025-11-28;6;199
28;2025-11-28;7;700
28;2025-11-28;8;1143
28;2025-11-28;9;781
28;2025-11-28;10;584
28;2025-11-28;11;541
28;2025-11-28;12;658
28;2025-11-28;13;697
28;2025-11-28;14;651
28;2025-11-28;15;711
28;2025-11-28;16;889
28;2025-11-28;17;965
28;2025-11-28;18;844
28;2025-11-28;19;623
28;2025-11-28;20;393
28;2025-11-28;21;253
28;2025-11-28;22;71
28;2025-11-28;23;0
28;2025-11-29;0;0
28;2025-11-29;1;0
28;2025-11-29;2;0
28;2025-11-29;3;0
28;2025-11-29;4;0
28;2025-11-29;5;0
28;2025-11-29;6;50
28;2025-11-29;7;191
28;2025-11-29;8;374
28;2025-11-29;9;394
28;2025-11-29;10;445
28;2025-11-29;11;432
28;2025-11-29;12;503
28;2025-11-29;13;532
28;2025-11-29;14;535
28;2025-11-29;15;521
28;2025-11-29;16;507
28;2025-11-29;17;529
28;2025-11-29;18;445
28;2025-11-29;19;375
28;2025-11-29;20;266
28;2025-11-29;21;200
28;2025-11-29;22;44
28;2025-11-29;23;0
28;2025-11-30;0;0
28;2025-11-30;1;0
28;2025-11-30;2;0
28;2025-11-30;3;0
28;2025-11-30;4;0
28;2025-11-30;5;0
28;2025-11-30;6;33
28;2025-11-30;7;111
28;2025-11-30;8;242
28;2025-11-30;9;276
28;2025-11-30;10;337
28;2025-11-30;11;344
28;2025-11-30;12;399
28;2025-11-30;13;455
28;2025-11-30;14;454
28;2025-11-30;15;443
28;2025-11-30;16;428
28;2025-11-30;17;442
28;2025-11-30;18;371
28;2025-11-30;19;309
28;2025-11-30;20;229
28;2025-11-30;21;181
28;2025-11-30;22;32
28;2025-11-30;23;0
28;2025-12-01;0;0
28;2025-12-01;1;0
28;2025-12-01;2;0
28;2025-12-01;3;0
28;2025-12-01;4;0
28;2025-12-01;5;42
28;2025-12-01;6;206
28;2025-12-01;7;710
28;2025-12-01;8;1176
28;2025-12-01;9;779
28;2025-12-01;10;575
28;2025-12-01;11;512
28;2025-12-01;12;621
28;2025-12-01;13;665
28;2025-12-01;14;602
28;2025-12-01;15;658
28;2025-12-01;16;821
28;2025-12-01;17;944
28;2025-12-01;18;938
28;2025-12-01;19;663
28;2025-12-01;20;402
28;2025-12-01;21;227
28;2025-12-01;22;54
28;2025-12-01;23;0
28;2025-12-02;0;0
28;2025-12-02;1;0
28;2025-12-02;2;0
28;2025-12-02;3;0
28;2025-12-02;4;0
28;2025-12-02;5;35
28;2025-12-02;6;209
28;2025-12-02;7;730
28;2025-12-02;8;1206
28;2025-12-02;9;796
28;2025-12-02;10;604
28;2025-12-02;11;539
28;2025-12-02;12;650
28;2025-12-02;13;687
28;2025-12-02;14;633
28;2025-12-02;15;684
28;2025-12-02;16;831
28;2025-12-02;17;970
28;2025-12-02;18;982
28;2025-12-02;19;682
28;2025-12-02;20;426
28;2025-12-02;21;248
28;2025-12-02;22;68
28;2025-12-02;23;0
28;2025-12-03;0;0
28;2025-12-03;1;0
28;2025-12-03;2;0
28;2025-12-03;3;0
28;2025-12-03;4;0
28;2025-12-03;5;36
28;2025-12-03;6;212
28;2025-12-03;7;722
28;2025-12-03;8;1219
28;2025-12-03;9;820
28;2025-12-03;10;613
28;2025-12-03;11;564
28;2025-12-03;12;668
28;2025-12-03;13;709
28;2025-12-03;14;658
28;2025-12-03;15;708
28;2025-12-03;16;859
28;2025-12-03;17;991
28;2025-12-03;18;996
28;2025-12-03;19;690
28;2025-12-03;20;432
28;2025-12-03;21;257
28;2025-12-03;22;71
28;2025-12-03;23;0
28;2025-12-04;0;0
28;2025-12-04;1;0
28;2025-12-04;2;0
28;2025-12-04;3;0
28;2025-12-04;4;0
28;2025-12-04;5;34
28;2025-12-04;6;213
28;2025-12-04;7;726
28;2025-12-04;8;1222
28;2025-12-04;9;827
28;2025-12-04;10;613
28;2025-12-04;11;565
28;2025-12-04;12;674
28;2025-12-04;13;708
28;2025-12-04;14;659
28;2025-12-04;15;717
28;2025-12-04;16;857
28;2025-12-04;17;1001
28;2025-12-04;18;1003
28;2025-12-04;19;694
28;2025-12-04;20;441
28;2025-12-04;21;265
28;2025-12-04;22;77
28;2025-12-04;23;0
28;2025-12-05;0;0
28;2025-12-05;1;0
28;2025-12-05;2;0
28;2025-12-05;3;0
28;2025-12-05;4;0
28;2025-12-05;5;36
28;2025-12-05;6;206
28;2025-12-05;7;701
28;2025-12-05;8;1143
28;2025-12-05;9;781
28;2025-12-05;10;583
28;2025-12-05;11;542
28;2025-12-05;12;658
28;2025-12-05;13;697
28;2025-12-05;14;650
28;2025-12-05;15;709
28;2025-12-05;16;887
28;2025-12-05;17;965
28;2025-12-05;18;844
28;2025-12-05;19;623
28;2025-12-05;20;398
28;2025-12-05;21;252
28;2025-12-05;22;71
28;2025-12-05;23;0
28;2025-12-06;0;0
28;2025-12-06;1;0
28;2025-12-06;2;0
28;2025-12-06;3;0
28;2025-12-06;4;0
28;2025-12-06;5;0
28;2025-12-06;6;51
28;2025-12-06;7;191
28;2025-12-06;8;374
28;2025-12-06;9;395
28;2025-12-06;10;443
28;2025-12-06;11;429
28;2025-12-06;12;500
28;2025-12-06;13;530
28;2025-12-06;14;538
28;2025-12-06;15;524
28;2025-12-06;16;510
28;2025-12-06;17;529
28;2025-12-06;18;447
28;2025-12-06;19;376
28;2025-12-06;20;267
28;2025-12-06;21;204
28;2025-12-06;22;45
28;2025-12-06;23;0
28;2025-12-07;0;0
28;2025-12-07;1;0
28;2025-12-07;2;0
28;2025-12-07;3;0
28;2025-12-07;4;0
28;2025-12-07;5;0
28;2025-12-07;6;33
28;2025-12-07;7;110
28;2025-12-07;8;242
28;2025-12-07;9;274
28;2025-12-07;10;333
28;2025-12-07;11;342
28;2025-12-07;12;399
28;2025-12-07;13;454
28;2025-12-07;14;453
28;2025-12-07;15;439
28;2025-12-07;16;427
28;2025-12-07;17;441
28;2025-12-07;18;370
28;2025-12-07;19;307
28;2025-12-07;20;225
28;2025-12-07;21;176
28;2025-12-07;22;30
28;2025-12-07;23;0
28;2025-12-08;0;0
28;2025-12-08;1;0
28;2025-12-08;2;0
28;2025-12-08;3;0
28;2025-12-08;4;0
28;2025-12-08;5;35
28;2025-12-08;6;206
28;2025-12-08;7;710
28;2025-12-08;8;1176
28;2025-12-08;9;778
28;2025-12-08;10;574
28;2025-12-08;11;512
28;2025-12-08;12;621
28;2025-12-08;13;665
28;2025-12-08;14;600
28;2025-12-08;15;658
28;2025-12-08;16;820
28;2025-12-08;17;942
28;2025-12-08;18;938
28;2025-12-08;19;663
28;2025-12-08;20;402
28;2025-12-08;21;227
28;2025-12-08;22;54
28;2025-12-08;23;0
28;2025-12-09;0;0
28;2025-12-09;1;0
28;2025-12-09;2;0
28;2025-12-09;3;0
28;2025-12-09;4;0
28;2025-12-09;5;34
28;2025-12-09;6;211
28;2025-12-09;7;728
28;2025-12-09;8;1205
28;2025-12-09;9;801
28;2025-12-09;10;607
28;2025-12-09;11;542
28;2025-12-09;12;650
28;2025-12-09;13;688
28;2025-12-09;14;631
28;2025-12-09;15;684
28;2025-12-09;16;834
28;2025-12-09;17;972
28;2025-12-09;18;982
28;2025-12-09;19;683
28;2025-12-09;20;428
28;2025-12-09;21;249
28;2025-12-09;22;76
28;2025-12-09;23;0
28;2025-12-10;0;0
28;2025-12-10;1;0
28;2025-12-10;2;0
28;2025-12-10;3;0
28;2025-12-10;4;4
28;2025-12-10;5;47
28;2025-12-10;6;223
28;2025-12-10;7;722
28;2025-12-10;8;1227
28;2025-12-10;9;850
28;2025-12-10;10;620
28;2025-12-10;11;578
28;2025-12-10;12;671
28;2025-12-10;13;712
28;2025-12-10;14;656
28;2025-12-10;15;708
28;2025-12-10;16;859
28;2025-12-10;17;994
28;2025-12-10;18;995
28;2025-12-10;19;691
28;2025-12-10;20;434
28;2025-12-10;21;260
28;2025-12-10;22;72
28;2025-12-10;23;0
28;2025-12-11;0;0
28;2025-12-11;1;0
28;2025-12-11;2;0
28;2025-12-11;3;0
28;2025-12-11;4;0
28;2025-12-11;5;33
28;2025-12-11;6;214
28;2025-12-11;7;727
28;2025-12-11;8;1205
28;2025-12-11;9;831
28;2025-12-11;10;612
28;2025-12-11;11;563
28;2025-12-11;12;671
28;2025-12-11;13;712
28;2025-12-11;14;658
28;2025-12-11;15;716
28;2025-12-11;16;856
28;2025-12-11;17;997
28;2025-12-11;18;985
28;2025-12-11;19;691
28;2025-12-11;20;434
28;2025-12-11;21;259
28;2025-12-11;22;84
28;2025-12-11;23;0
28;2025-12-12;0;0
28;2025-12-12;1;0
28;2025-12-12;2;0
28;2025-12-12;3;0
28;2025-12-12;4;0
28;2025-12-12;5;37
28;2025-12-12;6;207
28;2025-12-12;7;701
28;2025-12-12;8;1170
28;2025-12-12;9;783
28;2025-12-12;10;598
28;2025-12-12;11;543
28;2025-12-12;12;667
28;2025-12-12;13;699
28;2025-12-12;14;648
28;2025-12-12;15;700
28;2025-12-12;16;874
28;2025-12-12;17;964
28;2025-12-12;18;852
28;2025-12-12;19;619
28;2025-12-12;20;392
28;2025-12-12;21;249
28;2025-12-12;22;67
28;2025-12-12;23;0
28;2025-12-13;0;0
28;2025-12-13;1;0
28;2025-12-13;2;0
28;2025-12-13;3;0
28;2025-12-13;4;0
28;2025-12-13;5;0
28;2025-12-13;6;54
28;2025-12-13;7;192
28;2025-12-13;8;373
28;2025-12-13;9;400
28;2025-12-13;10;452
28;2025-12-13;11;427
28;2025-12-13;12;506
28;2025-12-13;13;531
28;2025-12-13;14;538
28;2025-12-13;15;521
28;2025-12-13;16;510
28;2025-12-13;17;533
28;2025-12-13;18;452
28;2025-12-13;19;382
28;2025-12-13;20;271
28;2025-12-13;21;204
28;2025-12-13;22;46
28;2025-12-13;23;0
28;2025-12-14;0;0
28;2025-12-14;1;0
28;2025-12-14;2;0
28;2025-12-14;3;0
28;2025-12-14;4;0
28;2025-12-14;5;0
28;2025-12-14;6;33
28;2025-12-14;7;114
28;2025-12-14;8;234
28;2025-12-14;9;283
28;2025-12-14;10;345
28;2025-12-14;11;345
28;2025-12-14;12;405
28;2025-12-14;13;457
28;2025-12-14;14;454
28;2025-12-14;15;439
28;2025-12-14;16;429
28;2025-12-14;17;443
28;2025-12-14;18;381
28;2025-12-14;19;313
28;2025-12-14;20;233
28;2025-12-14;21;179
28;2025-12-14;22;37
28;2025-12-14;23;0
28;2025-12-15;0;0
28;2025-12-15;1;0
28;2025-12-15;2;0
28;2025-12-15;3;0
28;2025-12-15;4;0
28;2025-12-15;5;36
28;2025-12-15;6;213
28;2025-12-15;7;715
28;2025-12-15;8;1167
28;2025-12-15;9;792
28;2025-12-15;10;589
28;2025-12-15;11;524
28;2025-12-15;12;628
28;2025-12-15;13;664
28;2025-12-15;14;604
28;2025-12-15;15;662
28;2025-12-15;16;824
28;2025-12-15;17;948
28;2025-12-15;18;950
28;2025-12-15;19;670
28;2025-12-15;20;410
28;2025-12-15;21;231
28;2025-12-15;22;57
28;2025-12-15;23;0
28;2025-12-16;0;0
28;2025-12-16;1;0
28;2025-12-16;2;0
28;2025-12-16;3;0
28;2025-12-16;4;0
28;2025-12-16;5;30
28;2025-12-16;6;206
28;2025-12-16;7;725
28;2025-12-16;8;1195
28;2025-12-16;9;803
28;2025-12-16;10;609
28;2025-12-16;11;549
28;2025-12-16;12;646
28;2025-12-16;13;677
28;2025-12-16;14;645
28;2025-12-16;15;682
28;2025-12-16;16;834
28;2025-12-16;17;972
28;2025-12-16;18;978
28;2025-12-16;19;682
28;2025-12-16;20;426
28;2025-12-16;21;245
28;2025-12-16;22;67
28;2025-12-16;23;0
28;2025-12-17;0;0
28;2025-12-17;1;0
28;2025-12-17;2;0
28;2025-12-17;3;0
28;2025-12-17;4;0
28;2025-12-17;5;33
28;2025-12-17;6;210
28;2025-12-17;7;724
28;2025-12-17;8;1221
28;2025-12-17;9;824
28;2025-12-17;10;616
28;2025-12-17;11;565
28;2025-12-17;12;667
28;2025-12-17;13;712
28;2025-12-17;14;659
28;2025-12-17;15;709
28;2025-12-17;16;859
28;2025-12-17;17;991
28;2025-12-17;18;996
28;2025-12-17;19;691
28;2025-12-17;20;432
28;2025-12-17;21;257
28;2025-12-17;22;70
28;2025-12-17;23;0
28;2025-12-18;0;0
28;2025-12-18;1;0
28;2025-12-18;2;0
28;2025-12-18;3;0
28;2025-12-18;4;0
28;2025-12-18;5;36
28;2025-12-18;6;212
28;2025-12-18;7;726
28;2025-12-18;8;1223
28;2025-12-18;9;826
28;2025-12-18;10;612
28;2025-12-18;11;566
28;2025-12-18;12;675
28;2025-12-18;13;711
28;2025-12-18;14;656
28;2025-12-18;15;712
28;2025-12-18;16;855
28;2025-12-18;17;1001
28;2025-12-18;18;1003
28;2025-12-18;19;694
28;2025-12-18;20;441
28;2025-12-18;21;264
28;2025-12-18;22;79
28;2025-12-18;23;0
28;2025-12-19;0;0
28;2025-12-19;1;0
28;2025-12-19;2;0
28;2025-12-19;3;0
28;2025-12-19;4;0
28;2025-12-19;5;37
28;2025-12-19;6;205
28;2025-12-19;7;700
28;2025-12-19;8;1142
28;2025-12-19;9;780
28;2025-12-19;10;582
28;2025-12-19;11;543
28;2025-12-19;12;658
28;2025-12-19;13;700
28;2025-12-19;14;646
28;2025-12-19;15;705
28;2025-12-19;16;888
28;2025-12-19;17;978
28;2025-12-19;18;857
28;2025-12-19;19;622
28;2025-12-19;20;393
28;2025-12-19;21;253
28;2025-12-19;22;69
28;2025-12-19;23;0
28;2025-12-20;0;0
28;2025-12-20;1;0
28;2025-12-20;2;0
28;2025-12-20;3;0
28;2025-12-20;4;0
28;2025-12-20;5;0
28;2025-12-20;6;50
28;2025-12-20;7;191
28;2025-12-20;8;374
28;2025-12-20;9;395
28;2025-12-20;10;447
28;2025-12-20;11;432
28;2025-12-20;12;503
28;2025-12-20;13;532
28;2025-12-20;14;535
28;2025-12-20;15;521
28;2025-12-20;16;507
28;2025-12-20;17;531
28;2025-12-20;18;445
28;2025-12-20;19;375
28;2025-12-20;20;266
28;2025-12-20;21;203
28;2025-12-20;22;44
28;2025-12-20;23;0
28;2025-12-21;0;0
28;2025-12-21;1;0
28;2025-12-21;2;0
28;2025-12-21;3;0
28;2025-12-21;4;0
28;2025-12-21;5;0
28;2025-12-21;6;40
28;2025-12-21;7;107
28;2025-12-21;8;237
28;2025-12-21;9;276
28;2025-12-21;10;337
28;2025-12-21;11;340
28;2025-12-21;12;399
28;2025-12-21;13;455
28;2025-12-21;14;451
28;2025-12-21;15;440
28;2025-12-21;16;427
28;2025-12-21;17;444
28;2025-12-21;18;369
28;2025-12-21;19;307
28;2025-12-21;20;225
28;2025-12-21;21;175
28;2025-12-21;22;35
28;2025-12-21;23;0
28;2025-12-22;0;0
28;2025-12-22;1;0
28;2025-12-22;2;0
28;2025-12-22;3;0
28;2025-12-22;4;0
28;2025-12-22;5;34
28;2025-12-22;6;207
28;2025-12-22;7;709
28;2025-12-22;8;1175
28;2025-12-22;9;793
28;2025-12-22;10;562
28;2025-12-22;11;524
28;2025-12-22;12;640
28;2025-12-22;13;665
28;2025-12-22;14;600
28;2025-12-22;15;660
28;2025-12-22;16;824
28;2025-12-22;17;945
28;2025-12-22;18;955
28;2025-12-22;19;661
28;2025-12-22;20;402
28;2025-12-22;21;227
28;2025-12-22;22;56
28;2025-12-22;23;0
28;2025-12-23;0;0
28;2025-12-23;1;0
28;2025-12-23;2;0
28;2025-12-23;3;0
28;2025-12-23;4;0
28;2025-12-23;5;31
28;2025-12-23;6;210
28;2025-12-23;7;728
28;2025-12-23;8;1197
28;2025-12-23;9;808
28;2025-12-23;10;615
28;2025-12-23;11;541
28;2025-12-23;12;654
28;2025-12-23;13;688
28;2025-12-23;14;632
28;2025-12-23;15;686
28;2025-12-23;16;834
28;2025-12-23;17;974
28;2025-12-23;18;991
28;2025-12-23;19;690
28;2025-12-23;20;432
28;2025-12-23;21;250
28;2025-12-23;22;68
28;2025-12-23;23;0
28;2025-12-24;0;0
28;2025-12-24;1;0
28;2025-12-24;2;0
28;2025-12-24;3;0
28;2025-12-24;4;0
28;2025-12-24;5;41
28;2025-12-24;6;220
28;2025-12-24;7;733
28;2025-12-24;8;1220
28;2025-12-24;9;836
28;2025-12-24;10;625
28;2025-12-24;11;568
28;2025-12-24;12;690
28;2025-12-24;13;718
28;2025-12-24;14;664
28;2025-12-24;15;715
28;2025-12-24;16;862
28;2025-12-24;17;999
28;2025-12-24;18;1014
28;2025-12-24;19;696
28;2025-12-24;20;439
28;2025-12-24;21;258
28;2025-12-24;22;76
28;2025-12-24;23;0
28;2025-12-25;0;0
28;2025-12-25;1;0
28;2025-12-25;2;0
28;2025-12-25;3;0
28;2025-12-25;4;0
28;2025-12-25;5;31
28;2025-12-25;6;224
28;2025-12-25;7;726
28;2025-12-25;8;1214
28;2025-12-25;9;831
28;2025-12-25;10;612
28;2025-12-25;11;562
28;2025-12-25;12;672
28;2025-12-25;13;709
28;2025-12-25;14;654
28;2025-12-25;15;712
28;2025-12-25;16;859
28;2025-12-25;17;1012
28;2025-12-25;18;996
28;2025-12-25;19;705
28;2025-12-25;20;423
28;2025-12-25;21;260
28;2025-12-25;22;72
28;2025-12-25;23;0
28;2025-12-26;0;0
28;2025-12-26;1;0
28;2025-12-26;2;0
28;2025-12-26;3;0
28;2025-12-26;4;0
28;2025-12-26;5;41
28;2025-12-26;6;198
28;2025-12-26;7;704
28;2025-12-26;8;1149
28;2025-12-26;9;803
28;2025-12-26;10;585
28;2025-12-26;11;538
28;2025-12-26;12;658
28;2025-12-26;13;707
28;2025-12-26;14;659
28;2025-12-26;15;710
28;2025-12-26;16;882
28;2025-12-26;17;969
28;2025-12-26;18;840
28;2025-12-26;19;639
28;2025-12-26;20;391
28;2025-12-26;21;250
28;2025-12-26;22;75
28;2025-12-26;23;0
28;2025-12-27;0;0
28;2025-12-27;1;0
28;2025-12-27;2;0
28;2025-12-27;3;0
28;2025-12-27;4;0
28;2025-12-27;5;0
28;2025-12-27;6;50
28;2025-12-27;7;192
28;2025-12-27;8;375
28;2025-12-27;9;418
28;2025-12-27;10;450
28;2025-12-27;11;440
28;2025-12-27;12;511
28;2025-12-27;13;540
28;2025-12-27;14;544
28;2025-12-27;15;524
28;2025-12-27;16;512
28;2025-12-27;17;528
28;2025-12-27;18;449
28;2025-12-27;19;380
28;2025-12-27;20;274
28;2025-12-27;21;216
28;2025-12-27;22;64
28;2025-12-27;23;0
28;2025-12-28;0;0
28;2025-12-28;1;0
28;2025-12-28;2;0
28;2025-12-28;3;0
28;2025-12-28;4;0
28;2025-12-28;5;0
28;2025-12-28;6;44
28;2025-12-28;7;127
28;2025-12-28;8;253
28;2025-12-28;9;292
28;2025-12-28;10;342
28;2025-12-28;11;357
28;2025-12-28;12;414
28;2025-12-28;13;468
28;2025-12-28;14;469
28;2025-12-28;15;439
28;2025-12-28;16;431
28;2025-12-28;17;442
28;2025-12-28;18;373
28;2025-12-28;19;308
28;2025-12-28;20;238
28;2025-12-28;21;184
28;2025-12-28;22;42
28;2025-12-28;23;0
28;2025-12-29;0;0
28;2025-12-29;1;0
28;2025-12-29;2;0
28;2025-12-29;3;0
28;2025-12-29;4;0
28;2025-12-29;5;40
28;2025-12-29;6;209
28;2025-12-29;7;709
28;2025-12-29;8;1165
28;2025-12-29;9;803
28;2025-12-29;10;581
28;2025-12-29;11;530
28;2025-12-29;12;631
28;2025-12-29;13;675
28;2025-12-29;14;621
28;2025-12-29;15;666
28;2025-12-29;16;818
28;2025-12-29;17;943
28;2025-12-29;18;946
28;2025-12-29;19;670
28;2025-12-29;20;404
28;2025-12-29;21;228
28;2025-12-29;22;59
28;2025-12-29;23;0
28;2025-12-30;0;0
28;2025-12-30;1;0
28;2025-12-30;2;0
28;2025-12-30;3;0
28;2025-12-30;4;0
28;2025-12-30;5;36
28;2025-12-30;6;209
28;2025-12-30;7;716
28;2025-12-30;8;1179
28;2025-12-30;9;815
28;2025-12-30;10;606
28;2025-12-30;11;548
28;2025-12-30;12;662
28;2025-12-30;13;697
28;2025-12-30;14;649
28;2025-12-30;15;688
28;2025-12-30;16;834
28;2025-12-30;17;970
28;2025-12-30;18;984
28;2025-12-30;19;693
28;2025-12-30;20;423
28;2025-12-30;21;244
28;2025-12-30;22;67
28;2025-12-30;23;0
28;2025-12-31;0;0
28;2025-12-31;1;0
28;2025-12-31;2;0
28;2025-12-31;3;0
28;2025-12-31;4;0
28;2025-12-31;5;0
28;2025-12-31;6;67
28;2025-12-31;7;191
28;2025-12-31;8;414
28;2025-12-31;9;355
28;2025-12-31;10;372
28;2025-12-31;11;375
28;2025-12-31;12;440
28;2025-12-31;13;457
28;2025-12-31;14;466
28;2025-12-31;15;455
28;2025-12-31;16;474
28;2025-12-31;17;504
28;2025-12-31;18;448
28;2025-12-31;19;363
28;2025-12-31;20;268
28;2025-12-31;21;195
28;2025-12-31;22;49
28;2025-12-31;23;0
50;2025-11-01;0;0
50;2025-11-01;1;0
50;2025-11-01;2;0
50;2025-11-01;3;0
50;2025-11-01;4;0
50;2025-11-01;5;29
50;2025-11-01;6;378
50;2025-11-01;7;1584
50;2025-11-01;8;2471
50;2025-11-01;9;1932
50;2025-11-01;10;1465
50;2025-11-01;11;1447
50;2025-11-01;12;1403
50;2025-11-01;13;1380
50;2025-11-01;14;1436
50;2025-11-01;15;1534
50;2025-11-01;16;1679
50;2025-11-01;17;2155
50;2025-11-01;18;2139
50;2025-11-01;19;1285
50;2025-11-01;20;797
50;2025-11-01;21;485
50;2025-11-01;22;89
50;2025-11-01;23;31
50;2025-11-02;0;0
50;2025-11-02;1;0
50;2025-11-02;2;0
50;2025-11-02;3;0
50;2025-11-02;4;0
50;2025-11-02;5;0
50;2025-11-02;6;0
50;2025-11-02;7;0
50;2025-11-02;8;80
50;2025-11-02;9;56
50;2025-11-02;10;38
50;2025-11-02;11;184
50;2025-11-02;12;228
50;2025-11-02;13;189
50;2025-11-02;14;245
50;2025-11-02;15;144
50;2025-11-02;16;199
50;2025-11-02;17;150
50;2025-11-02;18;119
50;2025-11-02;19;116
50;2025-11-02;20;149
50;2025-11-02;21;94
50;2025-11-02;22;0
50;2025-11-02;23;0
50;2025-11-03;0;0
50;2025-11-03;1;0
50;2025-11-03;2;0
50;2025-11-03;3;0
50;2025-11-03;4;0
50;2025-11-03;5;4
50;2025-11-03;6;139
50;2025-11-03;7;175
50;2025-11-03;8;356
50;2025-11-03;9;297
50;2025-11-03;10;254
50;2025-11-03;11;306
50;2025-11-03;12;324
50;2025-11-03;13;331
50;2025-11-03;14;331
50;2025-11-03;15;322
50;2025-11-03;16;347
50;2025-11-03;17;358
50;2025-11-03;18;353
50;2025-11-03;19;290
50;2025-11-03;20;220
50;2025-11-03;21;226
50;2025-11-03;22;134
50;2025-11-03;23;110
50;2025-11-04;0;47
50;2025-11-04;1;0
50;2025-11-04;2;0
50;2025-11-04;3;0
50;2025-11-04;4;2
50;2025-11-04;5;73
50;2025-11-04;6;205
50;2025-11-04;7;246
50;2025-11-04;8;352
50;2025-11-04;9;303
50;2025-11-04;10;271
50;2025-11-04;11;290
50;2025-11-04;12;267
50;2025-11-04;13;275
50;2025-11-04;14;313
50;2025-11-04;15;305
50;2025-11-04;16;326
50;2025-11-04;17;363
50;2025-11-04;18;333
50;2025-11-04;19;307
50;2025-11-04;20;249
50;2025-11-04;21;258
50;2025-11-04;22;159
50;2025-11-04;23;129
50;2025-11-05;0;42
50;2025-11-05;1;0
50;2025-11-05;2;0
50;2025-11-05;3;0
50;2025-11-05;4;2
50;2025-11-05;5;94
50;2025-11-05;6;484
50;2025-11-05;7;1710
50;2025-11-05;8;2694
50;2025-11-05;9;2066
50;2025-11-05;10;1619
50;2025-11-05;11;1531
50;2025-11-05;12;1488
50;2025-11-05;13;1457
50;2025-11-05;14;1448
50;2025-11-05;15;1614
50;2025-11-05;16;1691
50;2025-11-05;17;2308
50;2025-11-05;18;2400
50;2025-11-05;19;1512
50;2025-11-05;20;908
50;2025-11-05;21;609
50;2025-11-05;22;230
50;2025-11-05;23;157
50;2025-11-06;0;26
50;2025-11-06;1;0
50;2025-11-06;2;0
50;2025-11-06;3;0
50;2025-11-06;4;6
50;2025-11-06;5;100
50;2025-11-06;6;526
50;2025-11-06;7;1747
50;2025-11-06;8;2673
50;2025-11-06;9;2099
50;2025-11-06;10;1633
50;2025-11-06;11;1528
50;2025-11-06;12;1483
50;2025-11-06;13;1477
50;2025-11-06;14;1449
50;2025-11-06;15;1612
50;2025-11-06;16;1692
50;2025-11-06;17;2301
50;2025-11-06;18;2417
50;2025-11-06;19;1497
50;2025-11-06;20;884
50;2025-11-06;21;634
50;2025-11-06;22;240
50;2025-11-06;23;174
50;2025-11-07;0;33
50;2025-11-07;1;0
50;2025-11-07;2;0
50;2025-11-07;3;0
50;2025-11-07;4;2
50;2025-11-07;5;81
50;2025-11-07;6;493
50;2025-11-07;7;1678
50;2025-11-07;8;2580
50;2025-11-07;9;1981
50;2025-11-07;10;1524
50;2025-11-07;11;1482
50;2025-11-07;12;1460
50;2025-11-07;13;1472
50;2025-11-07;14;1429
50;2025-11-07;15;1687
50;2025-11-07;16;1837
50;2025-11-07;17;2185
50;2025-11-07;18;1950
50;2025-11-07;19;1340
50;2025-11-07;20;812
50;2025-11-07;21;551
50;2025-11-07;22;229
50;2025-11-07;23;170
50;2025-11-08;0;18
50;2025-11-08;1;0
50;2025-11-08;2;0
50;2025-11-08;3;0
50;2025-11-08;4;0
50;2025-11-08;5;0
50;2025-11-08;6;50
50;2025-11-08;7;108
50;2025-11-08;8;194
50;2025-11-08;9;192
50;2025-11-08;10;178
50;2025-11-08;11;225
50;2025-11-08;12;248
50;2025-11-08;13;210
50;2025-11-08;14;261
50;2025-11-08;15;156
50;2025-11-08;16;209
50;2025-11-08;17;170
50;2025-11-08;18;159
50;2025-11-08;19;177
50;2025-11-08;20;171
50;2025-11-08;21;148
50;2025-11-08;22;35
50;2025-11-08;23;27
50;2025-11-09;0;8
50;2025-11-09;1;0
50;2025-11-09;2;0
50;2025-11-09;3;0
50;2025-11-09;4;2
50;2025-11-09;5;0
50;2025-11-09;6;33
50;2025-11-09;7;45
50;2025-11-09;8;114
50;2025-11-09;9;109
50;2025-11-09;10;91
50;2025-11-09;11;194
50;2025-11-09;12;211
50;2025-11-09;13;180
50;2025-11-09;14;240
50;2025-11-09;15;133
50;2025-11-09;16;183
50;2025-11-09;17;96
50;2025-11-09;18;76
50;2025-11-09;19;80
50;2025-11-09;20;117
50;2025-11-09;21;101
50;2025-11-09;22;0
50;2025-11-09;23;0
50;2025-11-10;0;0
50;2025-11-10;1;0
50;2025-11-10;2;0
50;2025-11-10;3;0
50;2025-11-10;4;0
50;2025-11-10;5;47
50;2025-11-10;6;464
50;2025-11-10;7;1687
50;2025-11-10;8;2659
50;2025-11-10;9;2062
50;2025-11-10;10;1557
50;2025-11-10;11;1466
50;2025-11-10;12;1401
50;2025-11-10;13;1411
50;2025-11-10;14;1387
50;2025-11-10;15;1602
50;2025-11-10;16;1657
50;2025-11-10;17;2320
50;2025-11-10;18;2425
50;2025-11-10;19;1455
50;2025-11-10;20;843
50;2025-11-10;21;541
50;2025-11-10;22;181
50;2025-11-10;23;109
50;2025-11-11;0;3
50;2025-11-11;1;0
50;2025-11-11;2;0
50;2025-11-11;3;0
50;2025-11-11;4;0
50;2025-11-11;5;60
50;2025-11-11;6;500
50;2025-11-11;7;1733
50;2025-11-11;8;2723
50;2025-11-11;9;2100
50;2025-11-11;10;1604
50;2025-11-11;11;1493
50;2025-11-11;12;1442
50;2025-11-11;13;1491
50;2025-11-11;14;1459
50;2025-11-11;15;1628
50;2025-11-11;16;1681
50;2025-11-11;17;2349
50;2025-11-11;18;2480
50;2025-11-11;19;1502
50;2025-11-11;20;891
50;2025-11-11;21;578
50;2025-11-11;22;196
50;2025-11-11;23;120
50;2025-11-12;0;0
50;2025-11-12;1;0
50;2025-11-12;2;0
50;2025-11-12;3;0
50;2025-11-12;4;0
50;2025-11-12;5;49
50;2025-11-12;6;491
50;2025-11-12;7;1718
50;2025-11-12;8;2699
50;2025-11-12;9;2069
50;2025-11-12;10;1596
50;2025-11-12;11;1494
50;2025-11-12;12;1424
50;2025-11-12;13;1428
50;2025-11-12;14;1394
50;2025-11-12;15;1611
50;2025-11-12;16;1672
50;2025-11-12;17;2334
50;2025-11-12;18;2430
50;2025-11-12;19;1483
50;2025-11-12;20;869
50;2025-11-12;21;571
50;2025-11-12;22;201
50;2025-11-12;23;123
50;2025-11-13;0;0
50;2025-11-13;1;0
50;2025-11-13;2;0
50;2025-11-13;3;0
50;2025-11-13;4;0
50;2025-11-13;5;43
50;2025-11-13;6;468
50;2025-11-13;7;1694
50;2025-11-13;8;2651
50;2025-11-13;9;2058
50;2025-11-13;10;1588
50;2025-11-13;11;1519
50;2025-11-13;12;1486
50;2025-11-13;13;1488
50;2025-11-13;14;1466
50;2025-11-13;15;1650
50;2025-11-13;16;1720
50;2025-11-13;17;2370
50;2025-11-13;18;2472
50;2025-11-13;19;1512
50;2025-11-13;20;914
50;2025-11-13;21;615
50;2025-11-13;22;196
50;2025-11-13;23;123
50;2025-11-14;0;0
50;2025-11-14;1;0
50;2025-11-14;2;0
50;2025-11-14;3;0
50;2025-11-14;4;0
50;2025-11-14;5;33
50;2025-11-14;6;455
50;2025-11-14;7;1648
50;2025-11-14;8;2509
50;2025-11-14;9;2004
50;2025-11-14;10;1544
50;2025-11-14;11;1501
50;2025-11-14;12;1473
50;2025-11-14;13;1476
50;2025-11-14;14;1446
50;2025-11-14;15;1696
50;2025-11-14;16;1851
50;2025-11-14;17;2231
50;2025-11-14;18;1989
50;2025-11-14;19;1349
50;2025-11-14;20;841
50;2025-11-14;21;564
50;2025-11-14;22;231
50;2025-11-14;23;157
50;2025-11-15;0;0
50;2025-11-15;1;0
50;2025-11-15;2;0
50;2025-11-15;3;0
50;2025-11-15;4;0
50;2025-11-15;5;0
50;2025-11-15;6;42
50;2025-11-15;7;92
50;2025-11-15;8;174
50;2025-11-15;9;149
50;2025-11-15;10;125
50;2025-11-15;11;172
50;2025-11-15;12;202
50;2025-11-15;13;186
50;2025-11-15;14;228
50;2025-11-15;15;138
50;2025-11-15;16;189
50;2025-11-15;17;157
50;2025-11-15;18;149
50;2025-11-15;19;152
50;2025-11-15;20;152
50;2025-11-15;21;127
50;2025-11-15;22;34
50;2025-11-15;23;0
50;2025-11-16;0;0
50;2025-11-16;1;4
50;2025-11-16;2;0
50;2025-11-16;3;0
50;2025-11-16;4;0
50;2025-11-16;5;0
50;2025-11-16;6;0
50;2025-11-16;7;0
50;2025-11-16;8;78
50;2025-11-16;9;75
50;2025-11-16;10;71
50;2025-11-16;11;159
50;2025-11-16;12;182
50;2025-11-16;13;157
50;2025-11-16;14;184
50;2025-11-16;15;100
50;2025-11-16;16;146
50;2025-11-16;17;103
50;2025-11-16;18;92
50;2025-11-16;19;81
50;2025-11-16;20;114
50;2025-11-16;21;108
50;2025-11-16;22;3
50;2025-11-16;23;0
50;2025-11-17;0;0
50;2025-11-17;1;0
50;2025-11-17;2;0
50;2025-11-17;3;0
50;2025-11-17;4;0
50;2025-11-17;5;42
50;2025-11-17;6;458
50;2025-11-17;7;1690
50;2025-11-17;8;2660
50;2025-11-17;9;2062
50;2025-11-17;10;1563
50;2025-11-17;11;1472
50;2025-11-17;12;1392
50;2025-11-17;13;1372
50;2025-11-17;14;1352
50;2025-11-17;15;1607
50;2025-11-17;16;1669
50;2025-11-17;17;2317
50;2025-11-17;18;2427
50;2025-11-17;19;1455
50;2025-11-17;20;839
50;2025-11-17;21;538
50;2025-11-17;22;181
50;2025-11-17;23;107
50;2025-11-18;0;2
50;2025-11-18;1;0
50;2025-11-18;2;0
50;2025-11-18;3;0
50;2025-11-18;4;0
50;2025-11-18;5;57
50;2025-11-18;6;537
50;2025-11-18;7;1785
50;2025-11-18;8;2742
50;2025-11-18;9;2029
50;2025-11-18;10;1543
50;2025-11-18;11;1520
50;2025-11-18;12;1467
50;2025-11-18;13;1424
50;2025-11-18;14;1397
50;2025-11-18;15;1658
50;2025-11-18;16;1718
50;2025-11-18;17;2353
50;2025-11-18;18;2459
50;2025-11-18;19;1499
50;2025-11-18;20;886
50;2025-11-18;21;577
50;2025-11-18;22;198
50;2025-11-18;23;118
50;2025-11-19;0;0
50;2025-11-19;1;0
50;2025-11-19;2;0
50;2025-11-19;3;0
50;2025-11-19;4;1
50;2025-11-19;5;49
50;2025-11-19;6;497
50;2025-11-19;7;1726
50;2025-11-19;8;2709
50;2025-11-19;9;2067
50;2025-11-19;10;1594
50;2025-11-19;11;1494
50;2025-11-19;12;1450
50;2025-11-19;13;1455
50;2025-11-19;14;1424
50;2025-11-19;15;1631
50;2025-11-19;16;1678
50;2025-11-19;17;2341
50;2025-11-19;18;2462
50;2025-11-19;19;1484
50;2025-11-19;20;865
50;2025-11-19;21;572
50;2025-11-19;22;201
50;2025-11-19;23;126
50;2025-11-20;0;0
50;2025-11-20;1;0
50;2025-11-20;2;0
50;2025-11-20;3;0
50;2025-11-20;4;0
50;2025-11-20;5;42
50;2025-11-20;6;478
50;2025-11-20;7;1698
50;2025-11-20;8;2668
50;2025-11-20;9;2068
50;2025-11-20;10;1592
50;2025-11-20;11;1494
50;2025-11-20;12;1445
50;2025-11-20;13;1442
50;2025-11-20;14;1409
50;2025-11-20;15;1613
50;2025-11-20;16;1660
50;2025-11-20;17;2317
50;2025-11-20;18;2452
50;2025-11-20;19;1474
50;2025-11-20;20;882
50;2025-11-20;21;585
50;2025-11-20;22;201
50;2025-11-20;23;130
50;2025-11-21;0;0
50;2025-11-21;1;0
50;2025-11-21;2;0
50;2025-11-21;3;0
50;2025-11-21;4;0
50;2025-11-21;5;28
50;2025-11-21;6;479
50;2025-11-21;7;1694
50;2025-11-21;8;2530
50;2025-11-21;9;1976
50;2025-11-21;10;1510
50;2025-11-21;11;1466
50;2025-11-21;12;1414
50;2025-11-21;13;1426
50;2025-11-21;14;1390
50;2025-11-21;15;1678
50;2025-11-21;16;1804
50;2025-11-21;17;2194
50;2025-11-21;18;1981
50;2025-11-21;19;1312
50;2025-11-21;20;782
50;2025-11-21;21;520
50;2025-11-21;22;192
50;2025-11-21;23;123
50;2025-11-22;0;0
50;2025-11-22;1;0
50;2025-11-22;2;0
50;2025-11-22;3;0
50;2025-11-22;4;0
50;2025-11-22;5;0
50;2025-11-22;6;54
50;2025-11-22;7;99
50;2025-11-22;8;188
50;2025-11-22;9;183
50;2025-11-22;10;153
50;2025-11-22;11;209
50;2025-11-22;12;228
50;2025-11-22;13;188
50;2025-11-22;14;241
50;2025-11-22;15;142
50;2025-11-22;16;199
50;2025-11-22;17;154
50;2025-11-22;18;142
50;2025-11-22;19;156
50;2025-11-22;20;149
50;2025-11-22;21;114
50;2025-11-22;22;15
50;2025-11-22;23;0
50;2025-11-23;0;0
50;2025-11-23;1;0
50;2025-11-23;2;0
50;2025-11-23;3;0
50;2025-11-23;4;0
50;2025-11-23;5;0
50;2025-11-23;6;0
50;2025-11-23;7;0
50;2025-11-23;8;80
50;2025-11-23;9;66
50;2025-11-23;10;43
50;2025-11-23;11;151
50;2025-11-23;12;169
50;2025-11-23;13;159
50;2025-11-23;14;190
50;2025-11-23;15;128
50;2025-11-23;16;150
50;2025-11-23;17;100
50;2025-11-23;18;85
50;2025-11-23;19;83
50;2025-11-23;20;114
50;2025-11-23;21;102
50;2025-11-23;22;1
50;2025-11-23;23;0
50;2025-11-24;0;0
50;2025-11-24;1;0
50;2025-11-24;2;0
50;2025-11-24;3;0
50;2025-11-24;4;0
50;2025-11-24;5;28
50;2025-11-24;6;465
50;2025-11-24;7;1717
50;2025-11-24;8;2670
50;2025-11-24;9;2070
50;2025-11-24;10;1560
50;2025-11-24;11;1434
50;2025-11-24;12;1393
50;2025-11-24;13;1408
50;2025-11-24;14;1374
50;2025-11-24;15;1632
50;2025-11-24;16;1658
50;2025-11-24;17;2319
50;2025-11-24;18;2424
50;2025-11-24;19;1452
50;2025-11-24;20;840
50;2025-11-24;21;539
50;2025-11-24;22;183
50;2025-11-24;23;108
50;2025-11-25;0;4
50;2025-11-25;1;0
50;2025-11-25;2;0
50;2025-11-25;3;0
50;2025-11-25;4;0
50;2025-11-25;5;59
50;2025-11-25;6;496
50;2025-11-25;7;1733
50;2025-11-25;8;2729
50;2025-11-25;9;2093
50;2025-11-25;10;1599
50;2025-11-25;11;1507
50;2025-11-25;12;1440
50;2025-11-25;13;1443
50;2025-11-25;14;1409
50;2025-11-25;15;1634
50;2025-11-25;16;1684
50;2025-11-25;17;2348
50;2025-11-25;18;2484
50;2025-11-25;19;1504
50;2025-11-25;20;891
50;2025-11-25;21;575
50;2025-11-25;22;201
50;2025-11-25;23;116
50;2025-11-26;0;0
50;2025-11-26;1;6
50;2025-11-26;2;0
50;2025-11-26;3;0
50;2025-11-26;4;0
50;2025-11-26;5;33
50;2025-11-26;6;486
50;2025-11-26;7;1751
50;2025-11-26;8;2721
50;2025-11-26;9;2070
50;2025-11-26;10;1576
50;2025-11-26;11;1490
50;2025-11-26;12;1442
50;2025-11-26;13;1438
50;2025-11-26;14;1399
50;2025-11-26;15;1641
50;2025-11-26;16;1636
50;2025-11-26;17;2298
50;2025-11-26;18;2433
50;2025-11-26;19;1478
50;2025-11-26;20;855
50;2025-11-26;21;564
50;2025-11-26;22;198
50;2025-11-26;23;116
50;2025-11-27;0;0
50;2025-11-27;1;0
50;2025-11-27;2;0
50;2025-11-27;3;0
50;2025-11-27;4;0
50;2025-11-27;5;44
50;2025-11-27;6;480
50;2025-11-27;7;1694
50;2025-11-27;8;2664
50;2025-11-27;9;2059
50;2025-11-27;10;1584
50;2025-11-27;11;1482
50;2025-11-27;12;1421
50;2025-11-27;13;1420
50;2025-11-27;14;1383
50;2025-11-27;15;1609
50;2025-11-27;16;1665
50;2025-11-27;17;2304
50;2025-11-27;18;2404
50;2025-11-27;19;1446
50;2025-11-27;20;856
50;2025-11-27;21;598
50;2025-11-27;22;217
50;2025-11-27;23;99
50;2025-11-28;0;0
50;2025-11-28;1;0
50;2025-11-28;2;0
50;2025-11-28;3;0
50;2025-11-28;4;0
50;2025-11-28;5;68
50;2025-11-28;6;458
50;2025-11-28;7;1655
50;2025-11-28;8;2530
50;2025-11-28;9;1979
50;2025-11-28;10;1508
50;2025-11-28;11;1462
50;2025-11-28;12;1421
50;2025-11-28;13;1430
50;2025-11-28;14;1394
50;2025-11-28;15;1678
50;2025-11-28;16;1803
50;2025-11-28;17;2193
50;2025-11-28;18;1978
50;2025-11-28;19;1309
50;2025-11-28;20;784
50;2025-11-28;21;520
50;2025-11-28;22;194
50;2025-11-28;23;126
50;2025-11-29;0;0
50;2025-11-29;1;0
50;2025-11-29;2;0
50;2025-11-29;3;0
50;2025-11-29;4;0
50;2025-11-29;5;0
50;2025-11-29;6;27
50;2025-11-29;7;82
50;2025-11-29;8;186
50;2025-11-29;9;171
50;2025-11-29;10;155
50;2025-11-29;11;206
50;2025-11-29;12;227
50;2025-11-29;13;186
50;2025-11-29;14;239
50;2025-11-29;15;140
50;2025-11-29;16;196
50;2025-11-29;17;152
50;2025-11-29;18;140
50;2025-11-29;19;155
50;2025-11-29;20;147
50;2025-11-29;21;119
50;2025-11-29;22;15
50;2025-11-29;23;0
50;2025-11-30;0;0
50;2025-11-30;1;0
50;2025-11-30;2;0
50;2025-11-30;3;0
50;2025-11-30;4;0
50;2025-11-30;5;0
50;2025-11-30;6;0
50;2025-11-30;7;1
50;2025-11-30;8;81
50;2025-11-30;9;67
50;2025-11-30;10;45
50;2025-11-30;11;148
50;2025-11-30;12;167
50;2025-11-30;13;142
50;2025-11-30;14;186
50;2025-11-30;15;100
50;2025-11-30;16;146
50;2025-11-30;17;99
50;2025-11-30;18;81
50;2025-11-30;19;81
50;2025-11-30;20;118
50;2025-11-30;21;102
50;2025-11-30;22;1
50;2025-11-30;23;0
50;2025-12-01;0;0
50;2025-12-01;1;0
50;2025-12-01;2;0
50;2025-12-01;3;0
50;2025-12-01;4;0
50;2025-12-01;5;44
50;2025-12-01;6;462
50;2025-12-01;7;1690
50;2025-12-01;8;2661
50;2025-12-01;9;2061
50;2025-12-01;10;1554
50;2025-12-01;11;1465
50;2025-12-01;12;1401
50;2025-12-01;13;1412
50;2025-12-01;14;1388
50;2025-12-01;15;1604
50;2025-12-01;16;1651
50;2025-12-01;17;2317
50;2025-12-01;18;2424
50;2025-12-01;19;1451
50;2025-12-01;20;840
50;2025-12-01;21;538
50;2025-12-01;22;183
50;2025-12-01;23;107
50;2025-12-02;0;2
50;2025-12-02;1;0
50;2025-12-02;2;0
50;2025-12-02;3;0
50;2025-12-02;4;0
50;2025-12-02;5;57
50;2025-12-02;6;496
50;2025-12-02;7;1733
50;2025-12-02;8;2721
50;2025-12-02;9;2094
50;2025-12-02;10;1611
50;2025-12-02;11;1508
50;2025-12-02;12;1446
50;2025-12-02;13;1453
50;2025-12-02;14;1417
50;2025-12-02;15;1633
50;2025-12-02;16;1683
50;2025-12-02;17;2352
50;2025-12-02;18;2483
50;2025-12-02;19;1501
50;2025-12-02;20;894
50;2025-12-02;21;577
50;2025-12-02;22;202
50;2025-12-02;23;118
50;2025-12-03;0;0
50;2025-12-03;1;0
50;2025-12-03;2;0
50;2025-12-03;3;0
50;2025-12-03;4;0
50;2025-12-03;5;47
50;2025-12-03;6;491
50;2025-12-03;7;1719
50;2025-12-03;8;2709
50;2025-12-03;9;2074
50;2025-12-03;10;1603
50;2025-12-03;11;1500
50;2025-12-03;12;1446
50;2025-12-03;13;1448
50;2025-12-03;14;1417
50;2025-12-03;15;1630
50;2025-12-03;16;1676
50;2025-12-03;17;2341
50;2025-12-03;18;2463
50;2025-12-03;19;1483
50;2025-12-03;20;875
50;2025-12-03;21;572
50;2025-12-03;22;207
50;2025-12-03;23;125
50;2025-12-04;0;0
50;2025-12-04;1;0
50;2025-12-04;2;0
50;2025-12-04;3;0
50;2025-12-04;4;0
50;2025-12-04;5;45
50;2025-12-04;6;479
50;2025-12-04;7;1699
50;2025-12-04;8;2669
50;2025-12-04;9;2067
50;2025-12-04;10;1597
50;2025-12-04;11;1497
50;2025-12-04;12;1445
50;2025-12-04;13;1443
50;2025-12-04;14;1409
50;2025-12-04;15;1612
50;2025-12-04;16;1665
50;2025-12-04;17;2318
50;2025-12-04;18;2452
50;2025-12-04;19;1476
50;2025-12-04;20;883
50;2025-12-04;21;589
50;2025-12-04;22;200
50;2025-12-04;23;130
50;2025-12-05;0;0
50;2025-12-05;1;0
50;2025-12-05;2;0
50;2025-12-05;3;0
50;2025-12-05;4;0
50;2025-12-05;5;31
50;2025-12-05;6;460
50;2025-12-05;7;1659
50;2025-12-05;8;2532
50;2025-12-05;9;1976
50;2025-12-05;10;1511
50;2025-12-05;11;1465
50;2025-12-05;12;1420
50;2025-12-05;13;1430
50;2025-12-05;14;1393
50;2025-12-05;15;1677
50;2025-12-05;16;1803
50;2025-12-05;17;2193
50;2025-12-05;18;1978
50;2025-12-05;19;1309
50;2025-12-05;20;806
50;2025-12-05;21;520
50;2025-12-05;22;194
50;2025-12-05;23;126
50;2025-12-06;0;0
50;2025-12-06;1;0
50;2025-12-06;2;0
50;2025-12-06;3;0
50;2025-12-06;4;0
50;2025-12-06;5;0
50;2025-12-06;6;29
50;2025-12-06;7;83
50;2025-12-06;8;190
50;2025-12-06;9;175
50;2025-12-06;10;156
50;2025-12-06;11;208
50;2025-12-06;12;229
50;2025-12-06;13;186
50;2025-12-06;14;240
50;2025-12-06;15;143
50;2025-12-06;16;197
50;2025-12-06;17;155
50;2025-12-06;18;144
50;2025-12-06;19;158
50;2025-12-06;20;151
50;2025-12-06;21;121
50;2025-12-06;22;15
50;2025-12-06;23;0
50;2025-12-07;0;0
50;2025-12-07;1;0
50;2025-12-07;2;0
50;2025-12-07;3;0
50;2025-12-07;4;0
50;2025-12-07;5;0
50;2025-12-07;6;0
50;2025-12-07;7;1
50;2025-12-07;8;81
50;2025-12-07;9;66
50;2025-12-07;10;45
50;2025-12-07;11;147
50;2025-12-07;12;167
50;2025-12-07;13;142
50;2025-12-07;14;186
50;2025-12-07;15;100
50;2025-12-07;16;147
50;2025-12-07;17;96
50;2025-12-07;18;79
50;2025-12-07;19;77
50;2025-12-07;20;115
50;2025-12-07;21;101
50;2025-12-07;22;2
50;2025-12-07;23;0
50;2025-12-08;0;0
50;2025-12-08;1;0
50;2025-12-08;2;0
50;2025-12-08;3;0
50;2025-12-08;4;0
50;2025-12-08;5;47
50;2025-12-08;6;461
50;2025-12-08;7;1690
50;2025-12-08;8;2661
50;2025-12-08;9;2059
50;2025-12-08;10;1557
50;2025-12-08;11;1470
50;2025-12-08;12;1401
50;2025-12-08;13;1412
50;2025-12-08;14;1388
50;2025-12-08;15;1604
50;2025-12-08;16;1654
50;2025-12-08;17;2317
50;2025-12-08;18;2423
50;2025-12-08;19;1451
50;2025-12-08;20;841
50;2025-12-08;21;538
50;2025-12-08;22;182
50;2025-12-08;23;108
50;2025-12-09;0;2
50;2025-12-09;1;0
50;2025-12-09;2;0
50;2025-12-09;3;0
50;2025-12-09;4;0
50;2025-12-09;5;59
50;2025-12-09;6;496
50;2025-12-09;7;1736
50;2025-12-09;8;2721
50;2025-12-09;9;2100
50;2025-12-09;10;1606
50;2025-12-09;11;1505
50;2025-12-09;12;1439
50;2025-12-09;13;1445
50;2025-12-09;14;1412
50;2025-12-09;15;1633
50;2025-12-09;16;1679
50;2025-12-09;17;2351
50;2025-12-09;18;2482
50;2025-12-09;19;1497
50;2025-12-09;20;887
50;2025-12-09;21;575
50;2025-12-09;22;209
50;2025-12-09;23;109
50;2025-12-10;0;0
50;2025-12-10;1;5
50;2025-12-10;2;0
50;2025-12-10;3;0
50;2025-12-10;4;0
50;2025-12-10;5;44
50;2025-12-10;6;493
50;2025-12-10;7;1740
50;2025-12-10;8;2713
50;2025-12-10;9;2090
50;2025-12-10;10;1615
50;2025-12-10;11;1513
50;2025-12-10;12;1446
50;2025-12-10;13;1450
50;2025-12-10;14;1420
50;2025-12-10;15;1628
50;2025-12-10;16;1675
50;2025-12-10;17;2341
50;2025-12-10;18;2463
50;2025-12-10;19;1484
50;2025-12-10;20;865
50;2025-12-10;21;572
50;2025-12-10;22;201
50;2025-12-10;23;122
50;2025-12-11;0;0
50;2025-12-11;1;0
50;2025-12-11;2;0
50;2025-12-11;3;0
50;2025-12-11;4;0
50;2025-12-11;5;44
50;2025-12-11;6;482
50;2025-12-11;7;1699
50;2025-12-11;8;2628
50;2025-12-11;9;2053
50;2025-12-11;10;1586
50;2025-12-11;11;1496
50;2025-12-11;12;1424
50;2025-12-11;13;1428
50;2025-12-11;14;1411
50;2025-12-11;15;1609
50;2025-12-11;16;1663
50;2025-12-11;17;2309
50;2025-12-11;18;2418
50;2025-12-11;19;1459
50;2025-12-11;20;864
50;2025-12-11;21;571
50;2025-12-11;22;194
50;2025-12-11;23;130
50;2025-12-12;0;0
50;2025-12-12;1;0
50;2025-12-12;2;0
50;2025-12-12;3;0
50;2025-12-12;4;0
50;2025-12-12;5;30
50;2025-12-12;6;470
50;2025-12-12;7;1656
50;2025-12-12;8;2558
50;2025-12-12;9;1977
50;2025-12-12;10;1514
50;2025-12-12;11;1462
50;2025-12-12;12;1413
50;2025-12-12;13;1395
50;2025-12-12;14;1360
50;2025-12-12;15;1658
50;2025-12-12;16;1786
50;2025-12-12;17;2211
50;2025-12-12;18;1981
50;2025-12-12;19;1321
50;2025-12-12;20;790
50;2025-12-12;21;537
50;2025-12-12;22;218
50;2025-12-12;23;119
50;2025-12-13;0;0
50;2025-12-13;1;5
50;2025-12-13;2;0
50;2025-12-13;3;0
50;2025-12-13;4;0
50;2025-12-13;5;0
50;2025-12-13;6;33
50;2025-12-13;7;104
50;2025-12-13;8;200
50;2025-12-13;9;184
50;2025-12-13;10;155
50;2025-12-13;11;212
50;2025-12-13;12;232
50;2025-12-13;13;193
50;2025-12-13;14;246
50;2025-12-13;15;150
50;2025-12-13;16;195
50;2025-12-13;17;158
50;2025-12-13;18;148
50;2025-12-13;19;161
50;2025-12-13;20;150
50;2025-12-13;21;131
50;2025-12-13;22;19
50;2025-12-13;23;0
50;2025-12-14;0;0
50;2025-12-14;1;7
50;2025-12-14;2;0
50;2025-12-14;3;0
50;2025-12-14;4;0
50;2025-12-14;5;0
50;2025-12-14;6;0
50;2025-12-14;7;0
50;2025-12-14;8;77
50;2025-12-14;9;71
50;2025-12-14;10;43
50;2025-12-14;11;150
50;2025-12-14;12;162
50;2025-12-14;13;135
50;2025-12-14;14;180
50;2025-12-14;15;101
50;2025-12-14;16;139
50;2025-12-14;17;101
50;2025-12-14;18;88
50;2025-12-14;19;77
50;2025-12-14;20;110
50;2025-12-14;21;99
50;2025-12-14;22;1
50;2025-12-14;23;0
50;2025-12-15;0;0
50;2025-12-15;1;0
50;2025-12-15;2;0
50;2025-12-15;3;0
50;2025-12-15;4;0
50;2025-12-15;5;46
50;2025-12-15;6;461
50;2025-12-15;7;1697
50;2025-12-15;8;2671
50;2025-12-15;9;2065
50;2025-12-15;10;1552
50;2025-12-15;11;1477
50;2025-12-15;12;1375
50;2025-12-15;13;1381
50;2025-12-15;14;1371
50;2025-12-15;15;1605
50;2025-12-15;16;1636
50;2025-12-15;17;2313
50;2025-12-15;18;2433
50;2025-12-15;19;1456
50;2025-12-15;20;838
50;2025-12-15;21;536
50;2025-12-15;22;180
50;2025-12-15;23;103
50;2025-12-16;0;2
50;2025-12-16;1;0
50;2025-12-16;2;0
50;2025-12-16;3;0
50;2025-12-16;4;0
50;2025-12-16;5;58
50;2025-12-16;6;497
50;2025-12-16;7;1735
50;2025-12-16;8;2731
50;2025-12-16;9;2106
50;2025-12-16;10;1615
50;2025-12-16;11;1517
50;2025-12-16;12;1419
50;2025-12-16;13;1379
50;2025-12-16;14;1394
50;2025-12-16;15;1631
50;2025-12-16;16;1680
50;2025-12-16;17;2344
50;2025-12-16;18;2487
50;2025-12-16;19;1499
50;2025-12-16;20;887
50;2025-12-16;21;575
50;2025-12-16;22;196
50;2025-12-16;23;116
50;2025-12-17;0;0
50;2025-12-17;1;0
50;2025-12-17;2;0
50;2025-12-17;3;0
50;2025-12-17;4;0
50;2025-12-17;5;47
50;2025-12-17;6;490
50;2025-12-17;7;1720
50;2025-12-17;8;2708
50;2025-12-17;9;2071
50;2025-12-17;10;1596
50;2025-12-17;11;1497
50;2025-12-17;12;1445
50;2025-12-17;13;1449
50;2025-12-17;14;1419
50;2025-12-17;15;1630
50;2025-12-17;16;1678
50;2025-12-17;17;2341
50;2025-12-17;18;2464
50;2025-12-17;19;1486
50;2025-12-17;20;872
50;2025-12-17;21;572
50;2025-12-17;22;201
50;2025-12-17;23;122
50;2025-12-18;0;0
50;2025-12-18;1;0
50;2025-12-18;2;0
50;2025-12-18;3;0
50;2025-12-18;4;0
50;2025-12-18;5;40
50;2025-12-18;6;479
50;2025-12-18;7;1698
50;2025-12-18;8;2667
50;2025-12-18;9;2066
50;2025-12-18;10;1591
50;2025-12-18;11;1495
50;2025-12-18;12;1442
50;2025-12-18;13;1443
50;2025-12-18;14;1411
50;2025-12-18;15;1612
50;2025-12-18;16;1665
50;2025-12-18;17;2319
50;2025-12-18;18;2452
50;2025-12-18;19;1475
50;2025-12-18;20;881
50;2025-12-18;21;587
50;2025-12-18;22;199
50;2025-12-18;23;128
50;2025-12-19;0;0
50;2025-12-19;1;0
50;2025-12-19;2;0
50;2025-12-19;3;0
50;2025-12-19;4;0
50;2025-12-19;5;30
50;2025-12-19;6;460
50;2025-12-19;7;1658
50;2025-12-19;8;2530
50;2025-12-19;9;1976
50;2025-12-19;10;1511
50;2025-12-19;11;1467
50;2025-12-19;12;1418
50;2025-12-19;13;1427
50;2025-12-19;14;1391
50;2025-12-19;15;1678
50;2025-12-19;16;1804
50;2025-12-19;17;2209
50;2025-12-19;18;2003
50;2025-12-19;19;1321
50;2025-12-19;20;790
50;2025-12-19;21;531
50;2025-12-19;22;191
50;2025-12-19;23;124
50;2025-12-20;0;0
50;2025-12-20;1;0
50;2025-12-20;2;0
50;2025-12-20;3;0
50;2025-12-20;4;0
50;2025-12-20;5;0
50;2025-12-20;6;28
50;2025-12-20;7;81
50;2025-12-20;8;186
50;2025-12-20;9;176
50;2025-12-20;10;158
50;2025-12-20;11;209
50;2025-12-20;12;227
50;2025-12-20;13;186
50;2025-12-20;14;240
50;2025-12-20;15;141
50;2025-12-20;16;199
50;2025-12-20;17;154
50;2025-12-20;18;142
50;2025-12-20;19;157
50;2025-12-20;20;148
50;2025-12-20;21;118
50;2025-12-20;22;15
50;2025-12-20;23;0
50;2025-12-21;0;0
50;2025-12-21;1;0
50;2025-12-21;2;0
50;2025-12-21;3;0
50;2025-12-21;4;0
50;2025-12-21;5;0
50;2025-12-21;6;15
50;2025-12-21;7;8
50;2025-12-21;8;73
50;2025-12-21;9;66
50;2025-12-21;10;43
50;2025-12-21;11;148
50;2025-12-21;12;166
50;2025-12-21;13;143
50;2025-12-21;14;187
50;2025-12-21;15;100
50;2025-12-21;16;147
50;2025-12-21;17;96
50;2025-12-21;18;79
50;2025-12-21;19;78
50;2025-12-21;20;115
50;2025-12-21;21;101
50;2025-12-21;22;0
50;2025-12-21;23;0
50;2025-12-22;0;0
50;2025-12-22;1;2
50;2025-12-22;2;0
50;2025-12-22;3;0
50;2025-12-22;4;0
50;2025-12-22;5;48
50;2025-12-22;6;463
50;2025-12-22;7;1690
50;2025-12-22;8;2663
50;2025-12-22;9;2070
50;2025-12-22;10;1588
50;2025-12-22;11;1479
50;2025-12-22;12;1396
50;2025-12-22;13;1412
50;2025-12-22;14;1388
50;2025-12-22;15;1614
50;2025-12-22;16;1645
50;2025-12-22;17;2315
50;2025-12-22;18;2444
50;2025-12-22;19;1454
50;2025-12-22;20;842
50;2025-12-22;21;541
50;2025-12-22;22;188
50;2025-12-22;23;95
50;2025-12-23;0;1
50;2025-12-23;1;0
50;2025-12-23;2;0
50;2025-12-23;3;0
50;2025-12-23;4;0
50;2025-12-23;5;58
50;2025-12-23;6;499
50;2025-12-23;7;1740
50;2025-12-23;8;2732
50;2025-12-23;9;2113
50;2025-12-23;10;1611
50;2025-12-23;11;1518
50;2025-12-23;12;1450
50;2025-12-23;13;1452
50;2025-12-23;14;1418
50;2025-12-23;15;1643
50;2025-12-23;16;1684
50;2025-12-23;17;2354
50;2025-12-23;18;2489
50;2025-12-23;19;1512
50;2025-12-23;20;898
50;2025-12-23;21;575
50;2025-12-23;22;204
50;2025-12-23;23;120
50;2025-12-24;0;0
50;2025-12-24;1;0
50;2025-12-24;2;0
50;2025-12-24;3;0
50;2025-12-24;4;0
50;2025-12-24;5;46
50;2025-12-24;6;479
50;2025-12-24;7;1721
50;2025-12-24;8;2709
50;2025-12-24;9;2073
50;2025-12-24;10;1601
50;2025-12-24;11;1506
50;2025-12-24;12;1450
50;2025-12-24;13;1446
50;2025-12-24;14;1408
50;2025-12-24;15;1643
50;2025-12-24;16;1669
50;2025-12-24;17;2343
50;2025-12-24;18;2476
50;2025-12-24;19;1482
50;2025-12-24;20;872
50;2025-12-24;21;589
50;2025-12-24;22;224
50;2025-12-24;23;115
50;2025-12-25;0;0
50;2025-12-25;1;7
50;2025-12-25;2;0
50;2025-12-25;3;0
50;2025-12-25;4;0
50;2025-12-25;5;42
50;2025-12-25;6;496
50;2025-12-25;7;1699
50;2025-12-25;8;2666
50;2025-12-25;9;2076
50;2025-12-25;10;1591
50;2025-12-25;11;1505
50;2025-12-25;12;1439
50;2025-12-25;13;1437
50;2025-12-25;14;1411
50;2025-12-25;15;1617
50;2025-12-25;16;1661
50;2025-12-25;17;2320
50;2025-12-25;18;2427
50;2025-12-25;19;1480
50;2025-12-25;20;846
50;2025-12-25;21;593
50;2025-12-25;22;182
50;2025-12-25;23;94
50;2025-12-26;0;0
50;2025-12-26;1;0
50;2025-12-26;2;0
50;2025-12-26;3;0
50;2025-12-26;4;0
50;2025-12-26;5;35
50;2025-12-26;6;465
50;2025-12-26;7;1687
50;2025-12-26;8;2552
50;2025-12-26;9;1992
50;2025-12-26;10;1507
50;2025-12-26;11;1462
50;2025-12-26;12;1394
50;2025-12-26;13;1425
50;2025-12-26;14;1380
50;2025-12-26;15;1696
50;2025-12-26;16;1809
50;2025-12-26;17;2206
50;2025-12-26;18;2003
50;2025-12-26;19;1325
50;2025-12-26;20;798
50;2025-12-26;21;546
50;2025-12-26;22;225
50;2025-12-26;23;126
50;2025-12-27;0;0
50;2025-12-27;1;0
50;2025-12-27;2;0
50;2025-12-27;3;0
50;2025-12-27;4;0
50;2025-12-27;5;0
50;2025-12-27;6;38
50;2025-12-27;7;89
50;2025-12-27;8;197
50;2025-12-27;9;199
50;2025-12-27;10;163
50;2025-12-27;11;214
50;2025-12-27;12;228
50;2025-12-27;13;194
50;2025-12-27;14;249
50;2025-12-27;15;149
50;2025-12-27;16;193
50;2025-12-27;17;159
50;2025-12-27;18;159
50;2025-12-27;19;166
50;2025-12-27;20;155
50;2025-12-27;21;136
50;2025-12-27;22;32
50;2025-12-27;23;0
50;2025-12-28;0;0
50;2025-12-28;1;5
50;2025-12-28;2;0
50;2025-12-28;3;0
50;2025-12-28;4;0
50;2025-12-28;5;0
50;2025-12-28;6;20
50;2025-12-28;7;22
50;2025-12-28;8;111
50;2025-12-28;9;100
50;2025-12-28;10;79
50;2025-12-28;11;163
50;2025-12-28;12;157
50;2025-12-28;13;128
50;2025-12-28;14;171
50;2025-12-28;15;114
50;2025-12-28;16;145
50;2025-12-28;17;106
50;2025-12-28;18;96
50;2025-12-28;19;88
50;2025-12-28;20;127
50;2025-12-28;21;119
50;2025-12-28;22;28
50;2025-12-28;23;0
50;2025-12-29;0;0
50;2025-12-29;1;0
50;2025-12-29;2;0
50;2025-12-29;3;0
50;2025-12-29;4;0
50;2025-12-29;5;36
50;2025-12-29;6;465
50;2025-12-29;7;1692
50;2025-12-29;8;2684
50;2025-12-29;9;2091
50;2025-12-29;10;1583
50;2025-12-29;11;1465
50;2025-12-29;12;1373
50;2025-12-29;13;1386
50;2025-12-29;14;1365
50;2025-12-29;15;1611
50;2025-12-29;16;1641
50;2025-12-29;17;2321
50;2025-12-29;18;2440
50;2025-12-29;19;1454
50;2025-12-29;20;849
50;2025-12-29;21;556
50;2025-12-29;22;195
50;2025-12-29;23;91
50;2025-12-30;0;0
50;2025-12-30;1;7
50;2025-12-30;2;0
50;2025-12-30;3;0
50;2025-12-30;4;0
50;2025-12-30;5;51
50;2025-12-30;6;510
50;2025-12-30;7;1748
50;2025-12-30;8;2714
50;2025-12-30;9;2105
50;2025-12-30;10;1583
50;2025-12-30;11;1499
50;2025-12-30;12;1431
50;2025-12-30;13;1438
50;2025-12-30;14;1408
50;2025-12-30;15;1634
50;2025-12-30;16;1686
50;2025-12-30;17;2333
50;2025-12-30;18;2512
50;2025-12-30;19;1482
50;2025-12-30;20;871
50;2025-12-30;21;590
50;2025-12-30;22;233
50;2025-12-30;23;114
50;2025-12-31;0;0
50;2025-12-31;1;6
50;2025-12-31;2;0
50;2025-12-31;3;0
50;2025-12-31;4;0
50;2025-12-31;5;0
50;2025-12-31;6;187
50;2025-12-31;7;195
50;2025-12-31;8;408
50;2025-12-31;9;291
50;2025-12-31;10;291
50;2025-12-31;11;281
50;2025-12-31;12;304
50;2025-12-31;13;304
50;2025-12-31;14;281
50;2025-12-31;15;323
50;2025-12-31;16;302
50;2025-12-31;17;337
50;2025-12-31;18;336
50;2025-12-31;19;268
50;2025-12-31;20;229
50;2025-12-31;21;241
50;2025-12-31;22;164
50;2025-12-31;23;71
