route;date;hour;prediction
1;2025-11-01;0;3
1;2025-11-01;1;0
1;2025-11-01;2;0
1;2025-11-01;3;0
1;2025-11-01;4;5
1;2025-11-01;5;116
1;2025-11-01;6;497
1;2025-11-01;7;1350
1;2025-11-01;8;1808
1;2025-11-01;9;1436
1;2025-11-01;10;1357
1;2025-11-01;11;1340
1;2025-11-01;12;1407
1;2025-11-01;13;1437
1;2025-11-01;14;1386
1;2025-11-01;15;1456
1;2025-11-01;16;1517
1;2025-11-01;17;1718
1;2025-11-01;18;1588
1;2025-11-01;19;1208
1;2025-11-01;20;810
1;2025-11-01;21;451
1;2025-11-01;22;190
1;2025-11-01;23;45
1;2025-11-02;0;0
1;2025-11-02;1;0
1;2025-11-02;2;0
1;2025-11-02;3;0
1;2025-11-02;4;0
1;2025-11-02;5;2
1;2025-11-02;6;132
1;2025-11-02;7;208
1;2025-11-02;8;313
1;2025-11-02;9;531
1;2025-11-02;10;601
1;2025-11-02;11;605
1;2025-11-02;12;720
1;2025-11-02;13;754
1;2025-11-02;14;675
1;2025-11-02;15;614
1;2025-11-02;16;634
1;2025-11-02;17;605
1;2025-11-02;18;497
1;2025-11-02;19;455
1;2025-11-02;20;306
1;2025-11-02;21;255
1;2025-11-02;22;88
1;2025-11-02;23;15
1;2025-11-03;0;0
1;2025-11-03;1;0
1;2025-11-03;2;0
1;2025-11-03;3;0
1;2025-11-03;4;0
1;2025-11-03;5;12
1;2025-11-03;6;158
1;2025-11-03;7;235
1;2025-11-03;8;393
1;2025-11-03;9;559
1;2025-11-03;10;620
1;2025-11-03;11;613
1;2025-11-03;12;718
1;2025-11-03;13;739
1;2025-11-03;14;667
1;2025-11-03;15;627
1;2025-11-03;16;646
1;2025-11-03;17;636
1;2025-11-03;18;573
1;2025-11-03;19;512
1;2025-11-03;20;317
1;2025-11-03;21;254
1;2025-11-03;22;84
1;2025-11-03;23;15
1;2025-11-04;0;0
1;2025-11-04;1;0
1;2025-11-04;2;0
1;2025-11-04;3;0
1;2025-11-04;4;0
1;2025-11-04;5;4
1;2025-11-04;6;149
1;2025-11-04;7;230
1;2025-11-04;8;337
1;2025-11-04;9;506
1;2025-11-04;10;543
1;2025-11-04;11;546
1;2025-11-04;12;637
1;2025-11-04;13;663
1;2025-11-04;14;576
1;2025-11-04;15;561
1;2025-11-04;16;585
1;2025-11-04;17;574
1;2025-11-04;18;504
1;2025-11-04;19;467
1;2025-11-04;20;308
1;2025-11-04;21;247
1;2025-11-04;22;82
1;2025-11-04;23;16
1;2025-11-05;0;2
1;2025-11-05;1;0
1;2025-11-05;2;0
1;2025-11-05;3;0
1;2025-11-05;4;8
1;2025-11-05;5;105
1;2025-11-05;6;492
1;2025-11-05;7;1345
1;2025-11-05;8;1848
1;2025-11-05;9;1433
1;2025-11-05;10;1329
1;2025-11-05;11;1315
1;2025-11-05;12;1348
1;2025-11-05;13;1367
1;2025-11-05;14;1284
1;2025-11-05;15;1374
1;2025-11-05;16;1438
1;2025-11-05;17;1729
1;2025-11-05;18;1746
1;2025-11-05;19;1325
1;2025-11-05;20;841
1;2025-11-05;21;459
1;2025-11-05;22;198
1;2025-11-05;23;32
1;2025-11-06;0;2
1;2025-11-06;1;0
1;2025-11-06;2;0
1;2025-11-06;3;0
1;2025-11-06;4;8
1;2025-11-06;5;107
1;2025-11-06;6;487
1;2025-11-06;7;1365
1;2025-11-06;8;1867
1;2025-11-06;9;1443
1;2025-11-06;10;1336
1;2025-11-06;11;1325
1;2025-11-06;12;1361
1;2025-11-06;13;1377
1;2025-11-06;14;1298
1;2025-11-06;15;1390
1;2025-11-06;16;1459
1;2025-11-06;17;1733
1;2025-11-06;18;1760
1;2025-11-06;19;1339
1;2025-11-06;20;851
1;2025-11-06;21;466
1;2025-11-06;22;196
1;2025-11-06;23;34
1;2025-11-07;0;2
1;2025-11-07;1;0
1;2025-11-07;2;0
1;2025-11-07;3;0
1;2025-11-07;4;6
1;2025-11-07;5;110
1;2025-11-07;6;479
1;2025-11-07;7;1317
1;2025-11-07;8;1790
1;2025-11-07;9;1390
1;2025-11-07;10;1290
1;2025-11-07;11;1303
1;2025-11-07;12;1315
1;2025-11-07;13;1351
1;2025-11-07;14;1281
1;2025-11-07;15;1394
1;2025-11-07;16;1479
1;2025-11-07;17;1718
1;2025-11-07;18;1575
1;2025-11-07;19;1212
1;2025-11-07;20;769
1;2025-11-07;21;446
1;2025-11-07;22;194
1;2025-11-07;23;38
1;2025-11-08;0;2
1;2025-11-08;1;0
1;2025-11-08;2;0
1;2025-11-08;3;0
1;2025-11-08;4;0
1;2025-11-08;5;9
1;2025-11-08;6;155
1;2025-11-08;7;292
1;2025-11-08;8;420
1;2025-11-08;9;634
1;2025-11-08;10;708
1;2025-11-08;11;681
1;2025-11-08;12;806
1;2025-11-08;13;838
1;2025-11-08;14;759
1;2025-11-08;15;679
1;2025-11-08;16;685
1;2025-11-08;17;647
1;2025-11-08;18;557
1;2025-11-08;19;565
1;2025-11-08;20;371
1;2025-11-08;21;279
1;2025-11-08;22;94
1;2025-11-08;23;21
1;2025-11-09;0;0
1;2025-11-09;1;0
1;2025-11-09;2;0
1;2025-11-09;3;0
1;2025-11-09;4;0
1;2025-11-09;5;2
1;2025-11-09;6;132
1;2025-11-09;7;208
1;2025-11-09;8;313
1;2025-11-09;9;531
1;2025-11-09;10;601
1;2025-11-09;11;605
1;2025-11-09;12;720
1;2025-11-09;13;754
1;2025-11-09;14;675
1;2025-11-09;15;614
1;2025-11-09;16;634
1;2025-11-09;17;605
1;2025-11-09;18;497
1;2025-11-09;19;455
1;2025-11-09;20;306
1;2025-11-09;21;255
1;2025-11-09;22;88
1;2025-11-09;23;15
1;2025-11-10;0;0
1;2025-11-10;1;0
1;2025-11-10;2;0
1;2025-11-10;3;0
1;2025-11-10;4;6
1;2025-11-10;5;105
1;2025-11-10;6;486
1;2025-11-10;7;1325
1;2025-11-10;8;1814
1;2025-11-10;9;1383
1;2025-11-10;10;1274
1;2025-11-10;11;1266
1;2025-11-10;12;1291
1;2025-11-10;13;1312
1;2025-11-10;14;1247
1;2025-11-10;15;1352
1;2025-11-10;16;1427
1;2025-11-10;17;1725
1;2025-11-10;18;1726
1;2025-11-10;19;1302
1;2025-11-10;20;812
1;2025-11-10;21;438
1;2025-11-10;22;183
1;2025-11-10;23;26
1;2025-11-11;0;2
1;2025-11-11;1;0
1;2025-11-11;2;0
1;2025-11-11;3;0
1;2025-11-11;4;9
1;2025-11-11;5;99
1;2025-11-11;6;486
1;2025-11-11;7;1362
1;2025-11-11;8;1845
1;2025-11-11;9;1444
1;2025-11-11;10;1334
1;2025-11-11;11;1312
1;2025-11-11;12;1343
1;2025-11-11;13;1359
1;2025-11-11;14;1269
1;2025-11-11;15;1357
1;2025-11-11;16;1434
1;2025-11-11;17;1727
1;2025-11-11;18;1750
1;2025-11-11;19;1340
1;2025-11-11;20;836
1;2025-11-11;21;448
1;2025-11-11;22;188
1;2025-11-11;23;31
1;2025-11-12;0;2
1;2025-11-12;1;0
1;2025-11-12;2;0
1;2025-11-12;3;0
1;2025-11-12;4;8
1;2025-11-12;5;105
1;2025-11-12;6;492
1;2025-11-12;7;1345
1;2025-11-12;8;1848
1;2025-11-12;9;1433
1;2025-11-12;10;1329
1;2025-11-12;11;1315
1;2025-11-12;12;1348
1;2025-11-12;13;1367
1;2025-11-12;14;1284
1;2025-11-12;15;1374
1;2025-11-12;16;1438
1;2025-11-12;17;1729
1;2025-11-12;18;1746
1;2025-11-12;19;1325
1;2025-11-12;20;841
1;2025-11-12;21;459
1;2025-11-12;22;198
1;2025-11-12;23;32
1;2025-11-13;0;2
1;2025-11-13;1;0
1;2025-11-13;2;0
1;2025-11-13;3;0
1;2025-11-13;4;8
1;2025-11-13;5;107
1;2025-11-13;6;487
1;2025-11-13;7;1365
1;2025-11-13;8;1867
1;2025-11-13;9;1443
1;2025-11-13;10;1336
1;2025-11-13;11;1325
1;2025-11-13;12;1361
1;2025-11-13;13;1377
1;2025-11-13;14;1298
1;2025-11-13;15;1390
1;2025-11-13;16;1459
1;2025-11-13;17;1733
1;2025-11-13;18;1760
1;2025-11-13;19;1339
1;2025-11-13;20;851
1;2025-11-13;21;466
1;2025-11-13;22;196
1;2025-11-13;23;34
1;2025-11-14;0;2
1;2025-11-14;1;0
1;2025-11-14;2;0
1;2025-11-14;3;0
1;2025-11-14;4;6
1;2025-11-14;5;110
1;2025-11-14;6;479
1;2025-11-14;7;1317
1;2025-11-14;8;1790
1;2025-11-14;9;1390
1;2025-11-14;10;1290
1;2025-11-14;11;1303
1;2025-11-14;12;1315
1;2025-11-14;13;1351
1;2025-11-14;14;1281
1;2025-11-14;15;1394
1;2025-11-14;16;1479
1;2025-11-14;17;1718
1;2025-11-14;18;1575
1;2025-11-14;19;1212
1;2025-11-14;20;769
1;2025-11-14;21;446
1;2025-11-14;22;194
1;2025-11-14;23;38
1;2025-11-15;0;2
1;2025-11-15;1;0
1;2025-11-15;2;0
1;2025-11-15;3;0
1;2025-11-15;4;0
1;2025-11-15;5;9
1;2025-11-15;6;155
1;2025-11-15;7;292
1;2025-11-15;8;420
1;2025-11-15;9;634
1;2025-11-15;10;708
1;2025-11-15;11;681
1;2025-11-15;12;806
1;2025-11-15;13;838
1;2025-11-15;14;759
1;2025-11-15;15;679
1;2025-11-15;16;685
1;2025-11-15;17;647
1;2025-11-15;18;557
1;2025-11-15;19;565
1;2025-11-15;20;371
1;2025-11-15;21;279
1;2025-11-15;22;94
1;2025-11-15;23;21
1;2025-11-16;0;0
1;2025-11-16;1;0
1;2025-11-16;2;0
1;2025-11-16;3;0
1;2025-11-16;4;0
1;2025-11-16;5;2
1;2025-11-16;6;132
1;2025-11-16;7;208
1;2025-11-16;8;313
1;2025-11-16;9;531
1;2025-11-16;10;601
1;2025-11-16;11;605
1;2025-11-16;12;720
1;2025-11-16;13;754
1;2025-11-16;14;675
1;2025-11-16;15;614
1;2025-11-16;16;634
1;2025-11-16;17;605
1;2025-11-16;18;497
1;2025-11-16;19;455
1;2025-11-16;20;306
1;2025-11-16;21;255
1;2025-11-16;22;88
1;2025-11-16;23;15
1;2025-11-17;0;0
1;2025-11-17;1;0
1;2025-11-17;2;0
1;2025-11-17;3;0
1;2025-11-17;4;6
1;2025-11-17;5;105
1;2025-11-17;6;486
1;2025-11-17;7;1325
1;2025-11-17;8;1814
1;2025-11-17;9;1383
1;2025-11-17;10;1274
1;2025-11-17;11;1266
1;2025-11-17;12;1291
1;2025-11-17;13;1312
1;2025-11-17;14;1247
1;2025-11-17;15;1352
1;2025-11-17;16;1427
1;2025-11-17;17;1725
1;2025-11-17;18;1726
1;2025-11-17;19;1302
1;2025-11-17;20;812
1;2025-11-17;21;438
1;2025-11-17;22;183
1;2025-11-17;23;26
1;2025-11-18;0;2
1;2025-11-18;1;0
1;2025-11-18;2;0
1;2025-11-18;3;0
1;2025-11-18;4;9
1;2025-11-18;5;99
1;2025-11-18;6;486
1;2025-11-18;7;1362
1;2025-11-18;8;1845
1;2025-11-18;9;1444
1;2025-11-18;10;1334
1;2025-11-18;11;1312
1;2025-11-18;12;1343
1;2025-11-18;13;1359
1;2025-11-18;14;1269
1;2025-11-18;15;1357
1;2025-11-18;16;1434
1;2025-11-18;17;1727
1;2025-11-18;18;1750
1;2025-11-18;19;1340
1;2025-11-18;20;836
1;2025-11-18;21;448
1;2025-11-18;22;188
1;2025-11-18;23;31
1;2025-11-19;0;2
1;2025-11-19;1;0
1;2025-11-19;2;0
1;2025-11-19;3;0
1;2025-11-19;4;8
1;2025-11-19;5;105
1;2025-11-19;6;492
1;2025-11-19;7;1345
1;2025-11-19;8;1848
1;2025-11-19;9;1433
1;2025-11-19;10;1329
1;2025-11-19;11;1315
1;2025-11-19;12;1348
1;2025-11-19;13;1367
1;2025-11-19;14;1284
1;2025-11-19;15;1374
1;2025-11-19;16;1438
1;2025-11-19;17;1729
1;2025-11-19;18;1746
1;2025-11-19;19;1325
1;2025-11-19;20;841
1;2025-11-19;21;459
1;2025-11-19;22;198
1;2025-11-19;23;32
1;2025-11-20;0;2
1;2025-11-20;1;0
1;2025-11-20;2;0
1;2025-11-20;3;0
1;2025-11-20;4;8
1;2025-11-20;5;107
1;2025-11-20;6;487
1;2025-11-20;7;1365
1;2025-11-20;8;1867
1;2025-11-20;9;1443
1;2025-11-20;10;1336
1;2025-11-20;11;1325
1;2025-11-20;12;1361
1;2025-11-20;13;1377
1;2025-11-20;14;1298
1;2025-11-20;15;1390
1;2025-11-20;16;1459
1;2025-11-20;17;1733
1;2025-11-20;18;1760
1;2025-11-20;19;1339
1;2025-11-20;20;851
1;2025-11-20;21;466
1;2025-11-20;22;196
1;2025-11-20;23;34
1;2025-11-21;0;2
1;2025-11-21;1;0
1;2025-11-21;2;0
1;2025-11-21;3;0
1;2025-11-21;4;6
1;2025-11-21;5;110
1;2025-11-21;6;479
1;2025-11-21;7;1317
1;2025-11-21;8;1790
1;2025-11-21;9;1390
1;2025-11-21;10;1290
1;2025-11-21;11;1303
1;2025-11-21;12;1315
1;2025-11-21;13;1351
1;2025-11-21;14;1281
1;2025-11-21;15;1394
1;2025-11-21;16;1479
1;2025-11-21;17;1718
1;2025-11-21;18;1575
1;2025-11-21;19;1212
1;2025-11-21;20;769
1;2025-11-21;21;446
1;2025-11-21;22;194
1;2025-11-21;23;38
1;2025-11-22;0;2
1;2025-11-22;1;0
1;2025-11-22;2;0
1;2025-11-22;3;0
1;2025-11-22;4;0
1;2025-11-22;5;9
1;2025-11-22;6;155
1;2025-11-22;7;292
1;2025-11-22;8;420
1;2025-11-22;9;634
1;2025-11-22;10;708
1;2025-11-22;11;681
1;2025-11-22;12;806
1;2025-11-22;13;838
1;2025-11-22;14;759
1;2025-11-22;15;679
1;2025-11-22;16;685
1;2025-11-22;17;647
1;2025-11-22;18;557
1;2025-11-22;19;565
1;2025-11-22;20;371
1;2025-11-22;21;279
1;2025-11-22;22;94
1;2025-11-22;23;21
1;2025-11-23;0;0
1;2025-11-23;1;0
1;2025-11-23;2;0
1;2025-11-23;3;0
1;2025-11-23;4;0
1;2025-11-23;5;2
1;2025-11-23;6;132
1;2025-11-23;7;208
1;2025-11-23;8;313
1;2025-11-23;9;531
1;2025-11-23;10;601
1;2025-11-23;11;605
1;2025-11-23;12;720
1;2025-11-23;13;754
1;2025-11-23;14;675
1;2025-11-23;15;614
1;2025-11-23;16;634
1;2025-11-23;17;605
1;2025-11-23;18;497
1;2025-11-23;19;455
1;2025-11-23;20;306
1;2025-11-23;21;255
1;2025-11-23;22;88
1;2025-11-23;23;15
1;2025-11-24;0;0
1;2025-11-24;1;0
1;2025-11-24;2;0
1;2025-11-24;3;0
1;2025-11-24;4;6
1;2025-11-24;5;105
1;2025-11-24;6;486
1;2025-11-24;7;1325
1;2025-11-24;8;1814
1;2025-11-24;9;1383
1;2025-11-24;10;1274
1;2025-11-24;11;1266
1;2025-11-24;12;1291
1;2025-11-24;13;1312
1;2025-11-24;14;1247
1;2025-11-24;15;1352
1;2025-11-24;16;1427
1;2025-11-24;17;1725
1;2025-11-24;18;1726
1;2025-11-24;19;1302
1;2025-11-24;20;812
1;2025-11-24;21;438
1;2025-11-24;22;183
1;2025-11-24;23;26
1;2025-11-25;0;2
1;2025-11-25;1;0
1;2025-11-25;2;0
1;2025-11-25;3;0
1;2025-11-25;4;9
1;2025-11-25;5;99
1;2025-11-25;6;486
1;2025-11-25;7;1362
1;2025-11-25;8;1845
1;2025-11-25;9;1444
1;2025-11-25;10;1334
1;2025-11-25;11;1312
1;2025-11-25;12;1343
1;2025-11-25;13;1359
1;2025-11-25;14;1269
1;2025-11-25;15;1357
1;2025-11-25;16;1434
1;2025-11-25;17;1727
1;2025-11-25;18;1750
1;2025-11-25;19;1340
1;2025-11-25;20;836
1;2025-11-25;21;448
1;2025-11-25;22;188
1;2025-11-25;23;31
1;2025-11-26;0;2
1;2025-11-26;1;0
1;2025-11-26;2;0
1;2025-11-26;3;0
1;2025-11-26;4;8
1;2025-11-26;5;105
1;2025-11-26;6;492
1;2025-11-26;7;1345
1;2025-11-26;8;1848
1;2025-11-26;9;1433
1;2025-11-26;10;1329
1;2025-11-26;11;1315
1;2025-11-26;12;1348
1;2025-11-26;13;1367
1;2025-11-26;14;1284
1;2025-11-26;15;1374
1;2025-11-26;16;1438
1;2025-11-26;17;1729
1;2025-11-26;18;1746
1;2025-11-26;19;1325
1;2025-11-26;20;841
1;2025-11-26;21;459
1;2025-11-26;22;198
1;2025-11-26;23;32
1;2025-11-27;0;2
1;2025-11-27;1;0
1;2025-11-27;2;0
1;2025-11-27;3;0
1;2025-11-27;4;8
1;2025-11-27;5;107
1;2025-11-27;6;487
1;2025-11-27;7;1365
1;2025-11-27;8;1867
1;2025-11-27;9;1443
1;2025-11-27;10;1336
1;2025-11-27;11;1325
1;2025-11-27;12;1361
1;2025-11-27;13;1377
1;2025-11-27;14;1298
1;2025-11-27;15;1390
1;2025-11-27;16;1459
1;2025-11-27;17;1733
1;2025-11-27;18;1760
1;2025-11-27;19;1339
1;2025-11-27;20;851
1;2025-11-27;21;466
1;2025-11-27;22;196
1;2025-11-27;23;34
1;2025-11-28;0;2
1;2025-11-28;1;0
1;2025-11-28;2;0
1;2025-11-28;3;0
1;2025-11-28;4;6
1;2025-11-28;5;110
1;2025-11-28;6;479
1;2025-11-28;7;1317
1;2025-11-28;8;1790
1;2025-11-28;9;1390
1;2025-11-28;10;1290
1;2025-11-28;11;1303
1;2025-11-28;12;1315
1;2025-11-28;13;1351
1;2025-11-28;14;1281
1;2025-11-28;15;1394
1;2025-11-28;16;1479
1;2025-11-28;17;1718
1;2025-11-28;18;1575
1;2025-11-28;19;1212
1;2025-11-28;20;769
1;2025-11-28;21;446
1;2025-11-28;22;194
1;2025-11-28;23;38
1;2025-11-29;0;2
1;2025-11-29;1;0
1;2025-11-29;2;0
1;2025-11-29;3;0
1;2025-11-29;4;0
1;2025-11-29;5;9
1;2025-11-29;6;155
1;2025-11-29;7;292
1;2025-11-29;8;420
1;2025-11-29;9;634
1;2025-11-29;10;708
1;2025-11-29;11;681
1;2025-11-29;12;806
1;2025-11-29;13;838
1;2025-11-29;14;759
1;2025-11-29;15;679
1;2025-11-29;16;685
1;2025-11-29;17;647
1;2025-11-29;18;557
1;2025-11-29;19;565
1;2025-11-29;20;371
1;2025-11-29;21;279
1;2025-11-29;22;94
1;2025-11-29;23;21
1;2025-11-30;0;0
1;2025-11-30;1;0
1;2025-11-30;2;0
1;2025-11-30;3;0
1;2025-11-30;4;0
1;2025-11-30;5;2
1;2025-11-30;6;132
1;2025-11-30;7;208
1;2025-11-30;8;313
1;2025-11-30;9;531
1;2025-11-30;10;601
1;2025-11-30;11;605
1;2025-11-30;12;720
1;2025-11-30;13;754
1;2025-11-30;14;675
1;2025-11-30;15;614
1;2025-11-30;16;634
1;2025-11-30;17;605
1;2025-11-30;18;497
1;2025-11-30;19;455
1;2025-11-30;20;306
1;2025-11-30;21;255
1;2025-11-30;22;88
1;2025-11-30;23;15
1;2025-12-01;0;0
1;2025-12-01;1;0
1;2025-12-01;2;0
1;2025-12-01;3;0
1;2025-12-01;4;6
1;2025-12-01;5;105
1;2025-12-01;6;486
1;2025-12-01;7;1325
1;2025-12-01;8;1814
1;2025-12-01;9;1383
1;2025-12-01;10;1274
1;2025-12-01;11;1266
1;2025-12-01;12;1291
1;2025-12-01;13;1312
1;2025-12-01;14;1247
1;2025-12-01;15;1352
1;2025-12-01;16;1427
1;2025-12-01;17;1725
1;2025-12-01;18;1726
1;2025-12-01;19;1302
1;2025-12-01;20;812
1;2025-12-01;21;438
1;2025-12-01;22;183
1;2025-12-01;23;26
1;2025-12-02;0;2
1;2025-12-02;1;0
1;2025-12-02;2;0
1;2025-12-02;3;0
1;2025-12-02;4;9
1;2025-12-02;5;99
1;2025-12-02;6;486
1;2025-12-02;7;1362
1;2025-12-02;8;1845
1;2025-12-02;9;1444
1;2025-12-02;10;1334
1;2025-12-02;11;1312
1;2025-12-02;12;1343
1;2025-12-02;13;1359
1;2025-12-02;14;1269
1;2025-12-02;15;1357
1;2025-12-02;16;1434
1;2025-12-02;17;1727
1;2025-12-02;18;1750
1;2025-12-02;19;1340
1;2025-12-02;20;836
1;2025-12-02;21;448
1;2025-12-02;22;188
1;2025-12-02;23;31
1;2025-12-03;0;2
1;2025-12-03;1;0
1;2025-12-03;2;0
1;2025-12-03;3;0
1;2025-12-03;4;8
1;2025-12-03;5;105
1;2025-12-03;6;492
1;2025-12-03;7;1345
1;2025-12-03;8;1848
1;2025-12-03;9;1433
1;2025-12-03;10;1329
1;2025-12-03;11;1315
1;2025-12-03;12;1348
1;2025-12-03;13;1367
1;2025-12-03;14;1284
1;2025-12-03;15;1374
1;2025-12-03;16;1438
1;2025-12-03;17;1729
1;2025-12-03;18;1746
1;2025-12-03;19;1325
1;2025-12-03;20;841
1;2025-12-03;21;459
1;2025-12-03;22;198
1;2025-12-03;23;32
1;2025-12-04;0;2
1;2025-12-04;1;0
1;2025-12-04;2;0
1;2025-12-04;3;0
1;2025-12-04;4;8
1;2025-12-04;5;107
1;2025-12-04;6;487
1;2025-12-04;7;1365
1;2025-12-04;8;1867
1;2025-12-04;9;1443
1;2025-12-04;10;1336
1;2025-12-04;11;1325
1;2025-12-04;12;1361
1;2025-12-04;13;1377
1;2025-12-04;14;1298
1;2025-12-04;15;1390
1;2025-12-04;16;1459
1;2025-12-04;17;1733
1;2025-12-04;18;1760
1;2025-12-04;19;1339
1;2025-12-04;20;851
1;2025-12-04;21;466
1;2025-12-04;22;196
1;2025-12-04;23;34
1;2025-12-05;0;2
1;2025-12-05;1;0
1;2025-12-05;2;0
1;2025-12-05;3;0
1;2025-12-05;4;6
1;2025-12-05;5;110
1;2025-12-05;6;479
1;2025-12-05;7;1317
1;2025-12-05;8;1790
1;2025-12-05;9;1390
1;2025-12-05;10;1290
1;2025-12-05;11;1303
1;2025-12-05;12;1315
1;2025-12-05;13;1351
1;2025-12-05;14;1281
1;2025-12-05;15;1394
1;2025-12-05;16;1479
1;2025-12-05;17;1718
1;2025-12-05;18;1575
1;2025-12-05;19;1212
1;2025-12-05;20;769
1;2025-12-05;21;446
1;2025-12-05;22;194
1;2025-12-05;23;38
1;2025-12-06;0;2
1;2025-12-06;1;0
1;2025-12-06;2;0
1;2025-12-06;3;0
1;2025-12-06;4;0
1;2025-12-06;5;9
1;2025-12-06;6;155
1;2025-12-06;7;292
1;2025-12-06;8;420
1;2025-12-06;9;634
1;2025-12-06;10;708
1;2025-12-06;11;681
1;2025-12-06;12;806
1;2025-12-06;13;838
1;2025-12-06;14;759
1;2025-12-06;15;679
1;2025-12-06;16;685
1;2025-12-06;17;647
1;2025-12-06;18;557
1;2025-12-06;19;565
1;2025-12-06;20;371
1;2025-12-06;21;279
1;2025-12-06;22;94
1;2025-12-06;23;21
1;2025-12-07;0;0
1;2025-12-07;1;0
1;2025-12-07;2;0
1;2025-12-07;3;0
1;2025-12-07;4;0
1;2025-12-07;5;2
1;2025-12-07;6;132
1;2025-12-07;7;208
1;2025-12-07;8;313
1;2025-12-07;9;531
1;2025-12-07;10;601
1;2025-12-07;11;605
1;2025-12-07;12;720
1;2025-12-07;13;754
1;2025-12-07;14;675
1;2025-12-07;15;614
1;2025-12-07;16;634
1;2025-12-07;17;605
1;2025-12-07;18;497
1;2025-12-07;19;455
1;2025-12-07;20;306
1;2025-12-07;21;255
1;2025-12-07;22;88
1;2025-12-07;23;15
1;2025-12-08;0;0
1;2025-12-08;1;0
1;2025-12-08;2;0
1;2025-12-08;3;0
1;2025-12-08;4;6
1;2025-12-08;5;105
1;2025-12-08;6;486
1;2025-12-08;7;1325
1;2025-12-08;8;1814
1;2025-12-08;9;1383
1;2025-12-08;10;1274
1;2025-12-08;11;1266
1;2025-12-08;12;1291
1;2025-12-08;13;1312
1;2025-12-08;14;1247
1;2025-12-08;15;1352
1;2025-12-08;16;1427
1;2025-12-08;17;1725
1;2025-12-08;18;1726
1;2025-12-08;19;1302
1;2025-12-08;20;812
1;2025-12-08;21;438
1;2025-12-08;22;183
1;2025-12-08;23;26
1;2025-12-09;0;2
1;2025-12-09;1;0
1;2025-12-09;2;0
1;2025-12-09;3;0
1;2025-12-09;4;9
1;2025-12-09;5;99
1;2025-12-09;6;486
1;2025-12-09;7;1362
1;2025-12-09;8;1845
1;2025-12-09;9;1444
1;2025-12-09;10;1334
1;2025-12-09;11;1312
1;2025-12-09;12;1343
1;2025-12-09;13;1359
1;2025-12-09;14;1269
1;2025-12-09;15;1357
1;2025-12-09;16;1434
1;2025-12-09;17;1727
1;2025-12-09;18;1750
1;2025-12-09;19;1340
1;2025-12-09;20;836
1;2025-12-09;21;448
1;2025-12-09;22;188
1;2025-12-09;23;31
1;2025-12-10;0;2
1;2025-12-10;1;0
1;2025-12-10;2;0
1;2025-12-10;3;0
1;2025-12-10;4;8
1;2025-12-10;5;105
1;2025-12-10;6;492
1;2025-12-10;7;1345
1;2025-12-10;8;1848
1;2025-12-10;9;1433
1;2025-12-10;10;1329
1;2025-12-10;11;1315
1;2025-12-10;12;1348
1;2025-12-10;13;1367
1;2025-12-10;14;1284
1;2025-12-10;15;1374
1;2025-12-10;16;1438
1;2025-12-10;17;1729
1;2025-12-10;18;1746
1;2025-12-10;19;1325
1;2025-12-10;20;841
1;2025-12-10;21;459
1;2025-12-10;22;198
1;2025-12-10;23;32
1;2025-12-11;0;2
1;2025-12-11;1;0
1;2025-12-11;2;0
1;2025-12-11;3;0
1;2025-12-11;4;8
1;2025-12-11;5;107
1;2025-12-11;6;487
1;2025-12-11;7;1365
1;2025-12-11;8;1867
1;2025-12-11;9;1443
1;2025-12-11;10;1336
1;2025-12-11;11;1325
1;2025-12-11;12;1361
1;2025-12-11;13;1377
1;2025-12-11;14;1298
1;2025-12-11;15;1390
1;2025-12-11;16;1459
1;2025-12-11;17;1733
1;2025-12-11;18;1760
1;2025-12-11;19;1339
1;2025-12-11;20;851
1;2025-12-11;21;466
1;2025-12-11;22;196
1;2025-12-11;23;34
1;2025-12-12;0;2
1;2025-12-12;1;0
1;2025-12-12;2;0
1;2025-12-12;3;0
1;2025-12-12;4;6
1;2025-12-12;5;110
1;2025-12-12;6;479
1;2025-12-12;7;1317
1;2025-12-12;8;1790
1;2025-12-12;9;1390
1;2025-12-12;10;1290
1;2025-12-12;11;1303
1;2025-12-12;12;1315
1;2025-12-12;13;1351
1;2025-12-12;14;1281
1;2025-12-12;15;1394
1;2025-12-12;16;1479
1;2025-12-12;17;1718
1;2025-12-12;18;1575
1;2025-12-12;19;1212
1;2025-12-12;20;769
1;2025-12-12;21;446
1;2025-12-12;22;194
1;2025-12-12;23;38
1;2025-12-13;0;2
1;2025-12-13;1;0
1;2025-12-13;2;0
1;2025-12-13;3;0
1;2025-12-13;4;0
1;2025-12-13;5;9
1;2025-12-13;6;155
1;2025-12-13;7;292
1;2025-12-13;8;420
1;2025-12-13;9;634
1;2025-12-13;10;708
1;2025-12-13;11;681
1;2025-12-13;12;806
1;2025-12-13;13;838
1;2025-12-13;14;759
1;2025-12-13;15;679
1;2025-12-13;16;685
1;2025-12-13;17;647
1;2025-12-13;18;557
1;2025-12-13;19;565
1;2025-12-13;20;371
1;2025-12-13;21;279
1;2025-12-13;22;94
1;2025-12-13;23;21
1;2025-12-14;0;0
1;2025-12-14;1;0
1;2025-12-14;2;0
1;2025-12-14;3;0
1;2025-12-14;4;0
1;2025-12-14;5;2
1;2025-12-14;6;132
1;2025-12-14;7;208
1;2025-12-14;8;313
1;2025-12-14;9;531
1;2025-12-14;10;601
1;2025-12-14;11;605
1;2025-12-14;12;720
1;2025-12-14;13;754
1;2025-12-14;14;675
1;2025-12-14;15;614
1;2025-12-14;16;634
1;2025-12-14;17;605
1;2025-12-14;18;497
1;2025-12-14;19;455
1;2025-12-14;20;306
1;2025-12-14;21;255
1;2025-12-14;22;88
1;2025-12-14;23;15
1;2025-12-15;0;0
1;2025-12-15;1;0
1;2025-12-15;2;0
1;2025-12-15;3;0
1;2025-12-15;4;6
1;2025-12-15;5;105
1;2025-12-15;6;486
1;2025-12-15;7;1325
1;2025-12-15;8;1814
1;2025-12-15;9;1383
1;2025-12-15;10;1274
1;2025-12-15;11;1266
1;2025-12-15;12;1291
1;2025-12-15;13;1312
1;2025-12-15;14;1247
1;2025-12-15;15;1352
1;2025-12-15;16;1427
1;2025-12-15;17;1725
1;2025-12-15;18;1726
1;2025-12-15;19;1302
1;2025-12-15;20;812
1;2025-12-15;21;438
1;2025-12-15;22;183
1;2025-12-15;23;26
1;2025-12-16;0;2
1;2025-12-16;1;0
1;2025-12-16;2;0
1;2025-12-16;3;0
1;2025-12-16;4;9
1;2025-12-16;5;99
1;2025-12-16;6;486
1;2025-12-16;7;1362
1;2025-12-16;8;1845
1;2025-12-16;9;1444
1;2025-12-16;10;1334
1;2025-12-16;11;1312
1;2025-12-16;12;1343
1;2025-12-16;13;1359
1;2025-12-16;14;1269
1;2025-12-16;15;1357
1;2025-12-16;16;1434
1;2025-12-16;17;1727
1;2025-12-16;18;1750
1;2025-12-16;19;1340
1;2025-12-16;20;836
1;2025-12-16;21;448
1;2025-12-16;22;188
1;2025-12-16;23;31
1;2025-12-17;0;2
1;2025-12-17;1;0
1;2025-12-17;2;0
1;2025-12-17;3;0
1;2025-12-17;4;8
1;2025-12-17;5;105
1;2025-12-17;6;492
1;2025-12-17;7;1345
1;2025-12-17;8;1848
1;2025-12-17;9;1433
1;2025-12-17;10;1329
1;2025-12-17;11;1315
1;2025-12-17;12;1348
1;2025-12-17;13;1367
1;2025-12-17;14;1284
1;2025-12-17;15;1374
1;2025-12-17;16;1438
1;2025-12-17;17;1729
1;2025-12-17;18;1746
1;2025-12-17;19;1325
1;2025-12-17;20;841
1;2025-12-17;21;459
1;2025-12-17;22;198
1;2025-12-17;23;32
1;2025-12-18;0;2
1;2025-12-18;1;0
1;2025-12-18;2;0
1;2025-12-18;3;0
1;2025-12-18;4;8
1;2025-12-18;5;107
1;2025-12-18;6;487
1;2025-12-18;7;1365
1;2025-12-18;8;1867
1;2025-12-18;9;1443
1;2025-12-18;10;1336
1;2025-12-18;11;1325
1;2025-12-18;12;1361
1;2025-12-18;13;1377
1;2025-12-18;14;1298
1;2025-12-18;15;1390
1;2025-12-18;16;1459
1;2025-12-18;17;1733
1;2025-12-18;18;1760
1;2025-12-18;19;1339
1;2025-12-18;20;851
1;2025-12-18;21;466
1;2025-12-18;22;196
1;2025-12-18;23;34
1;2025-12-19;0;2
1;2025-12-19;1;0
1;2025-12-19;2;0
1;2025-12-19;3;0
1;2025-12-19;4;6
1;2025-12-19;5;110
1;2025-12-19;6;479
1;2025-12-19;7;1317
1;2025-12-19;8;1790
1;2025-12-19;9;1390
1;2025-12-19;10;1290
1;2025-12-19;11;1303
1;2025-12-19;12;1315
1;2025-12-19;13;1351
1;2025-12-19;14;1281
1;2025-12-19;15;1394
1;2025-12-19;16;1479
1;2025-12-19;17;1718
1;2025-12-19;18;1575
1;2025-12-19;19;1212
1;2025-12-19;20;769
1;2025-12-19;21;446
1;2025-12-19;22;194
1;2025-12-19;23;38
1;2025-12-20;0;2
1;2025-12-20;1;0
1;2025-12-20;2;0
1;2025-12-20;3;0
1;2025-12-20;4;0
1;2025-12-20;5;9
1;2025-12-20;6;155
1;2025-12-20;7;292
1;2025-12-20;8;420
1;2025-12-20;9;634
1;2025-12-20;10;708
1;2025-12-20;11;681
1;2025-12-20;12;806
1;2025-12-20;13;838
1;2025-12-20;14;759
1;2025-12-20;15;679
1;2025-12-20;16;685
1;2025-12-20;17;647
1;2025-12-20;18;557
1;2025-12-20;19;565
1;2025-12-20;20;371
1;2025-12-20;21;279
1;2025-12-20;22;94
1;2025-12-20;23;21
1;2025-12-21;0;0
1;2025-12-21;1;0
1;2025-12-21;2;0
1;2025-12-21;3;0
1;2025-12-21;4;0
1;2025-12-21;5;2
1;2025-12-21;6;132
1;2025-12-21;7;208
1;2025-12-21;8;313
1;2025-12-21;9;531
1;2025-12-21;10;601
1;2025-12-21;11;605
1;2025-12-21;12;720
1;2025-12-21;13;754
1;2025-12-21;14;675
1;2025-12-21;15;614
1;2025-12-21;16;634
1;2025-12-21;17;605
1;2025-12-21;18;497
1;2025-12-21;19;455
1;2025-12-21;20;306
1;2025-12-21;21;255
1;2025-12-21;22;88
1;2025-12-21;23;15
1;2025-12-22;0;0
1;2025-12-22;1;0
1;2025-12-22;2;0
1;2025-12-22;3;0
1;2025-12-22;4;6
1;2025-12-22;5;105
1;2025-12-22;6;486
1;2025-12-22;7;1325
1;2025-12-22;8;1814
1;2025-12-22;9;1383
1;2025-12-22;10;1274
1;2025-12-22;11;1266
1;2025-12-22;12;1291
1;2025-12-22;13;1312
1;2025-12-22;14;1247
1;2025-12-22;15;1352
1;2025-12-22;16;1427
1;2025-12-22;17;1725
1;2025-12-22;18;1726
1;2025-12-22;19;1302
1;2025-12-22;20;812
1;2025-12-22;21;438
1;2025-12-22;22;183
1;2025-12-22;23;26
1;2025-12-23;0;2
1;2025-12-23;1;0
1;2025-12-23;2;0
1;2025-12-23;3;0
1;2025-12-23;4;9
1;2025-12-23;5;99
1;2025-12-23;6;486
1;2025-12-23;7;1362
1;2025-12-23;8;1845
1;2025-12-23;9;1444
1;2025-12-23;10;1334
1;2025-12-23;11;1312
1;2025-12-23;12;1343
1;2025-12-23;13;1359
1;2025-12-23;14;1269
1;2025-12-23;15;1357
1;2025-12-23;16;1434
1;2025-12-23;17;1727
1;2025-12-23;18;1750
1;2025-12-23;19;1340
1;2025-12-23;20;836
1;2025-12-23;21;448
1;2025-12-23;22;188
1;2025-12-23;23;31
1;2025-12-24;0;2
1;2025-12-24;1;0
1;2025-12-24;2;0
1;2025-12-24;3;0
1;2025-12-24;4;8
1;2025-12-24;5;105
1;2025-12-24;6;492
1;2025-12-24;7;1345
1;2025-12-24;8;1848
1;2025-12-24;9;1433
1;2025-12-24;10;1329
1;2025-12-24;11;1315
1;2025-12-24;12;1348
1;2025-12-24;13;1367
1;2025-12-24;14;1284
1;2025-12-24;15;1374
1;2025-12-24;16;1438
1;2025-12-24;17;1729
1;2025-12-24;18;1746
1;2025-12-24;19;1325
1;2025-12-24;20;841
1;2025-12-24;21;459
1;2025-12-24;22;198
1;2025-12-24;23;32
1;2025-12-25;0;2
1;2025-12-25;1;0
1;2025-12-25;2;0
1;2025-12-25;3;0
1;2025-12-25;4;8
1;2025-12-25;5;107
1;2025-12-25;6;487
1;2025-12-25;7;1365
1;2025-12-25;8;1867
1;2025-12-25;9;1443
1;2025-12-25;10;1336
1;2025-12-25;11;1325
1;2025-12-25;12;1361
1;2025-12-25;13;1377
1;2025-12-25;14;1298
1;2025-12-25;15;1390
1;2025-12-25;16;1459
1;2025-12-25;17;1733
1;2025-12-25;18;1760
1;2025-12-25;19;1339
1;2025-12-25;20;851
1;2025-12-25;21;466
1;2025-12-25;22;196
1;2025-12-25;23;34
1;2025-12-26;0;2
1;2025-12-26;1;0
1;2025-12-26;2;0
1;2025-12-26;3;0
1;2025-12-26;4;6
1;2025-12-26;5;110
1;2025-12-26;6;479
1;2025-12-26;7;1317
1;2025-12-26;8;1790
1;2025-12-26;9;1390
1;2025-12-26;10;1290
1;2025-12-26;11;1303
1;2025-12-26;12;1315
1;2025-12-26;13;1351
1;2025-12-26;14;1281
1;2025-12-26;15;1394
1;2025-12-26;16;1479
1;2025-12-26;17;1718
1;2025-12-26;18;1575
1;2025-12-26;19;1212
1;2025-12-26;20;769
1;2025-12-26;21;446
1;2025-12-26;22;194
1;2025-12-26;23;38
1;2025-12-27;0;2
1;2025-12-27;1;0
1;2025-12-27;2;0
1;2025-12-27;3;0
1;2025-12-27;4;0
1;2025-12-27;5;9
1;2025-12-27;6;155
1;2025-12-27;7;292
1;2025-12-27;8;420
1;2025-12-27;9;634
1;2025-12-27;10;708
1;2025-12-27;11;681
1;2025-12-27;12;806
1;2025-12-27;13;838
1;2025-12-27;14;759
1;2025-12-27;15;679
1;2025-12-27;16;685
1;2025-12-27;17;647
1;2025-12-27;18;557
1;2025-12-27;19;565
1;2025-12-27;20;371
1;2025-12-27;21;279
1;2025-12-27;22;94
1;2025-12-27;23;21
1;2025-12-28;0;0
1;2025-12-28;1;0
1;2025-12-28;2;0
1;2025-12-28;3;0
1;2025-12-28;4;0
1;2025-12-28;5;2
1;2025-12-28;6;132
1;2025-12-28;7;208
1;2025-12-28;8;313
1;2025-12-28;9;531
1;2025-12-28;10;601
1;2025-12-28;11;605
1;2025-12-28;12;720
1;2025-12-28;13;754
1;2025-12-28;14;675
1;2025-12-28;15;614
1;2025-12-28;16;634
1;2025-12-28;17;605
1;2025-12-28;18;497
1;2025-12-28;19;455
1;2025-12-28;20;306
1;2025-12-28;21;255
1;2025-12-28;22;88
1;2025-12-28;23;15
1;2025-12-29;0;0
1;2025-12-29;1;0
1;2025-12-29;2;0
1;2025-12-29;3;0
1;2025-12-29;4;6
1;2025-12-29;5;105
1;2025-12-29;6;486
1;2025-12-29;7;1325
1;2025-12-29;8;1814
1;2025-12-29;9;1383
1;2025-12-29;10;1274
1;2025-12-29;11;1266
1;2025-12-29;12;1291
1;2025-12-29;13;1312
1;2025-12-29;14;1247
1;2025-12-29;15;1352
1;2025-12-29;16;1427
1;2025-12-29;17;1725
1;2025-12-29;18;1726
1;2025-12-29;19;1302
1;2025-12-29;20;812
1;2025-12-29;21;438
1;2025-12-29;22;183
1;2025-12-29;23;26
1;2025-12-30;0;2
1;2025-12-30;1;0
1;2025-12-30;2;0
1;2025-12-30;3;0
1;2025-12-30;4;9
1;2025-12-30;5;99
1;2025-12-30;6;486
1;2025-12-30;7;1362
1;2025-12-30;8;1845
1;2025-12-30;9;1444
1;2025-12-30;10;1334
1;2025-12-30;11;1312
1;2025-12-30;12;1343
1;2025-12-30;13;1359
1;2025-12-30;14;1269
1;2025-12-30;15;1357
1;2025-12-30;16;1434
1;2025-12-30;17;1727
1;2025-12-30;18;1750
1;2025-12-30;19;1340
1;2025-12-30;20;836
1;2025-12-30;21;448
1;2025-12-30;22;188
1;2025-12-30;23;31
1;2025-12-31;0;0
1;2025-12-31;1;0
1;2025-12-31;2;0
1;2025-12-31;3;0
1;2025-12-31;4;1
1;2025-12-31;5;11
1;2025-12-31;6;162
1;2025-12-31;7;239
1;2025-12-31;8;383
1;2025-12-31;9;551
1;2025-12-31;10;615
1;2025-12-31;11;591
1;2025-12-31;12;706
1;2025-12-31;13;731
1;2025-12-31;14;636
1;2025-12-31;15;600
1;2025-12-31;16;611
1;2025-12-31;17;602
1;2025-12-31;18;539
1;2025-12-31;19;482
1;2025-12-31;20;332
1;2025-12-31;21;272
1;2025-12-31;22;97
1;2025-12-31;23;19
5;2025-11-01;0;0
5;2025-11-01;1;0
5;2025-11-01;2;0
5;2025-11-01;3;0
5;2025-11-01;4;0
5;2025-11-01;5;0
5;2025-11-01;6;0
5;2025-11-01;7;0
5;2025-11-01;8;0
5;2025-11-01;9;0
5;2025-11-01;10;0
5;2025-11-01;11;0
5;2025-11-01;12;0
5;2025-11-01;13;0
5;2025-11-01;14;0
5;2025-11-01;15;0
5;2025-11-01;16;0
5;2025-11-01;17;0
5;2025-11-01;18;0
5;2025-11-01;19;0
5;2025-11-01;20;0
5;2025-11-01;21;0
5;2025-11-01;22;0
5;2025-11-01;23;0
5;2025-11-02;0;0
5;2025-11-02;1;0
5;2025-11-02;2;0
5;2025-11-02;3;0
5;2025-11-02;4;0
5;2025-11-02;5;0
5;2025-11-02;6;0
5;2025-11-02;7;0
5;2025-11-02;8;0
5;2025-11-02;9;0
5;2025-11-02;10;0
5;2025-11-02;11;0
5;2025-11-02;12;0
5;2025-11-02;13;0
5;2025-11-02;14;0
5;2025-11-02;15;0
5;2025-11-02;16;0
5;2025-11-02;17;0
5;2025-11-02;18;0
5;2025-11-02;19;0
5;2025-11-02;20;0
5;2025-11-02;21;0
5;2025-11-02;22;0
5;2025-11-02;23;0
5;2025-11-03;0;0
5;2025-11-03;1;0
5;2025-11-03;2;0
5;2025-11-03;3;0
5;2025-11-03;4;0
5;2025-11-03;5;0
5;2025-11-03;6;0
5;2025-11-03;7;0
5;2025-11-03;8;0
5;2025-11-03;9;0
5;2025-11-03;10;0
5;2025-11-03;11;0
5;2025-11-03;12;0
5;2025-11-03;13;0
5;2025-11-03;14;0
5;2025-11-03;15;0
5;2025-11-03;16;0
5;2025-11-03;17;0
5;2025-11-03;18;0
5;2025-11-03;19;0
5;2025-11-03;20;0
5;2025-11-03;21;0
5;2025-11-03;22;0
5;2025-11-03;23;0
5;2025-11-04;0;0
5;2025-11-04;1;0
5;2025-11-04;2;0
5;2025-11-04;3;0
5;2025-11-04;4;0
5;2025-11-04;5;0
5;2025-11-04;6;0
5;2025-11-04;7;0
5;2025-11-04;8;0
5;2025-11-04;9;0
5;2025-11-04;10;0
5;2025-11-04;11;0
5;2025-11-04;12;0
5;2025-11-04;13;0
5;2025-11-04;14;0
5;2025-11-04;15;0
5;2025-11-04;16;0
5;2025-11-04;17;0
5;2025-11-04;18;0
5;2025-11-04;19;0
5;2025-11-04;20;0
5;2025-11-04;21;0
5;2025-11-04;22;0
5;2025-11-04;23;0
5;2025-11-05;0;0
5;2025-11-05;1;0
5;2025-11-05;2;0
5;2025-11-05;3;0
5;2025-11-05;4;0
5;2025-11-05;5;0
5;2025-11-05;6;0
5;2025-11-05;7;0
5;2025-11-05;8;0
5;2025-11-05;9;0
5;2025-11-05;10;0
5;2025-11-05;11;0
5;2025-11-05;12;0
5;2025-11-05;13;0
5;2025-11-05;14;0
5;2025-11-05;15;0
5;2025-11-05;16;0
5;2025-11-05;17;0
5;2025-11-05;18;0
5;2025-11-05;19;0
5;2025-11-05;20;0
5;2025-11-05;21;0
5;2025-11-05;22;0
5;2025-11-05;23;0
5;2025-11-06;0;0
5;2025-11-06;1;0
5;2025-11-06;2;0
5;2025-11-06;3;0
5;2025-11-06;4;0
5;2025-11-06;5;0
5;2025-11-06;6;0
5;2025-11-06;7;0
5;2025-11-06;8;0
5;2025-11-06;9;0
5;2025-11-06;10;0
5;2025-11-06;11;0
5;2025-11-06;12;0
5;2025-11-06;13;0
5;2025-11-06;14;0
5;2025-11-06;15;0
5;2025-11-06;16;0
5;2025-11-06;17;0
5;2025-11-06;18;0
5;2025-11-06;19;0
5;2025-11-06;20;0
5;2025-11-06;21;0
5;2025-11-06;22;0
5;2025-11-06;23;0
5;2025-11-07;0;0
5;2025-11-07;1;0
5;2025-11-07;2;0
5;2025-11-07;3;0
5;2025-11-07;4;0
5;2025-11-07;5;0
5;2025-11-07;6;0
5;2025-11-07;7;0
5;2025-11-07;8;0
5;2025-11-07;9;0
5;2025-11-07;10;0
5;2025-11-07;11;0
5;2025-11-07;12;0
5;2025-11-07;13;0
5;2025-11-07;14;0
5;2025-11-07;15;0
5;2025-11-07;16;0
5;2025-11-07;17;0
5;2025-11-07;18;0
5;2025-11-07;19;0
5;2025-11-07;20;0
5;2025-11-07;21;0
5;2025-11-07;22;0
5;2025-11-07;23;0
5;2025-11-08;0;0
5;2025-11-08;1;0
5;2025-11-08;2;0
5;2025-11-08;3;0
5;2025-11-08;4;0
5;2025-11-08;5;0
5;2025-11-08;6;0
5;2025-11-08;7;0
5;2025-11-08;8;0
5;2025-11-08;9;0
5;2025-11-08;10;0
5;2025-11-08;11;0
5;2025-11-08;12;0
5;2025-11-08;13;0
5;2025-11-08;14;0
5;2025-11-08;15;0
5;2025-11-08;16;0
5;2025-11-08;17;0
5;2025-11-08;18;0
5;2025-11-08;19;0
5;2025-11-08;20;0
5;2025-11-08;21;0
5;2025-11-08;22;0
5;2025-11-08;23;0
5;2025-11-09;0;0
5;2025-11-09;1;0
5;2025-11-09;2;0
5;2025-11-09;3;0
5;2025-11-09;4;0
5;2025-11-09;5;0
5;2025-11-09;6;0
5;2025-11-09;7;0
5;2025-11-09;8;0
5;2025-11-09;9;0
5;2025-11-09;10;0
5;2025-11-09;11;0
5;2025-11-09;12;0
5;2025-11-09;13;0
5;2025-11-09;14;0
5;2025-11-09;15;0
5;2025-11-09;16;0
5;2025-11-09;17;0
5;2025-11-09;18;0
5;2025-11-09;19;0
5;2025-11-09;20;0
5;2025-11-09;21;0
5;2025-11-09;22;0
5;2025-11-09;23;0
5;2025-11-10;0;0
5;2025-11-10;1;0
5;2025-11-10;2;0
5;2025-11-10;3;0
5;2025-11-10;4;0
5;2025-11-10;5;0
5;2025-11-10;6;0
5;2025-11-10;7;0
5;2025-11-10;8;0
5;2025-11-10;9;0
5;2025-11-10;10;0
5;2025-11-10;11;0
5;2025-11-10;12;0
5;2025-11-10;13;0
5;2025-11-10;14;0
5;2025-11-10;15;0
5;2025-11-10;16;0
5;2025-11-10;17;0
5;2025-11-10;18;0
5;2025-11-10;19;0
5;2025-11-10;20;0
5;2025-11-10;21;0
5;2025-11-10;22;0
5;2025-11-10;23;0
5;2025-11-11;0;0
5;2025-11-11;1;0
5;2025-11-11;2;0
5;2025-11-11;3;0
5;2025-11-11;4;0
5;2025-11-11;5;0
5;2025-11-11;6;0
5;2025-11-11;7;0
5;2025-11-11;8;0
5;2025-11-11;9;0
5;2025-11-11;10;0
5;2025-11-11;11;0
5;2025-11-11;12;0
5;2025-11-11;13;0
5;2025-11-11;14;0
5;2025-11-11;15;0
5;2025-11-11;16;0
5;2025-11-11;17;0
5;2025-11-11;18;0
5;2025-11-11;19;0
5;2025-11-11;20;0
5;2025-11-11;21;0
5;2025-11-11;22;0
5;2025-11-11;23;0
5;2025-11-12;0;0
5;2025-11-12;1;0
5;2025-11-12;2;0
5;2025-11-12;3;0
5;2025-11-12;4;0
5;2025-11-12;5;0
5;2025-11-12;6;0
5;2025-11-12;7;0
5;2025-11-12;8;0
5;2025-11-12;9;0
5;2025-11-12;10;0
5;2025-11-12;11;0
5;2025-11-12;12;0
5;2025-11-12;13;0
5;2025-11-12;14;0
5;2025-11-12;15;0
5;2025-11-12;16;0
5;2025-11-12;17;0
5;2025-11-12;18;0
5;2025-11-12;19;0
5;2025-11-12;20;0
5;2025-11-12;21;0
5;2025-11-12;22;0
5;2025-11-12;23;0
5;2025-11-13;0;0
5;2025-11-13;1;0
5;2025-11-13;2;0
5;2025-11-13;3;0
5;2025-11-13;4;0
5;2025-11-13;5;0
5;2025-11-13;6;0
5;2025-11-13;7;0
5;2025-11-13;8;0
5;2025-11-13;9;0
5;2025-11-13;10;0
5;2025-11-13;11;0
5;2025-11-13;12;0
5;2025-11-13;13;0
5;2025-11-13;14;0
5;2025-11-13;15;0
5;2025-11-13;16;0
5;2025-11-13;17;0
5;2025-11-13;18;0
5;2025-11-13;19;0
5;2025-11-13;20;0
5;2025-11-13;21;0
5;2025-11-13;22;0
5;2025-11-13;23;0
5;2025-11-14;0;0
5;2025-11-14;1;0
5;2025-11-14;2;0
5;2025-11-14;3;0
5;2025-11-14;4;0
5;2025-11-14;5;0
5;2025-11-14;6;0
5;2025-11-14;7;0
5;2025-11-14;8;0
5;2025-11-14;9;0
5;2025-11-14;10;0
5;2025-11-14;11;0
5;2025-11-14;12;0
5;2025-11-14;13;0
5;2025-11-14;14;0
5;2025-11-14;15;0
5;2025-11-14;16;0
5;2025-11-14;17;0
5;2025-11-14;18;0
5;2025-11-14;19;0
5;2025-11-14;20;0
5;2025-11-14;21;0
5;2025-11-14;22;0
5;2025-11-14;23;0
5;2025-11-15;0;0
5;2025-11-15;1;0
5;2025-11-15;2;0
5;2025-11-15;3;0
5;2025-11-15;4;0
5;2025-11-15;5;0
5;2025-11-15;6;0
5;2025-11-15;7;0
5;2025-11-15;8;0
5;2025-11-15;9;0
5;2025-11-15;10;0
5;2025-11-15;11;0
5;2025-11-15;12;0
5;2025-11-15;13;0
5;2025-11-15;14;0
5;2025-11-15;15;0
5;2025-11-15;16;0
5;2025-11-15;17;0
5;2025-11-15;18;0
5;2025-11-15;19;0
5;2025-11-15;20;0
5;2025-11-15;21;0
5;2025-11-15;22;0
5;2025-11-15;23;0
5;2025-11-16;0;0
5;2025-11-16;1;0
5;2025-11-16;2;0
5;2025-11-16;3;0
5;2025-11-16;4;0
5;2025-11-16;5;0
5;2025-11-16;6;0
5;2025-11-16;7;0
5;2025-11-16;8;0
5;2025-11-16;9;0
5;2025-11-16;10;0
5;2025-11-16;11;0
5;2025-11-16;12;0
5;2025-11-16;13;0
5;2025-11-16;14;0
5;2025-11-16;15;0
5;2025-11-16;16;0
5;2025-11-16;17;0
5;2025-11-16;18;0
5;2025-11-16;19;0
5;2025-11-16;20;0
5;2025-11-16;21;0
5;2025-11-16;22;0
5;2025-11-16;23;0
5;2025-11-17;0;0
5;2025-11-17;1;0
5;2025-11-17;2;0
5;2025-11-17;3;0
5;2025-11-17;4;0
5;2025-11-17;5;0
5;2025-11-17;6;0
5;2025-11-17;7;0
5;2025-11-17;8;0
5;2025-11-17;9;0
5;2025-11-17;10;0
5;2025-11-17;11;0
5;2025-11-17;12;0
5;2025-11-17;13;0
5;2025-11-17;14;0
5;2025-11-17;15;0
5;2025-11-17;16;0
5;2025-11-17;17;0
5;2025-11-17;18;0
5;2025-11-17;19;0
5;2025-11-17;20;0
5;2025-11-17;21;0
5;2025-11-17;22;0
5;2025-11-17;23;0
5;2025-11-18;0;0
5;2025-11-18;1;0
5;2025-11-18;2;0
5;2025-11-18;3;0
5;2025-11-18;4;0
5;2025-11-18;5;0
5;2025-11-18;6;0
5;2025-11-18;7;0
5;2025-11-18;8;0
5;2025-11-18;9;0
5;2025-11-18;10;0
5;2025-11-18;11;0
5;2025-11-18;12;0
5;2025-11-18;13;0
5;2025-11-18;14;0
5;2025-11-18;15;0
5;2025-11-18;16;0
5;2025-11-18;17;0
5;2025-11-18;18;0
5;2025-11-18;19;0
5;2025-11-18;20;0
5;2025-11-18;21;0
5;2025-11-18;22;0
5;2025-11-18;23;0
5;2025-11-19;0;0
5;2025-11-19;1;0
5;2025-11-19;2;0
5;2025-11-19;3;0
5;2025-11-19;4;0
5;2025-11-19;5;0
5;2025-11-19;6;0
5;2025-11-19;7;0
5;2025-11-19;8;0
5;2025-11-19;9;0
5;2025-11-19;10;0
5;2025-11-19;11;0
5;2025-11-19;12;0
5;2025-11-19;13;0
5;2025-11-19;14;0
5;2025-11-19;15;0
5;2025-11-19;16;0
5;2025-11-19;17;0
5;2025-11-19;18;0
5;2025-11-19;19;0
5;2025-11-19;20;0
5;2025-11-19;21;0
5;2025-11-19;22;0
5;2025-11-19;23;0
5;2025-11-20;0;0
5;2025-11-20;1;0
5;2025-11-20;2;0
5;2025-11-20;3;0
5;2025-11-20;4;0
5;2025-11-20;5;0
5;2025-11-20;6;0
5;2025-11-20;7;0
5;2025-11-20;8;0
5;2025-11-20;9;0
5;2025-11-20;10;0
5;2025-11-20;11;0
5;2025-11-20;12;0
5;2025-11-20;13;0
5;2025-11-20;14;0
5;2025-11-20;15;0
5;2025-11-20;16;0
5;2025-11-20;17;0
5;2025-11-20;18;0
5;2025-11-20;19;0
5;2025-11-20;20;0
5;2025-11-20;21;0
5;2025-11-20;22;0
5;2025-11-20;23;0
5;2025-11-21;0;0
5;2025-11-21;1;0
5;2025-11-21;2;0
5;2025-11-21;3;0
5;2025-11-21;4;0
5;2025-11-21;5;0
5;2025-11-21;6;0
5;2025-11-21;7;0
5;2025-11-21;8;0
5;2025-11-21;9;0
5;2025-11-21;10;0
5;2025-11-21;11;0
5;2025-11-21;12;0
5;2025-11-21;13;0
5;2025-11-21;14;0
5;2025-11-21;15;0
5;2025-11-21;16;0
5;2025-11-21;17;0
5;2025-11-21;18;0
5;2025-11-21;19;0
5;2025-11-21;20;0
5;2025-11-21;21;0
5;2025-11-21;22;0
5;2025-11-21;23;0
5;2025-11-22;0;0
5;2025-11-22;1;0
5;2025-11-22;2;0
5;2025-11-22;3;0
5;2025-11-22;4;0
5;2025-11-22;5;0
5;2025-11-22;6;0
5;2025-11-22;7;0
5;2025-11-22;8;0
5;2025-11-22;9;0
5;2025-11-22;10;0
5;2025-11-22;11;0
5;2025-11-22;12;0
5;2025-11-22;13;0
5;2025-11-22;14;0
5;2025-11-22;15;0
5;2025-11-22;16;0
5;2025-11-22;17;0
5;2025-11-22;18;0
5;2025-11-22;19;0
5;2025-11-22;20;0
5;2025-11-22;21;0
5;2025-11-22;22;0
5;2025-11-22;23;0
5;2025-11-23;0;0
5;2025-11-23;1;0
5;2025-11-23;2;0
5;2025-11-23;3;0
5;2025-11-23;4;0
5;2025-11-23;5;0
5;2025-11-23;6;0
5;2025-11-23;7;0
5;2025-11-23;8;0
5;2025-11-23;9;0
5;2025-11-23;10;0
5;2025-11-23;11;0
5;2025-11-23;12;0
5;2025-11-23;13;0
5;2025-11-23;14;0
5;2025-11-23;15;0
5;2025-11-23;16;0
5;2025-11-23;17;0
5;2025-11-23;18;0
5;2025-11-23;19;0
5;2025-11-23;20;0
5;2025-11-23;21;0
5;2025-11-23;22;0
5;2025-11-23;23;0
5;2025-11-24;0;0
5;2025-11-24;1;0
5;2025-11-24;2;0
5;2025-11-24;3;0
5;2025-11-24;4;0
5;2025-11-24;5;0
5;2025-11-24;6;0
5;2025-11-24;7;0
5;2025-11-24;8;0
5;2025-11-24;9;0
5;2025-11-24;10;0
5;2025-11-24;11;0
5;2025-11-24;12;0
5;2025-11-24;13;0
5;2025-11-24;14;0
5;2025-11-24;15;0
5;2025-11-24;16;0
5;2025-11-24;17;0
5;2025-11-24;18;0
5;2025-11-24;19;0
5;2025-11-24;20;0
5;2025-11-24;21;0
5;2025-11-24;22;0
5;2025-11-24;23;0
5;2025-11-25;0;0
5;2025-11-25;1;0
5;2025-11-25;2;0
5;2025-11-25;3;0
5;2025-11-25;4;0
5;2025-11-25;5;0
5;2025-11-25;6;0
5;2025-11-25;7;0
5;2025-11-25;8;0
5;2025-11-25;9;0
5;2025-11-25;10;0
5;2025-11-25;11;0
5;2025-11-25;12;0
5;2025-11-25;13;0
5;2025-11-25;14;0
5;2025-11-25;15;0
5;2025-11-25;16;0
5;2025-11-25;17;0
5;2025-11-25;18;0
5;2025-11-25;19;0
5;2025-11-25;20;0
5;2025-11-25;21;0
5;2025-11-25;22;0
5;2025-11-25;23;0
5;2025-11-26;0;0
5;2025-11-26;1;0
5;2025-11-26;2;0
5;2025-11-26;3;0
5;2025-11-26;4;0
5;2025-11-26;5;0
5;2025-11-26;6;0
5;2025-11-26;7;0
5;2025-11-26;8;0
5;2025-11-26;9;0
5;2025-11-26;10;0
5;2025-11-26;11;0
5;2025-11-26;12;0
5;2025-11-26;13;0
5;2025-11-26;14;0
5;2025-11-26;15;0
5;2025-11-26;16;0
5;2025-11-26;17;0
5;2025-11-26;18;0
5;2025-11-26;19;0
5;2025-11-26;20;0
5;2025-11-26;21;0
5;2025-11-26;22;0
5;2025-11-26;23;0
5;2025-11-27;0;0
5;2025-11-27;1;0
5;2025-11-27;2;0
5;2025-11-27;3;0
5;2025-11-27;4;0
5;2025-11-27;5;0
5;2025-11-27;6;0
5;2025-11-27;7;0
5;2025-11-27;8;0
5;2025-11-27;9;0
5;2025-11-27;10;0
5;2025-11-27;11;0
5;2025-11-27;12;0
5;2025-11-27;13;0
5;2025-11-27;14;0
5;2025-11-27;15;0
5;2025-11-27;16;0
5;2025-11-27;17;0
5;2025-11-27;18;0
5;2025-11-27;19;0
5;2025-11-27;20;0
5;2025-11-27;21;0
5;2025-11-27;22;0
5;2025-11-27;23;0
5;2025-11-28;0;0
5;2025-11-28;1;0
5;2025-11-28;2;0
5;2025-11-28;3;0
5;2025-11-28;4;0
5;2025-11-28;5;0
5;2025-11-28;6;0
5;2025-11-28;7;0
5;2025-11-28;8;0
5;2025-11-28;9;0
5;2025-11-28;10;0
5;2025-11-28;11;0
5;2025-11-28;12;0
5;2025-11-28;13;0
5;2025-11-28;14;0
5;2025-11-28;15;0
5;2025-11-28;16;0
5;2025-11-28;17;0
5;2025-11-28;18;0
5;2025-11-28;19;0
5;2025-11-28;20;0
5;2025-11-28;21;0
5;2025-11-28;22;0
5;2025-11-28;23;0
5;2025-11-29;0;0
5;2025-11-29;1;0
5;2025-11-29;2;0
5;2025-11-29;3;0
5;2025-11-29;4;0
5;2025-11-29;5;0
5;2025-11-29;6;0
5;2025-11-29;7;0
5;2025-11-29;8;0
5;2025-11-29;9;0
5;2025-11-29;10;0
5;2025-11-29;11;0
5;2025-11-29;12;0
5;2025-11-29;13;0
5;2025-11-29;14;0
5;2025-11-29;15;0
5;2025-11-29;16;0
5;2025-11-29;17;0
5;2025-11-29;18;0
5;2025-11-29;19;0
5;2025-11-29;20;0
5;2025-11-29;21;0
5;2025-11-29;22;0
5;2025-11-29;23;0
5;2025-11-30;0;0
5;2025-11-30;1;0
5;2025-11-30;2;0
5;2025-11-30;3;0
5;2025-11-30;4;0
5;2025-11-30;5;0
5;2025-11-30;6;0
5;2025-11-30;7;0
5;2025-11-30;8;0
5;2025-11-30;9;0
5;2025-11-30;10;0
5;2025-11-30;11;0
5;2025-11-30;12;0
5;2025-11-30;13;0
5;2025-11-30;14;0
5;2025-11-30;15;0
5;2025-11-30;16;0
5;2025-11-30;17;0
5;2025-11-30;18;0
5;2025-11-30;19;0
5;2025-11-30;20;0
5;2025-11-30;21;0
5;2025-11-30;22;0
5;2025-11-30;23;0
5;2025-12-01;0;0
5;2025-12-01;1;0
5;2025-12-01;2;0
5;2025-12-01;3;0
5;2025-12-01;4;0
5;2025-12-01;5;0
5;2025-12-01;6;0
5;2025-12-01;7;0
5;2025-12-01;8;0
5;2025-12-01;9;0
5;2025-12-01;10;0
5;2025-12-01;11;0
5;2025-12-01;12;0
5;2025-12-01;13;0
5;2025-12-01;14;0
5;2025-12-01;15;0
5;2025-12-01;16;0
5;2025-12-01;17;0
5;2025-12-01;18;0
5;2025-12-01;19;0
5;2025-12-01;20;0
5;2025-12-01;21;0
5;2025-12-01;22;0
5;2025-12-01;23;0
5;2025-12-02;0;0
5;2025-12-02;1;0
5;2025-12-02;2;0
5;2025-12-02;3;0
5;2025-12-02;4;0
5;2025-12-02;5;0
5;2025-12-02;6;0
5;2025-12-02;7;0
5;2025-12-02;8;0
5;2025-12-02;9;0
5;2025-12-02;10;0
5;2025-12-02;11;0
5;2025-12-02;12;0
5;2025-12-02;13;0
5;2025-12-02;14;0
5;2025-12-02;15;0
5;2025-12-02;16;0
5;2025-12-02;17;0
5;2025-12-02;18;0
5;2025-12-02;19;0
5;2025-12-02;20;0
5;2025-12-02;21;0
5;2025-12-02;22;0
5;2025-12-02;23;0
5;2025-12-03;0;0
5;2025-12-03;1;0
5;2025-12-03;2;0
5;2025-12-03;3;0
5;2025-12-03;4;0
5;2025-12-03;5;0
5;2025-12-03;6;0
5;2025-12-03;7;0
5;2025-12-03;8;0
5;2025-12-03;9;0
5;2025-12-03;10;0
5;2025-12-03;11;0
5;2025-12-03;12;0
5;2025-12-03;13;0
5;2025-12-03;14;0
5;2025-12-03;15;0
5;2025-12-03;16;0
5;2025-12-03;17;0
5;2025-12-03;18;0
5;2025-12-03;19;0
5;2025-12-03;20;0
5;2025-12-03;21;0
5;2025-12-03;22;0
5;2025-12-03;23;0
5;2025-12-04;0;0
5;2025-12-04;1;0
5;2025-12-04;2;0
5;2025-12-04;3;0
5;2025-12-04;4;0
5;2025-12-04;5;0
5;2025-12-04;6;0
5;2025-12-04;7;0
5;2025-12-04;8;0
5;2025-12-04;9;0
5;2025-12-04;10;0
5;2025-12-04;11;0
5;2025-12-04;12;0
5;2025-12-04;13;0
5;2025-12-04;14;0
5;2025-12-04;15;0
5;2025-12-04;16;0
5;2025-12-04;17;0
5;2025-12-04;18;0
5;2025-12-04;19;0
5;2025-12-04;20;0
5;2025-12-04;21;0
5;2025-12-04;22;0
5;2025-12-04;23;0
5;2025-12-05;0;0
5;2025-12-05;1;0
5;2025-12-05;2;0
5;2025-12-05;3;0
5;2025-12-05;4;0
5;2025-12-05;5;0
5;2025-12-05;6;0
5;2025-12-05;7;0
5;2025-12-05;8;0
5;2025-12-05;9;0
5;2025-12-05;10;0
5;2025-12-05;11;0
5;2025-12-05;12;0
5;2025-12-05;13;0
5;2025-12-05;14;0
5;2025-12-05;15;0
5;2025-12-05;16;0
5;2025-12-05;17;0
5;2025-12-05;18;0
5;2025-12-05;19;0
5;2025-12-05;20;0
5;2025-12-05;21;0
5;2025-12-05;22;0
5;2025-12-05;23;0
5;2025-12-06;0;0
5;2025-12-06;1;0
5;2025-12-06;2;0
5;2025-12-06;3;0
5;2025-12-06;4;0
5;2025-12-06;5;0
5;2025-12-06;6;0
5;2025-12-06;7;0
5;2025-12-06;8;0
5;2025-12-06;9;0
5;2025-12-06;10;0
5;2025-12-06;11;0
5;2025-12-06;12;0
5;2025-12-06;13;0
5;2025-12-06;14;0
5;2025-12-06;15;0
5;2025-12-06;16;0
5;2025-12-06;17;0
5;2025-12-06;18;0
5;2025-12-06;19;0
5;2025-12-06;20;0
5;2025-12-06;21;0
5;2025-12-06;22;0
5;2025-12-06;23;0
5;2025-12-07;0;0
5;2025-12-07;1;0
5;2025-12-07;2;0
5;2025-12-07;3;0
5;2025-12-07;4;0
5;2025-12-07;5;0
5;2025-12-07;6;0
5;2025-12-07;7;0
5;2025-12-07;8;0
5;2025-12-07;9;0
5;2025-12-07;10;0
5;2025-12-07;11;0
5;2025-12-07;12;0
5;2025-12-07;13;0
5;2025-12-07;14;0
5;2025-12-07;15;0
5;2025-12-07;16;0
5;2025-12-07;17;0
5;2025-12-07;18;0
5;2025-12-07;19;0
5;2025-12-07;20;0
5;2025-12-07;21;0
5;2025-12-07;22;0
5;2025-12-07;23;0
5;2025-12-08;0;0
5;2025-12-08;1;0
5;2025-12-08;2;0
5;2025-12-08;3;0
5;2025-12-08;4;0
5;2025-12-08;5;0
5;2025-12-08;6;0
5;2025-12-08;7;0
5;2025-12-08;8;0
5;2025-12-08;9;0
5;2025-12-08;10;0
5;2025-12-08;11;0
5;2025-12-08;12;0
5;2025-12-08;13;0
5;2025-12-08;14;0
5;2025-12-08;15;0
5;2025-12-08;16;0
5;2025-12-08;17;0
5;2025-12-08;18;0
5;2025-12-08;19;0
5;2025-12-08;20;0
5;2025-12-08;21;0
5;2025-12-08;22;0
5;2025-12-08;23;0
5;2025-12-09;0;0
5;2025-12-09;1;0
5;2025-12-09;2;0
5;2025-12-09;3;0
5;2025-12-09;4;0
5;2025-12-09;5;0
5;2025-12-09;6;0
5;2025-12-09;7;0
5;2025-12-09;8;0
5;2025-12-09;9;0
5;2025-12-09;10;0
5;2025-12-09;11;0
5;2025-12-09;12;0
5;2025-12-09;13;0
5;2025-12-09;14;0
5;2025-12-09;15;0
5;2025-12-09;16;0
5;2025-12-09;17;0
5;2025-12-09;18;0
5;2025-12-09;19;0
5;2025-12-09;20;0
5;2025-12-09;21;0
5;2025-12-09;22;0
5;2025-12-09;23;0
5;2025-12-10;0;0
5;2025-12-10;1;0
5;2025-12-10;2;0
5;2025-12-10;3;0
5;2025-12-10;4;0
5;2025-12-10;5;0
5;2025-12-10;6;0
5;2025-12-10;7;0
5;2025-12-10;8;0
5;2025-12-10;9;0
5;2025-12-10;10;0
5;2025-12-10;11;0
5;2025-12-10;12;0
5;2025-12-10;13;0
5;2025-12-10;14;0
5;2025-12-10;15;0
5;2025-12-10;16;0
5;2025-12-10;17;0
5;2025-12-10;18;0
5;2025-12-10;19;0
5;2025-12-10;20;0
5;2025-12-10;21;0
5;2025-12-10;22;0
5;2025-12-10;23;0
5;2025-12-11;0;0
5;2025-12-11;1;0
5;2025-12-11;2;0
5;2025-12-11;3;0
5;2025-12-11;4;0
5;2025-12-11;5;0
5;2025-12-11;6;0
5;2025-12-11;7;0
5;2025-12-11;8;0
5;2025-12-11;9;0
5;2025-12-11;10;0
5;2025-12-11;11;0
5;2025-12-11;12;0
5;2025-12-11;13;0
5;2025-12-11;14;0
5;2025-12-11;15;0
5;2025-12-11;16;0
5;2025-12-11;17;0
5;2025-12-11;18;0
5;2025-12-11;19;0
5;2025-12-11;20;0
5;2025-12-11;21;0
5;2025-12-11;22;0
5;2025-12-11;23;0
5;2025-12-12;0;0
5;2025-12-12;1;0
5;2025-12-12;2;0
5;2025-12-12;3;0
5;2025-12-12;4;0
5;2025-12-12;5;0
5;2025-12-12;6;0
5;2025-12-12;7;0
5;2025-12-12;8;0
5;2025-12-12;9;0
5;2025-12-12;10;0
5;2025-12-12;11;0
5;2025-12-12;12;0
5;2025-12-12;13;0
5;2025-12-12;14;0
5;2025-12-12;15;0
5;2025-12-12;16;0
5;2025-12-12;17;0
5;2025-12-12;18;0
5;2025-12-12;19;0
5;2025-12-12;20;0
5;2025-12-12;21;0
5;2025-12-12;22;0
5;2025-12-12;23;0
5;2025-12-13;0;0
5;2025-12-13;1;0
5;2025-12-13;2;0
5;2025-12-13;3;0
5;2025-12-13;4;0
5;2025-12-13;5;0
5;2025-12-13;6;0
5;2025-12-13;7;0
5;2025-12-13;8;0
5;2025-12-13;9;0
5;2025-12-13;10;0
5;2025-12-13;11;0
5;2025-12-13;12;0
5;2025-12-13;13;0
5;2025-12-13;14;0
5;2025-12-13;15;0
5;2025-12-13;16;0
5;2025-12-13;17;0
5;2025-12-13;18;0
5;2025-12-13;19;0
5;2025-12-13;20;0
5;2025-12-13;21;0
5;2025-12-13;22;0
5;2025-12-13;23;0
5;2025-12-14;0;0
5;2025-12-14;1;0
5;2025-12-14;2;0
5;2025-12-14;3;0
5;2025-12-14;4;0
5;2025-12-14;5;0
5;2025-12-14;6;0
5;2025-12-14;7;0
5;2025-12-14;8;0
5;2025-12-14;9;0
5;2025-12-14;10;0
5;2025-12-14;11;0
5;2025-12-14;12;0
5;2025-12-14;13;0
5;2025-12-14;14;0
5;2025-12-14;15;0
5;2025-12-14;16;0
5;2025-12-14;17;0
5;2025-12-14;18;0
5;2025-12-14;19;0
5;2025-12-14;20;0
5;2025-12-14;21;0
5;2025-12-14;22;0
5;2025-12-14;23;0
5;2025-12-15;0;0
5;2025-12-15;1;0
5;2025-12-15;2;0
5;2025-12-15;3;0
5;2025-12-15;4;0
5;2025-12-15;5;0
5;2025-12-15;6;0
5;2025-12-15;7;0
5;2025-12-15;8;0
5;2025-12-15;9;0
5;2025-12-15;10;0
5;2025-12-15;11;0
5;2025-12-15;12;0
5;2025-12-15;13;0
5;2025-12-15;14;0
5;2025-12-15;15;0
5;2025-12-15;16;0
5;2025-12-15;17;0
5;2025-12-15;18;0
5;2025-12-15;19;0
5;2025-12-15;20;0
5;2025-12-15;21;0
5;2025-12-15;22;0
5;2025-12-15;23;0
5;2025-12-16;0;0
5;2025-12-16;1;0
5;2025-12-16;2;0
5;2025-12-16;3;0
5;2025-12-16;4;0
5;2025-12-16;5;0
5;2025-12-16;6;0
5;2025-12-16;7;0
5;2025-12-16;8;0
5;2025-12-16;9;0
5;2025-12-16;10;0
5;2025-12-16;11;0
5;2025-12-16;12;0
5;2025-12-16;13;0
5;2025-12-16;14;0
5;2025-12-16;15;0
5;2025-12-16;16;0
5;2025-12-16;17;0
5;2025-12-16;18;0
5;2025-12-16;19;0
5;2025-12-16;20;0
5;2025-12-16;21;0
5;2025-12-16;22;0
5;2025-12-16;23;0
5;2025-12-17;0;0
5;2025-12-17;1;0
5;2025-12-17;2;0
5;2025-12-17;3;0
5;2025-12-17;4;0
5;2025-12-17;5;0
5;2025-12-17;6;0
5;2025-12-17;7;0
5;2025-12-17;8;0
5;2025-12-17;9;0
5;2025-12-17;10;0
5;2025-12-17;11;0
5;2025-12-17;12;0
5;2025-12-17;13;0
5;2025-12-17;14;0
5;2025-12-17;15;0
5;2025-12-17;16;0
5;2025-12-17;17;0
5;2025-12-17;18;0
5;2025-12-17;19;0
5;2025-12-17;20;0
5;2025-12-17;21;0
5;2025-12-17;22;0
5;2025-12-17;23;0
5;2025-12-18;0;0
5;2025-12-18;1;0
5;2025-12-18;2;0
5;2025-12-18;3;0
5;2025-12-18;4;0
5;2025-12-18;5;0
5;2025-12-18;6;0
5;2025-12-18;7;0
5;2025-12-18;8;0
5;2025-12-18;9;0
5;2025-12-18;10;0
5;2025-12-18;11;0
5;2025-12-18;12;0
5;2025-12-18;13;0
5;2025-12-18;14;0
5;2025-12-18;15;0
5;2025-12-18;16;0
5;2025-12-18;17;0
5;2025-12-18;18;0
5;2025-12-18;19;0
5;2025-12-18;20;0
5;2025-12-18;21;0
5;2025-12-18;22;0
5;2025-12-18;23;0
5;2025-12-19;0;0
5;2025-12-19;1;0
5;2025-12-19;2;0
5;2025-12-19;3;0
5;2025-12-19;4;0
5;2025-12-19;5;0
5;2025-12-19;6;0
5;2025-12-19;7;0
5;2025-12-19;8;0
5;2025-12-19;9;0
5;2025-12-19;10;0
5;2025-12-19;11;0
5;2025-12-19;12;0
5;2025-12-19;13;0
5;2025-12-19;14;0
5;2025-12-19;15;0
5;2025-12-19;16;0
5;2025-12-19;17;0
5;2025-12-19;18;0
5;2025-12-19;19;0
5;2025-12-19;20;0
5;2025-12-19;21;0
5;2025-12-19;22;0
5;2025-12-19;23;0
5;2025-12-20;0;0
5;2025-12-20;1;0
5;2025-12-20;2;0
5;2025-12-20;3;0
5;2025-12-20;4;0
5;2025-12-20;5;0
5;2025-12-20;6;0
5;2025-12-20;7;0
5;2025-12-20;8;0
5;2025-12-20;9;0
5;2025-12-20;10;0
5;2025-12-20;11;0
5;2025-12-20;12;0
5;2025-12-20;13;0
5;2025-12-20;14;0
5;2025-12-20;15;0
5;2025-12-20;16;0
5;2025-12-20;17;0
5;2025-12-20;18;0
5;2025-12-20;19;0
5;2025-12-20;20;0
5;2025-12-20;21;0
5;2025-12-20;22;0
5;2025-12-20;23;0
5;2025-12-21;0;0
5;2025-12-21;1;0
5;2025-12-21;2;0
5;2025-12-21;3;0
5;2025-12-21;4;0
5;2025-12-21;5;0
5;2025-12-21;6;0
5;2025-12-21;7;0
5;2025-12-21;8;0
5;2025-12-21;9;0
5;2025-12-21;10;0
5;2025-12-21;11;0
5;2025-12-21;12;0
5;2025-12-21;13;0
5;2025-12-21;14;0
5;2025-12-21;15;0
5;2025-12-21;16;0
5;2025-12-21;17;0
5;2025-12-21;18;0
5;2025-12-21;19;0
5;2025-12-21;20;0
5;2025-12-21;21;0
5;2025-12-21;22;0
5;2025-12-21;23;0
5;2025-12-22;0;0
5;2025-12-22;1;0
5;2025-12-22;2;0
5;2025-12-22;3;0
5;2025-12-22;4;0
5;2025-12-22;5;0
5;2025-12-22;6;0
5;2025-12-22;7;0
5;2025-12-22;8;0
5;2025-12-22;9;0
5;2025-12-22;10;0
5;2025-12-22;11;0
5;2025-12-22;12;0
5;2025-12-22;13;0
5;2025-12-22;14;0
5;2025-12-22;15;0
5;2025-12-22;16;0
5;2025-12-22;17;0
5;2025-12-22;18;0
5;2025-12-22;19;0
5;2025-12-22;20;0
5;2025-12-22;21;0
5;2025-12-22;22;0
5;2025-12-22;23;0
5;2025-12-23;0;0
5;2025-12-23;1;0
5;2025-12-23;2;0
5;2025-12-23;3;0
5;2025-12-23;4;0
5;2025-12-23;5;0
5;2025-12-23;6;0
5;2025-12-23;7;0
5;2025-12-23;8;0
5;2025-12-23;9;0
5;2025-12-23;10;0
5;2025-12-23;11;0
5;2025-12-23;12;0
5;2025-12-23;13;0
5;2025-12-23;14;0
5;2025-12-23;15;0
5;2025-12-23;16;0
5;2025-12-23;17;0
5;2025-12-23;18;0
5;2025-12-23;19;0
5;2025-12-23;20;0
5;2025-12-23;21;0
5;2025-12-23;22;0
5;2025-12-23;23;0
5;2025-12-24;0;0
5;2025-12-24;1;0
5;2025-12-24;2;0
5;2025-12-24;3;0
5;2025-12-24;4;0
5;2025-12-24;5;0
5;2025-12-24;6;0
5;2025-12-24;7;0
5;2025-12-24;8;0
5;2025-12-24;9;0
5;2025-12-24;10;0
5;2025-12-24;11;0
5;2025-12-24;12;0
5;2025-12-24;13;0
5;2025-12-24;14;0
5;2025-12-24;15;0
5;2025-12-24;16;0
5;2025-12-24;17;0
5;2025-12-24;18;0
5;2025-12-24;19;0
5;2025-12-24;20;0
5;2025-12-24;21;0
5;2025-12-24;22;0
5;2025-12-24;23;0
5;2025-12-25;0;0
5;2025-12-25;1;0
5;2025-12-25;2;0
5;2025-12-25;3;0
5;2025-12-25;4;0
5;2025-12-25;5;0
5;2025-12-25;6;0
5;2025-12-25;7;0
5;2025-12-25;8;0
5;2025-12-25;9;0
5;2025-12-25;10;0
5;2025-12-25;11;0
5;2025-12-25;12;0
5;2025-12-25;13;0
5;2025-12-25;14;0
5;2025-12-25;15;0
5;2025-12-25;16;0
5;2025-12-25;17;0
5;2025-12-25;18;0
5;2025-12-25;19;0
5;2025-12-25;20;0
5;2025-12-25;21;0
5;2025-12-25;22;0
5;2025-12-25;23;0
5;2025-12-26;0;0
5;2025-12-26;1;0
5;2025-12-26;2;0
5;2025-12-26;3;0
5;2025-12-26;4;0
5;2025-12-26;5;0
5;2025-12-26;6;0
5;2025-12-26;7;0
5;2025-12-26;8;0
5;2025-12-26;9;0
5;2025-12-26;10;0
5;2025-12-26;11;0
5;2025-12-26;12;0
5;2025-12-26;13;0
5;2025-12-26;14;0
5;2025-12-26;15;0
5;2025-12-26;16;0
5;2025-12-26;17;0
5;2025-12-26;18;0
5;2025-12-26;19;0
5;2025-12-26;20;0
5;2025-12-26;21;0
5;2025-12-26;22;0
5;2025-12-26;23;0
5;2025-12-27;0;0
5;2025-12-27;1;0
5;2025-12-27;2;0
5;2025-12-27;3;0
5;2025-12-27;4;0
5;2025-12-27;5;0
5;2025-12-27;6;0
5;2025-12-27;7;0
5;2025-12-27;8;0
5;2025-12-27;9;0
5;2025-12-27;10;0
5;2025-12-27;11;0
5;2025-12-27;12;0
5;2025-12-27;13;0
5;2025-12-27;14;0
5;2025-12-27;15;0
5;2025-12-27;16;0
5;2025-12-27;17;0
5;2025-12-27;18;0
5;2025-12-27;19;0
5;2025-12-27;20;0
5;2025-12-27;21;0
5;2025-12-27;22;0
5;2025-12-27;23;0
5;2025-12-28;0;0
5;2025-12-28;1;0
5;2025-12-28;2;0
5;2025-12-28;3;0
5;2025-12-28;4;0
5;2025-12-28;5;0
5;2025-12-28;6;0
5;2025-12-28;7;0
5;2025-12-28;8;0
5;2025-12-28;9;0
5;2025-12-28;10;0
5;2025-12-28;11;0
5;2025-12-28;12;0
5;2025-12-28;13;0
5;2025-12-28;14;0
5;2025-12-28;15;0
5;2025-12-28;16;0
5;2025-12-28;17;0
5;2025-12-28;18;0
5;2025-12-28;19;0
5;2025-12-28;20;0
5;2025-12-28;21;0
5;2025-12-28;22;0
5;2025-12-28;23;0
5;2025-12-29;0;0
5;2025-12-29;1;0
5;2025-12-29;2;0
5;2025-12-29;3;0
5;2025-12-29;4;0
5;2025-12-29;5;0
5;2025-12-29;6;0
5;2025-12-29;7;0
5;2025-12-29;8;0
5;2025-12-29;9;0
5;2025-12-29;10;0
5;2025-12-29;11;0
5;2025-12-29;12;0
5;2025-12-29;13;0
5;2025-12-29;14;0
5;2025-12-29;15;0
5;2025-12-29;16;0
5;2025-12-29;17;0
5;2025-12-29;18;0
5;2025-12-29;19;0
5;2025-12-29;20;0
5;2025-12-29;21;0
5;2025-12-29;22;0
5;2025-12-29;23;0
5;2025-12-30;0;0
5;2025-12-30;1;0
5;2025-12-30;2;0
5;2025-12-30;3;0
5;2025-12-30;4;0
5;2025-12-30;5;0
5;2025-12-30;6;0
5;2025-12-30;7;0
5;2025-12-30;8;0
5;2025-12-30;9;0
5;2025-12-30;10;0
5;2025-12-30;11;0
5;2025-12-30;12;0
5;2025-12-30;13;0
5;2025-12-30;14;0
5;2025-12-30;15;0
5;2025-12-30;16;0
5;2025-12-30;17;0
5;2025-12-30;18;0
5;2025-12-30;19;0
5;2025-12-30;20;0
5;2025-12-30;21;0
5;2025-12-30;22;0
5;2025-12-30;23;0
5;2025-12-31;0;0
5;2025-12-31;1;0
5;2025-12-31;2;0
5;2025-12-31;3;0
5;2025-12-31;4;0
5;2025-12-31;5;0
5;2025-12-31;6;0
5;2025-12-31;7;0
5;2025-12-31;8;0
5;2025-12-31;9;0
5;2025-12-31;10;0
5;2025-12-31;11;0
5;2025-12-31;12;0
5;2025-12-31;13;0
5;2025-12-31;14;0
5;2025-12-31;15;0
5;2025-12-31;16;0
5;2025-12-31;17;0
5;2025-12-31;18;0
5;2025-12-31;19;0
5;2025-12-31;20;0
5;2025-12-31;21;0
5;2025-12-31;22;0
5;2025-12-31;23;0
7;2025-11-01;0;80
7;2025-11-01;1;16
7;2025-11-01;2;0
7;2025-11-01;3;0
7;2025-11-01;4;6
7;2025-11-01;5;183
7;2025-11-01;6;595
7;2025-11-01;7;1586
7;2025-11-01;8;2334
7;2025-11-01;9;1811
7;2025-11-01;10;1627
7;2025-11-01;11;1569
7;2025-11-01;12;1663
7;2025-11-01;13;1718
7;2025-11-01;14;1747
7;2025-11-01;15;1834
7;2025-11-01;16;1923
7;2025-11-01;17;2255
7;2025-11-01;18;2185
7;2025-11-01;19;1559
7;2025-11-01;20;1014
7;2025-11-01;21;634
7;2025-11-01;22;340
7;2025-11-01;23;218
7;2025-11-02;0;79
7;2025-11-02;1;14
7;2025-11-02;2;0
7;2025-11-02;3;0
7;2025-11-02;4;0
7;2025-11-02;5;35
7;2025-11-02;6;151
7;2025-11-02;7;198
7;2025-11-02;8;422
7;2025-11-02;9;503
7;2025-11-02;10;536
7;2025-11-02;11;654
7;2025-11-02;12;725
7;2025-11-02;13;734
7;2025-11-02;14;752
7;2025-11-02;15;731
7;2025-11-02;16;695
7;2025-11-02;17;741
7;2025-11-02;18;697
7;2025-11-02;19;575
7;2025-11-02;20;471
7;2025-11-02;21;386
7;2025-11-02;22;203
7;2025-11-02;23;127
7;2025-11-03;0;78
7;2025-11-03;1;11
7;2025-11-03;2;0
7;2025-11-03;3;0
7;2025-11-03;4;0
7;2025-11-03;5;73
7;2025-11-03;6;258
7;2025-11-03;7;333
7;2025-11-03;8;610
7;2025-11-03;9;564
7;2025-11-03;10;598
7;2025-11-03;11;700
7;2025-11-03;12;786
7;2025-11-03;13;780
7;2025-11-03;14;787
7;2025-11-03;15;772
7;2025-11-03;16;739
7;2025-11-03;17;800
7;2025-11-03;18;878
7;2025-11-03;19;686
7;2025-11-03;20;526
7;2025-11-03;21;417
7;2025-11-03;22;245
7;2025-11-03;23;138
7;2025-11-04;0;70
7;2025-11-04;1;15
7;2025-11-04;2;0
7;2025-11-04;3;0
7;2025-11-04;4;0
7;2025-11-04;5;67
7;2025-11-04;6;286
7;2025-11-04;7;342
7;2025-11-04;8;599
7;2025-11-04;9;586
7;2025-11-04;10;633
7;2025-11-04;11;722
7;2025-11-04;12;814
7;2025-11-04;13;792
7;2025-11-04;14;799
7;2025-11-04;15;787
7;2025-11-04;16;748
7;2025-11-04;17;831
7;2025-11-04;18;880
7;2025-11-04;19;724
7;2025-11-04;20;543
7;2025-11-04;21;445
7;2025-11-04;22;257
7;2025-11-04;23;160
7;2025-11-05;0;58
7;2025-11-05;1;5
7;2025-11-05;2;0
7;2025-11-05;3;0
7;2025-11-05;4;1
7;2025-11-05;5;175
7;2025-11-05;6;609
7;2025-11-05;7;1560
7;2025-11-05;8;2431
7;2025-11-05;9;1800
7;2025-11-05;10;1608
7;2025-11-05;11;1495
7;2025-11-05;12;1578
7;2025-11-05;13;1585
7;2025-11-05;14;1607
7;2025-11-05;15;1719
7;2025-11-05;16;1810
7;2025-11-05;17;2296
7;2025-11-05;18;2464
7;2025-11-05;19;1685
7;2025-11-05;20;1026
7;2025-11-05;21;625
7;2025-11-05;22;294
7;2025-11-05;23;172
7;2025-11-06;0;57
7;2025-11-06;1;10
7;2025-11-06;2;0
7;2025-11-06;3;0
7;2025-11-06;4;1
7;2025-11-06;5;179
7;2025-11-06;6;599
7;2025-11-06;7;1585
7;2025-11-06;8;2440
7;2025-11-06;9;1781
7;2025-11-06;10;1560
7;2025-11-06;11;1464
7;2025-11-06;12;1564
7;2025-11-06;13;1567
7;2025-11-06;14;1614
7;2025-11-06;15;1691
7;2025-11-06;16;1796
7;2025-11-06;17;2249
7;2025-11-06;18;2476
7;2025-11-06;19;1658
7;2025-11-06;20;1057
7;2025-11-06;21;620
7;2025-11-06;22;309
7;2025-11-06;23;182
7;2025-11-07;0;61
7;2025-11-07;1;10
7;2025-11-07;2;0
7;2025-11-07;3;0
7;2025-11-07;4;1
7;2025-11-07;5;173
7;2025-11-07;6;600
7;2025-11-07;7;1521
7;2025-11-07;8;2268
7;2025-11-07;9;1731
7;2025-11-07;10;1572
7;2025-11-07;11;1463
7;2025-11-07;12;1552
7;2025-11-07;13;1609
7;2025-11-07;14;1622
7;2025-11-07;15;1740
7;2025-11-07;16;1848
7;2025-11-07;17;2219
7;2025-11-07;18;2085
7;2025-11-07;19;1499
7;2025-11-07;20;987
7;2025-11-07;21;599
7;2025-11-07;22;285
7;2025-11-07;23;197
7;2025-11-08;0;81
7;2025-11-08;1;13
7;2025-11-08;2;0
7;2025-11-08;3;0
7;2025-11-08;4;2
7;2025-11-08;5;63
7;2025-11-08;6;242
7;2025-11-08;7;337
7;2025-11-08;8;577
7;2025-11-08;9;621
7;2025-11-08;10;679
7;2025-11-08;11;796
7;2025-11-08;12;896
7;2025-11-08;13;891
7;2025-11-08;14;891
7;2025-11-08;15;867
7;2025-11-08;16;811
7;2025-11-08;17;838
7;2025-11-08;18;801
7;2025-11-08;19;722
7;2025-11-08;20;551
7;2025-11-08;21;437
7;2025-11-08;22;241
7;2025-11-08;23;168
7;2025-11-09;0;79
7;2025-11-09;1;14
7;2025-11-09;2;0
7;2025-11-09;3;0
7;2025-11-09;4;0
7;2025-11-09;5;35
7;2025-11-09;6;151
7;2025-11-09;7;198
7;2025-11-09;8;422
7;2025-11-09;9;503
7;2025-11-09;10;536
7;2025-11-09;11;654
7;2025-11-09;12;725
7;2025-11-09;13;734
7;2025-11-09;14;752
7;2025-11-09;15;731
7;2025-11-09;16;695
7;2025-11-09;17;741
7;2025-11-09;18;697
7;2025-11-09;19;575
7;2025-11-09;20;471
7;2025-11-09;21;386
7;2025-11-09;22;203
7;2025-11-09;23;127
7;2025-11-10;0;61
7;2025-11-10;1;8
7;2025-11-10;2;0
7;2025-11-10;3;0
7;2025-11-10;4;1
7;2025-11-10;5;169
7;2025-11-10;6;582
7;2025-11-10;7;1546
7;2025-11-10;8;2389
7;2025-11-10;9;1747
7;2025-11-10;10;1525
7;2025-11-10;11;1412
7;2025-11-10;12;1493
7;2025-11-10;13;1520
7;2025-11-10;14;1544
7;2025-11-10;15;1645
7;2025-11-10;16;1759
7;2025-11-10;17;2231
7;2025-11-10;18;2412
7;2025-11-10;19;1630
7;2025-11-10;20;1015
7;2025-11-10;21;574
7;2025-11-10;22;283
7;2025-11-10;23;145
7;2025-11-11;0;49
7;2025-11-11;1;11
7;2025-11-11;2;0
7;2025-11-11;3;0
7;2025-11-11;4;1
7;2025-11-11;5;176
7;2025-11-11;6;616
7;2025-11-11;7;1581
7;2025-11-11;8;2430
7;2025-11-11;9;1801
7;2025-11-11;10;1598
7;2025-11-11;11;1490
7;2025-11-11;12;1572
7;2025-11-11;13;1575
7;2025-11-11;14;1593
7;2025-11-11;15;1699
7;2025-11-11;16;1805
7;2025-11-11;17;2282
7;2025-11-11;18;2472
7;2025-11-11;19;1711
7;2025-11-11;20;1049
7;2025-11-11;21;615
7;2025-11-11;22;301
7;2025-11-11;23;171
7;2025-11-12;0;58
7;2025-11-12;1;5
7;2025-11-12;2;0
7;2025-11-12;3;0
7;2025-11-12;4;1
7;2025-11-12;5;175
7;2025-11-12;6;609
7;2025-11-12;7;1560
7;2025-11-12;8;2431
7;2025-11-12;9;1800
7;2025-11-12;10;1608
7;2025-11-12;11;1495
7;2025-11-12;12;1578
7;2025-11-12;13;1585
7;2025-11-12;14;1607
7;2025-11-12;15;1719
7;2025-11-12;16;1810
7;2025-11-12;17;2296
7;2025-11-12;18;2464
7;2025-11-12;19;1685
7;2025-11-12;20;1026
7;2025-11-12;21;625
7;2025-11-12;22;294
7;2025-11-12;23;172
7;2025-11-13;0;57
7;2025-11-13;1;10
7;2025-11-13;2;0
7;2025-11-13;3;0
7;2025-11-13;4;1
7;2025-11-13;5;179
7;2025-11-13;6;599
7;2025-11-13;7;1585
7;2025-11-13;8;2440
7;2025-11-13;9;1781
7;2025-11-13;10;1560
7;2025-11-13;11;1464
7;2025-11-13;12;1564
7;2025-11-13;13;1567
7;2025-11-13;14;1614
7;2025-11-13;15;1691
7;2025-11-13;16;1796
7;2025-11-13;17;2249
7;2025-11-13;18;2476
7;2025-11-13;19;1658
7;2025-11-13;20;1057
7;2025-11-13;21;620
7;2025-11-13;22;309
7;2025-11-13;23;182
7;2025-11-14;0;61
7;2025-11-14;1;10
7;2025-11-14;2;0
7;2025-11-14;3;0
7;2025-11-14;4;1
7;2025-11-14;5;173
7;2025-11-14;6;600
7;2025-11-14;7;1521
7;2025-11-14;8;2268
7;2025-11-14;9;1731
7;2025-11-14;10;1572
7;2025-11-14;11;1463
7;2025-11-14;12;1552
7;2025-11-14;13;1609
7;2025-11-14;14;1622
7;2025-11-14;15;1740
7;2025-11-14;16;1848
7;2025-11-14;17;2219
7;2025-11-14;18;2085
7;2025-11-14;19;1499
7;2025-11-14;20;987
7;2025-11-14;21;599
7;2025-11-14;22;285
7;2025-11-14;23;197
7;2025-11-15;0;81
7;2025-11-15;1;13
7;2025-11-15;2;0
7;2025-11-15;3;0
7;2025-11-15;4;2
7;2025-11-15;5;63
7;2025-11-15;6;242
7;2025-11-15;7;337
7;2025-11-15;8;577
7;2025-11-15;9;621
7;2025-11-15;10;679
7;2025-11-15;11;796
7;2025-11-15;12;896
7;2025-11-15;13;891
7;2025-11-15;14;891
7;2025-11-15;15;867
7;2025-11-15;16;811
7;2025-11-15;17;838
7;2025-11-15;18;801
7;2025-11-15;19;722
7;2025-11-15;20;551
7;2025-11-15;21;437
7;2025-11-15;22;241
7;2025-11-15;23;168
7;2025-11-16;0;79
7;2025-11-16;1;14
7;2025-11-16;2;0
7;2025-11-16;3;0
7;2025-11-16;4;0
7;2025-11-16;5;35
7;2025-11-16;6;151
7;2025-11-16;7;198
7;2025-11-16;8;422
7;2025-11-16;9;503
7;2025-11-16;10;536
7;2025-11-16;11;654
7;2025-11-16;12;725
7;2025-11-16;13;734
7;2025-11-16;14;752
7;2025-11-16;15;731
7;2025-11-16;16;695
7;2025-11-16;17;741
7;2025-11-16;18;697
7;2025-11-16;19;575
7;2025-11-16;20;471
7;2025-11-16;21;386
7;2025-11-16;22;203
7;2025-11-16;23;127
7;2025-11-17;0;61
7;2025-11-17;1;8
7;2025-11-17;2;0
7;2025-11-17;3;0
7;2025-11-17;4;1
7;2025-11-17;5;169
7;2025-11-17;6;582
7;2025-11-17;7;1546
7;2025-11-17;8;2389
7;2025-11-17;9;1747
7;2025-11-17;10;1525
7;2025-11-17;11;1412
7;2025-11-17;12;1493
7;2025-11-17;13;1520
7;2025-11-17;14;1544
7;2025-11-17;15;1645
7;2025-11-17;16;1759
7;2025-11-17;17;2231
7;2025-11-17;18;2412
7;2025-11-17;19;1630
7;2025-11-17;20;1015
7;2025-11-17;21;574
7;2025-11-17;22;283
7;2025-11-17;23;145
7;2025-11-18;0;49
7;2025-11-18;1;11
7;2025-11-18;2;0
7;2025-11-18;3;0
7;2025-11-18;4;1
7;2025-11-18;5;176
7;2025-11-18;6;616
7;2025-11-18;7;1581
7;2025-11-18;8;2430
7;2025-11-18;9;1801
7;2025-11-18;10;1598
7;2025-11-18;11;1490
7;2025-11-18;12;1572
7;2025-11-18;13;1575
7;2025-11-18;14;1593
7;2025-11-18;15;1699
7;2025-11-18;16;1805
7;2025-11-18;17;2282
7;2025-11-18;18;2472
7;2025-11-18;19;1711
7;2025-11-18;20;1049
7;2025-11-18;21;615
7;2025-11-18;22;301
7;2025-11-18;23;171
7;2025-11-19;0;58
7;2025-11-19;1;5
7;2025-11-19;2;0
7;2025-11-19;3;0
7;2025-11-19;4;1
7;2025-11-19;5;175
7;2025-11-19;6;609
7;2025-11-19;7;1560
7;2025-11-19;8;2431
7;2025-11-19;9;1800
7;2025-11-19;10;1608
7;2025-11-19;11;1495
7;2025-11-19;12;1578
7;2025-11-19;13;1585
7;2025-11-19;14;1607
7;2025-11-19;15;1719
7;2025-11-19;16;1810
7;2025-11-19;17;2296
7;2025-11-19;18;2464
7;2025-11-19;19;1685
7;2025-11-19;20;1026
7;2025-11-19;21;625
7;2025-11-19;22;294
7;2025-11-19;23;172
7;2025-11-20;0;57
7;2025-11-20;1;10
7;2025-11-20;2;0
7;2025-11-20;3;0
7;2025-11-20;4;1
7;2025-11-20;5;179
7;2025-11-20;6;599
7;2025-11-20;7;1585
7;2025-11-20;8;2440
7;2025-11-20;9;1781
7;2025-11-20;10;1560
7;2025-11-20;11;1464
7;2025-11-20;12;1564
7;2025-11-20;13;1567
7;2025-11-20;14;1614
7;2025-11-20;15;1691
7;2025-11-20;16;1796
7;2025-11-20;17;2249
7;2025-11-20;18;2476
7;2025-11-20;19;1658
7;2025-11-20;20;1057
7;2025-11-20;21;620
7;2025-11-20;22;309
7;2025-11-20;23;182
7;2025-11-21;0;61
7;2025-11-21;1;10
7;2025-11-21;2;0
7;2025-11-21;3;0
7;2025-11-21;4;1
7;2025-11-21;5;173
7;2025-11-21;6;600
7;2025-11-21;7;1521
7;2025-11-21;8;2268
7;2025-11-21;9;1731
7;2025-11-21;10;1572
7;2025-11-21;11;1463
7;2025-11-21;12;1552
7;2025-11-21;13;1609
7;2025-11-21;14;1622
7;2025-11-21;15;1740
7;2025-11-21;16;1848
7;2025-11-21;17;2219
7;2025-11-21;18;2085
7;2025-11-21;19;1499
7;2025-11-21;20;987
7;2025-11-21;21;599
7;2025-11-21;22;285
7;2025-11-21;23;197
7;2025-11-22;0;81
7;2025-11-22;1;13
7;2025-11-22;2;0
7;2025-11-22;3;0
7;2025-11-22;4;2
7;2025-11-22;5;63
7;2025-11-22;6;242
7;2025-11-22;7;337
7;2025-11-22;8;577
7;2025-11-22;9;621
7;2025-11-22;10;679
7;2025-11-22;11;796
7;2025-11-22;12;896
7;2025-11-22;13;891
7;2025-11-22;14;891
7;2025-11-22;15;867
7;2025-11-22;16;811
7;2025-11-22;17;838
7;2025-11-22;18;801
7;2025-11-22;19;722
7;2025-11-22;20;551
7;2025-11-22;21;437
7;2025-11-22;22;241
7;2025-11-22;23;168
7;2025-11-23;0;79
7;2025-11-23;1;14
7;2025-11-23;2;0
7;2025-11-23;3;0
7;2025-11-23;4;0
7;2025-11-23;5;35
7;2025-11-23;6;151
7;2025-11-23;7;198
7;2025-11-23;8;422
7;2025-11-23;9;503
7;2025-11-23;10;536
7;2025-11-23;11;654
7;2025-11-23;12;725
7;2025-11-23;13;734
7;2025-11-23;14;752
7;2025-11-23;15;731
7;2025-11-23;16;695
7;2025-11-23;17;741
7;2025-11-23;18;697
7;2025-11-23;19;575
7;2025-11-23;20;471
7;2025-11-23;21;386
7;2025-11-23;22;203
7;2025-11-23;23;127
7;2025-11-24;0;61
7;2025-11-24;1;8
7;2025-11-24;2;0
7;2025-11-24;3;0
7;2025-11-24;4;1
7;2025-11-24;5;169
7;2025-11-24;6;582
7;2025-11-24;7;1546
7;2025-11-24;8;2389
7;2025-11-24;9;1747
7;2025-11-24;10;1525
7;2025-11-24;11;1412
7;2025-11-24;12;1493
7;2025-11-24;13;1520
7;2025-11-24;14;1544
7;2025-11-24;15;1645
7;2025-11-24;16;1759
7;2025-11-24;17;2231
7;2025-11-24;18;2412
7;2025-11-24;19;1630
7;2025-11-24;20;1015
7;2025-11-24;21;574
7;2025-11-24;22;283
7;2025-11-24;23;145
7;2025-11-25;0;49
7;2025-11-25;1;11
7;2025-11-25;2;0
7;2025-11-25;3;0
7;2025-11-25;4;1
7;2025-11-25;5;176
7;2025-11-25;6;616
7;2025-11-25;7;1581
7;2025-11-25;8;2430
7;2025-11-25;9;1801
7;2025-11-25;10;1598
7;2025-11-25;11;1490
7;2025-11-25;12;1572
7;2025-11-25;13;1575
7;2025-11-25;14;1593
7;2025-11-25;15;1699
7;2025-11-25;16;1805
7;2025-11-25;17;2282
7;2025-11-25;18;2472
7;2025-11-25;19;1711
7;2025-11-25;20;1049
7;2025-11-25;21;615
7;2025-11-25;22;301
7;2025-11-25;23;171
7;2025-11-26;0;58
7;2025-11-26;1;5
7;2025-11-26;2;0
7;2025-11-26;3;0
7;2025-11-26;4;1
7;2025-11-26;5;175
7;2025-11-26;6;609
7;2025-11-26;7;1560
7;2025-11-26;8;2431
7;2025-11-26;9;1800
7;2025-11-26;10;1608
7;2025-11-26;11;1495
7;2025-11-26;12;1578
7;2025-11-26;13;1585
7;2025-11-26;14;1607
7;2025-11-26;15;1719
7;2025-11-26;16;1810
7;2025-11-26;17;2296
7;2025-11-26;18;2464
7;2025-11-26;19;1685
7;2025-11-26;20;1026
7;2025-11-26;21;625
7;2025-11-26;22;294
7;2025-11-26;23;172
7;2025-11-27;0;57
7;2025-11-27;1;10
7;2025-11-27;2;0
7;2025-11-27;3;0
7;2025-11-27;4;1
7;2025-11-27;5;179
7;2025-11-27;6;599
7;2025-11-27;7;1585
7;2025-11-27;8;2440
7;2025-11-27;9;1781
7;2025-11-27;10;1560
7;2025-11-27;11;1464
7;2025-11-27;12;1564
7;2025-11-27;13;1567
7;2025-11-27;14;1614
7;2025-11-27;15;1691
7;2025-11-27;16;1796
7;2025-11-27;17;2249
7;2025-11-27;18;2476
7;2025-11-27;19;1658
7;2025-11-27;20;1057
7;2025-11-27;21;620
7;2025-11-27;22;309
7;2025-11-27;23;182
7;2025-11-28;0;61
7;2025-11-28;1;10
7;2025-11-28;2;0
7;2025-11-28;3;0
7;2025-11-28;4;1
7;2025-11-28;5;173
7;2025-11-28;6;600
7;2025-11-28;7;1521
7;2025-11-28;8;2268
7;2025-11-28;9;1731
7;2025-11-28;10;1572
7;2025-11-28;11;1463
7;2025-11-28;12;1552
7;2025-11-28;13;1609
7;2025-11-28;14;1622
7;2025-11-28;15;1740
7;2025-11-28;16;1848
7;2025-11-28;17;2219
7;2025-11-28;18;2085
7;2025-11-28;19;1499
7;2025-11-28;20;987
7;2025-11-28;21;599
7;2025-11-28;22;285
7;2025-11-28;23;197
7;2025-11-29;0;81
7;2025-11-29;1;13
7;2025-11-29;2;0
7;2025-11-29;3;0
7;2025-11-29;4;2
7;2025-11-29;5;63
7;2025-11-29;6;242
7;2025-11-29;7;337
7;2025-11-29;8;577
7;2025-11-29;9;621
7;2025-11-29;10;679
7;2025-11-29;11;796
7;2025-11-29;12;896
7;2025-11-29;13;891
7;2025-11-29;14;891
7;2025-11-29;15;867
7;2025-11-29;16;811
7;2025-11-29;17;838
7;2025-11-29;18;801
7;2025-11-29;19;722
7;2025-11-29;20;551
7;2025-11-29;21;437
7;2025-11-29;22;241
7;2025-11-29;23;168
7;2025-11-30;0;79
7;2025-11-30;1;14
7;2025-11-30;2;0
7;2025-11-30;3;0
7;2025-11-30;4;0
7;2025-11-30;5;35
7;2025-11-30;6;151
7;2025-11-30;7;198
7;2025-11-30;8;422
7;2025-11-30;9;503
7;2025-11-30;10;536
7;2025-11-30;11;654
7;2025-11-30;12;725
7;2025-11-30;13;734
7;2025-11-30;14;752
7;2025-11-30;15;731
7;2025-11-30;16;695
7;2025-11-30;17;741
7;2025-11-30;18;697
7;2025-11-30;19;575
7;2025-11-30;20;471
7;2025-11-30;21;386
7;2025-11-30;22;203
7;2025-11-30;23;127
7;2025-12-01;0;61
7;2025-12-01;1;8
7;2025-12-01;2;0
7;2025-12-01;3;0
7;2025-12-01;4;1
7;2025-12-01;5;169
7;2025-12-01;6;582
7;2025-12-01;7;1546
7;2025-12-01;8;2389
7;2025-12-01;9;1747
7;2025-12-01;10;1525
7;2025-12-01;11;1412
7;2025-12-01;12;1493
7;2025-12-01;13;1520
7;2025-12-01;14;1544
7;2025-12-01;15;1645
7;2025-12-01;16;1759
7;2025-12-01;17;2231
7;2025-12-01;18;2412
7;2025-12-01;19;1630
7;2025-12-01;20;1015
7;2025-12-01;21;574
7;2025-12-01;22;283
7;2025-12-01;23;145
7;2025-12-02;0;49
7;2025-12-02;1;11
7;2025-12-02;2;0
7;2025-12-02;3;0
7;2025-12-02;4;1
7;2025-12-02;5;176
7;2025-12-02;6;616
7;2025-12-02;7;1581
7;2025-12-02;8;2430
7;2025-12-02;9;1801
7;2025-12-02;10;1598
7;2025-12-02;11;1490
7;2025-12-02;12;1572
7;2025-12-02;13;1575
7;2025-12-02;14;1593
7;2025-12-02;15;1699
7;2025-12-02;16;1805
7;2025-12-02;17;2282
7;2025-12-02;18;2472
7;2025-12-02;19;1711
7;2025-12-02;20;1049
7;2025-12-02;21;615
7;2025-12-02;22;301
7;2025-12-02;23;171
7;2025-12-03;0;58
7;2025-12-03;1;5
7;2025-12-03;2;0
7;2025-12-03;3;0
7;2025-12-03;4;1
7;2025-12-03;5;175
7;2025-12-03;6;609
7;2025-12-03;7;1560
7;2025-12-03;8;2431
7;2025-12-03;9;1800
7;2025-12-03;10;1608
7;2025-12-03;11;1495
7;2025-12-03;12;1578
7;2025-12-03;13;1585
7;2025-12-03;14;1607
7;2025-12-03;15;1719
7;2025-12-03;16;1810
7;2025-12-03;17;2296
7;2025-12-03;18;2464
7;2025-12-03;19;1685
7;2025-12-03;20;1026
7;2025-12-03;21;625
7;2025-12-03;22;294
7;2025-12-03;23;172
7;2025-12-04;0;57
7;2025-12-04;1;10
7;2025-12-04;2;0
7;2025-12-04;3;0
7;2025-12-04;4;1
7;2025-12-04;5;179
7;2025-12-04;6;599
7;2025-12-04;7;1585
7;2025-12-04;8;2440
7;2025-12-04;9;1781
7;2025-12-04;10;1560
7;2025-12-04;11;1464
7;2025-12-04;12;1564
7;2025-12-04;13;1567
7;2025-12-04;14;1614
7;2025-12-04;15;1691
7;2025-12-04;16;1796
7;2025-12-04;17;2249
7;2025-12-04;18;2476
7;2025-12-04;19;1658
7;2025-12-04;20;1057
7;2025-12-04;21;620
7;2025-12-04;22;309
7;2025-12-04;23;182
7;2025-12-05;0;61
7;2025-12-05;1;10
7;2025-12-05;2;0
7;2025-12-05;3;0
7;2025-12-05;4;1
7;2025-12-05;5;173
7;2025-12-05;6;600
7;2025-12-05;7;1521
7;2025-12-05;8;2268
7;2025-12-05;9;1731
7;2025-12-05;10;1572
7;2025-12-05;11;1463
7;2025-12-05;12;1552
7;2025-12-05;13;1609
7;2025-12-05;14;1622
7;2025-12-05;15;1740
7;2025-12-05;16;1848
7;2025-12-05;17;2219
7;2025-12-05;18;2085
7;2025-12-05;19;1499
7;2025-12-05;20;987
7;2025-12-05;21;599
7;2025-12-05;22;285
7;2025-12-05;23;197
7;2025-12-06;0;81
7;2025-12-06;1;13
7;2025-12-06;2;0
7;2025-12-06;3;0
7;2025-12-06;4;2
7;2025-12-06;5;63
7;2025-12-06;6;242
7;2025-12-06;7;337
7;2025-12-06;8;577
7;2025-12-06;9;621
7;2025-12-06;10;679
7;2025-12-06;11;796
7;2025-12-06;12;896
7;2025-12-06;13;891
7;2025-12-06;14;891
7;2025-12-06;15;867
7;2025-12-06;16;811
7;2025-12-06;17;838
7;2025-12-06;18;801
7;2025-12-06;19;722
7;2025-12-06;20;551
7;2025-12-06;21;437
7;2025-12-06;22;241
7;2025-12-06;23;168
7;2025-12-07;0;79
7;2025-12-07;1;14
7;2025-12-07;2;0
7;2025-12-07;3;0
7;2025-12-07;4;0
7;2025-12-07;5;35
7;2025-12-07;6;151
7;2025-12-07;7;198
7;2025-12-07;8;422
7;2025-12-07;9;503
7;2025-12-07;10;536
7;2025-12-07;11;654
7;2025-12-07;12;725
7;2025-12-07;13;734
7;2025-12-07;14;752
7;2025-12-07;15;731
7;2025-12-07;16;695
7;2025-12-07;17;741
7;2025-12-07;18;697
7;2025-12-07;19;575
7;2025-12-07;20;471
7;2025-12-07;21;386
7;2025-12-07;22;203
7;2025-12-07;23;127
7;2025-12-08;0;61
7;2025-12-08;1;8
7;2025-12-08;2;0
7;2025-12-08;3;0
7;2025-12-08;4;1
7;2025-12-08;5;169
7;2025-12-08;6;582
7;2025-12-08;7;1546
7;2025-12-08;8;2389
7;2025-12-08;9;1747
7;2025-12-08;10;1525
7;2025-12-08;11;1412
7;2025-12-08;12;1493
7;2025-12-08;13;1520
7;2025-12-08;14;1544
7;2025-12-08;15;1645
7;2025-12-08;16;1759
7;2025-12-08;17;2231
7;2025-12-08;18;2412
7;2025-12-08;19;1630
7;2025-12-08;20;1015
7;2025-12-08;21;574
7;2025-12-08;22;283
7;2025-12-08;23;145
7;2025-12-09;0;49
7;2025-12-09;1;11
7;2025-12-09;2;0
7;2025-12-09;3;0
7;2025-12-09;4;1
7;2025-12-09;5;176
7;2025-12-09;6;616
7;2025-12-09;7;1581
7;2025-12-09;8;2430
7;2025-12-09;9;1801
7;2025-12-09;10;1598
7;2025-12-09;11;1490
7;2025-12-09;12;1572
7;2025-12-09;13;1575
7;2025-12-09;14;1593
7;2025-12-09;15;1699
7;2025-12-09;16;1805
7;2025-12-09;17;2282
7;2025-12-09;18;2472
7;2025-12-09;19;1711
7;2025-12-09;20;1049
7;2025-12-09;21;615
7;2025-12-09;22;301
7;2025-12-09;23;171
7;2025-12-10;0;58
7;2025-12-10;1;5
7;2025-12-10;2;0
7;2025-12-10;3;0
7;2025-12-10;4;1
7;2025-12-10;5;175
7;2025-12-10;6;609
7;2025-12-10;7;1560
7;2025-12-10;8;2431
7;2025-12-10;9;1800
7;2025-12-10;10;1608
7;2025-12-10;11;1495
7;2025-12-10;12;1578
7;2025-12-10;13;1585
7;2025-12-10;14;1607
7;2025-12-10;15;1719
7;2025-12-10;16;1810
7;2025-12-10;17;2296
7;2025-12-10;18;2464
7;2025-12-10;19;1685
7;2025-12-10;20;1026
7;2025-12-10;21;625
7;2025-12-10;22;294
7;2025-12-10;23;172
7;2025-12-11;0;57
7;2025-12-11;1;10
7;2025-12-11;2;0
7;2025-12-11;3;0
7;2025-12-11;4;1
7;2025-12-11;5;179
7;2025-12-11;6;599
7;2025-12-11;7;1585
7;2025-12-11;8;2440
7;2025-12-11;9;1781
7;2025-12-11;10;1560
7;2025-12-11;11;1464
7;2025-12-11;12;1564
7;2025-12-11;13;1567
7;2025-12-11;14;1614
7;2025-12-11;15;1691
7;2025-12-11;16;1796
7;2025-12-11;17;2249
7;2025-12-11;18;2476
7;2025-12-11;19;1658
7;2025-12-11;20;1057
7;2025-12-11;21;620
7;2025-12-11;22;309
7;2025-12-11;23;182
7;2025-12-12;0;61
7;2025-12-12;1;10
7;2025-12-12;2;0
7;2025-12-12;3;0
7;2025-12-12;4;1
7;2025-12-12;5;173
7;2025-12-12;6;600
7;2025-12-12;7;1521
7;2025-12-12;8;2268
7;2025-12-12;9;1731
7;2025-12-12;10;1572
7;2025-12-12;11;1463
7;2025-12-12;12;1552
7;2025-12-12;13;1609
7;2025-12-12;14;1622
7;2025-12-12;15;1740
7;2025-12-12;16;1848
7;2025-12-12;17;2219
7;2025-12-12;18;2085
7;2025-12-12;19;1499
7;2025-12-12;20;987
7;2025-12-12;21;599
7;2025-12-12;22;285
7;2025-12-12;23;197
7;2025-12-13;0;81
7;2025-12-13;1;13
7;2025-12-13;2;0
7;2025-12-13;3;0
7;2025-12-13;4;2
7;2025-12-13;5;63
7;2025-12-13;6;242
7;2025-12-13;7;337
7;2025-12-13;8;577
7;2025-12-13;9;621
7;2025-12-13;10;679
7;2025-12-13;11;796
7;2025-12-13;12;896
7;2025-12-13;13;891
7;2025-12-13;14;891
7;2025-12-13;15;867
7;2025-12-13;16;811
7;2025-12-13;17;838
7;2025-12-13;18;801
7;2025-12-13;19;722
7;2025-12-13;20;551
7;2025-12-13;21;437
7;2025-12-13;22;241
7;2025-12-13;23;168
7;2025-12-14;0;79
7;2025-12-14;1;14
7;2025-12-14;2;0
7;2025-12-14;3;0
7;2025-12-14;4;0
7;2025-12-14;5;35
7;2025-12-14;6;151
7;2025-12-14;7;198
7;2025-12-14;8;422
7;2025-12-14;9;503
7;2025-12-14;10;536
7;2025-12-14;11;654
7;2025-12-14;12;725
7;2025-12-14;13;734
7;2025-12-14;14;752
7;2025-12-14;15;731
7;2025-12-14;16;695
7;2025-12-14;17;741
7;2025-12-14;18;697
7;2025-12-14;19;575
7;2025-12-14;20;471
7;2025-12-14;21;386
7;2025-12-14;22;203
7;2025-12-14;23;127
7;2025-12-15;0;61
7;2025-12-15;1;8
7;2025-12-15;2;0
7;2025-12-15;3;0
7;2025-12-15;4;1
7;2025-12-15;5;169
7;2025-12-15;6;582
7;2025-12-15;7;1546
7;2025-12-15;8;2389
7;2025-12-15;9;1747
7;2025-12-15;10;1525
7;2025-12-15;11;1412
7;2025-12-15;12;1493
7;2025-12-15;13;1520
7;2025-12-15;14;1544
7;2025-12-15;15;1645
7;2025-12-15;16;1759
7;2025-12-15;17;2231
7;2025-12-15;18;2412
7;2025-12-15;19;1630
7;2025-12-15;20;1015
7;2025-12-15;21;574
7;2025-12-15;22;283
7;2025-12-15;23;145
7;2025-12-16;0;49
7;2025-12-16;1;11
7;2025-12-16;2;0
7;2025-12-16;3;0
7;2025-12-16;4;1
7;2025-12-16;5;176
7;2025-12-16;6;616
7;2025-12-16;7;1581
7;2025-12-16;8;2430
7;2025-12-16;9;1801
7;2025-12-16;10;1598
7;2025-12-16;11;1490
7;2025-12-16;12;1572
7;2025-12-16;13;1575
7;2025-12-16;14;1593
7;2025-12-16;15;1699
7;2025-12-16;16;1805
7;2025-12-16;17;2282
7;2025-12-16;18;2472
7;2025-12-16;19;1711
7;2025-12-16;20;1049
7;2025-12-16;21;615
7;2025-12-16;22;301
7;2025-12-16;23;171
7;2025-12-17;0;58
7;2025-12-17;1;5
7;2025-12-17;2;0
7;2025-12-17;3;0
7;2025-12-17;4;1
7;2025-12-17;5;175
7;2025-12-17;6;609
7;2025-12-17;7;1560
7;2025-12-17;8;2431
7;2025-12-17;9;1800
7;2025-12-17;10;1608
7;2025-12-17;11;1495
7;2025-12-17;12;1578
7;2025-12-17;13;1585
7;2025-12-17;14;1607
7;2025-12-17;15;1719
7;2025-12-17;16;1810
7;2025-12-17;17;2296
7;2025-12-17;18;2464
7;2025-12-17;19;1685
7;2025-12-17;20;1026
7;2025-12-17;21;625
7;2025-12-17;22;294
7;2025-12-17;23;172
7;2025-12-18;0;57
7;2025-12-18;1;10
7;2025-12-18;2;0
7;2025-12-18;3;0
7;2025-12-18;4;1
7;2025-12-18;5;179
7;2025-12-18;6;599
7;2025-12-18;7;1585
7;2025-12-18;8;2440
7;2025-12-18;9;1781
7;2025-12-18;10;1560
7;2025-12-18;11;1464
7;2025-12-18;12;1564
7;2025-12-18;13;1567
7;2025-12-18;14;1614
7;2025-12-18;15;1691
7;2025-12-18;16;1796
7;2025-12-18;17;2249
7;2025-12-18;18;2476
7;2025-12-18;19;1658
7;2025-12-18;20;1057
7;2025-12-18;21;620
7;2025-12-18;22;309
7;2025-12-18;23;182
7;2025-12-19;0;61
7;2025-12-19;1;10
7;2025-12-19;2;0
7;2025-12-19;3;0
7;2025-12-19;4;1
7;2025-12-19;5;173
7;2025-12-19;6;600
7;2025-12-19;7;1521
7;2025-12-19;8;2268
7;2025-12-19;9;1731
7;2025-12-19;10;1572
7;2025-12-19;11;1463
7;2025-12-19;12;1552
7;2025-12-19;13;1609
7;2025-12-19;14;1622
7;2025-12-19;15;1740
7;2025-12-19;16;1848
7;2025-12-19;17;2219
7;2025-12-19;18;2085
7;2025-12-19;19;1499
7;2025-12-19;20;987
7;2025-12-19;21;599
7;2025-12-19;22;285
7;2025-12-19;23;197
7;2025-12-20;0;81
7;2025-12-20;1;13
7;2025-12-20;2;0
7;2025-12-20;3;0
7;2025-12-20;4;2
7;2025-12-20;5;63
7;2025-12-20;6;242
7;2025-12-20;7;337
7;2025-12-20;8;577
7;2025-12-20;9;621
7;2025-12-20;10;679
7;2025-12-20;11;796
7;2025-12-20;12;896
7;2025-12-20;13;891
7;2025-12-20;14;891
7;2025-12-20;15;867
7;2025-12-20;16;811
7;2025-12-20;17;838
7;2025-12-20;18;801
7;2025-12-20;19;722
7;2025-12-20;20;551
7;2025-12-20;21;437
7;2025-12-20;22;241
7;2025-12-20;23;168
7;2025-12-21;0;79
7;2025-12-21;1;14
7;2025-12-21;2;0
7;2025-12-21;3;0
7;2025-12-21;4;0
7;2025-12-21;5;35
7;2025-12-21;6;151
7;2025-12-21;7;198
7;2025-12-21;8;422
7;2025-12-21;9;503
7;2025-12-21;10;536
7;2025-12-21;11;654
7;2025-12-21;12;725
7;2025-12-21;13;734
7;2025-12-21;14;752
7;2025-12-21;15;731
7;2025-12-21;16;695
7;2025-12-21;17;741
7;2025-12-21;18;697
7;2025-12-21;19;575
7;2025-12-21;20;471
7;2025-12-21;21;386
7;2025-12-21;22;203
7;2025-12-21;23;127
7;2025-12-22;0;61
7;2025-12-22;1;8
7;2025-12-22;2;0
7;2025-12-22;3;0
7;2025-12-22;4;1
7;2025-12-22;5;169
7;2025-12-22;6;582
7;2025-12-22;7;1546
7;2025-12-22;8;2389
7;2025-12-22;9;1747
7;2025-12-22;10;1525
7;2025-12-22;11;1412
7;2025-12-22;12;1493
7;2025-12-22;13;1520
7;2025-12-22;14;1544
7;2025-12-22;15;1645
7;2025-12-22;16;1759
7;2025-12-22;17;2231
7;2025-12-22;18;2412
7;2025-12-22;19;1630
7;2025-12-22;20;1015
7;2025-12-22;21;574
7;2025-12-22;22;283
7;2025-12-22;23;145
7;2025-12-23;0;49
7;2025-12-23;1;11
7;2025-12-23;2;0
7;2025-12-23;3;0
7;2025-12-23;4;1
7;2025-12-23;5;176
7;2025-12-23;6;616
7;2025-12-23;7;1581
7;2025-12-23;8;2430
7;2025-12-23;9;1801
7;2025-12-23;10;1598
7;2025-12-23;11;1490
7;2025-12-23;12;1572
7;2025-12-23;13;1575
7;2025-12-23;14;1593
7;2025-12-23;15;1699
7;2025-12-23;16;1805
7;2025-12-23;17;2282
7;2025-12-23;18;2472
7;2025-12-23;19;1711
7;2025-12-23;20;1049
7;2025-12-23;21;615
7;2025-12-23;22;301
7;2025-12-23;23;171
7;2025-12-24;0;58
7;2025-12-24;1;5
7;2025-12-24;2;0
7;2025-12-24;3;0
7;2025-12-24;4;1
7;2025-12-24;5;175
7;2025-12-24;6;609
7;2025-12-24;7;1560
7;2025-12-24;8;2431
7;2025-12-24;9;1800
7;2025-12-24;10;1608
7;2025-12-24;11;1495
7;2025-12-24;12;1578
7;2025-12-24;13;1585
7;2025-12-24;14;1607
7;2025-12-24;15;1719
7;2025-12-24;16;1810
7;2025-12-24;17;2296
7;2025-12-24;18;2464
7;2025-12-24;19;1685
7;2025-12-24;20;1026
7;2025-12-24;21;625
7;2025-12-24;22;294
7;2025-12-24;23;172
7;2025-12-25;0;57
7;2025-12-25;1;10
7;2025-12-25;2;0
7;2025-12-25;3;0
7;2025-12-25;4;1
7;2025-12-25;5;179
7;2025-12-25;6;599
7;2025-12-25;7;1585
7;2025-12-25;8;2440
7;2025-12-25;9;1781
7;2025-12-25;10;1560
7;2025-12-25;11;1464
7;2025-12-25;12;1564
7;2025-12-25;13;1567
7;2025-12-25;14;1614
7;2025-12-25;15;1691
7;2025-12-25;16;1796
7;2025-12-25;17;2249
7;2025-12-25;18;2476
7;2025-12-25;19;1658
7;2025-12-25;20;1057
7;2025-12-25;21;620
7;2025-12-25;22;309
7;2025-12-25;23;182
7;2025-12-26;0;61
7;2025-12-26;1;10
7;2025-12-26;2;0
7;2025-12-26;3;0
7;2025-12-26;4;1
7;2025-12-26;5;173
7;2025-12-26;6;600
7;2025-12-26;7;1521
7;2025-12-26;8;2268
7;2025-12-26;9;1731
7;2025-12-26;10;1572
7;2025-12-26;11;1463
7;2025-12-26;12;1552
7;2025-12-26;13;1609
7;2025-12-26;14;1622
7;2025-12-26;15;1740
7;2025-12-26;16;1848
7;2025-12-26;17;2219
7;2025-12-26;18;2085
7;2025-12-26;19;1499
7;2025-12-26;20;987
7;2025-12-26;21;599
7;2025-12-26;22;285
7;2025-12-26;23;197
7;2025-12-27;0;81
7;2025-12-27;1;13
7;2025-12-27;2;0
7;2025-12-27;3;0
7;2025-12-27;4;2
7;2025-12-27;5;63
7;2025-12-27;6;242
7;2025-12-27;7;337
7;2025-12-27;8;577
7;2025-12-27;9;621
7;2025-12-27;10;679
7;2025-12-27;11;796
7;2025-12-27;12;896
7;2025-12-27;13;891
7;2025-12-27;14;891
7;2025-12-27;15;867
7;2025-12-27;16;811
7;2025-12-27;17;838
7;2025-12-27;18;801
7;2025-12-27;19;722
7;2025-12-27;20;551
7;2025-12-27;21;437
7;2025-12-27;22;241
7;2025-12-27;23;168
7;2025-12-28;0;79
7;2025-12-28;1;14
7;2025-12-28;2;0
7;2025-12-28;3;0
7;2025-12-28;4;0
7;2025-12-28;5;35
7;2025-12-28;6;151
7;2025-12-28;7;198
7;2025-12-28;8;422
7;2025-12-28;9;503
7;2025-12-28;10;536
7;2025-12-28;11;654
7;2025-12-28;12;725
7;2025-12-28;13;734
7;2025-12-28;14;752
7;2025-12-28;15;731
7;2025-12-28;16;695
7;2025-12-28;17;741
7;2025-12-28;18;697
7;2025-12-28;19;575
7;2025-12-28;20;471
7;2025-12-28;21;386
7;2025-12-28;22;203
7;2025-12-28;23;127
7;2025-12-29;0;61
7;2025-12-29;1;8
7;2025-12-29;2;0
7;2025-12-29;3;0
7;2025-12-29;4;1
7;2025-12-29;5;169
7;2025-12-29;6;582
7;2025-12-29;7;1546
7;2025-12-29;8;2389
7;2025-12-29;9;1747
7;2025-12-29;10;1525
7;2025-12-29;11;1412
7;2025-12-29;12;1493
7;2025-12-29;13;1520
7;2025-12-29;14;1544
7;2025-12-29;15;1645
7;2025-12-29;16;1759
7;2025-12-29;17;2231
7;2025-12-29;18;2412
7;2025-12-29;19;1630
7;2025-12-29;20;1015
7;2025-12-29;21;574
7;2025-12-29;22;283
7;2025-12-29;23;145
7;2025-12-30;0;49
7;2025-12-30;1;11
7;2025-12-30;2;0
7;2025-12-30;3;0
7;2025-12-30;4;1
7;2025-12-30;5;176
7;2025-12-30;6;616
7;2025-12-30;7;1581
7;2025-12-30;8;2430
7;2025-12-30;9;1801
7;2025-12-30;10;1598
7;2025-12-30;11;1490
7;2025-12-30;12;1572
7;2025-12-30;13;1575
7;2025-12-30;14;1593
7;2025-12-30;15;1699
7;2025-12-30;16;1805
7;2025-12-30;17;2282
7;2025-12-30;18;2472
7;2025-12-30;19;1711
7;2025-12-30;20;1049
7;2025-12-30;21;615
7;2025-12-30;22;301
7;2025-12-30;23;171
7;2025-12-31;0;75
7;2025-12-31;1;6
7;2025-12-31;2;0
7;2025-12-31;3;0
7;2025-12-31;4;1
7;2025-12-31;5;74
7;2025-12-31;6;284
7;2025-12-31;7;332
7;2025-12-31;8;634
7;2025-12-31;9;600
7;2025-12-31;10;652
7;2025-12-31;11;751
7;2025-12-31;12;836
7;2025-12-31;13;812
7;2025-12-31;14;819
7;2025-12-31;15;814
7;2025-12-31;16;763
7;2025-12-31;17;862
7;2025-12-31;18;898
7;2025-12-31;19;705
7;2025-12-31;20;528
7;2025-12-31;21;458
7;2025-12-31;22;250
7;2025-12-31;23;159
11;2025-11-01;0;102
11;2025-11-01;1;8
11;2025-11-01;2;0
11;2025-11-01;3;0
11;2025-11-01;4;0
11;2025-11-01;5;244
11;2025-11-01;6;1368
11;2025-11-01;7;2280
11;2025-11-01;8;2955
11;2025-11-01;9;2337
11;2025-11-01;10;1960
11;2025-11-01;11;1940
11;2025-11-01;12;2041
11;2025-11-01;13;2056
11;2025-11-01;14;2131
11;2025-11-01;15;2127
11;2025-11-01;16;2377
11;2025-11-01;17;2807
11;2025-11-01;18;2751
11;2025-11-01;19;2160
11;2025-11-01;20;1537
11;2025-11-01;21;932
11;2025-11-01;22;463
11;2025-11-01;23;325
11;2025-11-02;0;113
11;2025-11-02;1;8
11;2025-11-02;2;0
11;2025-11-02;3;0
11;2025-11-02;4;0
11;2025-11-02;5;139
11;2025-11-02;6;522
11;2025-11-02;7;531
11;2025-11-02;8;715
11;2025-11-02;9;913
11;2025-11-02;10;1038
11;2025-11-02;11;1420
11;2025-11-02;12;1536
11;2025-11-02;13;1516
11;2025-11-02;14;1554
11;2025-11-02;15;1532
11;2025-11-02;16;1555
11;2025-11-02;17;1613
11;2025-11-02;18;1369
11;2025-11-02;19;1204
11;2025-11-02;20;916
11;2025-11-02;21;672
11;2025-11-02;22;388
11;2025-11-02;23;241
11;2025-11-03;0;78
11;2025-11-03;1;15
11;2025-11-03;2;0
11;2025-11-03;3;0
11;2025-11-03;4;0
11;2025-11-03;5;211
11;2025-11-03;6;584
11;2025-11-03;7;648
11;2025-11-03;8;864
11;2025-11-03;9;926
11;2025-11-03;10;1069
11;2025-11-03;11;1393
11;2025-11-03;12;1468
11;2025-11-03;13;1472
11;2025-11-03;14;1476
11;2025-11-03;15;1459
11;2025-11-03;16;1514
11;2025-11-03;17;1529
11;2025-11-03;18;1553
11;2025-11-03;19;1377
11;2025-11-03;20;952
11;2025-11-03;21;691
11;2025-11-03;22;396
11;2025-11-03;23;243
11;2025-11-04;0;64
11;2025-11-04;1;1
11;2025-11-04;2;0
11;2025-11-04;3;0
11;2025-11-04;4;0
11;2025-11-04;5;202
11;2025-11-04;6;584
11;2025-11-04;7;642
11;2025-11-04;8;868
11;2025-11-04;9;920
11;2025-11-04;10;1048
11;2025-11-04;11;1356
11;2025-11-04;12;1467
11;2025-11-04;13;1465
11;2025-11-04;14;1498
11;2025-11-04;15;1444
11;2025-11-04;16;1462
11;2025-11-04;17;1530
11;2025-11-04;18;1560
11;2025-11-04;19;1423
11;2025-11-04;20;983
11;2025-11-04;21;697
11;2025-11-04;22;410
11;2025-11-04;23;251
11;2025-11-05;0;66
11;2025-11-05;1;6
11;2025-11-05;2;0
11;2025-11-05;3;0
11;2025-11-05;4;0
11;2025-11-05;5;262
11;2025-11-05;6;1326
11;2025-11-05;7;2325
11;2025-11-05;8;3118
11;2025-11-05;9;2363
11;2025-11-05;10;1919
11;2025-11-05;11;1884
11;2025-11-05;12;1926
11;2025-11-05;13;1988
11;2025-11-05;14;1990
11;2025-11-05;15;1986
11;2025-11-05;16;2225
11;2025-11-05;17;2765
11;2025-11-05;18;3031
11;2025-11-05;19;2302
11;2025-11-05;20;1556
11;2025-11-05;21;938
11;2025-11-05;22;438
11;2025-11-05;23;249
11;2025-11-06;0;75
11;2025-11-06;1;5
11;2025-11-06;2;0
11;2025-11-06;3;0
11;2025-11-06;4;0
11;2025-11-06;5;257
11;2025-11-06;6;1356
11;2025-11-06;7;2326
11;2025-11-06;8;3116
11;2025-11-06;9;2388
11;2025-11-06;10;1978
11;2025-11-06;11;1903
11;2025-11-06;12;1955
11;2025-11-06;13;1983
11;2025-11-06;14;2000
11;2025-11-06;15;2002
11;2025-11-06;16;2269
11;2025-11-06;17;2794
11;2025-11-06;18;3049
11;2025-11-06;19;2332
11;2025-11-06;20;1575
11;2025-11-06;21;961
11;2025-11-06;22;464
11;2025-11-06;23;278
11;2025-11-07;0;74
11;2025-11-07;1;4
11;2025-11-07;2;0
11;2025-11-07;3;0
11;2025-11-07;4;0
11;2025-11-07;5;242
11;2025-11-07;6;1334
11;2025-11-07;7;2272
11;2025-11-07;8;2919
11;2025-11-07;9;2287
11;2025-11-07;10;1894
11;2025-11-07;11;1864
11;2025-11-07;12;1918
11;2025-11-07;13;1957
11;2025-11-07;14;2000
11;2025-11-07;15;2056
11;2025-11-07;16;2331
11;2025-11-07;17;2771
11;2025-11-07;18;2600
11;2025-11-07;19;2085
11;2025-11-07;20;1488
11;2025-11-07;21;945
11;2025-11-07;22;449
11;2025-11-07;23;296
11;2025-11-08;0;113
11;2025-11-08;1;8
11;2025-11-08;2;0
11;2025-11-08;3;0
11;2025-11-08;4;0
11;2025-11-08;5;202
11;2025-11-08;6;777
11;2025-11-08;7;765
11;2025-11-08;8;976
11;2025-11-08;9;1114
11;2025-11-08;10;1257
11;2025-11-08;11;1557
11;2025-11-08;12;1694
11;2025-11-08;13;1651
11;2025-11-08;14;1687
11;2025-11-08;15;1635
11;2025-11-08;16;1673
11;2025-11-08;17;1672
11;2025-11-08;18;1501
11;2025-11-08;19;1488
11;2025-11-08;20;1118
11;2025-11-08;21;826
11;2025-11-08;22;461
11;2025-11-08;23;322
11;2025-11-09;0;113
11;2025-11-09;1;8
11;2025-11-09;2;0
11;2025-11-09;3;0
11;2025-11-09;4;0
11;2025-11-09;5;139
11;2025-11-09;6;522
11;2025-11-09;7;531
11;2025-11-09;8;715
11;2025-11-09;9;913
11;2025-11-09;10;1038
11;2025-11-09;11;1420
11;2025-11-09;12;1536
11;2025-11-09;13;1516
11;2025-11-09;14;1554
11;2025-11-09;15;1532
11;2025-11-09;16;1555
11;2025-11-09;17;1613
11;2025-11-09;18;1369
11;2025-11-09;19;1204
11;2025-11-09;20;916
11;2025-11-09;21;672
11;2025-11-09;22;388
11;2025-11-09;23;241
11;2025-11-10;0;71
11;2025-11-10;1;13
11;2025-11-10;2;0
11;2025-11-10;3;0
11;2025-11-10;4;0
11;2025-11-10;5;249
11;2025-11-10;6;1324
11;2025-11-10;7;2318
11;2025-11-10;8;3073
11;2025-11-10;9;2328
11;2025-11-10;10;1883
11;2025-11-10;11;1839
11;2025-11-10;12;1864
11;2025-11-10;13;1925
11;2025-11-10;14;1938
11;2025-11-10;15;1979
11;2025-11-10;16;2249
11;2025-11-10;17;2754
11;2025-11-10;18;2965
11;2025-11-10;19;2238
11;2025-11-10;20;1510
11;2025-11-10;21;908
11;2025-11-10;22;409
11;2025-11-10;23;236
11;2025-11-11;0;59
11;2025-11-11;1;0
11;2025-11-11;2;0
11;2025-11-11;3;0
11;2025-11-11;4;0
11;2025-11-11;5;245
11;2025-11-11;6;1335
11;2025-11-11;7;2322
11;2025-11-11;8;3135
11;2025-11-11;9;2361
11;2025-11-11;10;1913
11;2025-11-11;11;1853
11;2025-11-11;12;1911
11;2025-11-11;13;1958
11;2025-11-11;14;1982
11;2025-11-11;15;1970
11;2025-11-11;16;2230
11;2025-11-11;17;2762
11;2025-11-11;18;3021
11;2025-11-11;19;2312
11;2025-11-11;20;1546
11;2025-11-11;21;915
11;2025-11-11;22;424
11;2025-11-11;23;238
11;2025-11-12;0;66
11;2025-11-12;1;6
11;2025-11-12;2;0
11;2025-11-12;3;0
11;2025-11-12;4;0
11;2025-11-12;5;262
11;2025-11-12;6;1326
11;2025-11-12;7;2325
11;2025-11-12;8;3118
11;2025-11-12;9;2363
11;2025-11-12;10;1919
11;2025-11-12;11;1884
11;2025-11-12;12;1926
11;2025-11-12;13;1988
11;2025-11-12;14;1990
11;2025-11-12;15;1986
11;2025-11-12;16;2225
11;2025-11-12;17;2765
11;2025-11-12;18;3031
11;2025-11-12;19;2302
11;2025-11-12;20;1556
11;2025-11-12;21;938
11;2025-11-12;22;438
11;2025-11-12;23;249
11;2025-11-13;0;75
11;2025-11-13;1;5
11;2025-11-13;2;0
11;2025-11-13;3;0
11;2025-11-13;4;0
11;2025-11-13;5;257
11;2025-11-13;6;1356
11;2025-11-13;7;2326
11;2025-11-13;8;3116
11;2025-11-13;9;2388
11;2025-11-13;10;1978
11;2025-11-13;11;1903
11;2025-11-13;12;1955
11;2025-11-13;13;1983
11;2025-11-13;14;2000
11;2025-11-13;15;2002
11;2025-11-13;16;2269
11;2025-11-13;17;2794
11;2025-11-13;18;3049
11;2025-11-13;19;2332
11;2025-11-13;20;1575
11;2025-11-13;21;961
11;2025-11-13;22;464
11;2025-11-13;23;278
11;2025-11-14;0;74
11;2025-11-14;1;4
11;2025-11-14;2;0
11;2025-11-14;3;0
11;2025-11-14;4;0
11;2025-11-14;5;242
11;2025-11-14;6;1334
11;2025-11-14;7;2272
11;2025-11-14;8;2919
11;2025-11-14;9;2287
11;2025-11-14;10;1894
11;2025-11-14;11;1864
11;2025-11-14;12;1918
11;2025-11-14;13;1957
11;2025-11-14;14;2000
11;2025-11-14;15;2056
11;2025-11-14;16;2331
11;2025-11-14;17;2771
11;2025-11-14;18;2600
11;2025-11-14;19;2085
11;2025-11-14;20;1488
11;2025-11-14;21;945
11;2025-11-14;22;449
11;2025-11-14;23;296
11;2025-11-15;0;113
11;2025-11-15;1;8
11;2025-11-15;2;0
11;2025-11-15;3;0
11;2025-11-15;4;0
11;2025-11-15;5;202
11;2025-11-15;6;777
11;2025-11-15;7;765
11;2025-11-15;8;976
11;2025-11-15;9;1114
11;2025-11-15;10;1257
11;2025-11-15;11;1557
11;2025-11-15;12;1694
11;2025-11-15;13;1651
11;2025-11-15;14;1687
11;2025-11-15;15;1635
11;2025-11-15;16;1673
11;2025-11-15;17;1672
11;2025-11-15;18;1501
11;2025-11-15;19;1488
11;2025-11-15;20;1118
11;2025-11-15;21;826
11;2025-11-15;22;461
11;2025-11-15;23;322
11;2025-11-16;0;113
11;2025-11-16;1;8
11;2025-11-16;2;0
11;2025-11-16;3;0
11;2025-11-16;4;0
11;2025-11-16;5;139
11;2025-11-16;6;522
11;2025-11-16;7;531
11;2025-11-16;8;715
11;2025-11-16;9;913
11;2025-11-16;10;1038
11;2025-11-16;11;1420
11;2025-11-16;12;1536
11;2025-11-16;13;1516
11;2025-11-16;14;1554
11;2025-11-16;15;1532
11;2025-11-16;16;1555
11;2025-11-16;17;1613
11;2025-11-16;18;1369
11;2025-11-16;19;1204
11;2025-11-16;20;916
11;2025-11-16;21;672
11;2025-11-16;22;388
11;2025-11-16;23;241
11;2025-11-17;0;71
11;2025-11-17;1;13
11;2025-11-17;2;0
11;2025-11-17;3;0
11;2025-11-17;4;0
11;2025-11-17;5;249
11;2025-11-17;6;1324
11;2025-11-17;7;2318
11;2025-11-17;8;3073
11;2025-11-17;9;2328
11;2025-11-17;10;1883
11;2025-11-17;11;1839
11;2025-11-17;12;1864
11;2025-11-17;13;1925
11;2025-11-17;14;1938
11;2025-11-17;15;1979
11;2025-11-17;16;2249
11;2025-11-17;17;2754
11;2025-11-17;18;2965
11;2025-11-17;19;2238
11;2025-11-17;20;1510
11;2025-11-17;21;908
11;2025-11-17;22;409
11;2025-11-17;23;236
11;2025-11-18;0;59
11;2025-11-18;1;0
11;2025-11-18;2;0
11;2025-11-18;3;0
11;2025-11-18;4;0
11;2025-11-18;5;245
11;2025-11-18;6;1335
11;2025-11-18;7;2322
11;2025-11-18;8;3135
11;2025-11-18;9;2361
11;2025-11-18;10;1913
11;2025-11-18;11;1853
11;2025-11-18;12;1911
11;2025-11-18;13;1958
11;2025-11-18;14;1982
11;2025-11-18;15;1970
11;2025-11-18;16;2230
11;2025-11-18;17;2762
11;2025-11-18;18;3021
11;2025-11-18;19;2312
11;2025-11-18;20;1546
11;2025-11-18;21;915
11;2025-11-18;22;424
11;2025-11-18;23;238
11;2025-11-19;0;66
11;2025-11-19;1;6
11;2025-11-19;2;0
11;2025-11-19;3;0
11;2025-11-19;4;0
11;2025-11-19;5;262
11;2025-11-19;6;1326
11;2025-11-19;7;2325
11;2025-11-19;8;3118
11;2025-11-19;9;2363
11;2025-11-19;10;1919
11;2025-11-19;11;1884
11;2025-11-19;12;1926
11;2025-11-19;13;1988
11;2025-11-19;14;1990
11;2025-11-19;15;1986
11;2025-11-19;16;2225
11;2025-11-19;17;2765
11;2025-11-19;18;3031
11;2025-11-19;19;2302
11;2025-11-19;20;1556
11;2025-11-19;21;938
11;2025-11-19;22;438
11;2025-11-19;23;249
11;2025-11-20;0;75
11;2025-11-20;1;5
11;2025-11-20;2;0
11;2025-11-20;3;0
11;2025-11-20;4;0
11;2025-11-20;5;257
11;2025-11-20;6;1356
11;2025-11-20;7;2326
11;2025-11-20;8;3116
11;2025-11-20;9;2388
11;2025-11-20;10;1978
11;2025-11-20;11;1903
11;2025-11-20;12;1955
11;2025-11-20;13;1983
11;2025-11-20;14;2000
11;2025-11-20;15;2002
11;2025-11-20;16;2269
11;2025-11-20;17;2794
11;2025-11-20;18;3049
11;2025-11-20;19;2332
11;2025-11-20;20;1575
11;2025-11-20;21;961
11;2025-11-20;22;464
11;2025-11-20;23;278
11;2025-11-21;0;74
11;2025-11-21;1;4
11;2025-11-21;2;0
11;2025-11-21;3;0
11;2025-11-21;4;0
11;2025-11-21;5;242
11;2025-11-21;6;1334
11;2025-11-21;7;2272
11;2025-11-21;8;2919
11;2025-11-21;9;2287
11;2025-11-21;10;1894
11;2025-11-21;11;1864
11;2025-11-21;12;1918
11;2025-11-21;13;1957
11;2025-11-21;14;2000
11;2025-11-21;15;2056
11;2025-11-21;16;2331
11;2025-11-21;17;2771
11;2025-11-21;18;2600
11;2025-11-21;19;2085
11;2025-11-21;20;1488
11;2025-11-21;21;945
11;2025-11-21;22;449
11;2025-11-21;23;296
11;2025-11-22;0;113
11;2025-11-22;1;8
11;2025-11-22;2;0
11;2025-11-22;3;0
11;2025-11-22;4;0
11;2025-11-22;5;202
11;2025-11-22;6;777
11;2025-11-22;7;765
11;2025-11-22;8;976
11;2025-11-22;9;1114
11;2025-11-22;10;1257
11;2025-11-22;11;1557
11;2025-11-22;12;1694
11;2025-11-22;13;1651
11;2025-11-22;14;1687
11;2025-11-22;15;1635
11;2025-11-22;16;1673
11;2025-11-22;17;1672
11;2025-11-22;18;1501
11;2025-11-22;19;1488
11;2025-11-22;20;1118
11;2025-11-22;21;826
11;2025-11-22;22;461
11;2025-11-22;23;322
11;2025-11-23;0;113
11;2025-11-23;1;8
11;2025-11-23;2;0
11;2025-11-23;3;0
11;2025-11-23;4;0
11;2025-11-23;5;139
11;2025-11-23;6;522
11;2025-11-23;7;531
11;2025-11-23;8;715
11;2025-11-23;9;913
11;2025-11-23;10;1038
11;2025-11-23;11;1420
11;2025-11-23;12;1536
11;2025-11-23;13;1516
11;2025-11-23;14;1554
11;2025-11-23;15;1532
11;2025-11-23;16;1555
11;2025-11-23;17;1613
11;2025-11-23;18;1369
11;2025-11-23;19;1204
11;2025-11-23;20;916
11;2025-11-23;21;672
11;2025-11-23;22;388
11;2025-11-23;23;241
11;2025-11-24;0;71
11;2025-11-24;1;13
11;2025-11-24;2;0
11;2025-11-24;3;0
11;2025-11-24;4;0
11;2025-11-24;5;249
11;2025-11-24;6;1324
11;2025-11-24;7;2318
11;2025-11-24;8;3073
11;2025-11-24;9;2328
11;2025-11-24;10;1883
11;2025-11-24;11;1839
11;2025-11-24;12;1864
11;2025-11-24;13;1925
11;2025-11-24;14;1938
11;2025-11-24;15;1979
11;2025-11-24;16;2249
11;2025-11-24;17;2754
11;2025-11-24;18;2965
11;2025-11-24;19;2238
11;2025-11-24;20;1510
11;2025-11-24;21;908
11;2025-11-24;22;409
11;2025-11-24;23;236
11;2025-11-25;0;59
11;2025-11-25;1;0
11;2025-11-25;2;0
11;2025-11-25;3;0
11;2025-11-25;4;0
11;2025-11-25;5;245
11;2025-11-25;6;1335
11;2025-11-25;7;2322
11;2025-11-25;8;3135
11;2025-11-25;9;2361
11;2025-11-25;10;1913
11;2025-11-25;11;1853
11;2025-11-25;12;1911
11;2025-11-25;13;1958
11;2025-11-25;14;1982
11;2025-11-25;15;1970
11;2025-11-25;16;2230
11;2025-11-25;17;2762
11;2025-11-25;18;3021
11;2025-11-25;19;2312
11;2025-11-25;20;1546
11;2025-11-25;21;915
11;2025-11-25;22;424
11;2025-11-25;23;238
11;2025-11-26;0;66
11;2025-11-26;1;6
11;2025-11-26;2;0
11;2025-11-26;3;0
11;2025-11-26;4;0
11;2025-11-26;5;262
11;2025-11-26;6;1326
11;2025-11-26;7;2325
11;2025-11-26;8;3118
11;2025-11-26;9;2363
11;2025-11-26;10;1919
11;2025-11-26;11;1884
11;2025-11-26;12;1926
11;2025-11-26;13;1988
11;2025-11-26;14;1990
11;2025-11-26;15;1986
11;2025-11-26;16;2225
11;2025-11-26;17;2765
11;2025-11-26;18;3031
11;2025-11-26;19;2302
11;2025-11-26;20;1556
11;2025-11-26;21;938
11;2025-11-26;22;438
11;2025-11-26;23;249
11;2025-11-27;0;75
11;2025-11-27;1;5
11;2025-11-27;2;0
11;2025-11-27;3;0
11;2025-11-27;4;0
11;2025-11-27;5;257
11;2025-11-27;6;1356
11;2025-11-27;7;2326
11;2025-11-27;8;3116
11;2025-11-27;9;2388
11;2025-11-27;10;1978
11;2025-11-27;11;1903
11;2025-11-27;12;1955
11;2025-11-27;13;1983
11;2025-11-27;14;2000
11;2025-11-27;15;2002
11;2025-11-27;16;2269
11;2025-11-27;17;2794
11;2025-11-27;18;3049
11;2025-11-27;19;2332
11;2025-11-27;20;1575
11;2025-11-27;21;961
11;2025-11-27;22;464
11;2025-11-27;23;278
11;2025-11-28;0;74
11;2025-11-28;1;4
11;2025-11-28;2;0
11;2025-11-28;3;0
11;2025-11-28;4;0
11;2025-11-28;5;242
11;2025-11-28;6;1334
11;2025-11-28;7;2272
11;2025-11-28;8;2919
11;2025-11-28;9;2287
11;2025-11-28;10;1894
11;2025-11-28;11;1864
11;2025-11-28;12;1918
11;2025-11-28;13;1957
11;2025-11-28;14;2000
11;2025-11-28;15;2056
11;2025-11-28;16;2331
11;2025-11-28;17;2771
11;2025-11-28;18;2600
11;2025-11-28;19;2085
11;2025-11-28;20;1488
11;2025-11-28;21;945
11;2025-11-28;22;449
11;2025-11-28;23;296
11;2025-11-29;0;113
11;2025-11-29;1;8
11;2025-11-29;2;0
11;2025-11-29;3;0
11;2025-11-29;4;0
11;2025-11-29;5;202
11;2025-11-29;6;777
11;2025-11-29;7;765
11;2025-11-29;8;976
11;2025-11-29;9;1114
11;2025-11-29;10;1257
11;2025-11-29;11;1557
11;2025-11-29;12;1694
11;2025-11-29;13;1651
11;2025-11-29;14;1687
11;2025-11-29;15;1635
11;2025-11-29;16;1673
11;2025-11-29;17;1672
11;2025-11-29;18;1501
11;2025-11-29;19;1488
11;2025-11-29;20;1118
11;2025-11-29;21;826
11;2025-11-29;22;461
11;2025-11-29;23;322
11;2025-11-30;0;113
11;2025-11-30;1;8
11;2025-11-30;2;0
11;2025-11-30;3;0
11;2025-11-30;4;0
11;2025-11-30;5;139
11;2025-11-30;6;522
11;2025-11-30;7;531
11;2025-11-30;8;715
11;2025-11-30;9;913
11;2025-11-30;10;1038
11;2025-11-30;11;1420
11;2025-11-30;12;1536
11;2025-11-30;13;1516
11;2025-11-30;14;1554
11;2025-11-30;15;1532
11;2025-11-30;16;1555
11;2025-11-30;17;1613
11;2025-11-30;18;1369
11;2025-11-30;19;1204
11;2025-11-30;20;916
11;2025-11-30;21;672
11;2025-11-30;22;388
11;2025-11-30;23;241
11;2025-12-01;0;71
11;2025-12-01;1;13
11;2025-12-01;2;0
11;2025-12-01;3;0
11;2025-12-01;4;0
11;2025-12-01;5;249
11;2025-12-01;6;1324
11;2025-12-01;7;2318
11;2025-12-01;8;3073
11;2025-12-01;9;2328
11;2025-12-01;10;1883
11;2025-12-01;11;1839
11;2025-12-01;12;1864
11;2025-12-01;13;1925
11;2025-12-01;14;1938
11;2025-12-01;15;1979
11;2025-12-01;16;2249
11;2025-12-01;17;2754
11;2025-12-01;18;2965
11;2025-12-01;19;2238
11;2025-12-01;20;1510
11;2025-12-01;21;908
11;2025-12-01;22;409
11;2025-12-01;23;236
11;2025-12-02;0;59
11;2025-12-02;1;0
11;2025-12-02;2;0
11;2025-12-02;3;0
11;2025-12-02;4;0
11;2025-12-02;5;245
11;2025-12-02;6;1335
11;2025-12-02;7;2322
11;2025-12-02;8;3135
11;2025-12-02;9;2361
11;2025-12-02;10;1913
11;2025-12-02;11;1853
11;2025-12-02;12;1911
11;2025-12-02;13;1958
11;2025-12-02;14;1982
11;2025-12-02;15;1970
11;2025-12-02;16;2230
11;2025-12-02;17;2762
11;2025-12-02;18;3021
11;2025-12-02;19;2312
11;2025-12-02;20;1546
11;2025-12-02;21;915
11;2025-12-02;22;424
11;2025-12-02;23;238
11;2025-12-03;0;66
11;2025-12-03;1;6
11;2025-12-03;2;0
11;2025-12-03;3;0
11;2025-12-03;4;0
11;2025-12-03;5;262
11;2025-12-03;6;1326
11;2025-12-03;7;2325
11;2025-12-03;8;3118
11;2025-12-03;9;2363
11;2025-12-03;10;1919
11;2025-12-03;11;1884
11;2025-12-03;12;1926
11;2025-12-03;13;1988
11;2025-12-03;14;1990
11;2025-12-03;15;1986
11;2025-12-03;16;2225
11;2025-12-03;17;2765
11;2025-12-03;18;3031
11;2025-12-03;19;2302
11;2025-12-03;20;1556
11;2025-12-03;21;938
11;2025-12-03;22;438
11;2025-12-03;23;249
11;2025-12-04;0;75
11;2025-12-04;1;5
11;2025-12-04;2;0
11;2025-12-04;3;0
11;2025-12-04;4;0
11;2025-12-04;5;257
11;2025-12-04;6;1356
11;2025-12-04;7;2326
11;2025-12-04;8;3116
11;2025-12-04;9;2388
11;2025-12-04;10;1978
11;2025-12-04;11;1903
11;2025-12-04;12;1955
11;2025-12-04;13;1983
11;2025-12-04;14;2000
11;2025-12-04;15;2002
11;2025-12-04;16;2269
11;2025-12-04;17;2794
11;2025-12-04;18;3049
11;2025-12-04;19;2332
11;2025-12-04;20;1575
11;2025-12-04;21;961
11;2025-12-04;22;464
11;2025-12-04;23;278
11;2025-12-05;0;74
11;2025-12-05;1;4
11;2025-12-05;2;0
11;2025-12-05;3;0
11;2025-12-05;4;0
11;2025-12-05;5;242
11;2025-12-05;6;1334
11;2025-12-05;7;2272
11;2025-12-05;8;2919
11;2025-12-05;9;2287
11;2025-12-05;10;1894
11;2025-12-05;11;1864
11;2025-12-05;12;1918
11;2025-12-05;13;1957
11;2025-12-05;14;2000
11;2025-12-05;15;2056
11;2025-12-05;16;2331
11;2025-12-05;17;2771
11;2025-12-05;18;2600
11;2025-12-05;19;2085
11;2025-12-05;20;1488
11;2025-12-05;21;945
11;2025-12-05;22;449
11;2025-12-05;23;296
11;2025-12-06;0;113
11;2025-12-06;1;8
11;2025-12-06;2;0
11;2025-12-06;3;0
11;2025-12-06;4;0
11;2025-12-06;5;202
11;2025-12-06;6;777
11;2025-12-06;7;765
11;2025-12-06;8;976
11;2025-12-06;9;1114
11;2025-12-06;10;1257
11;2025-12-06;11;1557
11;2025-12-06;12;1694
11;2025-12-06;13;1651
11;2025-12-06;14;1687
11;2025-12-06;15;1635
11;2025-12-06;16;1673
11;2025-12-06;17;1672
11;2025-12-06;18;1501
11;2025-12-06;19;1488
11;2025-12-06;20;1118
11;2025-12-06;21;826
11;2025-12-06;22;461
11;2025-12-06;23;322
11;2025-12-07;0;113
11;2025-12-07;1;8
11;2025-12-07;2;0
11;2025-12-07;3;0
11;2025-12-07;4;0
11;2025-12-07;5;139
11;2025-12-07;6;522
11;2025-12-07;7;531
11;2025-12-07;8;715
11;2025-12-07;9;913
11;2025-12-07;10;1038
11;2025-12-07;11;1420
11;2025-12-07;12;1536
11;2025-12-07;13;1516
11;2025-12-07;14;1554
11;2025-12-07;15;1532
11;2025-12-07;16;1555
11;2025-12-07;17;1613
11;2025-12-07;18;1369
11;2025-12-07;19;1204
11;2025-12-07;20;916
11;2025-12-07;21;672
11;2025-12-07;22;388
11;2025-12-07;23;241
11;2025-12-08;0;71
11;2025-12-08;1;13
11;2025-12-08;2;0
11;2025-12-08;3;0
11;2025-12-08;4;0
11;2025-12-08;5;249
11;2025-12-08;6;1324
11;2025-12-08;7;2318
11;2025-12-08;8;3073
11;2025-12-08;9;2328
11;2025-12-08;10;1883
11;2025-12-08;11;1839
11;2025-12-08;12;1864
11;2025-12-08;13;1925
11;2025-12-08;14;1938
11;2025-12-08;15;1979
11;2025-12-08;16;2249
11;2025-12-08;17;2754
11;2025-12-08;18;2965
11;2025-12-08;19;2238
11;2025-12-08;20;1510
11;2025-12-08;21;908
11;2025-12-08;22;409
11;2025-12-08;23;236
11;2025-12-09;0;59
11;2025-12-09;1;0
11;2025-12-09;2;0
11;2025-12-09;3;0
11;2025-12-09;4;0
11;2025-12-09;5;245
11;2025-12-09;6;1335
11;2025-12-09;7;2322
11;2025-12-09;8;3135
11;2025-12-09;9;2361
11;2025-12-09;10;1913
11;2025-12-09;11;1853
11;2025-12-09;12;1911
11;2025-12-09;13;1958
11;2025-12-09;14;1982
11;2025-12-09;15;1970
11;2025-12-09;16;2230
11;2025-12-09;17;2762
11;2025-12-09;18;3021
11;2025-12-09;19;2312
11;2025-12-09;20;1546
11;2025-12-09;21;915
11;2025-12-09;22;424
11;2025-12-09;23;238
11;2025-12-10;0;66
11;2025-12-10;1;6
11;2025-12-10;2;0
11;2025-12-10;3;0
11;2025-12-10;4;0
11;2025-12-10;5;262
11;2025-12-10;6;1326
11;2025-12-10;7;2325
11;2025-12-10;8;3118
11;2025-12-10;9;2363
11;2025-12-10;10;1919
11;2025-12-10;11;1884
11;2025-12-10;12;1926
11;2025-12-10;13;1988
11;2025-12-10;14;1990
11;2025-12-10;15;1986
11;2025-12-10;16;2225
11;2025-12-10;17;2765
11;2025-12-10;18;3031
11;2025-12-10;19;2302
11;2025-12-10;20;1556
11;2025-12-10;21;938
11;2025-12-10;22;438
11;2025-12-10;23;249
11;2025-12-11;0;75
11;2025-12-11;1;5
11;2025-12-11;2;0
11;2025-12-11;3;0
11;2025-12-11;4;0
11;2025-12-11;5;257
11;2025-12-11;6;1356
11;2025-12-11;7;2326
11;2025-12-11;8;3116
11;2025-12-11;9;2388
11;2025-12-11;10;1978
11;2025-12-11;11;1903
11;2025-12-11;12;1955
11;2025-12-11;13;1983
11;2025-12-11;14;2000
11;2025-12-11;15;2002
11;2025-12-11;16;2269
11;2025-12-11;17;2794
11;2025-12-11;18;3049
11;2025-12-11;19;2332
11;2025-12-11;20;1575
11;2025-12-11;21;961
11;2025-12-11;22;464
11;2025-12-11;23;278
11;2025-12-12;0;74
11;2025-12-12;1;4
11;2025-12-12;2;0
11;2025-12-12;3;0
11;2025-12-12;4;0
11;2025-12-12;5;242
11;2025-12-12;6;1334
11;2025-12-12;7;2272
11;2025-12-12;8;2919
11;2025-12-12;9;2287
11;2025-12-12;10;1894
11;2025-12-12;11;1864
11;2025-12-12;12;1918
11;2025-12-12;13;1957
11;2025-12-12;14;2000
11;2025-12-12;15;2056
11;2025-12-12;16;2331
11;2025-12-12;17;2771
11;2025-12-12;18;2600
11;2025-12-12;19;2085
11;2025-12-12;20;1488
11;2025-12-12;21;945
11;2025-12-12;22;449
11;2025-12-12;23;296
11;2025-12-13;0;113
11;2025-12-13;1;8
11;2025-12-13;2;0
11;2025-12-13;3;0
11;2025-12-13;4;0
11;2025-12-13;5;202
11;2025-12-13;6;777
11;2025-12-13;7;765
11;2025-12-13;8;976
11;2025-12-13;9;1114
11;2025-12-13;10;1257
11;2025-12-13;11;1557
11;2025-12-13;12;1694
11;2025-12-13;13;1651
11;2025-12-13;14;1687
11;2025-12-13;15;1635
11;2025-12-13;16;1673
11;2025-12-13;17;1672
11;2025-12-13;18;1501
11;2025-12-13;19;1488
11;2025-12-13;20;1118
11;2025-12-13;21;826
11;2025-12-13;22;461
11;2025-12-13;23;322
11;2025-12-14;0;113
11;2025-12-14;1;8
11;2025-12-14;2;0
11;2025-12-14;3;0
11;2025-12-14;4;0
11;2025-12-14;5;139
11;2025-12-14;6;522
11;2025-12-14;7;531
11;2025-12-14;8;715
11;2025-12-14;9;913
11;2025-12-14;10;1038
11;2025-12-14;11;1420
11;2025-12-14;12;1536
11;2025-12-14;13;1516
11;2025-12-14;14;1554
11;2025-12-14;15;1532
11;2025-12-14;16;1555
11;2025-12-14;17;1613
11;2025-12-14;18;1369
11;2025-12-14;19;1204
11;2025-12-14;20;916
11;2025-12-14;21;672
11;2025-12-14;22;388
11;2025-12-14;23;241
11;2025-12-15;0;71
11;2025-12-15;1;13
11;2025-12-15;2;0
11;2025-12-15;3;0
11;2025-12-15;4;0
11;2025-12-15;5;249
11;2025-12-15;6;1324
11;2025-12-15;7;2318
11;2025-12-15;8;3073
11;2025-12-15;9;2328
11;2025-12-15;10;1883
11;2025-12-15;11;1839
11;2025-12-15;12;1864
11;2025-12-15;13;1925
11;2025-12-15;14;1938
11;2025-12-15;15;1979
11;2025-12-15;16;2249
11;2025-12-15;17;2754
11;2025-12-15;18;2965
11;2025-12-15;19;2238
11;2025-12-15;20;1510
11;2025-12-15;21;908
11;2025-12-15;22;409
11;2025-12-15;23;236
11;2025-12-16;0;59
11;2025-12-16;1;0
11;2025-12-16;2;0
11;2025-12-16;3;0
11;2025-12-16;4;0
11;2025-12-16;5;245
11;2025-12-16;6;1335
11;2025-12-16;7;2322
11;2025-12-16;8;3135
11;2025-12-16;9;2361
11;2025-12-16;10;1913
11;2025-12-16;11;1853
11;2025-12-16;12;1911
11;2025-12-16;13;1958
11;2025-12-16;14;1982
11;2025-12-16;15;1970
11;2025-12-16;16;2230
11;2025-12-16;17;2762
11;2025-12-16;18;3021
11;2025-12-16;19;2312
11;2025-12-16;20;1546
11;2025-12-16;21;915
11;2025-12-16;22;424
11;2025-12-16;23;238
11;2025-12-17;0;66
11;2025-12-17;1;6
11;2025-12-17;2;0
11;2025-12-17;3;0
11;2025-12-17;4;0
11;2025-12-17;5;262
11;2025-12-17;6;1326
11;2025-12-17;7;2325
11;2025-12-17;8;3118
11;2025-12-17;9;2363
11;2025-12-17;10;1919
11;2025-12-17;11;1884
11;2025-12-17;12;1926
11;2025-12-17;13;1988
11;2025-12-17;14;1990
11;2025-12-17;15;1986
11;2025-12-17;16;2225
11;2025-12-17;17;2765
11;2025-12-17;18;3031
11;2025-12-17;19;2302
11;2025-12-17;20;1556
11;2025-12-17;21;938
11;2025-12-17;22;438
11;2025-12-17;23;249
11;2025-12-18;0;75
11;2025-12-18;1;5
11;2025-12-18;2;0
11;2025-12-18;3;0
11;2025-12-18;4;0
11;2025-12-18;5;257
11;2025-12-18;6;1356
11;2025-12-18;7;2326
11;2025-12-18;8;3116
11;2025-12-18;9;2388
11;2025-12-18;10;1978
11;2025-12-18;11;1903
11;2025-12-18;12;1955
11;2025-12-18;13;1983
11;2025-12-18;14;2000
11;2025-12-18;15;2002
11;2025-12-18;16;2269
11;2025-12-18;17;2794
11;2025-12-18;18;3049
11;2025-12-18;19;2332
11;2025-12-18;20;1575
11;2025-12-18;21;961
11;2025-12-18;22;464
11;2025-12-18;23;278
11;2025-12-19;0;74
11;2025-12-19;1;4
11;2025-12-19;2;0
11;2025-12-19;3;0
11;2025-12-19;4;0
11;2025-12-19;5;242
11;2025-12-19;6;1334
11;2025-12-19;7;2272
11;2025-12-19;8;2919
11;2025-12-19;9;2287
11;2025-12-19;10;1894
11;2025-12-19;11;1864
11;2025-12-19;12;1918
11;2025-12-19;13;1957
11;2025-12-19;14;2000
11;2025-12-19;15;2056
11;2025-12-19;16;2331
11;2025-12-19;17;2771
11;2025-12-19;18;2600
11;2025-12-19;19;2085
11;2025-12-19;20;1488
11;2025-12-19;21;945
11;2025-12-19;22;449
11;2025-12-19;23;296
11;2025-12-20;0;113
11;2025-12-20;1;8
11;2025-12-20;2;0
11;2025-12-20;3;0
11;2025-12-20;4;0
11;2025-12-20;5;202
11;2025-12-20;6;777
11;2025-12-20;7;765
11;2025-12-20;8;976
11;2025-12-20;9;1114
11;2025-12-20;10;1257
11;2025-12-20;11;1557
11;2025-12-20;12;1694
11;2025-12-20;13;1651
11;2025-12-20;14;1687
11;2025-12-20;15;1635
11;2025-12-20;16;1673
11;2025-12-20;17;1672
11;2025-12-20;18;1501
11;2025-12-20;19;1488
11;2025-12-20;20;1118
11;2025-12-20;21;826
11;2025-12-20;22;461
11;2025-12-20;23;322
11;2025-12-21;0;113
11;2025-12-21;1;8
11;2025-12-21;2;0
11;2025-12-21;3;0
11;2025-12-21;4;0
11;2025-12-21;5;139
11;2025-12-21;6;522
11;2025-12-21;7;531
11;2025-12-21;8;715
11;2025-12-21;9;913
11;2025-12-21;10;1038
11;2025-12-21;11;1420
11;2025-12-21;12;1536
11;2025-12-21;13;1516
11;2025-12-21;14;1554
11;2025-12-21;15;1532
11;2025-12-21;16;1555
11;2025-12-21;17;1613
11;2025-12-21;18;1369
11;2025-12-21;19;1204
11;2025-12-21;20;916
11;2025-12-21;21;672
11;2025-12-21;22;388
11;2025-12-21;23;241
11;2025-12-22;0;71
11;2025-12-22;1;13
11;2025-12-22;2;0
11;2025-12-22;3;0
11;2025-12-22;4;0
11;2025-12-22;5;249
11;2025-12-22;6;1324
11;2025-12-22;7;2318
11;2025-12-22;8;3073
11;2025-12-22;9;2328
11;2025-12-22;10;1883
11;2025-12-22;11;1839
11;2025-12-22;12;1864
11;2025-12-22;13;1925
11;2025-12-22;14;1938
11;2025-12-22;15;1979
11;2025-12-22;16;2249
11;2025-12-22;17;2754
11;2025-12-22;18;2965
11;2025-12-22;19;2238
11;2025-12-22;20;1510
11;2025-12-22;21;908
11;2025-12-22;22;409
11;2025-12-22;23;236
11;2025-12-23;0;59
11;2025-12-23;1;0
11;2025-12-23;2;0
11;2025-12-23;3;0
11;2025-12-23;4;0
11;2025-12-23;5;245
11;2025-12-23;6;1335
11;2025-12-23;7;2322
11;2025-12-23;8;3135
11;2025-12-23;9;2361
11;2025-12-23;10;1913
11;2025-12-23;11;1853
11;2025-12-23;12;1911
11;2025-12-23;13;1958
11;2025-12-23;14;1982
11;2025-12-23;15;1970
11;2025-12-23;16;2230
11;2025-12-23;17;2762
11;2025-12-23;18;3021
11;2025-12-23;19;2312
11;2025-12-23;20;1546
11;2025-12-23;21;915
11;2025-12-23;22;424
11;2025-12-23;23;238
11;2025-12-24;0;66
11;2025-12-24;1;6
11;2025-12-24;2;0
11;2025-12-24;3;0
11;2025-12-24;4;0
11;2025-12-24;5;262
11;2025-12-24;6;1326
11;2025-12-24;7;2325
11;2025-12-24;8;3118
11;2025-12-24;9;2363
11;2025-12-24;10;1919
11;2025-12-24;11;1884
11;2025-12-24;12;1926
11;2025-12-24;13;1988
11;2025-12-24;14;1990
11;2025-12-24;15;1986
11;2025-12-24;16;2225
11;2025-12-24;17;2765
11;2025-12-24;18;3031
11;2025-12-24;19;2302
11;2025-12-24;20;1556
11;2025-12-24;21;938
11;2025-12-24;22;438
11;2025-12-24;23;249
11;2025-12-25;0;75
11;2025-12-25;1;5
11;2025-12-25;2;0
11;2025-12-25;3;0
11;2025-12-25;4;0
11;2025-12-25;5;257
11;2025-12-25;6;1356
11;2025-12-25;7;2326
11;2025-12-25;8;3116
11;2025-12-25;9;2388
11;2025-12-25;10;1978
11;2025-12-25;11;1903
11;2025-12-25;12;1955
11;2025-12-25;13;1983
11;2025-12-25;14;2000
11;2025-12-25;15;2002
11;2025-12-25;16;2269
11;2025-12-25;17;2794
11;2025-12-25;18;3049
11;2025-12-25;19;2332
11;2025-12-25;20;1575
11;2025-12-25;21;961
11;2025-12-25;22;464
11;2025-12-25;23;278
11;2025-12-26;0;74
11;2025-12-26;1;4
11;2025-12-26;2;0
11;2025-12-26;3;0
11;2025-12-26;4;0
11;2025-12-26;5;242
11;2025-12-26;6;1334
11;2025-12-26;7;2272
11;2025-12-26;8;2919
11;2025-12-26;9;2287
11;2025-12-26;10;1894
11;2025-12-26;11;1864
11;2025-12-26;12;1918
11;2025-12-26;13;1957
11;2025-12-26;14;2000
11;2025-12-26;15;2056
11;2025-12-26;16;2331
11;2025-12-26;17;2771
11;2025-12-26;18;2600
11;2025-12-26;19;2085
11;2025-12-26;20;1488
11;2025-12-26;21;945
11;2025-12-26;22;449
11;2025-12-26;23;296
11;2025-12-27;0;113
11;2025-12-27;1;8
11;2025-12-27;2;0
11;2025-12-27;3;0
11;2025-12-27;4;0
11;2025-12-27;5;202
11;2025-12-27;6;777
11;2025-12-27;7;765
11;2025-12-27;8;976
11;2025-12-27;9;1114
11;2025-12-27;10;1257
11;2025-12-27;11;1557
11;2025-12-27;12;1694
11;2025-12-27;13;1651
11;2025-12-27;14;1687
11;2025-12-27;15;1635
11;2025-12-27;16;1673
11;2025-12-27;17;1672
11;2025-12-27;18;1501
11;2025-12-27;19;1488
11;2025-12-27;20;1118
11;2025-12-27;21;826
11;2025-12-27;22;461
11;2025-12-27;23;322
11;2025-12-28;0;113
11;2025-12-28;1;8
11;2025-12-28;2;0
11;2025-12-28;3;0
11;2025-12-28;4;0
11;2025-12-28;5;139
11;2025-12-28;6;522
11;2025-12-28;7;531
11;2025-12-28;8;715
11;2025-12-28;9;913
11;2025-12-28;10;1038
11;2025-12-28;11;1420
11;2025-12-28;12;1536
11;2025-12-28;13;1516
11;2025-12-28;14;1554
11;2025-12-28;15;1532
11;2025-12-28;16;1555
11;2025-12-28;17;1613
11;2025-12-28;18;1369
11;2025-12-28;19;1204
11;2025-12-28;20;916
11;2025-12-28;21;672
11;2025-12-28;22;388
11;2025-12-28;23;241
11;2025-12-29;0;71
11;2025-12-29;1;13
11;2025-12-29;2;0
11;2025-12-29;3;0
11;2025-12-29;4;0
11;2025-12-29;5;249
11;2025-12-29;6;1324
11;2025-12-29;7;2318
11;2025-12-29;8;3073
11;2025-12-29;9;2328
11;2025-12-29;10;1883
11;2025-12-29;11;1839
11;2025-12-29;12;1864
11;2025-12-29;13;1925
11;2025-12-29;14;1938
11;2025-12-29;15;1979
11;2025-12-29;16;2249
11;2025-12-29;17;2754
11;2025-12-29;18;2965
11;2025-12-29;19;2238
11;2025-12-29;20;1510
11;2025-12-29;21;908
11;2025-12-29;22;409
11;2025-12-29;23;236
11;2025-12-30;0;59
11;2025-12-30;1;0
11;2025-12-30;2;0
11;2025-12-30;3;0
11;2025-12-30;4;0
11;2025-12-30;5;245
11;2025-12-30;6;1335
11;2025-12-30;7;2322
11;2025-12-30;8;3135
11;2025-12-30;9;2361
11;2025-12-30;10;1913
11;2025-12-30;11;1853
11;2025-12-30;12;1911
11;2025-12-30;13;1958
11;2025-12-30;14;1982
11;2025-12-30;15;1970
11;2025-12-30;16;2230
11;2025-12-30;17;2762
11;2025-12-30;18;3021
11;2025-12-30;19;2312
11;2025-12-30;20;1546
11;2025-12-30;21;915
11;2025-12-30;22;424
11;2025-12-30;23;238
11;2025-12-31;0;73
11;2025-12-31;1;8
11;2025-12-31;2;0
11;2025-12-31;3;0
11;2025-12-31;4;0
11;2025-12-31;5;219
11;2025-12-31;6;586
11;2025-12-31;7;653
11;2025-12-31;8;898
11;2025-12-31;9;972
11;2025-12-31;10;1099
11;2025-12-31;11;1412
11;2025-12-31;12;1492
11;2025-12-31;13;1496
11;2025-12-31;14;1505
11;2025-12-31;15;1454
11;2025-12-31;16;1463
11;2025-12-31;17;1525
11;2025-12-31;18;1584
11;2025-12-31;19;1397
11;2025-12-31;20;1017
11;2025-12-31;21;720
11;2025-12-31;22;424
11;2025-12-31;23;255
12;2025-11-01;0;64
12;2025-11-01;1;1
12;2025-11-01;2;0
12;2025-11-01;3;0
12;2025-11-01;4;3
12;2025-11-01;5;325
12;2025-11-01;6;1411
12;2025-11-01;7;2597
12;2025-11-01;8;3284
12;2025-11-01;9;2436
12;2025-11-01;10;2016
12;2025-11-01;11;1978
12;2025-11-01;12;1971
12;2025-11-01;13;2075
12;2025-11-01;14;2023
12;2025-11-01;15;2282
12;2025-11-01;16;2704
12;2025-11-01;17;2993
12;2025-11-01;18;2912
12;2025-11-01;19;2261
12;2025-11-01;20;1519
12;2025-11-01;21;969
12;2025-11-01;22;508
12;2025-11-01;23;277
12;2025-11-02;0;67
12;2025-11-02;1;4
12;2025-11-02;2;0
12;2025-11-02;3;0
12;2025-11-02;4;3
12;2025-11-02;5;154
12;2025-11-02;6;531
12;2025-11-02;7;633
12;2025-11-02;8;689
12;2025-11-02;9;884
12;2025-11-02;10;1122
12;2025-11-02;11;1306
12;2025-11-02;12;1269
12;2025-11-02;13;1443
12;2025-11-02;14;1403
12;2025-11-02;15;1362
12;2025-11-02;16;1454
12;2025-11-02;17;1481
12;2025-11-02;18;1283
12;2025-11-02;19;1077
12;2025-11-02;20;823
12;2025-11-02;21;609
12;2025-11-02;22;376
12;2025-11-02;23;203
12;2025-11-03;0;50
12;2025-11-03;1;3
12;2025-11-03;2;0
12;2025-11-03;3;0
12;2025-11-03;4;2
12;2025-11-03;5;217
12;2025-11-03;6;605
12;2025-11-03;7;703
12;2025-11-03;8;819
12;2025-11-03;9;913
12;2025-11-03;10;1151
12;2025-11-03;11;1309
12;2025-11-03;12;1287
12;2025-11-03;13;1409
12;2025-11-03;14;1368
12;2025-11-03;15;1351
12;2025-11-03;16;1426
12;2025-11-03;17;1434
12;2025-11-03;18;1398
12;2025-11-03;19;1157
12;2025-11-03;20;875
12;2025-11-03;21;651
12;2025-11-03;22;363
12;2025-11-03;23;215
12;2025-11-04;0;38
12;2025-11-04;1;2
12;2025-11-04;2;0
12;2025-11-04;3;0
12;2025-11-04;4;1
12;2025-11-04;5;207
12;2025-11-04;6;607
12;2025-11-04;7;671
12;2025-11-04;8;771
12;2025-11-04;9;872
12;2025-11-04;10;1013
12;2025-11-04;11;1177
12;2025-11-04;12;1140
12;2025-11-04;13;1324
12;2025-11-04;14;1287
12;2025-11-04;15;1236
12;2025-11-04;16;1333
12;2025-11-04;17;1319
12;2025-11-04;18;1277
12;2025-11-04;19;1068
12;2025-11-04;20;841
12;2025-11-04;21;654
12;2025-11-04;22;381
12;2025-11-04;23;222
12;2025-11-05;0;52
12;2025-11-05;1;3
12;2025-11-05;2;0
12;2025-11-05;3;0
12;2025-11-05;4;10
12;2025-11-05;5;325
12;2025-11-05;6;1434
12;2025-11-05;7;2653
12;2025-11-05;8;3421
12;2025-11-05;9;2483
12;2025-11-05;10;2066
12;2025-11-05;11;1982
12;2025-11-05;12;1954
12;2025-11-05;13;2007
12;2025-11-05;14;1929
12;2025-11-05;15;2199
12;2025-11-05;16;2615
12;2025-11-05;17;3005
12;2025-11-05;18;3148
12;2025-11-05;19;2414
12;2025-11-05;20;1580
12;2025-11-05;21;995
12;2025-11-05;22;486
12;2025-11-05;23;263
12;2025-11-06;0;40
12;2025-11-06;1;2
12;2025-11-06;2;0
12;2025-11-06;3;0
12;2025-11-06;4;7
12;2025-11-06;5;310
12;2025-11-06;6;1395
12;2025-11-06;7;2681
12;2025-11-06;8;3452
12;2025-11-06;9;2467
12;2025-11-06;10;2028
12;2025-11-06;11;1963
12;2025-11-06;12;1942
12;2025-11-06;13;2014
12;2025-11-06;14;1941
12;2025-11-06;15;2215
12;2025-11-06;16;2630
12;2025-11-06;17;3027
12;2025-11-06;18;3172
12;2025-11-06;19;2425
12;2025-11-06;20;1608
12;2025-11-06;21;975
12;2025-11-06;22;491
12;2025-11-06;23;253
12;2025-11-07;0;47
12;2025-11-07;1;2
12;2025-11-07;2;0
12;2025-11-07;3;0
12;2025-11-07;4;3
12;2025-11-07;5;318
12;2025-11-07;6;1397
12;2025-11-07;7;2597
12;2025-11-07;8;3278
12;2025-11-07;9;2408
12;2025-11-07;10;1967
12;2025-11-07;11;1938
12;2025-11-07;12;1919
12;2025-11-07;13;1990
12;2025-11-07;14;1950
12;2025-11-07;15;2276
12;2025-11-07;16;2694
12;2025-11-07;17;2945
12;2025-11-07;18;2739
12;2025-11-07;19;2223
12;2025-11-07;20;1475
12;2025-11-07;21;987
12;2025-11-07;22;478
12;2025-11-07;23;284
12;2025-11-08;0;62
12;2025-11-08;1;3
12;2025-11-08;2;0
12;2025-11-08;3;0
12;2025-11-08;4;2
12;2025-11-08;5;219
12;2025-11-08;6;771
12;2025-11-08;7;884
12;2025-11-08;8;930
12;2025-11-08;9;1120
12;2025-11-08;10;1302
12;2025-11-08;11;1397
12;2025-11-08;12;1319
12;2025-11-08;13;1483
12;2025-11-08;14;1440
12;2025-11-08;15;1386
12;2025-11-08;16;1478
12;2025-11-08;17;1496
12;2025-11-08;18;1341
12;2025-11-08;19;1275
12;2025-11-08;20;986
12;2025-11-08;21;722
12;2025-11-08;22;410
12;2025-11-08;23;254
12;2025-11-09;0;67
12;2025-11-09;1;4
12;2025-11-09;2;0
12;2025-11-09;3;0
12;2025-11-09;4;3
12;2025-11-09;5;154
12;2025-11-09;6;531
12;2025-11-09;7;633
12;2025-11-09;8;689
12;2025-11-09;9;884
12;2025-11-09;10;1122
12;2025-11-09;11;1306
12;2025-11-09;12;1269
12;2025-11-09;13;1443
12;2025-11-09;14;1403
12;2025-11-09;15;1362
12;2025-11-09;16;1454
12;2025-11-09;17;1481
12;2025-11-09;18;1283
12;2025-11-09;19;1077
12;2025-11-09;20;823
12;2025-11-09;21;609
12;2025-11-09;22;376
12;2025-11-09;23;203
12;2025-11-10;0;48
12;2025-11-10;1;2
12;2025-11-10;2;0
12;2025-11-10;3;0
12;2025-11-10;4;3
12;2025-11-10;5;300
12;2025-11-10;6;1383
12;2025-11-10;7;2617
12;2025-11-10;8;3364
12;2025-11-10;9;2421
12;2025-11-10;10;1978
12;2025-11-10;11;1902
12;2025-11-10;12;1909
12;2025-11-10;13;1958
12;2025-11-10;14;1896
12;2025-11-10;15;2178
12;2025-11-10;16;2585
12;2025-11-10;17;2966
12;2025-11-10;18;3075
12;2025-11-10;19;2346
12;2025-11-10;20;1547
12;2025-11-10;21;947
12;2025-11-10;22;435
12;2025-11-10;23;225
12;2025-11-11;0;36
12;2025-11-11;1;1
12;2025-11-11;2;0
12;2025-11-11;3;0
12;2025-11-11;4;3
12;2025-11-11;5;305
12;2025-11-11;6;1415
12;2025-11-11;7;2678
12;2025-11-11;8;3426
12;2025-11-11;9;2472
12;2025-11-11;10;2009
12;2025-11-11;11;1936
12;2025-11-11;12;1917
12;2025-11-11;13;1975
12;2025-11-11;14;1906
12;2025-11-11;15;2176
12;2025-11-11;16;2601
12;2025-11-11;17;2994
12;2025-11-11;18;3121
12;2025-11-11;19;2400
12;2025-11-11;20;1554
12;2025-11-11;21;953
12;2025-11-11;22;456
12;2025-11-11;23;238
12;2025-11-12;0;52
12;2025-11-12;1;3
12;2025-11-12;2;0
12;2025-11-12;3;0
12;2025-11-12;4;10
12;2025-11-12;5;325
12;2025-11-12;6;1434
12;2025-11-12;7;2653
12;2025-11-12;8;3421
12;2025-11-12;9;2483
12;2025-11-12;10;2066
12;2025-11-12;11;1982
12;2025-11-12;12;1954
12;2025-11-12;13;2007
12;2025-11-12;14;1929
12;2025-11-12;15;2199
12;2025-11-12;16;2615
12;2025-11-12;17;3005
12;2025-11-12;18;3148
12;2025-11-12;19;2414
12;2025-11-12;20;1580
12;2025-11-12;21;995
12;2025-11-12;22;486
12;2025-11-12;23;263
12;2025-11-13;0;40
12;2025-11-13;1;2
12;2025-11-13;2;0
12;2025-11-13;3;0
12;2025-11-13;4;7
12;2025-11-13;5;310
12;2025-11-13;6;1395
12;2025-11-13;7;2681
12;2025-11-13;8;3452
12;2025-11-13;9;2467
12;2025-11-13;10;2028
12;2025-11-13;11;1963
12;2025-11-13;12;1942
12;2025-11-13;13;2014
12;2025-11-13;14;1941
12;2025-11-13;15;2215
12;2025-11-13;16;2630
12;2025-11-13;17;3027
12;2025-11-13;18;3172
12;2025-11-13;19;2425
12;2025-11-13;20;1608
12;2025-11-13;21;975
12;2025-11-13;22;491
12;2025-11-13;23;253
12;2025-11-14;0;47
12;2025-11-14;1;2
12;2025-11-14;2;0
12;2025-11-14;3;0
12;2025-11-14;4;3
12;2025-11-14;5;318
12;2025-11-14;6;1397
12;2025-11-14;7;2597
12;2025-11-14;8;3278
12;2025-11-14;9;2408
12;2025-11-14;10;1967
12;2025-11-14;11;1938
12;2025-11-14;12;1919
12;2025-11-14;13;1990
12;2025-11-14;14;1950
12;2025-11-14;15;2276
12;2025-11-14;16;2694
12;2025-11-14;17;2945
12;2025-11-14;18;2739
12;2025-11-14;19;2223
12;2025-11-14;20;1475
12;2025-11-14;21;987
12;2025-11-14;22;478
12;2025-11-14;23;284
12;2025-11-15;0;62
12;2025-11-15;1;3
12;2025-11-15;2;0
12;2025-11-15;3;0
12;2025-11-15;4;2
12;2025-11-15;5;219
12;2025-11-15;6;771
12;2025-11-15;7;884
12;2025-11-15;8;930
12;2025-11-15;9;1120
12;2025-11-15;10;1302
12;2025-11-15;11;1397
12;2025-11-15;12;1319
12;2025-11-15;13;1483
12;2025-11-15;14;1440
12;2025-11-15;15;1386
12;2025-11-15;16;1478
12;2025-11-15;17;1496
12;2025-11-15;18;1341
12;2025-11-15;19;1275
12;2025-11-15;20;986
12;2025-11-15;21;722
12;2025-11-15;22;410
12;2025-11-15;23;254
12;2025-11-16;0;67
12;2025-11-16;1;4
12;2025-11-16;2;0
12;2025-11-16;3;0
12;2025-11-16;4;3
12;2025-11-16;5;154
12;2025-11-16;6;531
12;2025-11-16;7;633
12;2025-11-16;8;689
12;2025-11-16;9;884
12;2025-11-16;10;1122
12;2025-11-16;11;1306
12;2025-11-16;12;1269
12;2025-11-16;13;1443
12;2025-11-16;14;1403
12;2025-11-16;15;1362
12;2025-11-16;16;1454
12;2025-11-16;17;1481
12;2025-11-16;18;1283
12;2025-11-16;19;1077
12;2025-11-16;20;823
12;2025-11-16;21;609
12;2025-11-16;22;376
12;2025-11-16;23;203
12;2025-11-17;0;48
12;2025-11-17;1;2
12;2025-11-17;2;0
12;2025-11-17;3;0
12;2025-11-17;4;3
12;2025-11-17;5;300
12;2025-11-17;6;1383
12;2025-11-17;7;2617
12;2025-11-17;8;3364
12;2025-11-17;9;2421
12;2025-11-17;10;1978
12;2025-11-17;11;1902
12;2025-11-17;12;1909
12;2025-11-17;13;1958
12;2025-11-17;14;1896
12;2025-11-17;15;2178
12;2025-11-17;16;2585
12;2025-11-17;17;2966
12;2025-11-17;18;3075
12;2025-11-17;19;2346
12;2025-11-17;20;1547
12;2025-11-17;21;947
12;2025-11-17;22;435
12;2025-11-17;23;225
12;2025-11-18;0;36
12;2025-11-18;1;1
12;2025-11-18;2;0
12;2025-11-18;3;0
12;2025-11-18;4;3
12;2025-11-18;5;305
12;2025-11-18;6;1415
12;2025-11-18;7;2678
12;2025-11-18;8;3426
12;2025-11-18;9;2472
12;2025-11-18;10;2009
12;2025-11-18;11;1936
12;2025-11-18;12;1917
12;2025-11-18;13;1975
12;2025-11-18;14;1906
12;2025-11-18;15;2176
12;2025-11-18;16;2601
12;2025-11-18;17;2994
12;2025-11-18;18;3121
12;2025-11-18;19;2400
12;2025-11-18;20;1554
12;2025-11-18;21;953
12;2025-11-18;22;456
12;2025-11-18;23;238
12;2025-11-19;0;52
12;2025-11-19;1;3
12;2025-11-19;2;0
12;2025-11-19;3;0
12;2025-11-19;4;10
12;2025-11-19;5;325
12;2025-11-19;6;1434
12;2025-11-19;7;2653
12;2025-11-19;8;3421
12;2025-11-19;9;2483
12;2025-11-19;10;2066
12;2025-11-19;11;1982
12;2025-11-19;12;1954
12;2025-11-19;13;2007
12;2025-11-19;14;1929
12;2025-11-19;15;2199
12;2025-11-19;16;2615
12;2025-11-19;17;3005
12;2025-11-19;18;3148
12;2025-11-19;19;2414
12;2025-11-19;20;1580
12;2025-11-19;21;995
12;2025-11-19;22;486
12;2025-11-19;23;263
12;2025-11-20;0;40
12;2025-11-20;1;2
12;2025-11-20;2;0
12;2025-11-20;3;0
12;2025-11-20;4;7
12;2025-11-20;5;310
12;2025-11-20;6;1395
12;2025-11-20;7;2681
12;2025-11-20;8;3452
12;2025-11-20;9;2467
12;2025-11-20;10;2028
12;2025-11-20;11;1963
12;2025-11-20;12;1942
12;2025-11-20;13;2014
12;2025-11-20;14;1941
12;2025-11-20;15;2215
12;2025-11-20;16;2630
12;2025-11-20;17;3027
12;2025-11-20;18;3172
12;2025-11-20;19;2425
12;2025-11-20;20;1608
12;2025-11-20;21;975
12;2025-11-20;22;491
12;2025-11-20;23;253
12;2025-11-21;0;47
12;2025-11-21;1;2
12;2025-11-21;2;0
12;2025-11-21;3;0
12;2025-11-21;4;3
12;2025-11-21;5;318
12;2025-11-21;6;1397
12;2025-11-21;7;2597
12;2025-11-21;8;3278
12;2025-11-21;9;2408
12;2025-11-21;10;1967
12;2025-11-21;11;1938
12;2025-11-21;12;1919
12;2025-11-21;13;1990
12;2025-11-21;14;1950
12;2025-11-21;15;2276
12;2025-11-21;16;2694
12;2025-11-21;17;2945
12;2025-11-21;18;2739
12;2025-11-21;19;2223
12;2025-11-21;20;1475
12;2025-11-21;21;987
12;2025-11-21;22;478
12;2025-11-21;23;284
12;2025-11-22;0;62
12;2025-11-22;1;3
12;2025-11-22;2;0
12;2025-11-22;3;0
12;2025-11-22;4;2
12;2025-11-22;5;219
12;2025-11-22;6;771
12;2025-11-22;7;884
12;2025-11-22;8;930
12;2025-11-22;9;1120
12;2025-11-22;10;1302
12;2025-11-22;11;1397
12;2025-11-22;12;1319
12;2025-11-22;13;1483
12;2025-11-22;14;1440
12;2025-11-22;15;1386
12;2025-11-22;16;1478
12;2025-11-22;17;1496
12;2025-11-22;18;1341
12;2025-11-22;19;1275
12;2025-11-22;20;986
12;2025-11-22;21;722
12;2025-11-22;22;410
12;2025-11-22;23;254
12;2025-11-23;0;67
12;2025-11-23;1;4
12;2025-11-23;2;0
12;2025-11-23;3;0
12;2025-11-23;4;3
12;2025-11-23;5;154
12;2025-11-23;6;531
12;2025-11-23;7;633
12;2025-11-23;8;689
12;2025-11-23;9;884
12;2025-11-23;10;1122
12;2025-11-23;11;1306
12;2025-11-23;12;1269
12;2025-11-23;13;1443
12;2025-11-23;14;1403
12;2025-11-23;15;1362
12;2025-11-23;16;1454
12;2025-11-23;17;1481
12;2025-11-23;18;1283
12;2025-11-23;19;1077
12;2025-11-23;20;823
12;2025-11-23;21;609
12;2025-11-23;22;376
12;2025-11-23;23;203
12;2025-11-24;0;48
12;2025-11-24;1;2
12;2025-11-24;2;0
12;2025-11-24;3;0
12;2025-11-24;4;3
12;2025-11-24;5;300
12;2025-11-24;6;1383
12;2025-11-24;7;2617
12;2025-11-24;8;3364
12;2025-11-24;9;2421
12;2025-11-24;10;1978
12;2025-11-24;11;1902
12;2025-11-24;12;1909
12;2025-11-24;13;1958
12;2025-11-24;14;1896
12;2025-11-24;15;2178
12;2025-11-24;16;2585
12;2025-11-24;17;2966
12;2025-11-24;18;3075
12;2025-11-24;19;2346
12;2025-11-24;20;1547
12;2025-11-24;21;947
12;2025-11-24;22;435
12;2025-11-24;23;225
12;2025-11-25;0;36
12;2025-11-25;1;1
12;2025-11-25;2;0
12;2025-11-25;3;0
12;2025-11-25;4;3
12;2025-11-25;5;305
12;2025-11-25;6;1415
12;2025-11-25;7;2678
12;2025-11-25;8;3426
12;2025-11-25;9;2472
12;2025-11-25;10;2009
12;2025-11-25;11;1936
12;2025-11-25;12;1917
12;2025-11-25;13;1975
12;2025-11-25;14;1906
12;2025-11-25;15;2176
12;2025-11-25;16;2601
12;2025-11-25;17;2994
12;2025-11-25;18;3121
12;2025-11-25;19;2400
12;2025-11-25;20;1554
12;2025-11-25;21;953
12;2025-11-25;22;456
12;2025-11-25;23;238
12;2025-11-26;0;52
12;2025-11-26;1;3
12;2025-11-26;2;0
12;2025-11-26;3;0
12;2025-11-26;4;10
12;2025-11-26;5;325
12;2025-11-26;6;1434
12;2025-11-26;7;2653
12;2025-11-26;8;3421
12;2025-11-26;9;2483
12;2025-11-26;10;2066
12;2025-11-26;11;1982
12;2025-11-26;12;1954
12;2025-11-26;13;2007
12;2025-11-26;14;1929
12;2025-11-26;15;2199
12;2025-11-26;16;2615
12;2025-11-26;17;3005
12;2025-11-26;18;3148
12;2025-11-26;19;2414
12;2025-11-26;20;1580
12;2025-11-26;21;995
12;2025-11-26;22;486
12;2025-11-26;23;263
12;2025-11-27;0;40
12;2025-11-27;1;2
12;2025-11-27;2;0
12;2025-11-27;3;0
12;2025-11-27;4;7
12;2025-11-27;5;310
12;2025-11-27;6;1395
12;2025-11-27;7;2681
12;2025-11-27;8;3452
12;2025-11-27;9;2467
12;2025-11-27;10;2028
12;2025-11-27;11;1963
12;2025-11-27;12;1942
12;2025-11-27;13;2014
12;2025-11-27;14;1941
12;2025-11-27;15;2215
12;2025-11-27;16;2630
12;2025-11-27;17;3027
12;2025-11-27;18;3172
12;2025-11-27;19;2425
12;2025-11-27;20;1608
12;2025-11-27;21;975
12;2025-11-27;22;491
12;2025-11-27;23;253
12;2025-11-28;0;47
12;2025-11-28;1;2
12;2025-11-28;2;0
12;2025-11-28;3;0
12;2025-11-28;4;3
12;2025-11-28;5;318
12;2025-11-28;6;1397
12;2025-11-28;7;2597
12;2025-11-28;8;3278
12;2025-11-28;9;2408
12;2025-11-28;10;1967
12;2025-11-28;11;1938
12;2025-11-28;12;1919
12;2025-11-28;13;1990
12;2025-11-28;14;1950
12;2025-11-28;15;2276
12;2025-11-28;16;2694
12;2025-11-28;17;2945
12;2025-11-28;18;2739
12;2025-11-28;19;2223
12;2025-11-28;20;1475
12;2025-11-28;21;987
12;2025-11-28;22;478
12;2025-11-28;23;284
12;2025-11-29;0;62
12;2025-11-29;1;3
12;2025-11-29;2;0
12;2025-11-29;3;0
12;2025-11-29;4;2
12;2025-11-29;5;219
12;2025-11-29;6;771
12;2025-11-29;7;884
12;2025-11-29;8;930
12;2025-11-29;9;1120
12;2025-11-29;10;1302
12;2025-11-29;11;1397
12;2025-11-29;12;1319
12;2025-11-29;13;1483
12;2025-11-29;14;1440
12;2025-11-29;15;1386
12;2025-11-29;16;1478
12;2025-11-29;17;1496
12;2025-11-29;18;1341
12;2025-11-29;19;1275
12;2025-11-29;20;986
12;2025-11-29;21;722
12;2025-11-29;22;410
12;2025-11-29;23;254
12;2025-11-30;0;67
12;2025-11-30;1;4
12;2025-11-30;2;0
12;2025-11-30;3;0
12;2025-11-30;4;3
12;2025-11-30;5;154
12;2025-11-30;6;531
12;2025-11-30;7;633
12;2025-11-30;8;689
12;2025-11-30;9;884
12;2025-11-30;10;1122
12;2025-11-30;11;1306
12;2025-11-30;12;1269
12;2025-11-30;13;1443
12;2025-11-30;14;1403
12;2025-11-30;15;1362
12;2025-11-30;16;1454
12;2025-11-30;17;1481
12;2025-11-30;18;1283
12;2025-11-30;19;1077
12;2025-11-30;20;823
12;2025-11-30;21;609
12;2025-11-30;22;376
12;2025-11-30;23;203
12;2025-12-01;0;48
12;2025-12-01;1;2
12;2025-12-01;2;0
12;2025-12-01;3;0
12;2025-12-01;4;3
12;2025-12-01;5;300
12;2025-12-01;6;1383
12;2025-12-01;7;2617
12;2025-12-01;8;3364
12;2025-12-01;9;2421
12;2025-12-01;10;1978
12;2025-12-01;11;1902
12;2025-12-01;12;1909
12;2025-12-01;13;1958
12;2025-12-01;14;1896
12;2025-12-01;15;2178
12;2025-12-01;16;2585
12;2025-12-01;17;2966
12;2025-12-01;18;3075
12;2025-12-01;19;2346
12;2025-12-01;20;1547
12;2025-12-01;21;947
12;2025-12-01;22;435
12;2025-12-01;23;225
12;2025-12-02;0;36
12;2025-12-02;1;1
12;2025-12-02;2;0
12;2025-12-02;3;0
12;2025-12-02;4;3
12;2025-12-02;5;305
12;2025-12-02;6;1415
12;2025-12-02;7;2678
12;2025-12-02;8;3426
12;2025-12-02;9;2472
12;2025-12-02;10;2009
12;2025-12-02;11;1936
12;2025-12-02;12;1917
12;2025-12-02;13;1975
12;2025-12-02;14;1906
12;2025-12-02;15;2176
12;2025-12-02;16;2601
12;2025-12-02;17;2994
12;2025-12-02;18;3121
12;2025-12-02;19;2400
12;2025-12-02;20;1554
12;2025-12-02;21;953
12;2025-12-02;22;456
12;2025-12-02;23;238
12;2025-12-03;0;52
12;2025-12-03;1;3
12;2025-12-03;2;0
12;2025-12-03;3;0
12;2025-12-03;4;10
12;2025-12-03;5;325
12;2025-12-03;6;1434
12;2025-12-03;7;2653
12;2025-12-03;8;3421
12;2025-12-03;9;2483
12;2025-12-03;10;2066
12;2025-12-03;11;1982
12;2025-12-03;12;1954
12;2025-12-03;13;2007
12;2025-12-03;14;1929
12;2025-12-03;15;2199
12;2025-12-03;16;2615
12;2025-12-03;17;3005
12;2025-12-03;18;3148
12;2025-12-03;19;2414
12;2025-12-03;20;1580
12;2025-12-03;21;995
12;2025-12-03;22;486
12;2025-12-03;23;263
12;2025-12-04;0;40
12;2025-12-04;1;2
12;2025-12-04;2;0
12;2025-12-04;3;0
12;2025-12-04;4;7
12;2025-12-04;5;310
12;2025-12-04;6;1395
12;2025-12-04;7;2681
12;2025-12-04;8;3452
12;2025-12-04;9;2467
12;2025-12-04;10;2028
12;2025-12-04;11;1963
12;2025-12-04;12;1942
12;2025-12-04;13;2014
12;2025-12-04;14;1941
12;2025-12-04;15;2215
12;2025-12-04;16;2630
12;2025-12-04;17;3027
12;2025-12-04;18;3172
12;2025-12-04;19;2425
12;2025-12-04;20;1608
12;2025-12-04;21;975
12;2025-12-04;22;491
12;2025-12-04;23;253
12;2025-12-05;0;47
12;2025-12-05;1;2
12;2025-12-05;2;0
12;2025-12-05;3;0
12;2025-12-05;4;3
12;2025-12-05;5;318
12;2025-12-05;6;1397
12;2025-12-05;7;2597
12;2025-12-05;8;3278
12;2025-12-05;9;2408
12;2025-12-05;10;1967
12;2025-12-05;11;1938
12;2025-12-05;12;1919
12;2025-12-05;13;1990
12;2025-12-05;14;1950
12;2025-12-05;15;2276
12;2025-12-05;16;2694
12;2025-12-05;17;2945
12;2025-12-05;18;2739
12;2025-12-05;19;2223
12;2025-12-05;20;1475
12;2025-12-05;21;987
12;2025-12-05;22;478
12;2025-12-05;23;284
12;2025-12-06;0;62
12;2025-12-06;1;3
12;2025-12-06;2;0
12;2025-12-06;3;0
12;2025-12-06;4;2
12;2025-12-06;5;219
12;2025-12-06;6;771
12;2025-12-06;7;884
12;2025-12-06;8;930
12;2025-12-06;9;1120
12;2025-12-06;10;1302
12;2025-12-06;11;1397
12;2025-12-06;12;1319
12;2025-12-06;13;1483
12;2025-12-06;14;1440
12;2025-12-06;15;1386
12;2025-12-06;16;1478
12;2025-12-06;17;1496
12;2025-12-06;18;1341
12;2025-12-06;19;1275
12;2025-12-06;20;986
12;2025-12-06;21;722
12;2025-12-06;22;410
12;2025-12-06;23;254
12;2025-12-07;0;67
12;2025-12-07;1;4
12;2025-12-07;2;0
12;2025-12-07;3;0
12;2025-12-07;4;3
12;2025-12-07;5;154
12;2025-12-07;6;531
12;2025-12-07;7;633
12;2025-12-07;8;689
12;2025-12-07;9;884
12;2025-12-07;10;1122
12;2025-12-07;11;1306
12;2025-12-07;12;1269
12;2025-12-07;13;1443
12;2025-12-07;14;1403
12;2025-12-07;15;1362
12;2025-12-07;16;1454
12;2025-12-07;17;1481
12;2025-12-07;18;1283
12;2025-12-07;19;1077
12;2025-12-07;20;823
12;2025-12-07;21;609
12;2025-12-07;22;376
12;2025-12-07;23;203
12;2025-12-08;0;48
12;2025-12-08;1;2
12;2025-12-08;2;0
12;2025-12-08;3;0
12;2025-12-08;4;3
12;2025-12-08;5;300
12;2025-12-08;6;1383
12;2025-12-08;7;2617
12;2025-12-08;8;3364
12;2025-12-08;9;2421
12;2025-12-08;10;1978
12;2025-12-08;11;1902
12;2025-12-08;12;1909
12;2025-12-08;13;1958
12;2025-12-08;14;1896
12;2025-12-08;15;2178
12;2025-12-08;16;2585
12;2025-12-08;17;2966
12;2025-12-08;18;3075
12;2025-12-08;19;2346
12;2025-12-08;20;1547
12;2025-12-08;21;947
12;2025-12-08;22;435
12;2025-12-08;23;225
12;2025-12-09;0;36
12;2025-12-09;1;1
12;2025-12-09;2;0
12;2025-12-09;3;0
12;2025-12-09;4;3
12;2025-12-09;5;305
12;2025-12-09;6;1415
12;2025-12-09;7;2678
12;2025-12-09;8;3426
12;2025-12-09;9;2472
12;2025-12-09;10;2009
12;2025-12-09;11;1936
12;2025-12-09;12;1917
12;2025-12-09;13;1975
12;2025-12-09;14;1906
12;2025-12-09;15;2176
12;2025-12-09;16;2601
12;2025-12-09;17;2994
12;2025-12-09;18;3121
12;2025-12-09;19;2400
12;2025-12-09;20;1554
12;2025-12-09;21;953
12;2025-12-09;22;456
12;2025-12-09;23;238
12;2025-12-10;0;52
12;2025-12-10;1;3
12;2025-12-10;2;0
12;2025-12-10;3;0
12;2025-12-10;4;10
12;2025-12-10;5;325
12;2025-12-10;6;1434
12;2025-12-10;7;2653
12;2025-12-10;8;3421
12;2025-12-10;9;2483
12;2025-12-10;10;2066
12;2025-12-10;11;1982
12;2025-12-10;12;1954
12;2025-12-10;13;2007
12;2025-12-10;14;1929
12;2025-12-10;15;2199
12;2025-12-10;16;2615
12;2025-12-10;17;3005
12;2025-12-10;18;3148
12;2025-12-10;19;2414
12;2025-12-10;20;1580
12;2025-12-10;21;995
12;2025-12-10;22;486
12;2025-12-10;23;263
12;2025-12-11;0;40
12;2025-12-11;1;2
12;2025-12-11;2;0
12;2025-12-11;3;0
12;2025-12-11;4;7
12;2025-12-11;5;310
12;2025-12-11;6;1395
12;2025-12-11;7;2681
12;2025-12-11;8;3452
12;2025-12-11;9;2467
12;2025-12-11;10;2028
12;2025-12-11;11;1963
12;2025-12-11;12;1942
12;2025-12-11;13;2014
12;2025-12-11;14;1941
12;2025-12-11;15;2215
12;2025-12-11;16;2630
12;2025-12-11;17;3027
12;2025-12-11;18;3172
12;2025-12-11;19;2425
12;2025-12-11;20;1608
12;2025-12-11;21;975
12;2025-12-11;22;491
12;2025-12-11;23;253
12;2025-12-12;0;47
12;2025-12-12;1;2
12;2025-12-12;2;0
12;2025-12-12;3;0
12;2025-12-12;4;3
12;2025-12-12;5;318
12;2025-12-12;6;1397
12;2025-12-12;7;2597
12;2025-12-12;8;3278
12;2025-12-12;9;2408
12;2025-12-12;10;1967
12;2025-12-12;11;1938
12;2025-12-12;12;1919
12;2025-12-12;13;1990
12;2025-12-12;14;1950
12;2025-12-12;15;2276
12;2025-12-12;16;2694
12;2025-12-12;17;2945
12;2025-12-12;18;2739
12;2025-12-12;19;2223
12;2025-12-12;20;1475
12;2025-12-12;21;987
12;2025-12-12;22;478
12;2025-12-12;23;284
12;2025-12-13;0;62
12;2025-12-13;1;3
12;2025-12-13;2;0
12;2025-12-13;3;0
12;2025-12-13;4;2
12;2025-12-13;5;219
12;2025-12-13;6;771
12;2025-12-13;7;884
12;2025-12-13;8;930
12;2025-12-13;9;1120
12;2025-12-13;10;1302
12;2025-12-13;11;1397
12;2025-12-13;12;1319
12;2025-12-13;13;1483
12;2025-12-13;14;1440
12;2025-12-13;15;1386
12;2025-12-13;16;1478
12;2025-12-13;17;1496
12;2025-12-13;18;1341
12;2025-12-13;19;1275
12;2025-12-13;20;986
12;2025-12-13;21;722
12;2025-12-13;22;410
12;2025-12-13;23;254
12;2025-12-14;0;67
12;2025-12-14;1;4
12;2025-12-14;2;0
12;2025-12-14;3;0
12;2025-12-14;4;3
12;2025-12-14;5;154
12;2025-12-14;6;531
12;2025-12-14;7;633
12;2025-12-14;8;689
12;2025-12-14;9;884
12;2025-12-14;10;1122
12;2025-12-14;11;1306
12;2025-12-14;12;1269
12;2025-12-14;13;1443
12;2025-12-14;14;1403
12;2025-12-14;15;1362
12;2025-12-14;16;1454
12;2025-12-14;17;1481
12;2025-12-14;18;1283
12;2025-12-14;19;1077
12;2025-12-14;20;823
12;2025-12-14;21;609
12;2025-12-14;22;376
12;2025-12-14;23;203
12;2025-12-15;0;48
12;2025-12-15;1;2
12;2025-12-15;2;0
12;2025-12-15;3;0
12;2025-12-15;4;3
12;2025-12-15;5;300
12;2025-12-15;6;1383
12;2025-12-15;7;2617
12;2025-12-15;8;3364
12;2025-12-15;9;2421
12;2025-12-15;10;1978
12;2025-12-15;11;1902
12;2025-12-15;12;1909
12;2025-12-15;13;1958
12;2025-12-15;14;1896
12;2025-12-15;15;2178
12;2025-12-15;16;2585
12;2025-12-15;17;2966
12;2025-12-15;18;3075
12;2025-12-15;19;2346
12;2025-12-15;20;1547
12;2025-12-15;21;947
12;2025-12-15;22;435
12;2025-12-15;23;225
12;2025-12-16;0;36
12;2025-12-16;1;1
12;2025-12-16;2;0
12;2025-12-16;3;0
12;2025-12-16;4;3
12;2025-12-16;5;305
12;2025-12-16;6;1415
12;2025-12-16;7;2678
12;2025-12-16;8;3426
12;2025-12-16;9;2472
12;2025-12-16;10;2009
12;2025-12-16;11;1936
12;2025-12-16;12;1917
12;2025-12-16;13;1975
12;2025-12-16;14;1906
12;2025-12-16;15;2176
12;2025-12-16;16;2601
12;2025-12-16;17;2994
12;2025-12-16;18;3121
12;2025-12-16;19;2400
12;2025-12-16;20;1554
12;2025-12-16;21;953
12;2025-12-16;22;456
12;2025-12-16;23;238
12;2025-12-17;0;52
12;2025-12-17;1;3
12;2025-12-17;2;0
12;2025-12-17;3;0
12;2025-12-17;4;10
12;2025-12-17;5;325
12;2025-12-17;6;1434
12;2025-12-17;7;2653
12;2025-12-17;8;3421
12;2025-12-17;9;2483
12;2025-12-17;10;2066
12;2025-12-17;11;1982
12;2025-12-17;12;1954
12;2025-12-17;13;2007
12;2025-12-17;14;1929
12;2025-12-17;15;2199
12;2025-12-17;16;2615
12;2025-12-17;17;3005
12;2025-12-17;18;3148
12;2025-12-17;19;2414
12;2025-12-17;20;1580
12;2025-12-17;21;995
12;2025-12-17;22;486
12;2025-12-17;23;263
12;2025-12-18;0;40
12;2025-12-18;1;2
12;2025-12-18;2;0
12;2025-12-18;3;0
12;2025-12-18;4;7
12;2025-12-18;5;310
12;2025-12-18;6;1395
12;2025-12-18;7;2681
12;2025-12-18;8;3452
12;2025-12-18;9;2467
12;2025-12-18;10;2028
12;2025-12-18;11;1963
12;2025-12-18;12;1942
12;2025-12-18;13;2014
12;2025-12-18;14;1941
12;2025-12-18;15;2215
12;2025-12-18;16;2630
12;2025-12-18;17;3027
12;2025-12-18;18;3172
12;2025-12-18;19;2425
12;2025-12-18;20;1608
12;2025-12-18;21;975
12;2025-12-18;22;491
12;2025-12-18;23;253
12;2025-12-19;0;47
12;2025-12-19;1;2
12;2025-12-19;2;0
12;2025-12-19;3;0
12;2025-12-19;4;3
12;2025-12-19;5;318
12;2025-12-19;6;1397
12;2025-12-19;7;2597
12;2025-12-19;8;3278
12;2025-12-19;9;2408
12;2025-12-19;10;1967
12;2025-12-19;11;1938
12;2025-12-19;12;1919
12;2025-12-19;13;1990
12;2025-12-19;14;1950
12;2025-12-19;15;2276
12;2025-12-19;16;2694
12;2025-12-19;17;2945
12;2025-12-19;18;2739
12;2025-12-19;19;2223
12;2025-12-19;20;1475
12;2025-12-19;21;987
12;2025-12-19;22;478
12;2025-12-19;23;284
12;2025-12-20;0;62
12;2025-12-20;1;3
12;2025-12-20;2;0
12;2025-12-20;3;0
12;2025-12-20;4;2
12;2025-12-20;5;219
12;2025-12-20;6;771
12;2025-12-20;7;884
12;2025-12-20;8;930
12;2025-12-20;9;1120
12;2025-12-20;10;1302
12;2025-12-20;11;1397
12;2025-12-20;12;1319
12;2025-12-20;13;1483
12;2025-12-20;14;1440
12;2025-12-20;15;1386
12;2025-12-20;16;1478
12;2025-12-20;17;1496
12;2025-12-20;18;1341
12;2025-12-20;19;1275
12;2025-12-20;20;986
12;2025-12-20;21;722
12;2025-12-20;22;410
12;2025-12-20;23;254
12;2025-12-21;0;67
12;2025-12-21;1;4
12;2025-12-21;2;0
12;2025-12-21;3;0
12;2025-12-21;4;3
12;2025-12-21;5;154
12;2025-12-21;6;531
12;2025-12-21;7;633
12;2025-12-21;8;689
12;2025-12-21;9;884
12;2025-12-21;10;1122
12;2025-12-21;11;1306
12;2025-12-21;12;1269
12;2025-12-21;13;1443
12;2025-12-21;14;1403
12;2025-12-21;15;1362
12;2025-12-21;16;1454
12;2025-12-21;17;1481
12;2025-12-21;18;1283
12;2025-12-21;19;1077
12;2025-12-21;20;823
12;2025-12-21;21;609
12;2025-12-21;22;376
12;2025-12-21;23;203
12;2025-12-22;0;48
12;2025-12-22;1;2
12;2025-12-22;2;0
12;2025-12-22;3;0
12;2025-12-22;4;3
12;2025-12-22;5;300
12;2025-12-22;6;1383
12;2025-12-22;7;2617
12;2025-12-22;8;3364
12;2025-12-22;9;2421
12;2025-12-22;10;1978
12;2025-12-22;11;1902
12;2025-12-22;12;1909
12;2025-12-22;13;1958
12;2025-12-22;14;1896
12;2025-12-22;15;2178
12;2025-12-22;16;2585
12;2025-12-22;17;2966
12;2025-12-22;18;3075
12;2025-12-22;19;2346
12;2025-12-22;20;1547
12;2025-12-22;21;947
12;2025-12-22;22;435
12;2025-12-22;23;225
12;2025-12-23;0;36
12;2025-12-23;1;1
12;2025-12-23;2;0
12;2025-12-23;3;0
12;2025-12-23;4;3
12;2025-12-23;5;305
12;2025-12-23;6;1415
12;2025-12-23;7;2678
12;2025-12-23;8;3426
12;2025-12-23;9;2472
12;2025-12-23;10;2009
12;2025-12-23;11;1936
12;2025-12-23;12;1917
12;2025-12-23;13;1975
12;2025-12-23;14;1906
12;2025-12-23;15;2176
12;2025-12-23;16;2601
12;2025-12-23;17;2994
12;2025-12-23;18;3121
12;2025-12-23;19;2400
12;2025-12-23;20;1554
12;2025-12-23;21;953
12;2025-12-23;22;456
12;2025-12-23;23;238
12;2025-12-24;0;52
12;2025-12-24;1;3
12;2025-12-24;2;0
12;2025-12-24;3;0
12;2025-12-24;4;10
12;2025-12-24;5;325
12;2025-12-24;6;1434
12;2025-12-24;7;2653
12;2025-12-24;8;3421
12;2025-12-24;9;2483
12;2025-12-24;10;2066
12;2025-12-24;11;1982
12;2025-12-24;12;1954
12;2025-12-24;13;2007
12;2025-12-24;14;1929
12;2025-12-24;15;2199
12;2025-12-24;16;2615
12;2025-12-24;17;3005
12;2025-12-24;18;3148
12;2025-12-24;19;2414
12;2025-12-24;20;1580
12;2025-12-24;21;995
12;2025-12-24;22;486
12;2025-12-24;23;263
12;2025-12-25;0;40
12;2025-12-25;1;2
12;2025-12-25;2;0
12;2025-12-25;3;0
12;2025-12-25;4;7
12;2025-12-25;5;310
12;2025-12-25;6;1395
12;2025-12-25;7;2681
12;2025-12-25;8;3452
12;2025-12-25;9;2467
12;2025-12-25;10;2028
12;2025-12-25;11;1963
12;2025-12-25;12;1942
12;2025-12-25;13;2014
12;2025-12-25;14;1941
12;2025-12-25;15;2215
12;2025-12-25;16;2630
12;2025-12-25;17;3027
12;2025-12-25;18;3172
12;2025-12-25;19;2425
12;2025-12-25;20;1608
12;2025-12-25;21;975
12;2025-12-25;22;491
12;2025-12-25;23;253
12;2025-12-26;0;47
12;2025-12-26;1;2
12;2025-12-26;2;0
12;2025-12-26;3;0
12;2025-12-26;4;3
12;2025-12-26;5;318
12;2025-12-26;6;1397
12;2025-12-26;7;2597
12;2025-12-26;8;3278
12;2025-12-26;9;2408
12;2025-12-26;10;1967
12;2025-12-26;11;1938
12;2025-12-26;12;1919
12;2025-12-26;13;1990
12;2025-12-26;14;1950
12;2025-12-26;15;2276
12;2025-12-26;16;2694
12;2025-12-26;17;2945
12;2025-12-26;18;2739
12;2025-12-26;19;2223
12;2025-12-26;20;1475
12;2025-12-26;21;987
12;2025-12-26;22;478
12;2025-12-26;23;284
12;2025-12-27;0;62
12;2025-12-27;1;3
12;2025-12-27;2;0
12;2025-12-27;3;0
12;2025-12-27;4;2
12;2025-12-27;5;219
12;2025-12-27;6;771
12;2025-12-27;7;884
12;2025-12-27;8;930
12;2025-12-27;9;1120
12;2025-12-27;10;1302
12;2025-12-27;11;1397
12;2025-12-27;12;1319
12;2025-12-27;13;1483
12;2025-12-27;14;1440
12;2025-12-27;15;1386
12;2025-12-27;16;1478
12;2025-12-27;17;1496
12;2025-12-27;18;1341
12;2025-12-27;19;1275
12;2025-12-27;20;986
12;2025-12-27;21;722
12;2025-12-27;22;410
12;2025-12-27;23;254
12;2025-12-28;0;67
12;2025-12-28;1;4
12;2025-12-28;2;0
12;2025-12-28;3;0
12;2025-12-28;4;3
12;2025-12-28;5;154
12;2025-12-28;6;531
12;2025-12-28;7;633
12;2025-12-28;8;689
12;2025-12-28;9;884
12;2025-12-28;10;1122
12;2025-12-28;11;1306
12;2025-12-28;12;1269
12;2025-12-28;13;1443
12;2025-12-28;14;1403
12;2025-12-28;15;1362
12;2025-12-28;16;1454
12;2025-12-28;17;1481
12;2025-12-28;18;1283
12;2025-12-28;19;1077
12;2025-12-28;20;823
12;2025-12-28;21;609
12;2025-12-28;22;376
12;2025-12-28;23;203
12;2025-12-29;0;48
12;2025-12-29;1;2
12;2025-12-29;2;0
12;2025-12-29;3;0
12;2025-12-29;4;3
12;2025-12-29;5;300
12;2025-12-29;6;1383
12;2025-12-29;7;2617
12;2025-12-29;8;3364
12;2025-12-29;9;2421
12;2025-12-29;10;1978
12;2025-12-29;11;1902
12;2025-12-29;12;1909
12;2025-12-29;13;1958
12;2025-12-29;14;1896
12;2025-12-29;15;2178
12;2025-12-29;16;2585
12;2025-12-29;17;2966
12;2025-12-29;18;3075
12;2025-12-29;19;2346
12;2025-12-29;20;1547
12;2025-12-29;21;947
12;2025-12-29;22;435
12;2025-12-29;23;225
12;2025-12-30;0;36
12;2025-12-30;1;1
12;2025-12-30;2;0
12;2025-12-30;3;0
12;2025-12-30;4;3
12;2025-12-30;5;305
12;2025-12-30;6;1415
12;2025-12-30;7;2678
12;2025-12-30;8;3426
12;2025-12-30;9;2472
12;2025-12-30;10;2009
12;2025-12-30;11;1936
12;2025-12-30;12;1917
12;2025-12-30;13;1975
12;2025-12-30;14;1906
12;2025-12-30;15;2176
12;2025-12-30;16;2601
12;2025-12-30;17;2994
12;2025-12-30;18;3121
12;2025-12-30;19;2400
12;2025-12-30;20;1554
12;2025-12-30;21;953
12;2025-12-30;22;456
12;2025-12-30;23;238
12;2025-12-31;0;55
12;2025-12-31;1;3
12;2025-12-31;2;0
12;2025-12-31;3;0
12;2025-12-31;4;7
12;2025-12-31;5;236
12;2025-12-31;6;654
12;2025-12-31;7;723
12;2025-12-31;8;865
12;2025-12-31;9;946
12;2025-12-31;10;1161
12;2025-12-31;11;1324
12;2025-12-31;12;1263
12;2025-12-31;13;1392
12;2025-12-31;14;1342
12;2025-12-31;15;1330
12;2025-12-31;16;1392
12;2025-12-31;17;1411
12;2025-12-31;18;1395
12;2025-12-31;19;1145
12;2025-12-31;20;898
12;2025-12-31;21;687
12;2025-12-31;22;409
12;2025-12-31;23;248
17;2025-11-01;0;156
17;2025-11-01;1;6
17;2025-11-01;2;0
17;2025-11-01;3;0
17;2025-11-01;4;12
17;2025-11-01;5;244
17;2025-11-01;6;1451
17;2025-11-01;7;3602
17;2025-11-01;8;4834
17;2025-11-01;9;3678
17;2025-11-01;10;2986
17;2025-11-01;11;3044
17;2025-11-01;12;3090
17;2025-11-01;13;3241
17;2025-11-01;14;3305
17;2025-11-01;15;3441
17;2025-11-01;16;3809
17;2025-11-01;17;4442
17;2025-11-01;18;4387
17;2025-11-01;19;3263
17;2025-11-01;20;2361
17;2025-11-01;21;1584
17;2025-11-01;22;875
17;2025-11-01;23;423
17;2025-11-02;0;146
17;2025-11-02;1;13
17;2025-11-02;2;0
17;2025-11-02;3;0
17;2025-11-02;4;2
17;2025-11-02;5;57
17;2025-11-02;6;379
17;2025-11-02;7;801
17;2025-11-02;8;1160
17;2025-11-02;9;1536
17;2025-11-02;10;1812
17;2025-11-02;11;2214
17;2025-11-02;12;2499
17;2025-11-02;13;2653
17;2025-11-02;14;2740
17;2025-11-02;15;2729
17;2025-11-02;16;2776
17;2025-11-02;17;2768
17;2025-11-02;18;2499
17;2025-11-02;19;1972
17;2025-11-02;20;1571
17;2025-11-02;21;1104
17;2025-11-02;22;646
17;2025-11-02;23;303
17;2025-11-03;0;109
17;2025-11-03;1;12
17;2025-11-03;2;0
17;2025-11-03;3;0
17;2025-11-03;4;3
17;2025-11-03;5;107
17;2025-11-03;6;464
17;2025-11-03;7;1059
17;2025-11-03;8;1416
17;2025-11-03;9;1597
17;2025-11-03;10;1879
17;2025-11-03;11;2189
17;2025-11-03;12;2454
17;2025-11-03;13;2556
17;2025-11-03;14;2642
17;2025-11-03;15;2617
17;2025-11-03;16;2668
17;2025-11-03;17;2688
17;2025-11-03;18;2629
17;2025-11-03;19;2089
17;2025-11-03;20;1621
17;2025-11-03;21;1104
17;2025-11-03;22;652
17;2025-11-03;23;297
17;2025-11-04;0;108
17;2025-11-04;1;12
17;2025-11-04;2;0
17;2025-11-04;3;0
17;2025-11-04;4;3
17;2025-11-04;5;107
17;2025-11-04;6;477
17;2025-11-04;7;1052
17;2025-11-04;8;1317
17;2025-11-04;9;1601
17;2025-11-04;10;1849
17;2025-11-04;11;2183
17;2025-11-04;12;2440
17;2025-11-04;13;2565
17;2025-11-04;14;2665
17;2025-11-04;15;2646
17;2025-11-04;16;2673
17;2025-11-04;17;2735
17;2025-11-04;18;2659
17;2025-11-04;19;2106
17;2025-11-04;20;1638
17;2025-11-04;21;1137
17;2025-11-04;22;700
17;2025-11-04;23;338
17;2025-11-05;0;98
17;2025-11-05;1;6
17;2025-11-05;2;0
17;2025-11-05;3;0
17;2025-11-05;4;12
17;2025-11-05;5;235
17;2025-11-05;6;1466
17;2025-11-05;7;3716
17;2025-11-05;8;5025
17;2025-11-05;9;3686
17;2025-11-05;10;2890
17;2025-11-05;11;2887
17;2025-11-05;12;2882
17;2025-11-05;13;2968
17;2025-11-05;14;3044
17;2025-11-05;15;3156
17;2025-11-05;16;3528
17;2025-11-05;17;4335
17;2025-11-05;18;4658
17;2025-11-05;19;3289
17;2025-11-05;20;2278
17;2025-11-05;21;1452
17;2025-11-05;22;748
17;2025-11-05;23;343
17;2025-11-06;0;97
17;2025-11-06;1;6
17;2025-11-06;2;0
17;2025-11-06;3;0
17;2025-11-06;4;12
17;2025-11-06;5;243
17;2025-11-06;6;1460
17;2025-11-06;7;3747
17;2025-11-06;8;5061
17;2025-11-06;9;3713
17;2025-11-06;10;2909
17;2025-11-06;11;2882
17;2025-11-06;12;2920
17;2025-11-06;13;3026
17;2025-11-06;14;3072
17;2025-11-06;15;3180
17;2025-11-06;16;3574
17;2025-11-06;17;4331
17;2025-11-06;18;4702
17;2025-11-06;19;3336
17;2025-11-06;20;2332
17;2025-11-06;21;1497
17;2025-11-06;22;780
17;2025-11-06;23;354
17;2025-11-07;0;123
17;2025-11-07;1;6
17;2025-11-07;2;0
17;2025-11-07;3;0
17;2025-11-07;4;12
17;2025-11-07;5;229
17;2025-11-07;6;1434
17;2025-11-07;7;3619
17;2025-11-07;8;4861
17;2025-11-07;9;3618
17;2025-11-07;10;2864
17;2025-11-07;11;2903
17;2025-11-07;12;2903
17;2025-11-07;13;3028
17;2025-11-07;14;3118
17;2025-11-07;15;3284
17;2025-11-07;16;3674
17;2025-11-07;17;4375
17;2025-11-07;18;4317
17;2025-11-07;19;3191
17;2025-11-07;20;2266
17;2025-11-07;21;1523
17;2025-11-07;22;793
17;2025-11-07;23;404
17;2025-11-08;0;160
17;2025-11-08;1;12
17;2025-11-08;2;0
17;2025-11-08;3;0
17;2025-11-08;4;3
17;2025-11-08;5;78
17;2025-11-08;6;518
17;2025-11-08;7;1084
17;2025-11-08;8;1507
17;2025-11-08;9;1941
17;2025-11-08;10;2174
17;2025-11-08;11;2495
17;2025-11-08;12;2733
17;2025-11-08;13;2865
17;2025-11-08;14;2920
17;2025-11-08;15;2914
17;2025-11-08;16;2934
17;2025-11-08;17;2848
17;2025-11-08;18;2610
17;2025-11-08;19;2227
17;2025-11-08;20;1830
17;2025-11-08;21;1281
17;2025-11-08;22;792
17;2025-11-08;23;398
17;2025-11-09;0;146
17;2025-11-09;1;13
17;2025-11-09;2;0
17;2025-11-09;3;0
17;2025-11-09;4;2
17;2025-11-09;5;57
17;2025-11-09;6;379
17;2025-11-09;7;801
17;2025-11-09;8;1160
17;2025-11-09;9;1536
17;2025-11-09;10;1812
17;2025-11-09;11;2214
17;2025-11-09;12;2499
17;2025-11-09;13;2653
17;2025-11-09;14;2740
17;2025-11-09;15;2729
17;2025-11-09;16;2776
17;2025-11-09;17;2768
17;2025-11-09;18;2499
17;2025-11-09;19;1972
17;2025-11-09;20;1571
17;2025-11-09;21;1104
17;2025-11-09;22;646
17;2025-11-09;23;303
17;2025-11-10;0;84
17;2025-11-10;1;7
17;2025-11-10;2;0
17;2025-11-10;3;0
17;2025-11-10;4;12
17;2025-11-10;5;227
17;2025-11-10;6;1425
17;2025-11-10;7;3690
17;2025-11-10;8;5039
17;2025-11-10;9;3644
17;2025-11-10;10;2807
17;2025-11-10;11;2805
17;2025-11-10;12;2798
17;2025-11-10;13;2889
17;2025-11-10;14;2972
17;2025-11-10;15;3088
17;2025-11-10;16;3486
17;2025-11-10;17;4291
17;2025-11-10;18;4630
17;2025-11-10;19;3285
17;2025-11-10;20;2246
17;2025-11-10;21;1387
17;2025-11-10;22;690
17;2025-11-10;23;287
17;2025-11-11;0;78
17;2025-11-11;1;6
17;2025-11-11;2;0
17;2025-11-11;3;0
17;2025-11-11;4;12
17;2025-11-11;5;242
17;2025-11-11;6;1474
17;2025-11-11;7;3759
17;2025-11-11;8;5048
17;2025-11-11;9;3703
17;2025-11-11;10;2880
17;2025-11-11;11;2856
17;2025-11-11;12;2857
17;2025-11-11;13;2948
17;2025-11-11;14;3033
17;2025-11-11;15;3135
17;2025-11-11;16;3515
17;2025-11-11;17;4340
17;2025-11-11;18;4709
17;2025-11-11;19;3333
17;2025-11-11;20;2289
17;2025-11-11;21;1426
17;2025-11-11;22;726
17;2025-11-11;23;321
17;2025-11-12;0;98
17;2025-11-12;1;6
17;2025-11-12;2;0
17;2025-11-12;3;0
17;2025-11-12;4;12
17;2025-11-12;5;235
17;2025-11-12;6;1466
17;2025-11-12;7;3716
17;2025-11-12;8;5025
17;2025-11-12;9;3686
17;2025-11-12;10;2890
17;2025-11-12;11;2887
17;2025-11-12;12;2882
17;2025-11-12;13;2968
17;2025-11-12;14;3044
17;2025-11-12;15;3156
17;2025-11-12;16;3528
17;2025-11-12;17;4335
17;2025-11-12;18;4658
17;2025-11-12;19;3289
17;2025-11-12;20;2278
17;2025-11-12;21;1452
17;2025-11-12;22;748
17;2025-11-12;23;343
17;2025-11-13;0;97
17;2025-11-13;1;6
17;2025-11-13;2;0
17;2025-11-13;3;0
17;2025-11-13;4;12
17;2025-11-13;5;243
17;2025-11-13;6;1460
17;2025-11-13;7;3747
17;2025-11-13;8;5061
17;2025-11-13;9;3713
17;2025-11-13;10;2909
17;2025-11-13;11;2882
17;2025-11-13;12;2920
17;2025-11-13;13;3026
17;2025-11-13;14;3072
17;2025-11-13;15;3180
17;2025-11-13;16;3574
17;2025-11-13;17;4331
17;2025-11-13;18;4702
17;2025-11-13;19;3336
17;2025-11-13;20;2332
17;2025-11-13;21;1497
17;2025-11-13;22;780
17;2025-11-13;23;354
17;2025-11-14;0;123
17;2025-11-14;1;6
17;2025-11-14;2;0
17;2025-11-14;3;0
17;2025-11-14;4;12
17;2025-11-14;5;229
17;2025-11-14;6;1434
17;2025-11-14;7;3619
17;2025-11-14;8;4861
17;2025-11-14;9;3618
17;2025-11-14;10;2864
17;2025-11-14;11;2903
17;2025-11-14;12;2903
17;2025-11-14;13;3028
17;2025-11-14;14;3118
17;2025-11-14;15;3284
17;2025-11-14;16;3674
17;2025-11-14;17;4375
17;2025-11-14;18;4317
17;2025-11-14;19;3191
17;2025-11-14;20;2266
17;2025-11-14;21;1523
17;2025-11-14;22;793
17;2025-11-14;23;404
17;2025-11-15;0;160
17;2025-11-15;1;12
17;2025-11-15;2;0
17;2025-11-15;3;0
17;2025-11-15;4;3
17;2025-11-15;5;78
17;2025-11-15;6;518
17;2025-11-15;7;1084
17;2025-11-15;8;1507
17;2025-11-15;9;1941
17;2025-11-15;10;2174
17;2025-11-15;11;2495
17;2025-11-15;12;2733
17;2025-11-15;13;2865
17;2025-11-15;14;2920
17;2025-11-15;15;2914
17;2025-11-15;16;2934
17;2025-11-15;17;2848
17;2025-11-15;18;2610
17;2025-11-15;19;2227
17;2025-11-15;20;1830
17;2025-11-15;21;1281
17;2025-11-15;22;792
17;2025-11-15;23;398
17;2025-11-16;0;146
17;2025-11-16;1;13
17;2025-11-16;2;0
17;2025-11-16;3;0
17;2025-11-16;4;2
17;2025-11-16;5;57
17;2025-11-16;6;379
17;2025-11-16;7;801
17;2025-11-16;8;1160
17;2025-11-16;9;1536
17;2025-11-16;10;1812
17;2025-11-16;11;2214
17;2025-11-16;12;2499
17;2025-11-16;13;2653
17;2025-11-16;14;2740
17;2025-11-16;15;2729
17;2025-11-16;16;2776
17;2025-11-16;17;2768
17;2025-11-16;18;2499
17;2025-11-16;19;1972
17;2025-11-16;20;1571
17;2025-11-16;21;1104
17;2025-11-16;22;646
17;2025-11-16;23;303
17;2025-11-17;0;84
17;2025-11-17;1;7
17;2025-11-17;2;0
17;2025-11-17;3;0
17;2025-11-17;4;12
17;2025-11-17;5;227
17;2025-11-17;6;1425
17;2025-11-17;7;3690
17;2025-11-17;8;5039
17;2025-11-17;9;3644
17;2025-11-17;10;2807
17;2025-11-17;11;2805
17;2025-11-17;12;2798
17;2025-11-17;13;2889
17;2025-11-17;14;2972
17;2025-11-17;15;3088
17;2025-11-17;16;3486
17;2025-11-17;17;4291
17;2025-11-17;18;4630
17;2025-11-17;19;3285
17;2025-11-17;20;2246
17;2025-11-17;21;1387
17;2025-11-17;22;690
17;2025-11-17;23;287
17;2025-11-18;0;78
17;2025-11-18;1;6
17;2025-11-18;2;0
17;2025-11-18;3;0
17;2025-11-18;4;12
17;2025-11-18;5;242
17;2025-11-18;6;1474
17;2025-11-18;7;3759
17;2025-11-18;8;5048
17;2025-11-18;9;3703
17;2025-11-18;10;2880
17;2025-11-18;11;2856
17;2025-11-18;12;2857
17;2025-11-18;13;2948
17;2025-11-18;14;3033
17;2025-11-18;15;3135
17;2025-11-18;16;3515
17;2025-11-18;17;4340
17;2025-11-18;18;4709
17;2025-11-18;19;3333
17;2025-11-18;20;2289
17;2025-11-18;21;1426
17;2025-11-18;22;726
17;2025-11-18;23;321
17;2025-11-19;0;98
17;2025-11-19;1;6
17;2025-11-19;2;0
17;2025-11-19;3;0
17;2025-11-19;4;12
17;2025-11-19;5;235
17;2025-11-19;6;1466
17;2025-11-19;7;3716
17;2025-11-19;8;5025
17;2025-11-19;9;3686
17;2025-11-19;10;2890
17;2025-11-19;11;2887
17;2025-11-19;12;2882
17;2025-11-19;13;2968
17;2025-11-19;14;3044
17;2025-11-19;15;3156
17;2025-11-19;16;3528
17;2025-11-19;17;4335
17;2025-11-19;18;4658
17;2025-11-19;19;3289
17;2025-11-19;20;2278
17;2025-11-19;21;1452
17;2025-11-19;22;748
17;2025-11-19;23;343
17;2025-11-20;0;97
17;2025-11-20;1;6
17;2025-11-20;2;0
17;2025-11-20;3;0
17;2025-11-20;4;12
17;2025-11-20;5;243
17;2025-11-20;6;1460
17;2025-11-20;7;3747
17;2025-11-20;8;5061
17;2025-11-20;9;3713
17;2025-11-20;10;2909
17;2025-11-20;11;2882
17;2025-11-20;12;2920
17;2025-11-20;13;3026
17;2025-11-20;14;3072
17;2025-11-20;15;3180
17;2025-11-20;16;3574
17;2025-11-20;17;4331
17;2025-11-20;18;4702
17;2025-11-20;19;3336
17;2025-11-20;20;2332
17;2025-11-20;21;1497
17;2025-11-20;22;780
17;2025-11-20;23;354
17;2025-11-21;0;123
17;2025-11-21;1;6
17;2025-11-21;2;0
17;2025-11-21;3;0
17;2025-11-21;4;12
17;2025-11-21;5;229
17;2025-11-21;6;1434
17;2025-11-21;7;3619
17;2025-11-21;8;4861
17;2025-11-21;9;3618
17;2025-11-21;10;2864
17;2025-11-21;11;2903
17;2025-11-21;12;2903
17;2025-11-21;13;3028
17;2025-11-21;14;3118
17;2025-11-21;15;3284
17;2025-11-21;16;3674
17;2025-11-21;17;4375
17;2025-11-21;18;4317
17;2025-11-21;19;3191
17;2025-11-21;20;2266
17;2025-11-21;21;1523
17;2025-11-21;22;793
17;2025-11-21;23;404
17;2025-11-22;0;160
17;2025-11-22;1;12
17;2025-11-22;2;0
17;2025-11-22;3;0
17;2025-11-22;4;3
17;2025-11-22;5;78
17;2025-11-22;6;518
17;2025-11-22;7;1084
17;2025-11-22;8;1507
17;2025-11-22;9;1941
17;2025-11-22;10;2174
17;2025-11-22;11;2495
17;2025-11-22;12;2733
17;2025-11-22;13;2865
17;2025-11-22;14;2920
17;2025-11-22;15;2914
17;2025-11-22;16;2934
17;2025-11-22;17;2848
17;2025-11-22;18;2610
17;2025-11-22;19;2227
17;2025-11-22;20;1830
17;2025-11-22;21;1281
17;2025-11-22;22;792
17;2025-11-22;23;398
17;2025-11-23;0;146
17;2025-11-23;1;13
17;2025-11-23;2;0
17;2025-11-23;3;0
17;2025-11-23;4;2
17;2025-11-23;5;57
17;2025-11-23;6;379
17;2025-11-23;7;801
17;2025-11-23;8;1160
17;2025-11-23;9;1536
17;2025-11-23;10;1812
17;2025-11-23;11;2214
17;2025-11-23;12;2499
17;2025-11-23;13;2653
17;2025-11-23;14;2740
17;2025-11-23;15;2729
17;2025-11-23;16;2776
17;2025-11-23;17;2768
17;2025-11-23;18;2499
17;2025-11-23;19;1972
17;2025-11-23;20;1571
17;2025-11-23;21;1104
17;2025-11-23;22;646
17;2025-11-23;23;303
17;2025-11-24;0;84
17;2025-11-24;1;7
17;2025-11-24;2;0
17;2025-11-24;3;0
17;2025-11-24;4;12
17;2025-11-24;5;227
17;2025-11-24;6;1425
17;2025-11-24;7;3690
17;2025-11-24;8;5039
17;2025-11-24;9;3644
17;2025-11-24;10;2807
17;2025-11-24;11;2805
17;2025-11-24;12;2798
17;2025-11-24;13;2889
17;2025-11-24;14;2972
17;2025-11-24;15;3088
17;2025-11-24;16;3486
17;2025-11-24;17;4291
17;2025-11-24;18;4630
17;2025-11-24;19;3285
17;2025-11-24;20;2246
17;2025-11-24;21;1387
17;2025-11-24;22;690
17;2025-11-24;23;287
17;2025-11-25;0;78
17;2025-11-25;1;6
17;2025-11-25;2;0
17;2025-11-25;3;0
17;2025-11-25;4;12
17;2025-11-25;5;242
17;2025-11-25;6;1474
17;2025-11-25;7;3759
17;2025-11-25;8;5048
17;2025-11-25;9;3703
17;2025-11-25;10;2880
17;2025-11-25;11;2856
17;2025-11-25;12;2857
17;2025-11-25;13;2948
17;2025-11-25;14;3033
17;2025-11-25;15;3135
17;2025-11-25;16;3515
17;2025-11-25;17;4340
17;2025-11-25;18;4709
17;2025-11-25;19;3333
17;2025-11-25;20;2289
17;2025-11-25;21;1426
17;2025-11-25;22;726
17;2025-11-25;23;321
17;2025-11-26;0;98
17;2025-11-26;1;6
17;2025-11-26;2;0
17;2025-11-26;3;0
17;2025-11-26;4;12
17;2025-11-26;5;235
17;2025-11-26;6;1466
17;2025-11-26;7;3716
17;2025-11-26;8;5025
17;2025-11-26;9;3686
17;2025-11-26;10;2890
17;2025-11-26;11;2887
17;2025-11-26;12;2882
17;2025-11-26;13;2968
17;2025-11-26;14;3044
17;2025-11-26;15;3156
17;2025-11-26;16;3528
17;2025-11-26;17;4335
17;2025-11-26;18;4658
17;2025-11-26;19;3289
17;2025-11-26;20;2278
17;2025-11-26;21;1452
17;2025-11-26;22;748
17;2025-11-26;23;343
17;2025-11-27;0;97
17;2025-11-27;1;6
17;2025-11-27;2;0
17;2025-11-27;3;0
17;2025-11-27;4;12
17;2025-11-27;5;243
17;2025-11-27;6;1460
17;2025-11-27;7;3747
17;2025-11-27;8;5061
17;2025-11-27;9;3713
17;2025-11-27;10;2909
17;2025-11-27;11;2882
17;2025-11-27;12;2920
17;2025-11-27;13;3026
17;2025-11-27;14;3072
17;2025-11-27;15;3180
17;2025-11-27;16;3574
17;2025-11-27;17;4331
17;2025-11-27;18;4702
17;2025-11-27;19;3336
17;2025-11-27;20;2332
17;2025-11-27;21;1497
17;2025-11-27;22;780
17;2025-11-27;23;354
17;2025-11-28;0;123
17;2025-11-28;1;6
17;2025-11-28;2;0
17;2025-11-28;3;0
17;2025-11-28;4;12
17;2025-11-28;5;229
17;2025-11-28;6;1434
17;2025-11-28;7;3619
17;2025-11-28;8;4861
17;2025-11-28;9;3618
17;2025-11-28;10;2864
17;2025-11-28;11;2903
17;2025-11-28;12;2903
17;2025-11-28;13;3028
17;2025-11-28;14;3118
17;2025-11-28;15;3284
17;2025-11-28;16;3674
17;2025-11-28;17;4375
17;2025-11-28;18;4317
17;2025-11-28;19;3191
17;2025-11-28;20;2266
17;2025-11-28;21;1523
17;2025-11-28;22;793
17;2025-11-28;23;404
17;2025-11-29;0;160
17;2025-11-29;1;12
17;2025-11-29;2;0
17;2025-11-29;3;0
17;2025-11-29;4;3
17;2025-11-29;5;78
17;2025-11-29;6;518
17;2025-11-29;7;1084
17;2025-11-29;8;1507
17;2025-11-29;9;1941
17;2025-11-29;10;2174
17;2025-11-29;11;2495
17;2025-11-29;12;2733
17;2025-11-29;13;2865
17;2025-11-29;14;2920
17;2025-11-29;15;2914
17;2025-11-29;16;2934
17;2025-11-29;17;2848
17;2025-11-29;18;2610
17;2025-11-29;19;2227
17;2025-11-29;20;1830
17;2025-11-29;21;1281
17;2025-11-29;22;792
17;2025-11-29;23;398
17;2025-11-30;0;146
17;2025-11-30;1;13
17;2025-11-30;2;0
17;2025-11-30;3;0
17;2025-11-30;4;2
17;2025-11-30;5;57
17;2025-11-30;6;379
17;2025-11-30;7;801
17;2025-11-30;8;1160
17;2025-11-30;9;1536
17;2025-11-30;10;1812
17;2025-11-30;11;2214
17;2025-11-30;12;2499
17;2025-11-30;13;2653
17;2025-11-30;14;2740
17;2025-11-30;15;2729
17;2025-11-30;16;2776
17;2025-11-30;17;2768
17;2025-11-30;18;2499
17;2025-11-30;19;1972
17;2025-11-30;20;1571
17;2025-11-30;21;1104
17;2025-11-30;22;646
17;2025-11-30;23;303
17;2025-12-01;0;84
17;2025-12-01;1;7
17;2025-12-01;2;0
17;2025-12-01;3;0
17;2025-12-01;4;12
17;2025-12-01;5;227
17;2025-12-01;6;1425
17;2025-12-01;7;3690
17;2025-12-01;8;5039
17;2025-12-01;9;3644
17;2025-12-01;10;2807
17;2025-12-01;11;2805
17;2025-12-01;12;2798
17;2025-12-01;13;2889
17;2025-12-01;14;2972
17;2025-12-01;15;3088
17;2025-12-01;16;3486
17;2025-12-01;17;4291
17;2025-12-01;18;4630
17;2025-12-01;19;3285
17;2025-12-01;20;2246
17;2025-12-01;21;1387
17;2025-12-01;22;690
17;2025-12-01;23;287
17;2025-12-02;0;78
17;2025-12-02;1;6
17;2025-12-02;2;0
17;2025-12-02;3;0
17;2025-12-02;4;12
17;2025-12-02;5;242
17;2025-12-02;6;1474
17;2025-12-02;7;3759
17;2025-12-02;8;5048
17;2025-12-02;9;3703
17;2025-12-02;10;2880
17;2025-12-02;11;2856
17;2025-12-02;12;2857
17;2025-12-02;13;2948
17;2025-12-02;14;3033
17;2025-12-02;15;3135
17;2025-12-02;16;3515
17;2025-12-02;17;4340
17;2025-12-02;18;4709
17;2025-12-02;19;3333
17;2025-12-02;20;2289
17;2025-12-02;21;1426
17;2025-12-02;22;726
17;2025-12-02;23;321
17;2025-12-03;0;98
17;2025-12-03;1;6
17;2025-12-03;2;0
17;2025-12-03;3;0
17;2025-12-03;4;12
17;2025-12-03;5;235
17;2025-12-03;6;1466
17;2025-12-03;7;3716
17;2025-12-03;8;5025
17;2025-12-03;9;3686
17;2025-12-03;10;2890
17;2025-12-03;11;2887
17;2025-12-03;12;2882
17;2025-12-03;13;2968
17;2025-12-03;14;3044
17;2025-12-03;15;3156
17;2025-12-03;16;3528
17;2025-12-03;17;4335
17;2025-12-03;18;4658
17;2025-12-03;19;3289
17;2025-12-03;20;2278
17;2025-12-03;21;1452
17;2025-12-03;22;748
17;2025-12-03;23;343
17;2025-12-04;0;97
17;2025-12-04;1;6
17;2025-12-04;2;0
17;2025-12-04;3;0
17;2025-12-04;4;12
17;2025-12-04;5;243
17;2025-12-04;6;1460
17;2025-12-04;7;3747
17;2025-12-04;8;5061
17;2025-12-04;9;3713
17;2025-12-04;10;2909
17;2025-12-04;11;2882
17;2025-12-04;12;2920
17;2025-12-04;13;3026
17;2025-12-04;14;3072
17;2025-12-04;15;3180
17;2025-12-04;16;3574
17;2025-12-04;17;4331
17;2025-12-04;18;4702
17;2025-12-04;19;3336
17;2025-12-04;20;2332
17;2025-12-04;21;1497
17;2025-12-04;22;780
17;2025-12-04;23;354
17;2025-12-05;0;123
17;2025-12-05;1;6
17;2025-12-05;2;0
17;2025-12-05;3;0
17;2025-12-05;4;12
17;2025-12-05;5;229
17;2025-12-05;6;1434
17;2025-12-05;7;3619
17;2025-12-05;8;4861
17;2025-12-05;9;3618
17;2025-12-05;10;2864
17;2025-12-05;11;2903
17;2025-12-05;12;2903
17;2025-12-05;13;3028
17;2025-12-05;14;3118
17;2025-12-05;15;3284
17;2025-12-05;16;3674
17;2025-12-05;17;4375
17;2025-12-05;18;4317
17;2025-12-05;19;3191
17;2025-12-05;20;2266
17;2025-12-05;21;1523
17;2025-12-05;22;793
17;2025-12-05;23;404
17;2025-12-06;0;160
17;2025-12-06;1;12
17;2025-12-06;2;0
17;2025-12-06;3;0
17;2025-12-06;4;3
17;2025-12-06;5;78
17;2025-12-06;6;518
17;2025-12-06;7;1084
17;2025-12-06;8;1507
17;2025-12-06;9;1941
17;2025-12-06;10;2174
17;2025-12-06;11;2495
17;2025-12-06;12;2733
17;2025-12-06;13;2865
17;2025-12-06;14;2920
17;2025-12-06;15;2914
17;2025-12-06;16;2934
17;2025-12-06;17;2848
17;2025-12-06;18;2610
17;2025-12-06;19;2227
17;2025-12-06;20;1830
17;2025-12-06;21;1281
17;2025-12-06;22;792
17;2025-12-06;23;398
17;2025-12-07;0;146
17;2025-12-07;1;13
17;2025-12-07;2;0
17;2025-12-07;3;0
17;2025-12-07;4;2
17;2025-12-07;5;57
17;2025-12-07;6;379
17;2025-12-07;7;801
17;2025-12-07;8;1160
17;2025-12-07;9;1536
17;2025-12-07;10;1812
17;2025-12-07;11;2214
17;2025-12-07;12;2499
17;2025-12-07;13;2653
17;2025-12-07;14;2740
17;2025-12-07;15;2729
17;2025-12-07;16;2776
17;2025-12-07;17;2768
17;2025-12-07;18;2499
17;2025-12-07;19;1972
17;2025-12-07;20;1571
17;2025-12-07;21;1104
17;2025-12-07;22;646
17;2025-12-07;23;303
17;2025-12-08;0;84
17;2025-12-08;1;7
17;2025-12-08;2;0
17;2025-12-08;3;0
17;2025-12-08;4;12
17;2025-12-08;5;227
17;2025-12-08;6;1425
17;2025-12-08;7;3690
17;2025-12-08;8;5039
17;2025-12-08;9;3644
17;2025-12-08;10;2807
17;2025-12-08;11;2805
17;2025-12-08;12;2798
17;2025-12-08;13;2889
17;2025-12-08;14;2972
17;2025-12-08;15;3088
17;2025-12-08;16;3486
17;2025-12-08;17;4291
17;2025-12-08;18;4630
17;2025-12-08;19;3285
17;2025-12-08;20;2246
17;2025-12-08;21;1387
17;2025-12-08;22;690
17;2025-12-08;23;287
17;2025-12-09;0;78
17;2025-12-09;1;6
17;2025-12-09;2;0
17;2025-12-09;3;0
17;2025-12-09;4;12
17;2025-12-09;5;242
17;2025-12-09;6;1474
17;2025-12-09;7;3759
17;2025-12-09;8;5048
17;2025-12-09;9;3703
17;2025-12-09;10;2880
17;2025-12-09;11;2856
17;2025-12-09;12;2857
17;2025-12-09;13;2948
17;2025-12-09;14;3033
17;2025-12-09;15;3135
17;2025-12-09;16;3515
17;2025-12-09;17;4340
17;2025-12-09;18;4709
17;2025-12-09;19;3333
17;2025-12-09;20;2289
17;2025-12-09;21;1426
17;2025-12-09;22;726
17;2025-12-09;23;321
17;2025-12-10;0;98
17;2025-12-10;1;6
17;2025-12-10;2;0
17;2025-12-10;3;0
17;2025-12-10;4;12
17;2025-12-10;5;235
17;2025-12-10;6;1466
17;2025-12-10;7;3716
17;2025-12-10;8;5025
17;2025-12-10;9;3686
17;2025-12-10;10;2890
17;2025-12-10;11;2887
17;2025-12-10;12;2882
17;2025-12-10;13;2968
17;2025-12-10;14;3044
17;2025-12-10;15;3156
17;2025-12-10;16;3528
17;2025-12-10;17;4335
17;2025-12-10;18;4658
17;2025-12-10;19;3289
17;2025-12-10;20;2278
17;2025-12-10;21;1452
17;2025-12-10;22;748
17;2025-12-10;23;343
17;2025-12-11;0;97
17;2025-12-11;1;6
17;2025-12-11;2;0
17;2025-12-11;3;0
17;2025-12-11;4;12
17;2025-12-11;5;243
17;2025-12-11;6;1460
17;2025-12-11;7;3747
17;2025-12-11;8;5061
17;2025-12-11;9;3713
17;2025-12-11;10;2909
17;2025-12-11;11;2882
17;2025-12-11;12;2920
17;2025-12-11;13;3026
17;2025-12-11;14;3072
17;2025-12-11;15;3180
17;2025-12-11;16;3574
17;2025-12-11;17;4331
17;2025-12-11;18;4702
17;2025-12-11;19;3336
17;2025-12-11;20;2332
17;2025-12-11;21;1497
17;2025-12-11;22;780
17;2025-12-11;23;354
17;2025-12-12;0;123
17;2025-12-12;1;6
17;2025-12-12;2;0
17;2025-12-12;3;0
17;2025-12-12;4;12
17;2025-12-12;5;229
17;2025-12-12;6;1434
17;2025-12-12;7;3619
17;2025-12-12;8;4861
17;2025-12-12;9;3618
17;2025-12-12;10;2864
17;2025-12-12;11;2903
17;2025-12-12;12;2903
17;2025-12-12;13;3028
17;2025-12-12;14;3118
17;2025-12-12;15;3284
17;2025-12-12;16;3674
17;2025-12-12;17;4375
17;2025-12-12;18;4317
17;2025-12-12;19;3191
17;2025-12-12;20;2266
17;2025-12-12;21;1523
17;2025-12-12;22;793
17;2025-12-12;23;404
17;2025-12-13;0;160
17;2025-12-13;1;12
17;2025-12-13;2;0
17;2025-12-13;3;0
17;2025-12-13;4;3
17;2025-12-13;5;78
17;2025-12-13;6;518
17;2025-12-13;7;1084
17;2025-12-13;8;1507
17;2025-12-13;9;1941
17;2025-12-13;10;2174
17;2025-12-13;11;2495
17;2025-12-13;12;2733
17;2025-12-13;13;2865
17;2025-12-13;14;2920
17;2025-12-13;15;2914
17;2025-12-13;16;2934
17;2025-12-13;17;2848
17;2025-12-13;18;2610
17;2025-12-13;19;2227
17;2025-12-13;20;1830
17;2025-12-13;21;1281
17;2025-12-13;22;792
17;2025-12-13;23;398
17;2025-12-14;0;146
17;2025-12-14;1;13
17;2025-12-14;2;0
17;2025-12-14;3;0
17;2025-12-14;4;2
17;2025-12-14;5;57
17;2025-12-14;6;379
17;2025-12-14;7;801
17;2025-12-14;8;1160
17;2025-12-14;9;1536
17;2025-12-14;10;1812
17;2025-12-14;11;2214
17;2025-12-14;12;2499
17;2025-12-14;13;2653
17;2025-12-14;14;2740
17;2025-12-14;15;2729
17;2025-12-14;16;2776
17;2025-12-14;17;2768
17;2025-12-14;18;2499
17;2025-12-14;19;1972
17;2025-12-14;20;1571
17;2025-12-14;21;1104
17;2025-12-14;22;646
17;2025-12-14;23;303
17;2025-12-15;0;84
17;2025-12-15;1;7
17;2025-12-15;2;0
17;2025-12-15;3;0
17;2025-12-15;4;12
17;2025-12-15;5;227
17;2025-12-15;6;1425
17;2025-12-15;7;3690
17;2025-12-15;8;5039
17;2025-12-15;9;3644
17;2025-12-15;10;2807
17;2025-12-15;11;2805
17;2025-12-15;12;2798
17;2025-12-15;13;2889
17;2025-12-15;14;2972
17;2025-12-15;15;3088
17;2025-12-15;16;3486
17;2025-12-15;17;4291
17;2025-12-15;18;4630
17;2025-12-15;19;3285
17;2025-12-15;20;2246
17;2025-12-15;21;1387
17;2025-12-15;22;690
17;2025-12-15;23;287
17;2025-12-16;0;78
17;2025-12-16;1;6
17;2025-12-16;2;0
17;2025-12-16;3;0
17;2025-12-16;4;12
17;2025-12-16;5;242
17;2025-12-16;6;1474
17;2025-12-16;7;3759
17;2025-12-16;8;5048
17;2025-12-16;9;3703
17;2025-12-16;10;2880
17;2025-12-16;11;2856
17;2025-12-16;12;2857
17;2025-12-16;13;2948
17;2025-12-16;14;3033
17;2025-12-16;15;3135
17;2025-12-16;16;3515
17;2025-12-16;17;4340
17;2025-12-16;18;4709
17;2025-12-16;19;3333
17;2025-12-16;20;2289
17;2025-12-16;21;1426
17;2025-12-16;22;726
17;2025-12-16;23;321
17;2025-12-17;0;98
17;2025-12-17;1;6
17;2025-12-17;2;0
17;2025-12-17;3;0
17;2025-12-17;4;12
17;2025-12-17;5;235
17;2025-12-17;6;1466
17;2025-12-17;7;3716
17;2025-12-17;8;5025
17;2025-12-17;9;3686
17;2025-12-17;10;2890
17;2025-12-17;11;2887
17;2025-12-17;12;2882
17;2025-12-17;13;2968
17;2025-12-17;14;3044
17;2025-12-17;15;3156
17;2025-12-17;16;3528
17;2025-12-17;17;4335
17;2025-12-17;18;4658
17;2025-12-17;19;3289
17;2025-12-17;20;2278
17;2025-12-17;21;1452
17;2025-12-17;22;748
17;2025-12-17;23;343
17;2025-12-18;0;97
17;2025-12-18;1;6
17;2025-12-18;2;0
17;2025-12-18;3;0
17;2025-12-18;4;12
17;2025-12-18;5;243
17;2025-12-18;6;1460
17;2025-12-18;7;3747
17;2025-12-18;8;5061
17;2025-12-18;9;3713
17;2025-12-18;10;2909
17;2025-12-18;11;2882
17;2025-12-18;12;2920
17;2025-12-18;13;3026
17;2025-12-18;14;3072
17;2025-12-18;15;3180
17;2025-12-18;16;3574
17;2025-12-18;17;4331
17;2025-12-18;18;4702
17;2025-12-18;19;3336
17;2025-12-18;20;2332
17;2025-12-18;21;1497
17;2025-12-18;22;780
17;2025-12-18;23;354
17;2025-12-19;0;123
17;2025-12-19;1;6
17;2025-12-19;2;0
17;2025-12-19;3;0
17;2025-12-19;4;12
17;2025-12-19;5;229
17;2025-12-19;6;1434
17;2025-12-19;7;3619
17;2025-12-19;8;4861
17;2025-12-19;9;3618
17;2025-12-19;10;2864
17;2025-12-19;11;2903
17;2025-12-19;12;2903
17;2025-12-19;13;3028
17;2025-12-19;14;3118
17;2025-12-19;15;3284
17;2025-12-19;16;3674
17;2025-12-19;17;4375
17;2025-12-19;18;4317
17;2025-12-19;19;3191
17;2025-12-19;20;2266
17;2025-12-19;21;1523
17;2025-12-19;22;793
17;2025-12-19;23;404
17;2025-12-20;0;160
17;2025-12-20;1;12
17;2025-12-20;2;0
17;2025-12-20;3;0
17;2025-12-20;4;3
17;2025-12-20;5;78
17;2025-12-20;6;518
17;2025-12-20;7;1084
17;2025-12-20;8;1507
17;2025-12-20;9;1941
17;2025-12-20;10;2174
17;2025-12-20;11;2495
17;2025-12-20;12;2733
17;2025-12-20;13;2865
17;2025-12-20;14;2920
17;2025-12-20;15;2914
17;2025-12-20;16;2934
17;2025-12-20;17;2848
17;2025-12-20;18;2610
17;2025-12-20;19;2227
17;2025-12-20;20;1830
17;2025-12-20;21;1281
17;2025-12-20;22;792
17;2025-12-20;23;398
17;2025-12-21;0;146
17;2025-12-21;1;13
17;2025-12-21;2;0
17;2025-12-21;3;0
17;2025-12-21;4;2
17;2025-12-21;5;57
17;2025-12-21;6;379
17;2025-12-21;7;801
17;2025-12-21;8;1160
17;2025-12-21;9;1536
17;2025-12-21;10;1812
17;2025-12-21;11;2214
17;2025-12-21;12;2499
17;2025-12-21;13;2653
17;2025-12-21;14;2740
17;2025-12-21;15;2729
17;2025-12-21;16;2776
17;2025-12-21;17;2768
17;2025-12-21;18;2499
17;2025-12-21;19;1972
17;2025-12-21;20;1571
17;2025-12-21;21;1104
17;2025-12-21;22;646
17;2025-12-21;23;303
17;2025-12-22;0;84
17;2025-12-22;1;7
17;2025-12-22;2;0
17;2025-12-22;3;0
17;2025-12-22;4;12
17;2025-12-22;5;227
17;2025-12-22;6;1425
17;2025-12-22;7;3690
17;2025-12-22;8;5039
17;2025-12-22;9;3644
17;2025-12-22;10;2807
17;2025-12-22;11;2805
17;2025-12-22;12;2798
17;2025-12-22;13;2889
17;2025-12-22;14;2972
17;2025-12-22;15;3088
17;2025-12-22;16;3486
17;2025-12-22;17;4291
17;2025-12-22;18;4630
17;2025-12-22;19;3285
17;2025-12-22;20;2246
17;2025-12-22;21;1387
17;2025-12-22;22;690
17;2025-12-22;23;287
17;2025-12-23;0;78
17;2025-12-23;1;6
17;2025-12-23;2;0
17;2025-12-23;3;0
17;2025-12-23;4;12
17;2025-12-23;5;242
17;2025-12-23;6;1474
17;2025-12-23;7;3759
17;2025-12-23;8;5048
17;2025-12-23;9;3703
17;2025-12-23;10;2880
17;2025-12-23;11;2856
17;2025-12-23;12;2857
17;2025-12-23;13;2948
17;2025-12-23;14;3033
17;2025-12-23;15;3135
17;2025-12-23;16;3515
17;2025-12-23;17;4340
17;2025-12-23;18;4709
17;2025-12-23;19;3333
17;2025-12-23;20;2289
17;2025-12-23;21;1426
17;2025-12-23;22;726
17;2025-12-23;23;321
17;2025-12-24;0;98
17;2025-12-24;1;6
17;2025-12-24;2;0
17;2025-12-24;3;0
17;2025-12-24;4;12
17;2025-12-24;5;235
17;2025-12-24;6;1466
17;2025-12-24;7;3716
17;2025-12-24;8;5025
17;2025-12-24;9;3686
17;2025-12-24;10;2890
17;2025-12-24;11;2887
17;2025-12-24;12;2882
17;2025-12-24;13;2968
17;2025-12-24;14;3044
17;2025-12-24;15;3156
17;2025-12-24;16;3528
17;2025-12-24;17;4335
17;2025-12-24;18;4658
17;2025-12-24;19;3289
17;2025-12-24;20;2278
17;2025-12-24;21;1452
17;2025-12-24;22;748
17;2025-12-24;23;343
17;2025-12-25;0;97
17;2025-12-25;1;6
17;2025-12-25;2;0
17;2025-12-25;3;0
17;2025-12-25;4;12
17;2025-12-25;5;243
17;2025-12-25;6;1460
17;2025-12-25;7;3747
17;2025-12-25;8;5061
17;2025-12-25;9;3713
17;2025-12-25;10;2909
17;2025-12-25;11;2882
17;2025-12-25;12;2920
17;2025-12-25;13;3026
17;2025-12-25;14;3072
17;2025-12-25;15;3180
17;2025-12-25;16;3574
17;2025-12-25;17;4331
17;2025-12-25;18;4702
17;2025-12-25;19;3336
17;2025-12-25;20;2332
17;2025-12-25;21;1497
17;2025-12-25;22;780
17;2025-12-25;23;354
17;2025-12-26;0;123
17;2025-12-26;1;6
17;2025-12-26;2;0
17;2025-12-26;3;0
17;2025-12-26;4;12
17;2025-12-26;5;229
17;2025-12-26;6;1434
17;2025-12-26;7;3619
17;2025-12-26;8;4861
17;2025-12-26;9;3618
17;2025-12-26;10;2864
17;2025-12-26;11;2903
17;2025-12-26;12;2903
17;2025-12-26;13;3028
17;2025-12-26;14;3118
17;2025-12-26;15;3284
17;2025-12-26;16;3674
17;2025-12-26;17;4375
17;2025-12-26;18;4317
17;2025-12-26;19;3191
17;2025-12-26;20;2266
17;2025-12-26;21;1523
17;2025-12-26;22;793
17;2025-12-26;23;404
17;2025-12-27;0;160
17;2025-12-27;1;12
17;2025-12-27;2;0
17;2025-12-27;3;0
17;2025-12-27;4;3
17;2025-12-27;5;78
17;2025-12-27;6;518
17;2025-12-27;7;1084
17;2025-12-27;8;1507
17;2025-12-27;9;1941
17;2025-12-27;10;2174
17;2025-12-27;11;2495
17;2025-12-27;12;2733
17;2025-12-27;13;2865
17;2025-12-27;14;2920
17;2025-12-27;15;2914
17;2025-12-27;16;2934
17;2025-12-27;17;2848
17;2025-12-27;18;2610
17;2025-12-27;19;2227
17;2025-12-27;20;1830
17;2025-12-27;21;1281
17;2025-12-27;22;792
17;2025-12-27;23;398
17;2025-12-28;0;146
17;2025-12-28;1;13
17;2025-12-28;2;0
17;2025-12-28;3;0
17;2025-12-28;4;2
17;2025-12-28;5;57
17;2025-12-28;6;379
17;2025-12-28;7;801
17;2025-12-28;8;1160
17;2025-12-28;9;1536
17;2025-12-28;10;1812
17;2025-12-28;11;2214
17;2025-12-28;12;2499
17;2025-12-28;13;2653
17;2025-12-28;14;2740
17;2025-12-28;15;2729
17;2025-12-28;16;2776
17;2025-12-28;17;2768
17;2025-12-28;18;2499
17;2025-12-28;19;1972
17;2025-12-28;20;1571
17;2025-12-28;21;1104
17;2025-12-28;22;646
17;2025-12-28;23;303
17;2025-12-29;0;84
17;2025-12-29;1;7
17;2025-12-29;2;0
17;2025-12-29;3;0
17;2025-12-29;4;12
17;2025-12-29;5;227
17;2025-12-29;6;1425
17;2025-12-29;7;3690
17;2025-12-29;8;5039
17;2025-12-29;9;3644
17;2025-12-29;10;2807
17;2025-12-29;11;2805
17;2025-12-29;12;2798
17;2025-12-29;13;2889
17;2025-12-29;14;2972
17;2025-12-29;15;3088
17;2025-12-29;16;3486
17;2025-12-29;17;4291
17;2025-12-29;18;4630
17;2025-12-29;19;3285
17;2025-12-29;20;2246
17;2025-12-29;21;1387
17;2025-12-29;22;690
17;2025-12-29;23;287
17;2025-12-30;0;78
17;2025-12-30;1;6
17;2025-12-30;2;0
17;2025-12-30;3;0
17;2025-12-30;4;12
17;2025-12-30;5;242
17;2025-12-30;6;1474
17;2025-12-30;7;3759
17;2025-12-30;8;5048
17;2025-12-30;9;3703
17;2025-12-30;10;2880
17;2025-12-30;11;2856
17;2025-12-30;12;2857
17;2025-12-30;13;2948
17;2025-12-30;14;3033
17;2025-12-30;15;3135
17;2025-12-30;16;3515
17;2025-12-30;17;4340
17;2025-12-30;18;4709
17;2025-12-30;19;3333
17;2025-12-30;20;2289
17;2025-12-30;21;1426
17;2025-12-30;22;726
17;2025-12-30;23;321
17;2025-12-31;0;123
17;2025-12-31;1;12
17;2025-12-31;2;0
17;2025-12-31;3;0
17;2025-12-31;4;3
17;2025-12-31;5;106
17;2025-12-31;6;513
17;2025-12-31;7;1065
17;2025-12-31;8;1388
17;2025-12-31;9;1633
17;2025-12-31;10;1899
17;2025-12-31;11;2236
17;2025-12-31;12;2387
17;2025-12-31;13;2474
17;2025-12-31;14;2555
17;2025-12-31;15;2540
17;2025-12-31;16;2562
17;2025-12-31;17;2606
17;2025-12-31;18;2526
17;2025-12-31;19;2058
17;2025-12-31;20;1636
17;2025-12-31;21;1137
17;2025-12-31;22;686
17;2025-12-31;23;340
25;2025-11-01;0;0
25;2025-11-01;1;0
25;2025-11-01;2;0
25;2025-11-01;3;0
25;2025-11-01;4;0
25;2025-11-01;5;7
25;2025-11-01;6;153
25;2025-11-01;7;471
25;2025-11-01;8;756
25;2025-11-01;9;432
25;2025-11-01;10;335
25;2025-11-01;11;403
25;2025-11-01;12;410
25;2025-11-01;13;542
25;2025-11-01;14;517
25;2025-11-01;15;616
25;2025-11-01;16;689
25;2025-11-01;17;702
25;2025-11-01;18;626
25;2025-11-01;19;448
25;2025-11-01;20;287
25;2025-11-01;21;206
25;2025-11-01;22;119
25;2025-11-01;23;14
25;2025-11-02;0;4
25;2025-11-02;1;0
25;2025-11-02;2;0
25;2025-11-02;3;0
25;2025-11-02;4;0
25;2025-11-02;5;3
25;2025-11-02;6;80
25;2025-11-02;7;114
25;2025-11-02;8;196
25;2025-11-02;9;201
25;2025-11-02;10;204
25;2025-11-02;11;276
25;2025-11-02;12;313
25;2025-11-02;13;433
25;2025-11-02;14;431
25;2025-11-02;15;497
25;2025-11-02;16;451
25;2025-11-02;17;448
25;2025-11-02;18;413
25;2025-11-02;19;324
25;2025-11-02;20;217
25;2025-11-02;21;177
25;2025-11-02;22;90
25;2025-11-02;23;23
25;2025-11-03;0;2
25;2025-11-03;1;0
25;2025-11-03;2;0
25;2025-11-03;3;0
25;2025-11-03;4;0
25;2025-11-03;5;4
25;2025-11-03;6;108
25;2025-11-03;7;152
25;2025-11-03;8;294
25;2025-11-03;9;223
25;2025-11-03;10;209
25;2025-11-03;11;277
25;2025-11-03;12;290
25;2025-11-03;13;405
25;2025-11-03;14;392
25;2025-11-03;15;459
25;2025-11-03;16;419
25;2025-11-03;17;433
25;2025-11-03;18;462
25;2025-11-03;19;383
25;2025-11-03;20;227
25;2025-11-03;21;179
25;2025-11-03;22;83
25;2025-11-03;23;12
25;2025-11-04;0;0
25;2025-11-04;1;0
25;2025-11-04;2;0
25;2025-11-04;3;0
25;2025-11-04;4;0
25;2025-11-04;5;5
25;2025-11-04;6;103
25;2025-11-04;7;143
25;2025-11-04;8;280
25;2025-11-04;9;207
25;2025-11-04;10;205
25;2025-11-04;11;272
25;2025-11-04;12;280
25;2025-11-04;13;386
25;2025-11-04;14;387
25;2025-11-04;15;466
25;2025-11-04;16;422
25;2025-11-04;17;424
25;2025-11-04;18;458
25;2025-11-04;19;383
25;2025-11-04;20;224
25;2025-11-04;21;175
25;2025-11-04;22;74
25;2025-11-04;23;10
25;2025-11-05;0;0
25;2025-11-05;1;0
25;2025-11-05;2;0
25;2025-11-05;3;0
25;2025-11-05;4;0
25;2025-11-05;5;7
25;2025-11-05;6;167
25;2025-11-05;7;495
25;2025-11-05;8;815
25;2025-11-05;9;446
25;2025-11-05;10;334
25;2025-11-05;11;379
25;2025-11-05;12;382
25;2025-11-05;13;498
25;2025-11-05;14;445
25;2025-11-05;15;538
25;2025-11-05;16;626
25;2025-11-05;17;695
25;2025-11-05;18;775
25;2025-11-05;19;552
25;2025-11-05;20;317
25;2025-11-05;21;207
25;2025-11-05;22;96
25;2025-11-05;23;1
25;2025-11-06;0;0
25;2025-11-06;1;0
25;2025-11-06;2;0
25;2025-11-06;3;0
25;2025-11-06;4;0
25;2025-11-06;5;9
25;2025-11-06;6;166
25;2025-11-06;7;498
25;2025-11-06;8;811
25;2025-11-06;9;446
25;2025-11-06;10;337
25;2025-11-06;11;383
25;2025-11-06;12;382
25;2025-11-06;13;500
25;2025-11-06;14;461
25;2025-11-06;15;545
25;2025-11-06;16;641
25;2025-11-06;17;692
25;2025-11-06;18;763
25;2025-11-06;19;548
25;2025-11-06;20;306
25;2025-11-06;21;196
25;2025-11-06;22;96
25;2025-11-06;23;2
25;2025-11-07;0;0
25;2025-11-07;1;0
25;2025-11-07;2;0
25;2025-11-07;3;0
25;2025-11-07;4;0
25;2025-11-07;5;6
25;2025-11-07;6;159
25;2025-11-07;7;468
25;2025-11-07;8;774
25;2025-11-07;9;414
25;2025-11-07;10;315
25;2025-11-07;11;379
25;2025-11-07;12;369
25;2025-11-07;13;508
25;2025-11-07;14;468
25;2025-11-07;15;577
25;2025-11-07;16;663
25;2025-11-07;17;703
25;2025-11-07;18;671
25;2025-11-07;19;490
25;2025-11-07;20;285
25;2025-11-07;21;196
25;2025-11-07;22;97
25;2025-11-07;23;0
25;2025-11-08;0;0
25;2025-11-08;1;0
25;2025-11-08;2;0
25;2025-11-08;3;0
25;2025-11-08;4;0
25;2025-11-08;5;4
25;2025-11-08;6;89
25;2025-11-08;7;134
25;2025-11-08;8;255
25;2025-11-08;9;238
25;2025-11-08;10;238
25;2025-11-08;11;330
25;2025-11-08;12;355
25;2025-11-08;13;477
25;2025-11-08;14;470
25;2025-11-08;15;549
25;2025-11-08;16;490
25;2025-11-08;17;476
25;2025-11-08;18;448
25;2025-11-08;19;385
25;2025-11-08;20;245
25;2025-11-08;21;201
25;2025-11-08;22;104
25;2025-11-08;23;30
25;2025-11-09;0;4
25;2025-11-09;1;0
25;2025-11-09;2;0
25;2025-11-09;3;0
25;2025-11-09;4;0
25;2025-11-09;5;3
25;2025-11-09;6;80
25;2025-11-09;7;114
25;2025-11-09;8;196
25;2025-11-09;9;201
25;2025-11-09;10;204
25;2025-11-09;11;276
25;2025-11-09;12;313
25;2025-11-09;13;433
25;2025-11-09;14;431
25;2025-11-09;15;497
25;2025-11-09;16;451
25;2025-11-09;17;448
25;2025-11-09;18;413
25;2025-11-09;19;324
25;2025-11-09;20;217
25;2025-11-09;21;177
25;2025-11-09;22;90
25;2025-11-09;23;23
25;2025-11-10;0;2
25;2025-11-10;1;0
25;2025-11-10;2;0
25;2025-11-10;3;0
25;2025-11-10;4;0
25;2025-11-10;5;5
25;2025-11-10;6;167
25;2025-11-10;7;486
25;2025-11-10;8;794
25;2025-11-10;9;430
25;2025-11-10;10;307
25;2025-11-10;11;355
25;2025-11-10;12;352
25;2025-11-10;13;479
25;2025-11-10;14;429
25;2025-11-10;15;509
25;2025-11-10;16;609
25;2025-11-10;17;678
25;2025-11-10;18;749
25;2025-11-10;19;521
25;2025-11-10;20;291
25;2025-11-10;21;186
25;2025-11-10;22;84
25;2025-11-10;23;0
25;2025-11-11;0;0
25;2025-11-11;1;0
25;2025-11-11;2;0
25;2025-11-11;3;0
25;2025-11-11;4;0
25;2025-11-11;5;6
25;2025-11-11;6;163
25;2025-11-11;7;494
25;2025-11-11;8;815
25;2025-11-11;9;443
25;2025-11-11;10;325
25;2025-11-11;11;376
25;2025-11-11;12;362
25;2025-11-11;13;471
25;2025-11-11;14;438
25;2025-11-11;15;530
25;2025-11-11;16;619
25;2025-11-11;17;678
25;2025-11-11;18;756
25;2025-11-11;19;541
25;2025-11-11;20;297
25;2025-11-11;21;190
25;2025-11-11;22;84
25;2025-11-11;23;0
25;2025-11-12;0;0
25;2025-11-12;1;0
25;2025-11-12;2;0
25;2025-11-12;3;0
25;2025-11-12;4;0
25;2025-11-12;5;7
25;2025-11-12;6;167
25;2025-11-12;7;495
25;2025-11-12;8;815
25;2025-11-12;9;446
25;2025-11-12;10;334
25;2025-11-12;11;379
25;2025-11-12;12;382
25;2025-11-12;13;498
25;2025-11-12;14;445
25;2025-11-12;15;538
25;2025-11-12;16;626
25;2025-11-12;17;695
25;2025-11-12;18;775
25;2025-11-12;19;552
25;2025-11-12;20;317
25;2025-11-12;21;207
25;2025-11-12;22;96
25;2025-11-12;23;1
25;2025-11-13;0;0
25;2025-11-13;1;0
25;2025-11-13;2;0
25;2025-11-13;3;0
25;2025-11-13;4;0
25;2025-11-13;5;9
25;2025-11-13;6;166
25;2025-11-13;7;498
25;2025-11-13;8;811
25;2025-11-13;9;446
25;2025-11-13;10;337
25;2025-11-13;11;383
25;2025-11-13;12;382
25;2025-11-13;13;500
25;2025-11-13;14;461
25;2025-11-13;15;545
25;2025-11-13;16;641
25;2025-11-13;17;692
25;2025-11-13;18;763
25;2025-11-13;19;548
25;2025-11-13;20;306
25;2025-11-13;21;196
25;2025-11-13;22;96
25;2025-11-13;23;2
25;2025-11-14;0;0
25;2025-11-14;1;0
25;2025-11-14;2;0
25;2025-11-14;3;0
25;2025-11-14;4;0
25;2025-11-14;5;6
25;2025-11-14;6;159
25;2025-11-14;7;468
25;2025-11-14;8;774
25;2025-11-14;9;414
25;2025-11-14;10;315
25;2025-11-14;11;379
25;2025-11-14;12;369
25;2025-11-14;13;508
25;2025-11-14;14;468
25;2025-11-14;15;577
25;2025-11-14;16;663
25;2025-11-14;17;703
25;2025-11-14;18;671
25;2025-11-14;19;490
25;2025-11-14;20;285
25;2025-11-14;21;196
25;2025-11-14;22;97
25;2025-11-14;23;0
25;2025-11-15;0;0
25;2025-11-15;1;0
25;2025-11-15;2;0
25;2025-11-15;3;0
25;2025-11-15;4;0
25;2025-11-15;5;4
25;2025-11-15;6;89
25;2025-11-15;7;134
25;2025-11-15;8;255
25;2025-11-15;9;238
25;2025-11-15;10;238
25;2025-11-15;11;330
25;2025-11-15;12;355
25;2025-11-15;13;477
25;2025-11-15;14;470
25;2025-11-15;15;549
25;2025-11-15;16;490
25;2025-11-15;17;476
25;2025-11-15;18;448
25;2025-11-15;19;385
25;2025-11-15;20;245
25;2025-11-15;21;201
25;2025-11-15;22;104
25;2025-11-15;23;30
25;2025-11-16;0;4
25;2025-11-16;1;0
25;2025-11-16;2;0
25;2025-11-16;3;0
25;2025-11-16;4;0
25;2025-11-16;5;3
25;2025-11-16;6;80
25;2025-11-16;7;114
25;2025-11-16;8;196
25;2025-11-16;9;201
25;2025-11-16;10;204
25;2025-11-16;11;276
25;2025-11-16;12;313
25;2025-11-16;13;433
25;2025-11-16;14;431
25;2025-11-16;15;497
25;2025-11-16;16;451
25;2025-11-16;17;448
25;2025-11-16;18;413
25;2025-11-16;19;324
25;2025-11-16;20;217
25;2025-11-16;21;177
25;2025-11-16;22;90
25;2025-11-16;23;23
25;2025-11-17;0;2
25;2025-11-17;1;0
25;2025-11-17;2;0
25;2025-11-17;3;0
25;2025-11-17;4;0
25;2025-11-17;5;5
25;2025-11-17;6;167
25;2025-11-17;7;486
25;2025-11-17;8;794
25;2025-11-17;9;430
25;2025-11-17;10;307
25;2025-11-17;11;355
25;2025-11-17;12;352
25;2025-11-17;13;479
25;2025-11-17;14;429
25;2025-11-17;15;509
25;2025-11-17;16;609
25;2025-11-17;17;678
25;2025-11-17;18;749
25;2025-11-17;19;521
25;2025-11-17;20;291
25;2025-11-17;21;186
25;2025-11-17;22;84
25;2025-11-17;23;0
25;2025-11-18;0;0
25;2025-11-18;1;0
25;2025-11-18;2;0
25;2025-11-18;3;0
25;2025-11-18;4;0
25;2025-11-18;5;6
25;2025-11-18;6;163
25;2025-11-18;7;494
25;2025-11-18;8;815
25;2025-11-18;9;443
25;2025-11-18;10;325
25;2025-11-18;11;376
25;2025-11-18;12;362
25;2025-11-18;13;471
25;2025-11-18;14;438
25;2025-11-18;15;530
25;2025-11-18;16;619
25;2025-11-18;17;678
25;2025-11-18;18;756
25;2025-11-18;19;541
25;2025-11-18;20;297
25;2025-11-18;21;190
25;2025-11-18;22;84
25;2025-11-18;23;0
25;2025-11-19;0;0
25;2025-11-19;1;0
25;2025-11-19;2;0
25;2025-11-19;3;0
25;2025-11-19;4;0
25;2025-11-19;5;7
25;2025-11-19;6;167
25;2025-11-19;7;495
25;2025-11-19;8;815
25;2025-11-19;9;446
25;2025-11-19;10;334
25;2025-11-19;11;379
25;2025-11-19;12;382
25;2025-11-19;13;498
25;2025-11-19;14;445
25;2025-11-19;15;538
25;2025-11-19;16;626
25;2025-11-19;17;695
25;2025-11-19;18;775
25;2025-11-19;19;552
25;2025-11-19;20;317
25;2025-11-19;21;207
25;2025-11-19;22;96
25;2025-11-19;23;1
25;2025-11-20;0;0
25;2025-11-20;1;0
25;2025-11-20;2;0
25;2025-11-20;3;0
25;2025-11-20;4;0
25;2025-11-20;5;9
25;2025-11-20;6;166
25;2025-11-20;7;498
25;2025-11-20;8;811
25;2025-11-20;9;446
25;2025-11-20;10;337
25;2025-11-20;11;383
25;2025-11-20;12;382
25;2025-11-20;13;500
25;2025-11-20;14;461
25;2025-11-20;15;545
25;2025-11-20;16;641
25;2025-11-20;17;692
25;2025-11-20;18;763
25;2025-11-20;19;548
25;2025-11-20;20;306
25;2025-11-20;21;196
25;2025-11-20;22;96
25;2025-11-20;23;2
25;2025-11-21;0;0
25;2025-11-21;1;0
25;2025-11-21;2;0
25;2025-11-21;3;0
25;2025-11-21;4;0
25;2025-11-21;5;6
25;2025-11-21;6;159
25;2025-11-21;7;468
25;2025-11-21;8;774
25;2025-11-21;9;414
25;2025-11-21;10;315
25;2025-11-21;11;379
25;2025-11-21;12;369
25;2025-11-21;13;508
25;2025-11-21;14;468
25;2025-11-21;15;577
25;2025-11-21;16;663
25;2025-11-21;17;703
25;2025-11-21;18;671
25;2025-11-21;19;490
25;2025-11-21;20;285
25;2025-11-21;21;196
25;2025-11-21;22;97
25;2025-11-21;23;0
25;2025-11-22;0;0
25;2025-11-22;1;0
25;2025-11-22;2;0
25;2025-11-22;3;0
25;2025-11-22;4;0
25;2025-11-22;5;4
25;2025-11-22;6;89
25;2025-11-22;7;134
25;2025-11-22;8;255
25;2025-11-22;9;238
25;2025-11-22;10;238
25;2025-11-22;11;330
25;2025-11-22;12;355
25;2025-11-22;13;477
25;2025-11-22;14;470
25;2025-11-22;15;549
25;2025-11-22;16;490
25;2025-11-22;17;476
25;2025-11-22;18;448
25;2025-11-22;19;385
25;2025-11-22;20;245
25;2025-11-22;21;201
25;2025-11-22;22;104
25;2025-11-22;23;30
25;2025-11-23;0;4
25;2025-11-23;1;0
25;2025-11-23;2;0
25;2025-11-23;3;0
25;2025-11-23;4;0
25;2025-11-23;5;3
25;2025-11-23;6;80
25;2025-11-23;7;114
25;2025-11-23;8;196
25;2025-11-23;9;201
25;2025-11-23;10;204
25;2025-11-23;11;276
25;2025-11-23;12;313
25;2025-11-23;13;433
25;2025-11-23;14;431
25;2025-11-23;15;497
25;2025-11-23;16;451
25;2025-11-23;17;448
25;2025-11-23;18;413
25;2025-11-23;19;324
25;2025-11-23;20;217
25;2025-11-23;21;177
25;2025-11-23;22;90
25;2025-11-23;23;23
25;2025-11-24;0;2
25;2025-11-24;1;0
25;2025-11-24;2;0
25;2025-11-24;3;0
25;2025-11-24;4;0
25;2025-11-24;5;5
25;2025-11-24;6;167
25;2025-11-24;7;486
25;2025-11-24;8;794
25;2025-11-24;9;430
25;2025-11-24;10;307
25;2025-11-24;11;355
25;2025-11-24;12;352
25;2025-11-24;13;479
25;2025-11-24;14;429
25;2025-11-24;15;509
25;2025-11-24;16;609
25;2025-11-24;17;678
25;2025-11-24;18;749
25;2025-11-24;19;521
25;2025-11-24;20;291
25;2025-11-24;21;186
25;2025-11-24;22;84
25;2025-11-24;23;0
25;2025-11-25;0;0
25;2025-11-25;1;0
25;2025-11-25;2;0
25;2025-11-25;3;0
25;2025-11-25;4;0
25;2025-11-25;5;6
25;2025-11-25;6;163
25;2025-11-25;7;494
25;2025-11-25;8;815
25;2025-11-25;9;443
25;2025-11-25;10;325
25;2025-11-25;11;376
25;2025-11-25;12;362
25;2025-11-25;13;471
25;2025-11-25;14;438
25;2025-11-25;15;530
25;2025-11-25;16;619
25;2025-11-25;17;678
25;2025-11-25;18;756
25;2025-11-25;19;541
25;2025-11-25;20;297
25;2025-11-25;21;190
25;2025-11-25;22;84
25;2025-11-25;23;0
25;2025-11-26;0;0
25;2025-11-26;1;0
25;2025-11-26;2;0
25;2025-11-26;3;0
25;2025-11-26;4;0
25;2025-11-26;5;7
25;2025-11-26;6;167
25;2025-11-26;7;495
25;2025-11-26;8;815
25;2025-11-26;9;446
25;2025-11-26;10;334
25;2025-11-26;11;379
25;2025-11-26;12;382
25;2025-11-26;13;498
25;2025-11-26;14;445
25;2025-11-26;15;538
25;2025-11-26;16;626
25;2025-11-26;17;695
25;2025-11-26;18;775
25;2025-11-26;19;552
25;2025-11-26;20;317
25;2025-11-26;21;207
25;2025-11-26;22;96
25;2025-11-26;23;1
25;2025-11-27;0;0
25;2025-11-27;1;0
25;2025-11-27;2;0
25;2025-11-27;3;0
25;2025-11-27;4;0
25;2025-11-27;5;9
25;2025-11-27;6;166
25;2025-11-27;7;498
25;2025-11-27;8;811
25;2025-11-27;9;446
25;2025-11-27;10;337
25;2025-11-27;11;383
25;2025-11-27;12;382
25;2025-11-27;13;500
25;2025-11-27;14;461
25;2025-11-27;15;545
25;2025-11-27;16;641
25;2025-11-27;17;692
25;2025-11-27;18;763
25;2025-11-27;19;548
25;2025-11-27;20;306
25;2025-11-27;21;196
25;2025-11-27;22;96
25;2025-11-27;23;2
25;2025-11-28;0;0
25;2025-11-28;1;0
25;2025-11-28;2;0
25;2025-11-28;3;0
25;2025-11-28;4;0
25;2025-11-28;5;6
25;2025-11-28;6;159
25;2025-11-28;7;468
25;2025-11-28;8;774
25;2025-11-28;9;414
25;2025-11-28;10;315
25;2025-11-28;11;379
25;2025-11-28;12;369
25;2025-11-28;13;508
25;2025-11-28;14;468
25;2025-11-28;15;577
25;2025-11-28;16;663
25;2025-11-28;17;703
25;2025-11-28;18;671
25;2025-11-28;19;490
25;2025-11-28;20;285
25;2025-11-28;21;196
25;2025-11-28;22;97
25;2025-11-28;23;0
25;2025-11-29;0;0
25;2025-11-29;1;0
25;2025-11-29;2;0
25;2025-11-29;3;0
25;2025-11-29;4;0
25;2025-11-29;5;4
25;2025-11-29;6;89
25;2025-11-29;7;134
25;2025-11-29;8;255
25;2025-11-29;9;238
25;2025-11-29;10;238
25;2025-11-29;11;330
25;2025-11-29;12;355
25;2025-11-29;13;477
25;2025-11-29;14;470
25;2025-11-29;15;549
25;2025-11-29;16;490
25;2025-11-29;17;476
25;2025-11-29;18;448
25;2025-11-29;19;385
25;2025-11-29;20;245
25;2025-11-29;21;201
25;2025-11-29;22;104
25;2025-11-29;23;30
25;2025-11-30;0;4
25;2025-11-30;1;0
25;2025-11-30;2;0
25;2025-11-30;3;0
25;2025-11-30;4;0
25;2025-11-30;5;3
25;2025-11-30;6;80
25;2025-11-30;7;114
25;2025-11-30;8;196
25;2025-11-30;9;201
25;2025-11-30;10;204
25;2025-11-30;11;276
25;2025-11-30;12;313
25;2025-11-30;13;433
25;2025-11-30;14;431
25;2025-11-30;15;497
25;2025-11-30;16;451
25;2025-11-30;17;448
25;2025-11-30;18;413
25;2025-11-30;19;324
25;2025-11-30;20;217
25;2025-11-30;21;177
25;2025-11-30;22;90
25;2025-11-30;23;23
25;2025-12-01;0;2
25;2025-12-01;1;0
25;2025-12-01;2;0
25;2025-12-01;3;0
25;2025-12-01;4;0
25;2025-12-01;5;5
25;2025-12-01;6;167
25;2025-12-01;7;486
25;2025-12-01;8;794
25;2025-12-01;9;430
25;2025-12-01;10;307
25;2025-12-01;11;355
25;2025-12-01;12;352
25;2025-12-01;13;479
25;2025-12-01;14;429
25;2025-12-01;15;509
25;2025-12-01;16;609
25;2025-12-01;17;678
25;2025-12-01;18;749
25;2025-12-01;19;521
25;2025-12-01;20;291
25;2025-12-01;21;186
25;2025-12-01;22;84
25;2025-12-01;23;0
25;2025-12-02;0;0
25;2025-12-02;1;0
25;2025-12-02;2;0
25;2025-12-02;3;0
25;2025-12-02;4;0
25;2025-12-02;5;6
25;2025-12-02;6;163
25;2025-12-02;7;494
25;2025-12-02;8;815
25;2025-12-02;9;443
25;2025-12-02;10;325
25;2025-12-02;11;376
25;2025-12-02;12;362
25;2025-12-02;13;471
25;2025-12-02;14;438
25;2025-12-02;15;530
25;2025-12-02;16;619
25;2025-12-02;17;678
25;2025-12-02;18;756
25;2025-12-02;19;541
25;2025-12-02;20;297
25;2025-12-02;21;190
25;2025-12-02;22;84
25;2025-12-02;23;0
25;2025-12-03;0;0
25;2025-12-03;1;0
25;2025-12-03;2;0
25;2025-12-03;3;0
25;2025-12-03;4;0
25;2025-12-03;5;7
25;2025-12-03;6;167
25;2025-12-03;7;495
25;2025-12-03;8;815
25;2025-12-03;9;446
25;2025-12-03;10;334
25;2025-12-03;11;379
25;2025-12-03;12;382
25;2025-12-03;13;498
25;2025-12-03;14;445
25;2025-12-03;15;538
25;2025-12-03;16;626
25;2025-12-03;17;695
25;2025-12-03;18;775
25;2025-12-03;19;552
25;2025-12-03;20;317
25;2025-12-03;21;207
25;2025-12-03;22;96
25;2025-12-03;23;1
25;2025-12-04;0;0
25;2025-12-04;1;0
25;2025-12-04;2;0
25;2025-12-04;3;0
25;2025-12-04;4;0
25;2025-12-04;5;9
25;2025-12-04;6;166
25;2025-12-04;7;498
25;2025-12-04;8;811
25;2025-12-04;9;446
25;2025-12-04;10;337
25;2025-12-04;11;383
25;2025-12-04;12;382
25;2025-12-04;13;500
25;2025-12-04;14;461
25;2025-12-04;15;545
25;2025-12-04;16;641
25;2025-12-04;17;692
25;2025-12-04;18;763
25;2025-12-04;19;548
25;2025-12-04;20;306
25;2025-12-04;21;196
25;2025-12-04;22;96
25;2025-12-04;23;2
25;2025-12-05;0;0
25;2025-12-05;1;0
25;2025-12-05;2;0
25;2025-12-05;3;0
25;2025-12-05;4;0
25;2025-12-05;5;6
25;2025-12-05;6;159
25;2025-12-05;7;468
25;2025-12-05;8;774
25;2025-12-05;9;414
25;2025-12-05;10;315
25;2025-12-05;11;379
25;2025-12-05;12;369
25;2025-12-05;13;508
25;2025-12-05;14;468
25;2025-12-05;15;577
25;2025-12-05;16;663
25;2025-12-05;17;703
25;2025-12-05;18;671
25;2025-12-05;19;490
25;2025-12-05;20;285
25;2025-12-05;21;196
25;2025-12-05;22;97
25;2025-12-05;23;0
25;2025-12-06;0;0
25;2025-12-06;1;0
25;2025-12-06;2;0
25;2025-12-06;3;0
25;2025-12-06;4;0
25;2025-12-06;5;4
25;2025-12-06;6;89
25;2025-12-06;7;134
25;2025-12-06;8;255
25;2025-12-06;9;238
25;2025-12-06;10;238
25;2025-12-06;11;330
25;2025-12-06;12;355
25;2025-12-06;13;477
25;2025-12-06;14;470
25;2025-12-06;15;549
25;2025-12-06;16;490
25;2025-12-06;17;476
25;2025-12-06;18;448
25;2025-12-06;19;385
25;2025-12-06;20;245
25;2025-12-06;21;201
25;2025-12-06;22;104
25;2025-12-06;23;30
25;2025-12-07;0;4
25;2025-12-07;1;0
25;2025-12-07;2;0
25;2025-12-07;3;0
25;2025-12-07;4;0
25;2025-12-07;5;3
25;2025-12-07;6;80
25;2025-12-07;7;114
25;2025-12-07;8;196
25;2025-12-07;9;201
25;2025-12-07;10;204
25;2025-12-07;11;276
25;2025-12-07;12;313
25;2025-12-07;13;433
25;2025-12-07;14;431
25;2025-12-07;15;497
25;2025-12-07;16;451
25;2025-12-07;17;448
25;2025-12-07;18;413
25;2025-12-07;19;324
25;2025-12-07;20;217
25;2025-12-07;21;177
25;2025-12-07;22;90
25;2025-12-07;23;23
25;2025-12-08;0;2
25;2025-12-08;1;0
25;2025-12-08;2;0
25;2025-12-08;3;0
25;2025-12-08;4;0
25;2025-12-08;5;5
25;2025-12-08;6;167
25;2025-12-08;7;486
25;2025-12-08;8;794
25;2025-12-08;9;430
25;2025-12-08;10;307
25;2025-12-08;11;355
25;2025-12-08;12;352
25;2025-12-08;13;479
25;2025-12-08;14;429
25;2025-12-08;15;509
25;2025-12-08;16;609
25;2025-12-08;17;678
25;2025-12-08;18;749
25;2025-12-08;19;521
25;2025-12-08;20;291
25;2025-12-08;21;186
25;2025-12-08;22;84
25;2025-12-08;23;0
25;2025-12-09;0;0
25;2025-12-09;1;0
25;2025-12-09;2;0
25;2025-12-09;3;0
25;2025-12-09;4;0
25;2025-12-09;5;6
25;2025-12-09;6;163
25;2025-12-09;7;494
25;2025-12-09;8;815
25;2025-12-09;9;443
25;2025-12-09;10;325
25;2025-12-09;11;376
25;2025-12-09;12;362
25;2025-12-09;13;471
25;2025-12-09;14;438
25;2025-12-09;15;530
25;2025-12-09;16;619
25;2025-12-09;17;678
25;2025-12-09;18;756
25;2025-12-09;19;541
25;2025-12-09;20;297
25;2025-12-09;21;190
25;2025-12-09;22;84
25;2025-12-09;23;0
25;2025-12-10;0;0
25;2025-12-10;1;0
25;2025-12-10;2;0
25;2025-12-10;3;0
25;2025-12-10;4;0
25;2025-12-10;5;7
25;2025-12-10;6;167
25;2025-12-10;7;495
25;2025-12-10;8;815
25;2025-12-10;9;446
25;2025-12-10;10;334
25;2025-12-10;11;379
25;2025-12-10;12;382
25;2025-12-10;13;498
25;2025-12-10;14;445
25;2025-12-10;15;538
25;2025-12-10;16;626
25;2025-12-10;17;695
25;2025-12-10;18;775
25;2025-12-10;19;552
25;2025-12-10;20;317
25;2025-12-10;21;207
25;2025-12-10;22;96
25;2025-12-10;23;1
25;2025-12-11;0;0
25;2025-12-11;1;0
25;2025-12-11;2;0
25;2025-12-11;3;0
25;2025-12-11;4;0
25;2025-12-11;5;9
25;2025-12-11;6;166
25;2025-12-11;7;498
25;2025-12-11;8;811
25;2025-12-11;9;446
25;2025-12-11;10;337
25;2025-12-11;11;383
25;2025-12-11;12;382
25;2025-12-11;13;500
25;2025-12-11;14;461
25;2025-12-11;15;545
25;2025-12-11;16;641
25;2025-12-11;17;692
25;2025-12-11;18;763
25;2025-12-11;19;548
25;2025-12-11;20;306
25;2025-12-11;21;196
25;2025-12-11;22;96
25;2025-12-11;23;2
25;2025-12-12;0;0
25;2025-12-12;1;0
25;2025-12-12;2;0
25;2025-12-12;3;0
25;2025-12-12;4;0
25;2025-12-12;5;6
25;2025-12-12;6;159
25;2025-12-12;7;468
25;2025-12-12;8;774
25;2025-12-12;9;414
25;2025-12-12;10;315
25;2025-12-12;11;379
25;2025-12-12;12;369
25;2025-12-12;13;508
25;2025-12-12;14;468
25;2025-12-12;15;577
25;2025-12-12;16;663
25;2025-12-12;17;703
25;2025-12-12;18;671
25;2025-12-12;19;490
25;2025-12-12;20;285
25;2025-12-12;21;196
25;2025-12-12;22;97
25;2025-12-12;23;0
25;2025-12-13;0;0
25;2025-12-13;1;0
25;2025-12-13;2;0
25;2025-12-13;3;0
25;2025-12-13;4;0
25;2025-12-13;5;4
25;2025-12-13;6;89
25;2025-12-13;7;134
25;2025-12-13;8;255
25;2025-12-13;9;238
25;2025-12-13;10;238
25;2025-12-13;11;330
25;2025-12-13;12;355
25;2025-12-13;13;477
25;2025-12-13;14;470
25;2025-12-13;15;549
25;2025-12-13;16;490
25;2025-12-13;17;476
25;2025-12-13;18;448
25;2025-12-13;19;385
25;2025-12-13;20;245
25;2025-12-13;21;201
25;2025-12-13;22;104
25;2025-12-13;23;30
25;2025-12-14;0;4
25;2025-12-14;1;0
25;2025-12-14;2;0
25;2025-12-14;3;0
25;2025-12-14;4;0
25;2025-12-14;5;3
25;2025-12-14;6;80
25;2025-12-14;7;114
25;2025-12-14;8;196
25;2025-12-14;9;201
25;2025-12-14;10;204
25;2025-12-14;11;276
25;2025-12-14;12;313
25;2025-12-14;13;433
25;2025-12-14;14;431
25;2025-12-14;15;497
25;2025-12-14;16;451
25;2025-12-14;17;448
25;2025-12-14;18;413
25;2025-12-14;19;324
25;2025-12-14;20;217
25;2025-12-14;21;177
25;2025-12-14;22;90
25;2025-12-14;23;23
25;2025-12-15;0;2
25;2025-12-15;1;0
25;2025-12-15;2;0
25;2025-12-15;3;0
25;2025-12-15;4;0
25;2025-12-15;5;5
25;2025-12-15;6;167
25;2025-12-15;7;486
25;2025-12-15;8;794
25;2025-12-15;9;430
25;2025-12-15;10;307
25;2025-12-15;11;355
25;2025-12-15;12;352
25;2025-12-15;13;479
25;2025-12-15;14;429
25;2025-12-15;15;509
25;2025-12-15;16;609
25;2025-12-15;17;678
25;2025-12-15;18;749
25;2025-12-15;19;521
25;2025-12-15;20;291
25;2025-12-15;21;186
25;2025-12-15;22;84
25;2025-12-15;23;0
25;2025-12-16;0;0
25;2025-12-16;1;0
25;2025-12-16;2;0
25;2025-12-16;3;0
25;2025-12-16;4;0
25;2025-12-16;5;6
25;2025-12-16;6;163
25;2025-12-16;7;494
25;2025-12-16;8;815
25;2025-12-16;9;443
25;2025-12-16;10;325
25;2025-12-16;11;376
25;2025-12-16;12;362
25;2025-12-16;13;471
25;2025-12-16;14;438
25;2025-12-16;15;530
25;2025-12-16;16;619
25;2025-12-16;17;678
25;2025-12-16;18;756
25;2025-12-16;19;541
25;2025-12-16;20;297
25;2025-12-16;21;190
25;2025-12-16;22;84
25;2025-12-16;23;0
25;2025-12-17;0;0
25;2025-12-17;1;0
25;2025-12-17;2;0
25;2025-12-17;3;0
25;2025-12-17;4;0
25;2025-12-17;5;7
25;2025-12-17;6;167
25;2025-12-17;7;495
25;2025-12-17;8;815
25;2025-12-17;9;446
25;2025-12-17;10;334
25;2025-12-17;11;379
25;2025-12-17;12;382
25;2025-12-17;13;498
25;2025-12-17;14;445
25;2025-12-17;15;538
25;2025-12-17;16;626
25;2025-12-17;17;695
25;2025-12-17;18;775
25;2025-12-17;19;552
25;2025-12-17;20;317
25;2025-12-17;21;207
25;2025-12-17;22;96
25;2025-12-17;23;1
25;2025-12-18;0;0
25;2025-12-18;1;0
25;2025-12-18;2;0
25;2025-12-18;3;0
25;2025-12-18;4;0
25;2025-12-18;5;9
25;2025-12-18;6;166
25;2025-12-18;7;498
25;2025-12-18;8;811
25;2025-12-18;9;446
25;2025-12-18;10;337
25;2025-12-18;11;383
25;2025-12-18;12;382
25;2025-12-18;13;500
25;2025-12-18;14;461
25;2025-12-18;15;545
25;2025-12-18;16;641
25;2025-12-18;17;692
25;2025-12-18;18;763
25;2025-12-18;19;548
25;2025-12-18;20;306
25;2025-12-18;21;196
25;2025-12-18;22;96
25;2025-12-18;23;2
25;2025-12-19;0;0
25;2025-12-19;1;0
25;2025-12-19;2;0
25;2025-12-19;3;0
25;2025-12-19;4;0
25;2025-12-19;5;6
25;2025-12-19;6;159
25;2025-12-19;7;468
25;2025-12-19;8;774
25;2025-12-19;9;414
25;2025-12-19;10;315
25;2025-12-19;11;379
25;2025-12-19;12;369
25;2025-12-19;13;508
25;2025-12-19;14;468
25;2025-12-19;15;577
25;2025-12-19;16;663
25;2025-12-19;17;703
25;2025-12-19;18;671
25;2025-12-19;19;490
25;2025-12-19;20;285
25;2025-12-19;21;196
25;2025-12-19;22;97
25;2025-12-19;23;0
25;2025-12-20;0;0
25;2025-12-20;1;0
25;2025-12-20;2;0
25;2025-12-20;3;0
25;2025-12-20;4;0
25;2025-12-20;5;4
25;2025-12-20;6;89
25;2025-12-20;7;134
25;2025-12-20;8;255
25;2025-12-20;9;238
25;2025-12-20;10;238
25;2025-12-20;11;330
25;2025-12-20;12;355
25;2025-12-20;13;477
25;2025-12-20;14;470
25;2025-12-20;15;549
25;2025-12-20;16;490
25;2025-12-20;17;476
25;2025-12-20;18;448
25;2025-12-20;19;385
25;2025-12-20;20;245
25;2025-12-20;21;201
25;2025-12-20;22;104
25;2025-12-20;23;30
25;2025-12-21;0;4
25;2025-12-21;1;0
25;2025-12-21;2;0
25;2025-12-21;3;0
25;2025-12-21;4;0
25;2025-12-21;5;3
25;2025-12-21;6;80
25;2025-12-21;7;114
25;2025-12-21;8;196
25;2025-12-21;9;201
25;2025-12-21;10;204
25;2025-12-21;11;276
25;2025-12-21;12;313
25;2025-12-21;13;433
25;2025-12-21;14;431
25;2025-12-21;15;497
25;2025-12-21;16;451
25;2025-12-21;17;448
25;2025-12-21;18;413
25;2025-12-21;19;324
25;2025-12-21;20;217
25;2025-12-21;21;177
25;2025-12-21;22;90
25;2025-12-21;23;23
25;2025-12-22;0;2
25;2025-12-22;1;0
25;2025-12-22;2;0
25;2025-12-22;3;0
25;2025-12-22;4;0
25;2025-12-22;5;5
25;2025-12-22;6;167
25;2025-12-22;7;486
25;2025-12-22;8;794
25;2025-12-22;9;430
25;2025-12-22;10;307
25;2025-12-22;11;355
25;2025-12-22;12;352
25;2025-12-22;13;479
25;2025-12-22;14;429
25;2025-12-22;15;509
25;2025-12-22;16;609
25;2025-12-22;17;678
25;2025-12-22;18;749
25;2025-12-22;19;521
25;2025-12-22;20;291
25;2025-12-22;21;186
25;2025-12-22;22;84
25;2025-12-22;23;0
25;2025-12-23;0;0
25;2025-12-23;1;0
25;2025-12-23;2;0
25;2025-12-23;3;0
25;2025-12-23;4;0
25;2025-12-23;5;6
25;2025-12-23;6;163
25;2025-12-23;7;494
25;2025-12-23;8;815
25;2025-12-23;9;443
25;2025-12-23;10;325
25;2025-12-23;11;376
25;2025-12-23;12;362
25;2025-12-23;13;471
25;2025-12-23;14;438
25;2025-12-23;15;530
25;2025-12-23;16;619
25;2025-12-23;17;678
25;2025-12-23;18;756
25;2025-12-23;19;541
25;2025-12-23;20;297
25;2025-12-23;21;190
25;2025-12-23;22;84
25;2025-12-23;23;0
25;2025-12-24;0;0
25;2025-12-24;1;0
25;2025-12-24;2;0
25;2025-12-24;3;0
25;2025-12-24;4;0
25;2025-12-24;5;7
25;2025-12-24;6;167
25;2025-12-24;7;495
25;2025-12-24;8;815
25;2025-12-24;9;446
25;2025-12-24;10;334
25;2025-12-24;11;379
25;2025-12-24;12;382
25;2025-12-24;13;498
25;2025-12-24;14;445
25;2025-12-24;15;538
25;2025-12-24;16;626
25;2025-12-24;17;695
25;2025-12-24;18;775
25;2025-12-24;19;552
25;2025-12-24;20;317
25;2025-12-24;21;207
25;2025-12-24;22;96
25;2025-12-24;23;1
25;2025-12-25;0;0
25;2025-12-25;1;0
25;2025-12-25;2;0
25;2025-12-25;3;0
25;2025-12-25;4;0
25;2025-12-25;5;9
25;2025-12-25;6;166
25;2025-12-25;7;498
25;2025-12-25;8;811
25;2025-12-25;9;446
25;2025-12-25;10;337
25;2025-12-25;11;383
25;2025-12-25;12;382
25;2025-12-25;13;500
25;2025-12-25;14;461
25;2025-12-25;15;545
25;2025-12-25;16;641
25;2025-12-25;17;692
25;2025-12-25;18;763
25;2025-12-25;19;548
25;2025-12-25;20;306
25;2025-12-25;21;196
25;2025-12-25;22;96
25;2025-12-25;23;2
25;2025-12-26;0;0
25;2025-12-26;1;0
25;2025-12-26;2;0
25;2025-12-26;3;0
25;2025-12-26;4;0
25;2025-12-26;5;6
25;2025-12-26;6;159
25;2025-12-26;7;468
25;2025-12-26;8;774
25;2025-12-26;9;414
25;2025-12-26;10;315
25;2025-12-26;11;379
25;2025-12-26;12;369
25;2025-12-26;13;508
25;2025-12-26;14;468
25;2025-12-26;15;577
25;2025-12-26;16;663
25;2025-12-26;17;703
25;2025-12-26;18;671
25;2025-12-26;19;490
25;2025-12-26;20;285
25;2025-12-26;21;196
25;2025-12-26;22;97
25;2025-12-26;23;0
25;2025-12-27;0;0
25;2025-12-27;1;0
25;2025-12-27;2;0
25;2025-12-27;3;0
25;2025-12-27;4;0
25;2025-12-27;5;4
25;2025-12-27;6;89
25;2025-12-27;7;134
25;2025-12-27;8;255
25;2025-12-27;9;238
25;2025-12-27;10;238
25;2025-12-27;11;330
25;2025-12-27;12;355
25;2025-12-27;13;477
25;2025-12-27;14;470
25;2025-12-27;15;549
25;2025-12-27;16;490
25;2025-12-27;17;476
25;2025-12-27;18;448
25;2025-12-27;19;385
25;2025-12-27;20;245
25;2025-12-27;21;201
25;2025-12-27;22;104
25;2025-12-27;23;30
25;2025-12-28;0;4
25;2025-12-28;1;0
25;2025-12-28;2;0
25;2025-12-28;3;0
25;2025-12-28;4;0
25;2025-12-28;5;3
25;2025-12-28;6;80
25;2025-12-28;7;114
25;2025-12-28;8;196
25;2025-12-28;9;201
25;2025-12-28;10;204
25;2025-12-28;11;276
25;2025-12-28;12;313
25;2025-12-28;13;433
25;2025-12-28;14;431
25;2025-12-28;15;497
25;2025-12-28;16;451
25;2025-12-28;17;448
25;2025-12-28;18;413
25;2025-12-28;19;324
25;2025-12-28;20;217
25;2025-12-28;21;177
25;2025-12-28;22;90
25;2025-12-28;23;23
25;2025-12-29;0;2
25;2025-12-29;1;0
25;2025-12-29;2;0
25;2025-12-29;3;0
25;2025-12-29;4;0
25;2025-12-29;5;5
25;2025-12-29;6;167
25;2025-12-29;7;486
25;2025-12-29;8;794
25;2025-12-29;9;430
25;2025-12-29;10;307
25;2025-12-29;11;355
25;2025-12-29;12;352
25;2025-12-29;13;479
25;2025-12-29;14;429
25;2025-12-29;15;509
25;2025-12-29;16;609
25;2025-12-29;17;678
25;2025-12-29;18;749
25;2025-12-29;19;521
25;2025-12-29;20;291
25;2025-12-29;21;186
25;2025-12-29;22;84
25;2025-12-29;23;0
25;2025-12-30;0;0
25;2025-12-30;1;0
25;2025-12-30;2;0
25;2025-12-30;3;0
25;2025-12-30;4;0
25;2025-12-30;5;6
25;2025-12-30;6;163
25;2025-12-30;7;494
25;2025-12-30;8;815
25;2025-12-30;9;443
25;2025-12-30;10;325
25;2025-12-30;11;376
25;2025-12-30;12;362
25;2025-12-30;13;471
25;2025-12-30;14;438
25;2025-12-30;15;530
25;2025-12-30;16;619
25;2025-12-30;17;678
25;2025-12-30;18;756
25;2025-12-30;19;541
25;2025-12-30;20;297
25;2025-12-30;21;190
25;2025-12-30;22;84
25;2025-12-30;23;0
25;2025-12-31;0;0
25;2025-12-31;1;0
25;2025-12-31;2;0
25;2025-12-31;3;0
25;2025-12-31;4;0
25;2025-12-31;5;5
25;2025-12-31;6;111
25;2025-12-31;7;162
25;2025-12-31;8;292
25;2025-12-31;9;235
25;2025-12-31;10;229
25;2025-12-31;11;295
25;2025-12-31;12;310
25;2025-12-31;13;408
25;2025-12-31;14;387
25;2025-12-31;15;468
25;2025-12-31;16;418
25;2025-12-31;17;436
25;2025-12-31;18;470
25;2025-12-31;19;398
25;2025-12-31;20;246
25;2025-12-31;21;199
25;2025-12-31;22;94
25;2025-12-31;23;13
26;2025-11-01;0;38
26;2025-11-01;1;0
26;2025-11-01;2;0
26;2025-11-01;3;0
26;2025-11-01;4;1
26;2025-11-01;5;75
26;2025-11-01;6;483
26;2025-11-01;7;1022
26;2025-11-01;8;1846
26;2025-11-01;9;1367
26;2025-11-01;10;1191
26;2025-11-01;11;1169
26;2025-11-01;12;1227
26;2025-11-01;13;1282
26;2025-11-01;14;1348
26;2025-11-01;15;1370
26;2025-11-01;16;1545
26;2025-11-01;17;1689
26;2025-11-01;18;1618
26;2025-11-01;19;1141
26;2025-11-01;20;782
26;2025-11-01;21;467
26;2025-11-01;22;208
26;2025-11-01;23;149
26;2025-11-02;0;42
26;2025-11-02;1;3
26;2025-11-02;2;0
26;2025-11-02;3;0
26;2025-11-02;4;1
26;2025-11-02;5;13
26;2025-11-02;6;179
26;2025-11-02;7;220
26;2025-11-02;8;375
26;2025-11-02;9;480
26;2025-11-02;10;564
26;2025-11-02;11;707
26;2025-11-02;12;743
26;2025-11-02;13;787
26;2025-11-02;14;791
26;2025-11-02;15;734
26;2025-11-02;16;744
26;2025-11-02;17;766
26;2025-11-02;18;665
26;2025-11-02;19;555
26;2025-11-02;20;408
26;2025-11-02;21;320
26;2025-11-02;22;165
26;2025-11-02;23;105
26;2025-11-03;0;23
26;2025-11-03;1;1
26;2025-11-03;2;0
26;2025-11-03;3;0
26;2025-11-03;4;1
26;2025-11-03;5;30
26;2025-11-03;6;232
26;2025-11-03;7;252
26;2025-11-03;8;479
26;2025-11-03;9;497
26;2025-11-03;10;579
26;2025-11-03;11;692
26;2025-11-03;12;714
26;2025-11-03;13;755
26;2025-11-03;14;773
26;2025-11-03;15;732
26;2025-11-03;16;735
26;2025-11-03;17;748
26;2025-11-03;18;751
26;2025-11-03;19;606
26;2025-11-03;20;402
26;2025-11-03;21;340
26;2025-11-03;22;154
26;2025-11-03;23;102
26;2025-11-04;0;23
26;2025-11-04;1;1
26;2025-11-04;2;0
26;2025-11-04;3;0
26;2025-11-04;4;1
26;2025-11-04;5;26
26;2025-11-04;6;228
26;2025-11-04;7;238
26;2025-11-04;8;388
26;2025-11-04;9;443
26;2025-11-04;10;515
26;2025-11-04;11;625
26;2025-11-04;12;634
26;2025-11-04;13;679
26;2025-11-04;14;690
26;2025-11-04;15;651
26;2025-11-04;16;660
26;2025-11-04;17;691
26;2025-11-04;18;681
26;2025-11-04;19;575
26;2025-11-04;20;397
26;2025-11-04;21;324
26;2025-11-04;22;166
26;2025-11-04;23;108
26;2025-11-05;0;21
26;2025-11-05;1;0
26;2025-11-05;2;0
26;2025-11-05;3;0
26;2025-11-05;4;2
26;2025-11-05;5;74
26;2025-11-05;6;471
26;2025-11-05;7;1039
26;2025-11-05;8;1960
26;2025-11-05;9;1393
26;2025-11-05;10;1163
26;2025-11-05;11;1117
26;2025-11-05;12;1142
26;2025-11-05;13;1191
26;2025-11-05;14;1232
26;2025-11-05;15;1280
26;2025-11-05;16;1433
26;2025-11-05;17;1655
26;2025-11-05;18;1784
26;2025-11-05;19;1222
26;2025-11-05;20;775
26;2025-11-05;21;477
26;2025-11-05;22;206
26;2025-11-05;23;115
26;2025-11-06;0;28
26;2025-11-06;1;0
26;2025-11-06;2;0
26;2025-11-06;3;0
26;2025-11-06;4;1
26;2025-11-06;5;77
26;2025-11-06;6;484
26;2025-11-06;7;1059
26;2025-11-06;8;1977
26;2025-11-06;9;1416
26;2025-11-06;10;1167
26;2025-11-06;11;1128
26;2025-11-06;12;1164
26;2025-11-06;13;1205
26;2025-11-06;14;1246
26;2025-11-06;15;1300
26;2025-11-06;16;1453
26;2025-11-06;17;1688
26;2025-11-06;18;1833
26;2025-11-06;19;1248
26;2025-11-06;20;793
26;2025-11-06;21;483
26;2025-11-06;22;222
26;2025-11-06;23;122
26;2025-11-07;0;20
26;2025-11-07;1;0
26;2025-11-07;2;0
26;2025-11-07;3;0
26;2025-11-07;4;1
26;2025-11-07;5;69
26;2025-11-07;6;475
26;2025-11-07;7;999
26;2025-11-07;8;1865
26;2025-11-07;9;1344
26;2025-11-07;10;1139
26;2025-11-07;11;1083
26;2025-11-07;12;1108
26;2025-11-07;13;1195
26;2025-11-07;14;1219
26;2025-11-07;15;1301
26;2025-11-07;16;1508
26;2025-11-07;17;1655
26;2025-11-07;18;1488
26;2025-11-07;19;1083
26;2025-11-07;20;713
26;2025-11-07;21;449
26;2025-11-07;22;207
26;2025-11-07;23;133
26;2025-11-08;0;43
26;2025-11-08;1;1
26;2025-11-08;2;0
26;2025-11-08;3;0
26;2025-11-08;4;1
26;2025-11-08;5;40
26;2025-11-08;6;256
26;2025-11-08;7;310
26;2025-11-08;8;482
26;2025-11-08;9;600
26;2025-11-08;10;686
26;2025-11-08;11;807
26;2025-11-08;12;837
26;2025-11-08;13;883
26;2025-11-08;14;893
26;2025-11-08;15;823
26;2025-11-08;16;832
26;2025-11-08;17;818
26;2025-11-08;18;732
26;2025-11-08;19;717
26;2025-11-08;20;510
26;2025-11-08;21;381
26;2025-11-08;22;186
26;2025-11-08;23;153
26;2025-11-09;0;42
26;2025-11-09;1;3
26;2025-11-09;2;0
26;2025-11-09;3;0
26;2025-11-09;4;1
26;2025-11-09;5;13
26;2025-11-09;6;179
26;2025-11-09;7;220
26;2025-11-09;8;375
26;2025-11-09;9;480
26;2025-11-09;10;564
26;2025-11-09;11;707
26;2025-11-09;12;743
26;2025-11-09;13;787
26;2025-11-09;14;791
26;2025-11-09;15;734
26;2025-11-09;16;744
26;2025-11-09;17;766
26;2025-11-09;18;665
26;2025-11-09;19;555
26;2025-11-09;20;408
26;2025-11-09;21;320
26;2025-11-09;22;165
26;2025-11-09;23;105
26;2025-11-10;0;15
26;2025-11-10;1;1
26;2025-11-10;2;0
26;2025-11-10;3;0
26;2025-11-10;4;1
26;2025-11-10;5;62
26;2025-11-10;6;468
26;2025-11-10;7;1017
26;2025-11-10;8;1916
26;2025-11-10;9;1356
26;2025-11-10;10;1141
26;2025-11-10;11;1071
26;2025-11-10;12;1097
26;2025-11-10;13;1163
26;2025-11-10;14;1196
26;2025-11-10;15;1251
26;2025-11-10;16;1422
26;2025-11-10;17;1660
26;2025-11-10;18;1757
26;2025-11-10;19;1168
26;2025-11-10;20;748
26;2025-11-10;21;443
26;2025-11-10;22;183
26;2025-11-10;23;94
26;2025-11-11;0;16
26;2025-11-11;1;0
26;2025-11-11;2;0
26;2025-11-11;3;0
26;2025-11-11;4;1
26;2025-11-11;5;66
26;2025-11-11;6;474
26;2025-11-11;7;1044
26;2025-11-11;8;1948
26;2025-11-11;9;1386
26;2025-11-11;10;1158
26;2025-11-11;11;1112
26;2025-11-11;12;1127
26;2025-11-11;13;1165
26;2025-11-11;14;1201
26;2025-11-11;15;1254
26;2025-11-11;16;1428
26;2025-11-11;17;1670
26;2025-11-11;18;1806
26;2025-11-11;19;1234
26;2025-11-11;20;779
26;2025-11-11;21;456
26;2025-11-11;22;198
26;2025-11-11;23;101
26;2025-11-12;0;21
26;2025-11-12;1;0
26;2025-11-12;2;0
26;2025-11-12;3;0
26;2025-11-12;4;2
26;2025-11-12;5;74
26;2025-11-12;6;471
26;2025-11-12;7;1039
26;2025-11-12;8;1960
26;2025-11-12;9;1393
26;2025-11-12;10;1163
26;2025-11-12;11;1117
26;2025-11-12;12;1142
26;2025-11-12;13;1191
26;2025-11-12;14;1232
26;2025-11-12;15;1280
26;2025-11-12;16;1433
26;2025-11-12;17;1655
26;2025-11-12;18;1784
26;2025-11-12;19;1222
26;2025-11-12;20;775
26;2025-11-12;21;477
26;2025-11-12;22;206
26;2025-11-12;23;115
26;2025-11-13;0;28
26;2025-11-13;1;0
26;2025-11-13;2;0
26;2025-11-13;3;0
26;2025-11-13;4;1
26;2025-11-13;5;77
26;2025-11-13;6;484
26;2025-11-13;7;1059
26;2025-11-13;8;1977
26;2025-11-13;9;1416
26;2025-11-13;10;1167
26;2025-11-13;11;1128
26;2025-11-13;12;1164
26;2025-11-13;13;1205
26;2025-11-13;14;1246
26;2025-11-13;15;1300
26;2025-11-13;16;1453
26;2025-11-13;17;1688
26;2025-11-13;18;1833
26;2025-11-13;19;1248
26;2025-11-13;20;793
26;2025-11-13;21;483
26;2025-11-13;22;222
26;2025-11-13;23;122
26;2025-11-14;0;20
26;2025-11-14;1;0
26;2025-11-14;2;0
26;2025-11-14;3;0
26;2025-11-14;4;1
26;2025-11-14;5;69
26;2025-11-14;6;475
26;2025-11-14;7;999
26;2025-11-14;8;1865
26;2025-11-14;9;1344
26;2025-11-14;10;1139
26;2025-11-14;11;1083
26;2025-11-14;12;1108
26;2025-11-14;13;1195
26;2025-11-14;14;1219
26;2025-11-14;15;1301
26;2025-11-14;16;1508
26;2025-11-14;17;1655
26;2025-11-14;18;1488
26;2025-11-14;19;1083
26;2025-11-14;20;713
26;2025-11-14;21;449
26;2025-11-14;22;207
26;2025-11-14;23;133
26;2025-11-15;0;43
26;2025-11-15;1;1
26;2025-11-15;2;0
26;2025-11-15;3;0
26;2025-11-15;4;1
26;2025-11-15;5;40
26;2025-11-15;6;256
26;2025-11-15;7;310
26;2025-11-15;8;482
26;2025-11-15;9;600
26;2025-11-15;10;686
26;2025-11-15;11;807
26;2025-11-15;12;837
26;2025-11-15;13;883
26;2025-11-15;14;893
26;2025-11-15;15;823
26;2025-11-15;16;832
26;2025-11-15;17;818
26;2025-11-15;18;732
26;2025-11-15;19;717
26;2025-11-15;20;510
26;2025-11-15;21;381
26;2025-11-15;22;186
26;2025-11-15;23;153
26;2025-11-16;0;42
26;2025-11-16;1;3
26;2025-11-16;2;0
26;2025-11-16;3;0
26;2025-11-16;4;1
26;2025-11-16;5;13
26;2025-11-16;6;179
26;2025-11-16;7;220
26;2025-11-16;8;375
26;2025-11-16;9;480
26;2025-11-16;10;564
26;2025-11-16;11;707
26;2025-11-16;12;743
26;2025-11-16;13;787
26;2025-11-16;14;791
26;2025-11-16;15;734
26;2025-11-16;16;744
26;2025-11-16;17;766
26;2025-11-16;18;665
26;2025-11-16;19;555
26;2025-11-16;20;408
26;2025-11-16;21;320
26;2025-11-16;22;165
26;2025-11-16;23;105
26;2025-11-17;0;15
26;2025-11-17;1;1
26;2025-11-17;2;0
26;2025-11-17;3;0
26;2025-11-17;4;1
26;2025-11-17;5;62
26;2025-11-17;6;468
26;2025-11-17;7;1017
26;2025-11-17;8;1916
26;2025-11-17;9;1356
26;2025-11-17;10;1141
26;2025-11-17;11;1071
26;2025-11-17;12;1097
26;2025-11-17;13;1163
26;2025-11-17;14;1196
26;2025-11-17;15;1251
26;2025-11-17;16;1422
26;2025-11-17;17;1660
26;2025-11-17;18;1757
26;2025-11-17;19;1168
26;2025-11-17;20;748
26;2025-11-17;21;443
26;2025-11-17;22;183
26;2025-11-17;23;94
26;2025-11-18;0;16
26;2025-11-18;1;0
26;2025-11-18;2;0
26;2025-11-18;3;0
26;2025-11-18;4;1
26;2025-11-18;5;66
26;2025-11-18;6;474
26;2025-11-18;7;1044
26;2025-11-18;8;1948
26;2025-11-18;9;1386
26;2025-11-18;10;1158
26;2025-11-18;11;1112
26;2025-11-18;12;1127
26;2025-11-18;13;1165
26;2025-11-18;14;1201
26;2025-11-18;15;1254
26;2025-11-18;16;1428
26;2025-11-18;17;1670
26;2025-11-18;18;1806
26;2025-11-18;19;1234
26;2025-11-18;20;779
26;2025-11-18;21;456
26;2025-11-18;22;198
26;2025-11-18;23;101
26;2025-11-19;0;21
26;2025-11-19;1;0
26;2025-11-19;2;0
26;2025-11-19;3;0
26;2025-11-19;4;2
26;2025-11-19;5;74
26;2025-11-19;6;471
26;2025-11-19;7;1039
26;2025-11-19;8;1960
26;2025-11-19;9;1393
26;2025-11-19;10;1163
26;2025-11-19;11;1117
26;2025-11-19;12;1142
26;2025-11-19;13;1191
26;2025-11-19;14;1232
26;2025-11-19;15;1280
26;2025-11-19;16;1433
26;2025-11-19;17;1655
26;2025-11-19;18;1784
26;2025-11-19;19;1222
26;2025-11-19;20;775
26;2025-11-19;21;477
26;2025-11-19;22;206
26;2025-11-19;23;115
26;2025-11-20;0;28
26;2025-11-20;1;0
26;2025-11-20;2;0
26;2025-11-20;3;0
26;2025-11-20;4;1
26;2025-11-20;5;77
26;2025-11-20;6;484
26;2025-11-20;7;1059
26;2025-11-20;8;1977
26;2025-11-20;9;1416
26;2025-11-20;10;1167
26;2025-11-20;11;1128
26;2025-11-20;12;1164
26;2025-11-20;13;1205
26;2025-11-20;14;1246
26;2025-11-20;15;1300
26;2025-11-20;16;1453
26;2025-11-20;17;1688
26;2025-11-20;18;1833
26;2025-11-20;19;1248
26;2025-11-20;20;793
26;2025-11-20;21;483
26;2025-11-20;22;222
26;2025-11-20;23;122
26;2025-11-21;0;20
26;2025-11-21;1;0
26;2025-11-21;2;0
26;2025-11-21;3;0
26;2025-11-21;4;1
26;2025-11-21;5;69
26;2025-11-21;6;475
26;2025-11-21;7;999
26;2025-11-21;8;1865
26;2025-11-21;9;1344
26;2025-11-21;10;1139
26;2025-11-21;11;1083
26;2025-11-21;12;1108
26;2025-11-21;13;1195
26;2025-11-21;14;1219
26;2025-11-21;15;1301
26;2025-11-21;16;1508
26;2025-11-21;17;1655
26;2025-11-21;18;1488
26;2025-11-21;19;1083
26;2025-11-21;20;713
26;2025-11-21;21;449
26;2025-11-21;22;207
26;2025-11-21;23;133
26;2025-11-22;0;43
26;2025-11-22;1;1
26;2025-11-22;2;0
26;2025-11-22;3;0
26;2025-11-22;4;1
26;2025-11-22;5;40
26;2025-11-22;6;256
26;2025-11-22;7;310
26;2025-11-22;8;482
26;2025-11-22;9;600
26;2025-11-22;10;686
26;2025-11-22;11;807
26;2025-11-22;12;837
26;2025-11-22;13;883
26;2025-11-22;14;893
26;2025-11-22;15;823
26;2025-11-22;16;832
26;2025-11-22;17;818
26;2025-11-22;18;732
26;2025-11-22;19;717
26;2025-11-22;20;510
26;2025-11-22;21;381
26;2025-11-22;22;186
26;2025-11-22;23;153
26;2025-11-23;0;42
26;2025-11-23;1;3
26;2025-11-23;2;0
26;2025-11-23;3;0
26;2025-11-23;4;1
26;2025-11-23;5;13
26;2025-11-23;6;179
26;2025-11-23;7;220
26;2025-11-23;8;375
26;2025-11-23;9;480
26;2025-11-23;10;564
26;2025-11-23;11;707
26;2025-11-23;12;743
26;2025-11-23;13;787
26;2025-11-23;14;791
26;2025-11-23;15;734
26;2025-11-23;16;744
26;2025-11-23;17;766
26;2025-11-23;18;665
26;2025-11-23;19;555
26;2025-11-23;20;408
26;2025-11-23;21;320
26;2025-11-23;22;165
26;2025-11-23;23;105
26;2025-11-24;0;15
26;2025-11-24;1;1
26;2025-11-24;2;0
26;2025-11-24;3;0
26;2025-11-24;4;1
26;2025-11-24;5;62
26;2025-11-24;6;468
26;2025-11-24;7;1017
26;2025-11-24;8;1916
26;2025-11-24;9;1356
26;2025-11-24;10;1141
26;2025-11-24;11;1071
26;2025-11-24;12;1097
26;2025-11-24;13;1163
26;2025-11-24;14;1196
26;2025-11-24;15;1251
26;2025-11-24;16;1422
26;2025-11-24;17;1660
26;2025-11-24;18;1757
26;2025-11-24;19;1168
26;2025-11-24;20;748
26;2025-11-24;21;443
26;2025-11-24;22;183
26;2025-11-24;23;94
26;2025-11-25;0;16
26;2025-11-25;1;0
26;2025-11-25;2;0
26;2025-11-25;3;0
26;2025-11-25;4;1
26;2025-11-25;5;66
26;2025-11-25;6;474
26;2025-11-25;7;1044
26;2025-11-25;8;1948
26;2025-11-25;9;1386
26;2025-11-25;10;1158
26;2025-11-25;11;1112
26;2025-11-25;12;1127
26;2025-11-25;13;1165
26;2025-11-25;14;1201
26;2025-11-25;15;1254
26;2025-11-25;16;1428
26;2025-11-25;17;1670
26;2025-11-25;18;1806
26;2025-11-25;19;1234
26;2025-11-25;20;779
26;2025-11-25;21;456
26;2025-11-25;22;198
26;2025-11-25;23;101
26;2025-11-26;0;21
26;2025-11-26;1;0
26;2025-11-26;2;0
26;2025-11-26;3;0
26;2025-11-26;4;2
26;2025-11-26;5;74
26;2025-11-26;6;471
26;2025-11-26;7;1039
26;2025-11-26;8;1960
26;2025-11-26;9;1393
26;2025-11-26;10;1163
26;2025-11-26;11;1117
26;2025-11-26;12;1142
26;2025-11-26;13;1191
26;2025-11-26;14;1232
26;2025-11-26;15;1280
26;2025-11-26;16;1433
26;2025-11-26;17;1655
26;2025-11-26;18;1784
26;2025-11-26;19;1222
26;2025-11-26;20;775
26;2025-11-26;21;477
26;2025-11-26;22;206
26;2025-11-26;23;115
26;2025-11-27;0;28
26;2025-11-27;1;0
26;2025-11-27;2;0
26;2025-11-27;3;0
26;2025-11-27;4;1
26;2025-11-27;5;77
26;2025-11-27;6;484
26;2025-11-27;7;1059
26;2025-11-27;8;1977
26;2025-11-27;9;1416
26;2025-11-27;10;1167
26;2025-11-27;11;1128
26;2025-11-27;12;1164
26;2025-11-27;13;1205
26;2025-11-27;14;1246
26;2025-11-27;15;1300
26;2025-11-27;16;1453
26;2025-11-27;17;1688
26;2025-11-27;18;1833
26;2025-11-27;19;1248
26;2025-11-27;20;793
26;2025-11-27;21;483
26;2025-11-27;22;222
26;2025-11-27;23;122
26;2025-11-28;0;20
26;2025-11-28;1;0
26;2025-11-28;2;0
26;2025-11-28;3;0
26;2025-11-28;4;1
26;2025-11-28;5;69
26;2025-11-28;6;475
26;2025-11-28;7;999
26;2025-11-28;8;1865
26;2025-11-28;9;1344
26;2025-11-28;10;1139
26;2025-11-28;11;1083
26;2025-11-28;12;1108
26;2025-11-28;13;1195
26;2025-11-28;14;1219
26;2025-11-28;15;1301
26;2025-11-28;16;1508
26;2025-11-28;17;1655
26;2025-11-28;18;1488
26;2025-11-28;19;1083
26;2025-11-28;20;713
26;2025-11-28;21;449
26;2025-11-28;22;207
26;2025-11-28;23;133
26;2025-11-29;0;43
26;2025-11-29;1;1
26;2025-11-29;2;0
26;2025-11-29;3;0
26;2025-11-29;4;1
26;2025-11-29;5;40
26;2025-11-29;6;256
26;2025-11-29;7;310
26;2025-11-29;8;482
26;2025-11-29;9;600
26;2025-11-29;10;686
26;2025-11-29;11;807
26;2025-11-29;12;837
26;2025-11-29;13;883
26;2025-11-29;14;893
26;2025-11-29;15;823
26;2025-11-29;16;832
26;2025-11-29;17;818
26;2025-11-29;18;732
26;2025-11-29;19;717
26;2025-11-29;20;510
26;2025-11-29;21;381
26;2025-11-29;22;186
26;2025-11-29;23;153
26;2025-11-30;0;42
26;2025-11-30;1;3
26;2025-11-30;2;0
26;2025-11-30;3;0
26;2025-11-30;4;1
26;2025-11-30;5;13
26;2025-11-30;6;179
26;2025-11-30;7;220
26;2025-11-30;8;375
26;2025-11-30;9;480
26;2025-11-30;10;564
26;2025-11-30;11;707
26;2025-11-30;12;743
26;2025-11-30;13;787
26;2025-11-30;14;791
26;2025-11-30;15;734
26;2025-11-30;16;744
26;2025-11-30;17;766
26;2025-11-30;18;665
26;2025-11-30;19;555
26;2025-11-30;20;408
26;2025-11-30;21;320
26;2025-11-30;22;165
26;2025-11-30;23;105
26;2025-12-01;0;15
26;2025-12-01;1;1
26;2025-12-01;2;0
26;2025-12-01;3;0
26;2025-12-01;4;1
26;2025-12-01;5;62
26;2025-12-01;6;468
26;2025-12-01;7;1017
26;2025-12-01;8;1916
26;2025-12-01;9;1356
26;2025-12-01;10;1141
26;2025-12-01;11;1071
26;2025-12-01;12;1097
26;2025-12-01;13;1163
26;2025-12-01;14;1196
26;2025-12-01;15;1251
26;2025-12-01;16;1422
26;2025-12-01;17;1660
26;2025-12-01;18;1757
26;2025-12-01;19;1168
26;2025-12-01;20;748
26;2025-12-01;21;443
26;2025-12-01;22;183
26;2025-12-01;23;94
26;2025-12-02;0;16
26;2025-12-02;1;0
26;2025-12-02;2;0
26;2025-12-02;3;0
26;2025-12-02;4;1
26;2025-12-02;5;66
26;2025-12-02;6;474
26;2025-12-02;7;1044
26;2025-12-02;8;1948
26;2025-12-02;9;1386
26;2025-12-02;10;1158
26;2025-12-02;11;1112
26;2025-12-02;12;1127
26;2025-12-02;13;1165
26;2025-12-02;14;1201
26;2025-12-02;15;1254
26;2025-12-02;16;1428
26;2025-12-02;17;1670
26;2025-12-02;18;1806
26;2025-12-02;19;1234
26;2025-12-02;20;779
26;2025-12-02;21;456
26;2025-12-02;22;198
26;2025-12-02;23;101
26;2025-12-03;0;21
26;2025-12-03;1;0
26;2025-12-03;2;0
26;2025-12-03;3;0
26;2025-12-03;4;2
26;2025-12-03;5;74
26;2025-12-03;6;471
26;2025-12-03;7;1039
26;2025-12-03;8;1960
26;2025-12-03;9;1393
26;2025-12-03;10;1163
26;2025-12-03;11;1117
26;2025-12-03;12;1142
26;2025-12-03;13;1191
26;2025-12-03;14;1232
26;2025-12-03;15;1280
26;2025-12-03;16;1433
26;2025-12-03;17;1655
26;2025-12-03;18;1784
26;2025-12-03;19;1222
26;2025-12-03;20;775
26;2025-12-03;21;477
26;2025-12-03;22;206
26;2025-12-03;23;115
26;2025-12-04;0;28
26;2025-12-04;1;0
26;2025-12-04;2;0
26;2025-12-04;3;0
26;2025-12-04;4;1
26;2025-12-04;5;77
26;2025-12-04;6;484
26;2025-12-04;7;1059
26;2025-12-04;8;1977
26;2025-12-04;9;1416
26;2025-12-04;10;1167
26;2025-12-04;11;1128
26;2025-12-04;12;1164
26;2025-12-04;13;1205
26;2025-12-04;14;1246
26;2025-12-04;15;1300
26;2025-12-04;16;1453
26;2025-12-04;17;1688
26;2025-12-04;18;1833
26;2025-12-04;19;1248
26;2025-12-04;20;793
26;2025-12-04;21;483
26;2025-12-04;22;222
26;2025-12-04;23;122
26;2025-12-05;0;20
26;2025-12-05;1;0
26;2025-12-05;2;0
26;2025-12-05;3;0
26;2025-12-05;4;1
26;2025-12-05;5;69
26;2025-12-05;6;475
26;2025-12-05;7;999
26;2025-12-05;8;1865
26;2025-12-05;9;1344
26;2025-12-05;10;1139
26;2025-12-05;11;1083
26;2025-12-05;12;1108
26;2025-12-05;13;1195
26;2025-12-05;14;1219
26;2025-12-05;15;1301
26;2025-12-05;16;1508
26;2025-12-05;17;1655
26;2025-12-05;18;1488
26;2025-12-05;19;1083
26;2025-12-05;20;713
26;2025-12-05;21;449
26;2025-12-05;22;207
26;2025-12-05;23;133
26;2025-12-06;0;43
26;2025-12-06;1;1
26;2025-12-06;2;0
26;2025-12-06;3;0
26;2025-12-06;4;1
26;2025-12-06;5;40
26;2025-12-06;6;256
26;2025-12-06;7;310
26;2025-12-06;8;482
26;2025-12-06;9;600
26;2025-12-06;10;686
26;2025-12-06;11;807
26;2025-12-06;12;837
26;2025-12-06;13;883
26;2025-12-06;14;893
26;2025-12-06;15;823
26;2025-12-06;16;832
26;2025-12-06;17;818
26;2025-12-06;18;732
26;2025-12-06;19;717
26;2025-12-06;20;510
26;2025-12-06;21;381
26;2025-12-06;22;186
26;2025-12-06;23;153
26;2025-12-07;0;42
26;2025-12-07;1;3
26;2025-12-07;2;0
26;2025-12-07;3;0
26;2025-12-07;4;1
26;2025-12-07;5;13
26;2025-12-07;6;179
26;2025-12-07;7;220
26;2025-12-07;8;375
26;2025-12-07;9;480
26;2025-12-07;10;564
26;2025-12-07;11;707
26;2025-12-07;12;743
26;2025-12-07;13;787
26;2025-12-07;14;791
26;2025-12-07;15;734
26;2025-12-07;16;744
26;2025-12-07;17;766
26;2025-12-07;18;665
26;2025-12-07;19;555
26;2025-12-07;20;408
26;2025-12-07;21;320
26;2025-12-07;22;165
26;2025-12-07;23;105
26;2025-12-08;0;15
26;2025-12-08;1;1
26;2025-12-08;2;0
26;2025-12-08;3;0
26;2025-12-08;4;1
26;2025-12-08;5;62
26;2025-12-08;6;468
26;2025-12-08;7;1017
26;2025-12-08;8;1916
26;2025-12-08;9;1356
26;2025-12-08;10;1141
26;2025-12-08;11;1071
26;2025-12-08;12;1097
26;2025-12-08;13;1163
26;2025-12-08;14;1196
26;2025-12-08;15;1251
26;2025-12-08;16;1422
26;2025-12-08;17;1660
26;2025-12-08;18;1757
26;2025-12-08;19;1168
26;2025-12-08;20;748
26;2025-12-08;21;443
26;2025-12-08;22;183
26;2025-12-08;23;94
26;2025-12-09;0;16
26;2025-12-09;1;0
26;2025-12-09;2;0
26;2025-12-09;3;0
26;2025-12-09;4;1
26;2025-12-09;5;66
26;2025-12-09;6;474
26;2025-12-09;7;1044
26;2025-12-09;8;1948
26;2025-12-09;9;1386
26;2025-12-09;10;1158
26;2025-12-09;11;1112
26;2025-12-09;12;1127
26;2025-12-09;13;1165
26;2025-12-09;14;1201
26;2025-12-09;15;1254
26;2025-12-09;16;1428
26;2025-12-09;17;1670
26;2025-12-09;18;1806
26;2025-12-09;19;1234
26;2025-12-09;20;779
26;2025-12-09;21;456
26;2025-12-09;22;198
26;2025-12-09;23;101
26;2025-12-10;0;21
26;2025-12-10;1;0
26;2025-12-10;2;0
26;2025-12-10;3;0
26;2025-12-10;4;2
26;2025-12-10;5;74
26;2025-12-10;6;471
26;2025-12-10;7;1039
26;2025-12-10;8;1960
26;2025-12-10;9;1393
26;2025-12-10;10;1163
26;2025-12-10;11;1117
26;2025-12-10;12;1142
26;2025-12-10;13;1191
26;2025-12-10;14;1232
26;2025-12-10;15;1280
26;2025-12-10;16;1433
26;2025-12-10;17;1655
26;2025-12-10;18;1784
26;2025-12-10;19;1222
26;2025-12-10;20;775
26;2025-12-10;21;477
26;2025-12-10;22;206
26;2025-12-10;23;115
26;2025-12-11;0;28
26;2025-12-11;1;0
26;2025-12-11;2;0
26;2025-12-11;3;0
26;2025-12-11;4;1
26;2025-12-11;5;77
26;2025-12-11;6;484
26;2025-12-11;7;1059
26;2025-12-11;8;1977
26;2025-12-11;9;1416
26;2025-12-11;10;1167
26;2025-12-11;11;1128
26;2025-12-11;12;1164
26;2025-12-11;13;1205
26;2025-12-11;14;1246
26;2025-12-11;15;1300
26;2025-12-11;16;1453
26;2025-12-11;17;1688
26;2025-12-11;18;1833
26;2025-12-11;19;1248
26;2025-12-11;20;793
26;2025-12-11;21;483
26;2025-12-11;22;222
26;2025-12-11;23;122
26;2025-12-12;0;20
26;2025-12-12;1;0
26;2025-12-12;2;0
26;2025-12-12;3;0
26;2025-12-12;4;1
26;2025-12-12;5;69
26;2025-12-12;6;475
26;2025-12-12;7;999
26;2025-12-12;8;1865
26;2025-12-12;9;1344
26;2025-12-12;10;1139
26;2025-12-12;11;1083
26;2025-12-12;12;1108
26;2025-12-12;13;1195
26;2025-12-12;14;1219
26;2025-12-12;15;1301
26;2025-12-12;16;1508
26;2025-12-12;17;1655
26;2025-12-12;18;1488
26;2025-12-12;19;1083
26;2025-12-12;20;713
26;2025-12-12;21;449
26;2025-12-12;22;207
26;2025-12-12;23;133
26;2025-12-13;0;43
26;2025-12-13;1;1
26;2025-12-13;2;0
26;2025-12-13;3;0
26;2025-12-13;4;1
26;2025-12-13;5;40
26;2025-12-13;6;256
26;2025-12-13;7;310
26;2025-12-13;8;482
26;2025-12-13;9;600
26;2025-12-13;10;686
26;2025-12-13;11;807
26;2025-12-13;12;837
26;2025-12-13;13;883
26;2025-12-13;14;893
26;2025-12-13;15;823
26;2025-12-13;16;832
26;2025-12-13;17;818
26;2025-12-13;18;732
26;2025-12-13;19;717
26;2025-12-13;20;510
26;2025-12-13;21;381
26;2025-12-13;22;186
26;2025-12-13;23;153
26;2025-12-14;0;42
26;2025-12-14;1;3
26;2025-12-14;2;0
26;2025-12-14;3;0
26;2025-12-14;4;1
26;2025-12-14;5;13
26;2025-12-14;6;179
26;2025-12-14;7;220
26;2025-12-14;8;375
26;2025-12-14;9;480
26;2025-12-14;10;564
26;2025-12-14;11;707
26;2025-12-14;12;743
26;2025-12-14;13;787
26;2025-12-14;14;791
26;2025-12-14;15;734
26;2025-12-14;16;744
26;2025-12-14;17;766
26;2025-12-14;18;665
26;2025-12-14;19;555
26;2025-12-14;20;408
26;2025-12-14;21;320
26;2025-12-14;22;165
26;2025-12-14;23;105
26;2025-12-15;0;15
26;2025-12-15;1;1
26;2025-12-15;2;0
26;2025-12-15;3;0
26;2025-12-15;4;1
26;2025-12-15;5;62
26;2025-12-15;6;468
26;2025-12-15;7;1017
26;2025-12-15;8;1916
26;2025-12-15;9;1356
26;2025-12-15;10;1141
26;2025-12-15;11;1071
26;2025-12-15;12;1097
26;2025-12-15;13;1163
26;2025-12-15;14;1196
26;2025-12-15;15;1251
26;2025-12-15;16;1422
26;2025-12-15;17;1660
26;2025-12-15;18;1757
26;2025-12-15;19;1168
26;2025-12-15;20;748
26;2025-12-15;21;443
26;2025-12-15;22;183
26;2025-12-15;23;94
26;2025-12-16;0;16
26;2025-12-16;1;0
26;2025-12-16;2;0
26;2025-12-16;3;0
26;2025-12-16;4;1
26;2025-12-16;5;66
26;2025-12-16;6;474
26;2025-12-16;7;1044
26;2025-12-16;8;1948
26;2025-12-16;9;1386
26;2025-12-16;10;1158
26;2025-12-16;11;1112
26;2025-12-16;12;1127
26;2025-12-16;13;1165
26;2025-12-16;14;1201
26;2025-12-16;15;1254
26;2025-12-16;16;1428
26;2025-12-16;17;1670
26;2025-12-16;18;1806
26;2025-12-16;19;1234
26;2025-12-16;20;779
26;2025-12-16;21;456
26;2025-12-16;22;198
26;2025-12-16;23;101
26;2025-12-17;0;21
26;2025-12-17;1;0
26;2025-12-17;2;0
26;2025-12-17;3;0
26;2025-12-17;4;2
26;2025-12-17;5;74
26;2025-12-17;6;471
26;2025-12-17;7;1039
26;2025-12-17;8;1960
26;2025-12-17;9;1393
26;2025-12-17;10;1163
26;2025-12-17;11;1117
26;2025-12-17;12;1142
26;2025-12-17;13;1191
26;2025-12-17;14;1232
26;2025-12-17;15;1280
26;2025-12-17;16;1433
26;2025-12-17;17;1655
26;2025-12-17;18;1784
26;2025-12-17;19;1222
26;2025-12-17;20;775
26;2025-12-17;21;477
26;2025-12-17;22;206
26;2025-12-17;23;115
26;2025-12-18;0;28
26;2025-12-18;1;0
26;2025-12-18;2;0
26;2025-12-18;3;0
26;2025-12-18;4;1
26;2025-12-18;5;77
26;2025-12-18;6;484
26;2025-12-18;7;1059
26;2025-12-18;8;1977
26;2025-12-18;9;1416
26;2025-12-18;10;1167
26;2025-12-18;11;1128
26;2025-12-18;12;1164
26;2025-12-18;13;1205
26;2025-12-18;14;1246
26;2025-12-18;15;1300
26;2025-12-18;16;1453
26;2025-12-18;17;1688
26;2025-12-18;18;1833
26;2025-12-18;19;1248
26;2025-12-18;20;793
26;2025-12-18;21;483
26;2025-12-18;22;222
26;2025-12-18;23;122
26;2025-12-19;0;20
26;2025-12-19;1;0
26;2025-12-19;2;0
26;2025-12-19;3;0
26;2025-12-19;4;1
26;2025-12-19;5;69
26;2025-12-19;6;475
26;2025-12-19;7;999
26;2025-12-19;8;1865
26;2025-12-19;9;1344
26;2025-12-19;10;1139
26;2025-12-19;11;1083
26;2025-12-19;12;1108
26;2025-12-19;13;1195
26;2025-12-19;14;1219
26;2025-12-19;15;1301
26;2025-12-19;16;1508
26;2025-12-19;17;1655
26;2025-12-19;18;1488
26;2025-12-19;19;1083
26;2025-12-19;20;713
26;2025-12-19;21;449
26;2025-12-19;22;207
26;2025-12-19;23;133
26;2025-12-20;0;43
26;2025-12-20;1;1
26;2025-12-20;2;0
26;2025-12-20;3;0
26;2025-12-20;4;1
26;2025-12-20;5;40
26;2025-12-20;6;256
26;2025-12-20;7;310
26;2025-12-20;8;482
26;2025-12-20;9;600
26;2025-12-20;10;686
26;2025-12-20;11;807
26;2025-12-20;12;837
26;2025-12-20;13;883
26;2025-12-20;14;893
26;2025-12-20;15;823
26;2025-12-20;16;832
26;2025-12-20;17;818
26;2025-12-20;18;732
26;2025-12-20;19;717
26;2025-12-20;20;510
26;2025-12-20;21;381
26;2025-12-20;22;186
26;2025-12-20;23;153
26;2025-12-21;0;42
26;2025-12-21;1;3
26;2025-12-21;2;0
26;2025-12-21;3;0
26;2025-12-21;4;1
26;2025-12-21;5;13
26;2025-12-21;6;179
26;2025-12-21;7;220
26;2025-12-21;8;375
26;2025-12-21;9;480
26;2025-12-21;10;564
26;2025-12-21;11;707
26;2025-12-21;12;743
26;2025-12-21;13;787
26;2025-12-21;14;791
26;2025-12-21;15;734
26;2025-12-21;16;744
26;2025-12-21;17;766
26;2025-12-21;18;665
26;2025-12-21;19;555
26;2025-12-21;20;408
26;2025-12-21;21;320
26;2025-12-21;22;165
26;2025-12-21;23;105
26;2025-12-22;0;15
26;2025-12-22;1;1
26;2025-12-22;2;0
26;2025-12-22;3;0
26;2025-12-22;4;1
26;2025-12-22;5;62
26;2025-12-22;6;468
26;2025-12-22;7;1017
26;2025-12-22;8;1916
26;2025-12-22;9;1356
26;2025-12-22;10;1141
26;2025-12-22;11;1071
26;2025-12-22;12;1097
26;2025-12-22;13;1163
26;2025-12-22;14;1196
26;2025-12-22;15;1251
26;2025-12-22;16;1422
26;2025-12-22;17;1660
26;2025-12-22;18;1757
26;2025-12-22;19;1168
26;2025-12-22;20;748
26;2025-12-22;21;443
26;2025-12-22;22;183
26;2025-12-22;23;94
26;2025-12-23;0;16
26;2025-12-23;1;0
26;2025-12-23;2;0
26;2025-12-23;3;0
26;2025-12-23;4;1
26;2025-12-23;5;66
26;2025-12-23;6;474
26;2025-12-23;7;1044
26;2025-12-23;8;1948
26;2025-12-23;9;1386
26;2025-12-23;10;1158
26;2025-12-23;11;1112
26;2025-12-23;12;1127
26;2025-12-23;13;1165
26;2025-12-23;14;1201
26;2025-12-23;15;1254
26;2025-12-23;16;1428
26;2025-12-23;17;1670
26;2025-12-23;18;1806
26;2025-12-23;19;1234
26;2025-12-23;20;779
26;2025-12-23;21;456
26;2025-12-23;22;198
26;2025-12-23;23;101
26;2025-12-24;0;21
26;2025-12-24;1;0
26;2025-12-24;2;0
26;2025-12-24;3;0
26;2025-12-24;4;2
26;2025-12-24;5;74
26;2025-12-24;6;471
26;2025-12-24;7;1039
26;2025-12-24;8;1960
26;2025-12-24;9;1393
26;2025-12-24;10;1163
26;2025-12-24;11;1117
26;2025-12-24;12;1142
26;2025-12-24;13;1191
26;2025-12-24;14;1232
26;2025-12-24;15;1280
26;2025-12-24;16;1433
26;2025-12-24;17;1655
26;2025-12-24;18;1784
26;2025-12-24;19;1222
26;2025-12-24;20;775
26;2025-12-24;21;477
26;2025-12-24;22;206
26;2025-12-24;23;115
26;2025-12-25;0;28
26;2025-12-25;1;0
26;2025-12-25;2;0
26;2025-12-25;3;0
26;2025-12-25;4;1
26;2025-12-25;5;77
26;2025-12-25;6;484
26;2025-12-25;7;1059
26;2025-12-25;8;1977
26;2025-12-25;9;1416
26;2025-12-25;10;1167
26;2025-12-25;11;1128
26;2025-12-25;12;1164
26;2025-12-25;13;1205
26;2025-12-25;14;1246
26;2025-12-25;15;1300
26;2025-12-25;16;1453
26;2025-12-25;17;1688
26;2025-12-25;18;1833
26;2025-12-25;19;1248
26;2025-12-25;20;793
26;2025-12-25;21;483
26;2025-12-25;22;222
26;2025-12-25;23;122
26;2025-12-26;0;20
26;2025-12-26;1;0
26;2025-12-26;2;0
26;2025-12-26;3;0
26;2025-12-26;4;1
26;2025-12-26;5;69
26;2025-12-26;6;475
26;2025-12-26;7;999
26;2025-12-26;8;1865
26;2025-12-26;9;1344
26;2025-12-26;10;1139
26;2025-12-26;11;1083
26;2025-12-26;12;1108
26;2025-12-26;13;1195
26;2025-12-26;14;1219
26;2025-12-26;15;1301
26;2025-12-26;16;1508
26;2025-12-26;17;1655
26;2025-12-26;18;1488
26;2025-12-26;19;1083
26;2025-12-26;20;713
26;2025-12-26;21;449
26;2025-12-26;22;207
26;2025-12-26;23;133
26;2025-12-27;0;43
26;2025-12-27;1;1
26;2025-12-27;2;0
26;2025-12-27;3;0
26;2025-12-27;4;1
26;2025-12-27;5;40
26;2025-12-27;6;256
26;2025-12-27;7;310
26;2025-12-27;8;482
26;2025-12-27;9;600
26;2025-12-27;10;686
26;2025-12-27;11;807
26;2025-12-27;12;837
26;2025-12-27;13;883
26;2025-12-27;14;893
26;2025-12-27;15;823
26;2025-12-27;16;832
26;2025-12-27;17;818
26;2025-12-27;18;732
26;2025-12-27;19;717
26;2025-12-27;20;510
26;2025-12-27;21;381
26;2025-12-27;22;186
26;2025-12-27;23;153
26;2025-12-28;0;42
26;2025-12-28;1;3
26;2025-12-28;2;0
26;2025-12-28;3;0
26;2025-12-28;4;1
26;2025-12-28;5;13
26;2025-12-28;6;179
26;2025-12-28;7;220
26;2025-12-28;8;375
26;2025-12-28;9;480
26;2025-12-28;10;564
26;2025-12-28;11;707
26;2025-12-28;12;743
26;2025-12-28;13;787
26;2025-12-28;14;791
26;2025-12-28;15;734
26;2025-12-28;16;744
26;2025-12-28;17;766
26;2025-12-28;18;665
26;2025-12-28;19;555
26;2025-12-28;20;408
26;2025-12-28;21;320
26;2025-12-28;22;165
26;2025-12-28;23;105
26;2025-12-29;0;15
26;2025-12-29;1;1
26;2025-12-29;2;0
26;2025-12-29;3;0
26;2025-12-29;4;1
26;2025-12-29;5;62
26;2025-12-29;6;468
26;2025-12-29;7;1017
26;2025-12-29;8;1916
26;2025-12-29;9;1356
26;2025-12-29;10;1141
26;2025-12-29;11;1071
26;2025-12-29;12;1097
26;2025-12-29;13;1163
26;2025-12-29;14;1196
26;2025-12-29;15;1251
26;2025-12-29;16;1422
26;2025-12-29;17;1660
26;2025-12-29;18;1757
26;2025-12-29;19;1168
26;2025-12-29;20;748
26;2025-12-29;21;443
26;2025-12-29;22;183
26;2025-12-29;23;94
26;2025-12-30;0;16
26;2025-12-30;1;0
26;2025-12-30;2;0
26;2025-12-30;3;0
26;2025-12-30;4;1
26;2025-12-30;5;66
26;2025-12-30;6;474
26;2025-12-30;7;1044
26;2025-12-30;8;1948
26;2025-12-30;9;1386
26;2025-12-30;10;1158
26;2025-12-30;11;1112
26;2025-12-30;12;1127
26;2025-12-30;13;1165
26;2025-12-30;14;1201
26;2025-12-30;15;1254
26;2025-12-30;16;1428
26;2025-12-30;17;1670
26;2025-12-30;18;1806
26;2025-12-30;19;1234
26;2025-12-30;20;779
26;2025-12-30;21;456
26;2025-12-30;22;198
26;2025-12-30;23;101
26;2025-12-31;0;29
26;2025-12-31;1;1
26;2025-12-31;2;0
26;2025-12-31;3;0
26;2025-12-31;4;1
26;2025-12-31;5;38
26;2025-12-31;6;232
26;2025-12-31;7;262
26;2025-12-31;8;504
26;2025-12-31;9;521
26;2025-12-31;10;585
26;2025-12-31;11;700
26;2025-12-31;12;727
26;2025-12-31;13;760
26;2025-12-31;14;782
26;2025-12-31;15;736
26;2025-12-31;16;723
26;2025-12-31;17;730
26;2025-12-31;18;766
26;2025-12-31;19;619
26;2025-12-31;20;415
26;2025-12-31;21;366
26;2025-12-31;22;172
26;2025-12-31;23;118
28;2025-11-01;0;0
28;2025-11-01;1;0
28;2025-11-01;2;0
28;2025-11-01;3;0
28;2025-11-01;4;1
28;2025-11-01;5;53
28;2025-11-01;6;218
28;2025-11-01;7;683
28;2025-11-01;8;1026
28;2025-11-01;9;783
28;2025-11-01;10;611
28;2025-11-01;11;568
28;2025-11-01;12;704
28;2025-11-01;13;734
28;2025-11-01;14;706
28;2025-11-01;15;746
28;2025-11-01;16;851
28;2025-11-01;17;875
28;2025-11-01;18;798
28;2025-11-01;19;636
28;2025-11-01;20;441
28;2025-11-01;21;298
28;2025-11-01;22;131
28;2025-11-01;23;8
28;2025-11-02;0;0
28;2025-11-02;1;0
28;2025-11-02;2;0
28;2025-11-02;3;0
28;2025-11-02;4;2
28;2025-11-02;5;13
28;2025-11-02;6;68
28;2025-11-02;7;135
28;2025-11-02;8;234
28;2025-11-02;9;285
28;2025-11-02;10;334
28;2025-11-02;11;348
28;2025-11-02;12;406
28;2025-11-02;13;461
28;2025-11-02;14;451
28;2025-11-02;15;450
28;2025-11-02;16;425
28;2025-11-02;17;436
28;2025-11-02;18;387
28;2025-11-02;19;336
28;2025-11-02;20;283
28;2025-11-02;21;237
28;2025-11-02;22;103
28;2025-11-02;23;2
28;2025-11-03;0;0
28;2025-11-03;1;0
28;2025-11-03;2;0
28;2025-11-03;3;0
28;2025-11-03;4;0
28;2025-11-03;5;15
28;2025-11-03;6;89
28;2025-11-03;7;167
28;2025-11-03;8;339
28;2025-11-03;9;305
28;2025-11-03;10;348
28;2025-11-03;11;349
28;2025-11-03;12;403
28;2025-11-03;13;447
28;2025-11-03;14;434
28;2025-11-03;15;443
28;2025-11-03;16;430
28;2025-11-03;17;454
28;2025-11-03;18;440
28;2025-11-03;19;364
28;2025-11-03;20;278
28;2025-11-03;21;222
28;2025-11-03;22;94
28;2025-11-03;23;1
28;2025-11-04;0;0
28;2025-11-04;1;1
28;2025-11-04;2;0
28;2025-11-04;3;0
28;2025-11-04;4;0
28;2025-11-04;5;12
28;2025-11-04;6;82
28;2025-11-04;7;169
28;2025-11-04;8;314
28;2025-11-04;9;272
28;2025-11-04;10;315
28;2025-11-04;11;324
28;2025-11-04;12;390
28;2025-11-04;13;424
28;2025-11-04;14;417
28;2025-11-04;15;426
28;2025-11-04;16;398
28;2025-11-04;17;437
28;2025-11-04;18;418
28;2025-11-04;19;334
28;2025-11-04;20;270
28;2025-11-04;21;223
28;2025-11-04;22;93
28;2025-11-04;23;4
28;2025-11-05;0;0
28;2025-11-05;1;0
28;2025-11-05;2;0
28;2025-11-05;3;0
28;2025-11-05;4;1
28;2025-11-05;5;61
28;2025-11-05;6;230
28;2025-11-05;7;711
28;2025-11-05;8;1120
28;2025-11-05;9;804
28;2025-11-05;10;608
28;2025-11-05;11;571
28;2025-11-05;12;675
28;2025-11-05;13;705
28;2025-11-05;14;654
28;2025-11-05;15;697
28;2025-11-05;16;814
28;2025-11-05;17;910
28;2025-11-05;18;961
28;2025-11-05;19;721
28;2025-11-05;20;478
28;2025-11-05;21;291
28;2025-11-05;22;124
28;2025-11-05;23;3
28;2025-11-06;0;0
28;2025-11-06;1;0
28;2025-11-06;2;0
28;2025-11-06;3;0
28;2025-11-06;4;1
28;2025-11-06;5;62
28;2025-11-06;6;232
28;2025-11-06;7;733
28;2025-11-06;8;1136
28;2025-11-06;9;808
28;2025-11-06;10;613
28;2025-11-06;11;569
28;2025-11-06;12;675
28;2025-11-06;13;700
28;2025-11-06;14;655
28;2025-11-06;15;697
28;2025-11-06;16;815
28;2025-11-06;17;919
28;2025-11-06;18;974
28;2025-11-06;19;729
28;2025-11-06;20;478
28;2025-11-06;21;293
28;2025-11-06;22;128
28;2025-11-06;23;0
28;2025-11-07;0;0
28;2025-11-07;1;0
28;2025-11-07;2;0
28;2025-11-07;3;0
28;2025-11-07;4;4
28;2025-11-07;5;65
28;2025-11-07;6;233
28;2025-11-07;7;705
28;2025-11-07;8;1075
28;2025-11-07;9;781
28;2025-11-07;10;609
28;2025-11-07;11;574
28;2025-11-07;12;678
28;2025-11-07;13;715
28;2025-11-07;14;681
28;2025-11-07;15;723
28;2025-11-07;16;851
28;2025-11-07;17;913
28;2025-11-07;18;844
28;2025-11-07;19;659
28;2025-11-07;20;438
28;2025-11-07;21;287
28;2025-11-07;22;132
28;2025-11-07;23;5
28;2025-11-08;0;0
28;2025-11-08;1;0
28;2025-11-08;2;0
28;2025-11-08;3;0
28;2025-11-08;4;0
28;2025-11-08;5;15
28;2025-11-08;6;80
28;2025-11-08;7;184
28;2025-11-08;8;315
28;2025-11-08;9;370
28;2025-11-08;10;400
28;2025-11-08;11;409
28;2025-11-08;12;472
28;2025-11-08;13;510
28;2025-11-08;14;500
28;2025-11-08;15;497
28;2025-11-08;16;467
28;2025-11-08;17;472
28;2025-11-08;18;427
28;2025-11-08;19;391
28;2025-11-08;20;303
28;2025-11-08;21;257
28;2025-11-08;22;113
28;2025-11-08;23;6
28;2025-11-09;0;0
28;2025-11-09;1;0
28;2025-11-09;2;0
28;2025-11-09;3;0
28;2025-11-09;4;2
28;2025-11-09;5;13
28;2025-11-09;6;68
28;2025-11-09;7;135
28;2025-11-09;8;234
28;2025-11-09;9;285
28;2025-11-09;10;334
28;2025-11-09;11;348
28;2025-11-09;12;406
28;2025-11-09;13;461
28;2025-11-09;14;451
28;2025-11-09;15;450
28;2025-11-09;16;425
28;2025-11-09;17;436
28;2025-11-09;18;387
28;2025-11-09;19;336
28;2025-11-09;20;283
28;2025-11-09;21;237
28;2025-11-09;22;103
28;2025-11-09;23;2
28;2025-11-10;0;0
28;2025-11-10;1;0
28;2025-11-10;2;0
28;2025-11-10;3;0
28;2025-11-10;4;1
28;2025-11-10;5;61
28;2025-11-10;6;225
28;2025-11-10;7;705
28;2025-11-10;8;1094
28;2025-11-10;9;780
28;2025-11-10;10;596
28;2025-11-10;11;549
28;2025-11-10;12;649
28;2025-11-10;13;688
28;2025-11-10;14;637
28;2025-11-10;15;682
28;2025-11-10;16;806
28;2025-11-10;17;890
28;2025-11-10;18;916
28;2025-11-10;19;703
28;2025-11-10;20;457
28;2025-11-10;21;273
28;2025-11-10;22;116
28;2025-11-10;23;0
28;2025-11-11;0;0
28;2025-11-11;1;0
28;2025-11-11;2;0
28;2025-11-11;3;0
28;2025-11-11;4;1
28;2025-11-11;5;59
28;2025-11-11;6;229
28;2025-11-11;7;728
28;2025-11-11;8;1126
28;2025-11-11;9;804
28;2025-11-11;10;619
28;2025-11-11;11;572
28;2025-11-11;12;670
28;2025-11-11;13;696
28;2025-11-11;14;650
28;2025-11-11;15;694
28;2025-11-11;16;804
28;2025-11-11;17;902
28;2025-11-11;18;951
28;2025-11-11;19;727
28;2025-11-11;20;473
28;2025-11-11;21;288
28;2025-11-11;22;124
28;2025-11-11;23;4
28;2025-11-12;0;0
28;2025-11-12;1;0
28;2025-11-12;2;0
28;2025-11-12;3;0
28;2025-11-12;4;1
28;2025-11-12;5;61
28;2025-11-12;6;230
28;2025-11-12;7;711
28;2025-11-12;8;1120
28;2025-11-12;9;804
28;2025-11-12;10;608
28;2025-11-12;11;571
28;2025-11-12;12;675
28;2025-11-12;13;705
28;2025-11-12;14;654
28;2025-11-12;15;697
28;2025-11-12;16;814
28;2025-11-12;17;910
28;2025-11-12;18;961
28;2025-11-12;19;721
28;2025-11-12;20;478
28;2025-11-12;21;291
28;2025-11-12;22;124
28;2025-11-12;23;3
28;2025-11-13;0;0
28;2025-11-13;1;0
28;2025-11-13;2;0
28;2025-11-13;3;0
28;2025-11-13;4;1
28;2025-11-13;5;62
28;2025-11-13;6;232
28;2025-11-13;7;733
28;2025-11-13;8;1136
28;2025-11-13;9;808
28;2025-11-13;10;613
28;2025-11-13;11;569
28;2025-11-13;12;675
28;2025-11-13;13;700
28;2025-11-13;14;655
28;2025-11-13;15;697
28;2025-11-13;16;815
28;2025-11-13;17;919
28;2025-11-13;18;974
28;2025-11-13;19;729
28;2025-11-13;20;478
28;2025-11-13;21;293
28;2025-11-13;22;128
28;2025-11-13;23;0
28;2025-11-14;0;0
28;2025-11-14;1;0
28;2025-11-14;2;0
28;2025-11-14;3;0
28;2025-11-14;4;4
28;2025-11-14;5;65
28;2025-11-14;6;233
28;2025-11-14;7;705
28;2025-11-14;8;1075
28;2025-11-14;9;781
28;2025-11-14;10;609
28;2025-11-14;11;574
28;2025-11-14;12;678
28;2025-11-14;13;715
28;2025-11-14;14;681
28;2025-11-14;15;723
28;2025-11-14;16;851
28;2025-11-14;17;913
28;2025-11-14;18;844
28;2025-11-14;19;659
28;2025-11-14;20;438
28;2025-11-14;21;287
28;2025-11-14;22;132
28;2025-11-14;23;5
28;2025-11-15;0;0
28;2025-11-15;1;0
28;2025-11-15;2;0
28;2025-11-15;3;0
28;2025-11-15;4;0
28;2025-11-15;5;15
28;2025-11-15;6;80
28;2025-11-15;7;184
28;2025-11-15;8;315
28;2025-11-15;9;370
28;2025-11-15;10;400
28;2025-11-15;11;409
28;2025-11-15;12;472
28;2025-11-15;13;510
28;2025-11-15;14;500
28;2025-11-15;15;497
28;2025-11-15;16;467
28;2025-11-15;17;472
28;2025-11-15;18;427
28;2025-11-15;19;391
28;2025-11-15;20;303
28;2025-11-15;21;257
28;2025-11-15;22;113
28;2025-11-15;23;6
28;2025-11-16;0;0
28;2025-11-16;1;0
28;2025-11-16;2;0
28;2025-11-16;3;0
28;2025-11-16;4;2
28;2025-11-16;5;13
28;2025-11-16;6;68
28;2025-11-16;7;135
28;2025-11-16;8;234
28;2025-11-16;9;285
28;2025-11-16;10;334
28;2025-11-16;11;348
28;2025-11-16;12;406
28;2025-11-16;13;461
28;2025-11-16;14;451
28;2025-11-16;15;450
28;2025-11-16;16;425
28;2025-11-16;17;436
28;2025-11-16;18;387
28;2025-11-16;19;336
28;2025-11-16;20;283
28;2025-11-16;21;237
28;2025-11-16;22;103
28;2025-11-16;23;2
28;2025-11-17;0;0
28;2025-11-17;1;0
28;2025-11-17;2;0
28;2025-11-17;3;0
28;2025-11-17;4;1
28;2025-11-17;5;61
28;2025-11-17;6;225
28;2025-11-17;7;705
28;2025-11-17;8;1094
28;2025-11-17;9;780
28;2025-11-17;10;596
28;2025-11-17;11;549
28;2025-11-17;12;649
28;2025-11-17;13;688
28;2025-11-17;14;637
28;2025-11-17;15;682
28;2025-11-17;16;806
28;2025-11-17;17;890
28;2025-11-17;18;916
28;2025-11-17;19;703
28;2025-11-17;20;457
28;2025-11-17;21;273
28;2025-11-17;22;116
28;2025-11-17;23;0
28;2025-11-18;0;0
28;2025-11-18;1;0
28;2025-11-18;2;0
28;2025-11-18;3;0
28;2025-11-18;4;1
28;2025-11-18;5;59
28;2025-11-18;6;229
28;2025-11-18;7;728
28;2025-11-18;8;1126
28;2025-11-18;9;804
28;2025-11-18;10;619
28;2025-11-18;11;572
28;2025-11-18;12;670
28;2025-11-18;13;696
28;2025-11-18;14;650
28;2025-11-18;15;694
28;2025-11-18;16;804
28;2025-11-18;17;902
28;2025-11-18;18;951
28;2025-11-18;19;727
28;2025-11-18;20;473
28;2025-11-18;21;288
28;2025-11-18;22;124
28;2025-11-18;23;4
28;2025-11-19;0;0
28;2025-11-19;1;0
28;2025-11-19;2;0
28;2025-11-19;3;0
28;2025-11-19;4;1
28;2025-11-19;5;61
28;2025-11-19;6;230
28;2025-11-19;7;711
28;2025-11-19;8;1120
28;2025-11-19;9;804
28;2025-11-19;10;608
28;2025-11-19;11;571
28;2025-11-19;12;675
28;2025-11-19;13;705
28;2025-11-19;14;654
28;2025-11-19;15;697
28;2025-11-19;16;814
28;2025-11-19;17;910
28;2025-11-19;18;961
28;2025-11-19;19;721
28;2025-11-19;20;478
28;2025-11-19;21;291
28;2025-11-19;22;124
28;2025-11-19;23;3
28;2025-11-20;0;0
28;2025-11-20;1;0
28;2025-11-20;2;0
28;2025-11-20;3;0
28;2025-11-20;4;1
28;2025-11-20;5;62
28;2025-11-20;6;232
28;2025-11-20;7;733
28;2025-11-20;8;1136
28;2025-11-20;9;808
28;2025-11-20;10;613
28;2025-11-20;11;569
28;2025-11-20;12;675
28;2025-11-20;13;700
28;2025-11-20;14;655
28;2025-11-20;15;697
28;2025-11-20;16;815
28;2025-11-20;17;919
28;2025-11-20;18;974
28;2025-11-20;19;729
28;2025-11-20;20;478
28;2025-11-20;21;293
28;2025-11-20;22;128
28;2025-11-20;23;0
28;2025-11-21;0;0
28;2025-11-21;1;0
28;2025-11-21;2;0
28;2025-11-21;3;0
28;2025-11-21;4;4
28;2025-11-21;5;65
28;2025-11-21;6;233
28;2025-11-21;7;705
28;2025-11-21;8;1075
28;2025-11-21;9;781
28;2025-11-21;10;609
28;2025-11-21;11;574
28;2025-11-21;12;678
28;2025-11-21;13;715
28;2025-11-21;14;681
28;2025-11-21;15;723
28;2025-11-21;16;851
28;2025-11-21;17;913
28;2025-11-21;18;844
28;2025-11-21;19;659
28;2025-11-21;20;438
28;2025-11-21;21;287
28;2025-11-21;22;132
28;2025-11-21;23;5
28;2025-11-22;0;0
28;2025-11-22;1;0
28;2025-11-22;2;0
28;2025-11-22;3;0
28;2025-11-22;4;0
28;2025-11-22;5;15
28;2025-11-22;6;80
28;2025-11-22;7;184
28;2025-11-22;8;315
28;2025-11-22;9;370
28;2025-11-22;10;400
28;2025-11-22;11;409
28;2025-11-22;12;472
28;2025-11-22;13;510
28;2025-11-22;14;500
28;2025-11-22;15;497
28;2025-11-22;16;467
28;2025-11-22;17;472
28;2025-11-22;18;427
28;2025-11-22;19;391
28;2025-11-22;20;303
28;2025-11-22;21;257
28;2025-11-22;22;113
28;2025-11-22;23;6
28;2025-11-23;0;0
28;2025-11-23;1;0
28;2025-11-23;2;0
28;2025-11-23;3;0
28;2025-11-23;4;2
28;2025-11-23;5;13
28;2025-11-23;6;68
28;2025-11-23;7;135
28;2025-11-23;8;234
28;2025-11-23;9;285
28;2025-11-23;10;334
28;2025-11-23;11;348
28;2025-11-23;12;406
28;2025-11-23;13;461
28;2025-11-23;14;451
28;2025-11-23;15;450
28;2025-11-23;16;425
28;2025-11-23;17;436
28;2025-11-23;18;387
28;2025-11-23;19;336
28;2025-11-23;20;283
28;2025-11-23;21;237
28;2025-11-23;22;103
28;2025-11-23;23;2
28;2025-11-24;0;0
28;2025-11-24;1;0
28;2025-11-24;2;0
28;2025-11-24;3;0
28;2025-11-24;4;1
28;2025-11-24;5;61
28;2025-11-24;6;225
28;2025-11-24;7;705
28;2025-11-24;8;1094
28;2025-11-24;9;780
28;2025-11-24;10;596
28;2025-11-24;11;549
28;2025-11-24;12;649
28;2025-11-24;13;688
28;2025-11-24;14;637
28;2025-11-24;15;682
28;2025-11-24;16;806
28;2025-11-24;17;890
28;2025-11-24;18;916
28;2025-11-24;19;703
28;2025-11-24;20;457
28;2025-11-24;21;273
28;2025-11-24;22;116
28;2025-11-24;23;0
28;2025-11-25;0;0
28;2025-11-25;1;0
28;2025-11-25;2;0
28;2025-11-25;3;0
28;2025-11-25;4;1
28;2025-11-25;5;59
28;2025-11-25;6;229
28;2025-11-25;7;728
28;2025-11-25;8;1126
28;2025-11-25;9;804
28;2025-11-25;10;619
28;2025-11-25;11;572
28;2025-11-25;12;670
28;2025-11-25;13;696
28;2025-11-25;14;650
28;2025-11-25;15;694
28;2025-11-25;16;804
28;2025-11-25;17;902
28;2025-11-25;18;951
28;2025-11-25;19;727
28;2025-11-25;20;473
28;2025-11-25;21;288
28;2025-11-25;22;124
28;2025-11-25;23;4
28;2025-11-26;0;0
28;2025-11-26;1;0
28;2025-11-26;2;0
28;2025-11-26;3;0
28;2025-11-26;4;1
28;2025-11-26;5;61
28;2025-11-26;6;230
28;2025-11-26;7;711
28;2025-11-26;8;1120
28;2025-11-26;9;804
28;2025-11-26;10;608
28;2025-11-26;11;571
28;2025-11-26;12;675
28;2025-11-26;13;705
28;2025-11-26;14;654
28;2025-11-26;15;697
28;2025-11-26;16;814
28;2025-11-26;17;910
28;2025-11-26;18;961
28;2025-11-26;19;721
28;2025-11-26;20;478
28;2025-11-26;21;291
28;2025-11-26;22;124
28;2025-11-26;23;3
28;2025-11-27;0;0
28;2025-11-27;1;0
28;2025-11-27;2;0
28;2025-11-27;3;0
28;2025-11-27;4;1
28;2025-11-27;5;62
28;2025-11-27;6;232
28;2025-11-27;7;733
28;2025-11-27;8;1136
28;2025-11-27;9;808
28;2025-11-27;10;613
28;2025-11-27;11;569
28;2025-11-27;12;675
28;2025-11-27;13;700
28;2025-11-27;14;655
28;2025-11-27;15;697
28;2025-11-27;16;815
28;2025-11-27;17;919
28;2025-11-27;18;974
28;2025-11-27;19;729
28;2025-11-27;20;478
28;2025-11-27;21;293
28;2025-11-27;22;128
28;2025-11-27;23;0
28;2025-11-28;0;0
28;2025-11-28;1;0
28;2025-11-28;2;0
28;2025-11-28;3;0
28;2025-11-28;4;4
28;2025-11-28;5;65
28;2025-11-28;6;233
28;2025-11-28;7;705
28;2025-11-28;8;1075
28;2025-11-28;9;781
28;2025-11-28;10;609
28;2025-11-28;11;574
28;2025-11-28;12;678
28;2025-11-28;13;715
28;2025-11-28;14;681
28;2025-11-28;15;723
28;2025-11-28;16;851
28;2025-11-28;17;913
28;2025-11-28;18;844
28;2025-11-28;19;659
28;2025-11-28;20;438
28;2025-11-28;21;287
28;2025-11-28;22;132
28;2025-11-28;23;5
28;2025-11-29;0;0
28;2025-11-29;1;0
28;2025-11-29;2;0
28;2025-11-29;3;0
28;2025-11-29;4;0
28;2025-11-29;5;15
28;2025-11-29;6;80
28;2025-11-29;7;184
28;2025-11-29;8;315
28;2025-11-29;9;370
28;2025-11-29;10;400
28;2025-11-29;11;409
28;2025-11-29;12;472
28;2025-11-29;13;510
28;2025-11-29;14;500
28;2025-11-29;15;497
28;2025-11-29;16;467
28;2025-11-29;17;472
28;2025-11-29;18;427
28;2025-11-29;19;391
28;2025-11-29;20;303
28;2025-11-29;21;257
28;2025-11-29;22;113
28;2025-11-29;23;6
28;2025-11-30;0;0
28;2025-11-30;1;0
28;2025-11-30;2;0
28;2025-11-30;3;0
28;2025-11-30;4;2
28;2025-11-30;5;13
28;2025-11-30;6;68
28;2025-11-30;7;135
28;2025-11-30;8;234
28;2025-11-30;9;285
28;2025-11-30;10;334
28;2025-11-30;11;348
28;2025-11-30;12;406
28;2025-11-30;13;461
28;2025-11-30;14;451
28;2025-11-30;15;450
28;2025-11-30;16;425
28;2025-11-30;17;436
28;2025-11-30;18;387
28;2025-11-30;19;336
28;2025-11-30;20;283
28;2025-11-30;21;237
28;2025-11-30;22;103
28;2025-11-30;23;2
28;2025-12-01;0;0
28;2025-12-01;1;0
28;2025-12-01;2;0
28;2025-12-01;3;0
28;2025-12-01;4;1
28;2025-12-01;5;61
28;2025-12-01;6;225
28;2025-12-01;7;705
28;2025-12-01;8;1094
28;2025-12-01;9;780
28;2025-12-01;10;596
28;2025-12-01;11;549
28;2025-12-01;12;649
28;2025-12-01;13;688
28;2025-12-01;14;637
28;2025-12-01;15;682
28;2025-12-01;16;806
28;2025-12-01;17;890
28;2025-12-01;18;916
28;2025-12-01;19;703
28;2025-12-01;20;457
28;2025-12-01;21;273
28;2025-12-01;22;116
28;2025-12-01;23;0
28;2025-12-02;0;0
28;2025-12-02;1;0
28;2025-12-02;2;0
28;2025-12-02;3;0
28;2025-12-02;4;1
28;2025-12-02;5;59
28;2025-12-02;6;229
28;2025-12-02;7;728
28;2025-12-02;8;1126
28;2025-12-02;9;804
28;2025-12-02;10;619
28;2025-12-02;11;572
28;2025-12-02;12;670
28;2025-12-02;13;696
28;2025-12-02;14;650
28;2025-12-02;15;694
28;2025-12-02;16;804
28;2025-12-02;17;902
28;2025-12-02;18;951
28;2025-12-02;19;727
28;2025-12-02;20;473
28;2025-12-02;21;288
28;2025-12-02;22;124
28;2025-12-02;23;4
28;2025-12-03;0;0
28;2025-12-03;1;0
28;2025-12-03;2;0
28;2025-12-03;3;0
28;2025-12-03;4;1
28;2025-12-03;5;61
28;2025-12-03;6;230
28;2025-12-03;7;711
28;2025-12-03;8;1120
28;2025-12-03;9;804
28;2025-12-03;10;608
28;2025-12-03;11;571
28;2025-12-03;12;675
28;2025-12-03;13;705
28;2025-12-03;14;654
28;2025-12-03;15;697
28;2025-12-03;16;814
28;2025-12-03;17;910
28;2025-12-03;18;961
28;2025-12-03;19;721
28;2025-12-03;20;478
28;2025-12-03;21;291
28;2025-12-03;22;124
28;2025-12-03;23;3
28;2025-12-04;0;0
28;2025-12-04;1;0
28;2025-12-04;2;0
28;2025-12-04;3;0
28;2025-12-04;4;1
28;2025-12-04;5;62
28;2025-12-04;6;232
28;2025-12-04;7;733
28;2025-12-04;8;1136
28;2025-12-04;9;808
28;2025-12-04;10;613
28;2025-12-04;11;569
28;2025-12-04;12;675
28;2025-12-04;13;700
28;2025-12-04;14;655
28;2025-12-04;15;697
28;2025-12-04;16;815
28;2025-12-04;17;919
28;2025-12-04;18;974
28;2025-12-04;19;729
28;2025-12-04;20;478
28;2025-12-04;21;293
28;2025-12-04;22;128
28;2025-12-04;23;0
28;2025-12-05;0;0
28;2025-12-05;1;0
28;2025-12-05;2;0
28;2025-12-05;3;0
28;2025-12-05;4;4
28;2025-12-05;5;65
28;2025-12-05;6;233
28;2025-12-05;7;705
28;2025-12-05;8;1075
28;2025-12-05;9;781
28;2025-12-05;10;609
28;2025-12-05;11;574
28;2025-12-05;12;678
28;2025-12-05;13;715
28;2025-12-05;14;681
28;2025-12-05;15;723
28;2025-12-05;16;851
28;2025-12-05;17;913
28;2025-12-05;18;844
28;2025-12-05;19;659
28;2025-12-05;20;438
28;2025-12-05;21;287
28;2025-12-05;22;132
28;2025-12-05;23;5
28;2025-12-06;0;0
28;2025-12-06;1;0
28;2025-12-06;2;0
28;2025-12-06;3;0
28;2025-12-06;4;0
28;2025-12-06;5;15
28;2025-12-06;6;80
28;2025-12-06;7;184
28;2025-12-06;8;315
28;2025-12-06;9;370
28;2025-12-06;10;400
28;2025-12-06;11;409
28;2025-12-06;12;472
28;2025-12-06;13;510
28;2025-12-06;14;500
28;2025-12-06;15;497
28;2025-12-06;16;467
28;2025-12-06;17;472
28;2025-12-06;18;427
28;2025-12-06;19;391
28;2025-12-06;20;303
28;2025-12-06;21;257
28;2025-12-06;22;113
28;2025-12-06;23;6
28;2025-12-07;0;0
28;2025-12-07;1;0
28;2025-12-07;2;0
28;2025-12-07;3;0
28;2025-12-07;4;2
28;2025-12-07;5;13
28;2025-12-07;6;68
28;2025-12-07;7;135
28;2025-12-07;8;234
28;2025-12-07;9;285
28;2025-12-07;10;334
28;2025-12-07;11;348
28;2025-12-07;12;406
28;2025-12-07;13;461
28;2025-12-07;14;451
28;2025-12-07;15;450
28;2025-12-07;16;425
28;2025-12-07;17;436
28;2025-12-07;18;387
28;2025-12-07;19;336
28;2025-12-07;20;283
28;2025-12-07;21;237
28;2025-12-07;22;103
28;2025-12-07;23;2
28;2025-12-08;0;0
28;2025-12-08;1;0
28;2025-12-08;2;0
28;2025-12-08;3;0
28;2025-12-08;4;1
28;2025-12-08;5;61
28;2025-12-08;6;225
28;2025-12-08;7;705
28;2025-12-08;8;1094
28;2025-12-08;9;780
28;2025-12-08;10;596
28;2025-12-08;11;549
28;2025-12-08;12;649
28;2025-12-08;13;688
28;2025-12-08;14;637
28;2025-12-08;15;682
28;2025-12-08;16;806
28;2025-12-08;17;890
28;2025-12-08;18;916
28;2025-12-08;19;703
28;2025-12-08;20;457
28;2025-12-08;21;273
28;2025-12-08;22;116
28;2025-12-08;23;0
28;2025-12-09;0;0
28;2025-12-09;1;0
28;2025-12-09;2;0
28;2025-12-09;3;0
28;2025-12-09;4;1
28;2025-12-09;5;59
28;2025-12-09;6;229
28;2025-12-09;7;728
28;2025-12-09;8;1126
28;2025-12-09;9;804
28;2025-12-09;10;619
28;2025-12-09;11;572
28;2025-12-09;12;670
28;2025-12-09;13;696
28;2025-12-09;14;650
28;2025-12-09;15;694
28;2025-12-09;16;804
28;2025-12-09;17;902
28;2025-12-09;18;951
28;2025-12-09;19;727
28;2025-12-09;20;473
28;2025-12-09;21;288
28;2025-12-09;22;124
28;2025-12-09;23;4
28;2025-12-10;0;0
28;2025-12-10;1;0
28;2025-12-10;2;0
28;2025-12-10;3;0
28;2025-12-10;4;1
28;2025-12-10;5;61
28;2025-12-10;6;230
28;2025-12-10;7;711
28;2025-12-10;8;1120
28;2025-12-10;9;804
28;2025-12-10;10;608
28;2025-12-10;11;571
28;2025-12-10;12;675
28;2025-12-10;13;705
28;2025-12-10;14;654
28;2025-12-10;15;697
28;2025-12-10;16;814
28;2025-12-10;17;910
28;2025-12-10;18;961
28;2025-12-10;19;721
28;2025-12-10;20;478
28;2025-12-10;21;291
28;2025-12-10;22;124
28;2025-12-10;23;3
28;2025-12-11;0;0
28;2025-12-11;1;0
28;2025-12-11;2;0
28;2025-12-11;3;0
28;2025-12-11;4;1
28;2025-12-11;5;62
28;2025-12-11;6;232
28;2025-12-11;7;733
28;2025-12-11;8;1136
28;2025-12-11;9;808
28;2025-12-11;10;613
28;2025-12-11;11;569
28;2025-12-11;12;675
28;2025-12-11;13;700
28;2025-12-11;14;655
28;2025-12-11;15;697
28;2025-12-11;16;815
28;2025-12-11;17;919
28;2025-12-11;18;974
28;2025-12-11;19;729
28;2025-12-11;20;478
28;2025-12-11;21;293
28;2025-12-11;22;128
28;2025-12-11;23;0
28;2025-12-12;0;0
28;2025-12-12;1;0
28;2025-12-12;2;0
28;2025-12-12;3;0
28;2025-12-12;4;4
28;2025-12-12;5;65
28;2025-12-12;6;233
28;2025-12-12;7;705
28;2025-12-12;8;1075
28;2025-12-12;9;781
28;2025-12-12;10;609
28;2025-12-12;11;574
28;2025-12-12;12;678
28;2025-12-12;13;715
28;2025-12-12;14;681
28;2025-12-12;15;723
28;2025-12-12;16;851
28;2025-12-12;17;913
28;2025-12-12;18;844
28;2025-12-12;19;659
28;2025-12-12;20;438
28;2025-12-12;21;287
28;2025-12-12;22;132
28;2025-12-12;23;5
28;2025-12-13;0;0
28;2025-12-13;1;0
28;2025-12-13;2;0
28;2025-12-13;3;0
28;2025-12-13;4;0
28;2025-12-13;5;15
28;2025-12-13;6;80
28;2025-12-13;7;184
28;2025-12-13;8;315
28;2025-12-13;9;370
28;2025-12-13;10;400
28;2025-12-13;11;409
28;2025-12-13;12;472
28;2025-12-13;13;510
28;2025-12-13;14;500
28;2025-12-13;15;497
28;2025-12-13;16;467
28;2025-12-13;17;472
28;2025-12-13;18;427
28;2025-12-13;19;391
28;2025-12-13;20;303
28;2025-12-13;21;257
28;2025-12-13;22;113
28;2025-12-13;23;6
28;2025-12-14;0;0
28;2025-12-14;1;0
28;2025-12-14;2;0
28;2025-12-14;3;0
28;2025-12-14;4;2
28;2025-12-14;5;13
28;2025-12-14;6;68
28;2025-12-14;7;135
28;2025-12-14;8;234
28;2025-12-14;9;285
28;2025-12-14;10;334
28;2025-12-14;11;348
28;2025-12-14;12;406
28;2025-12-14;13;461
28;2025-12-14;14;451
28;2025-12-14;15;450
28;2025-12-14;16;425
28;2025-12-14;17;436
28;2025-12-14;18;387
28;2025-12-14;19;336
28;2025-12-14;20;283
28;2025-12-14;21;237
28;2025-12-14;22;103
28;2025-12-14;23;2
28;2025-12-15;0;0
28;2025-12-15;1;0
28;2025-12-15;2;0
28;2025-12-15;3;0
28;2025-12-15;4;1
28;2025-12-15;5;61
28;2025-12-15;6;225
28;2025-12-15;7;705
28;2025-12-15;8;1094
28;2025-12-15;9;780
28;2025-12-15;10;596
28;2025-12-15;11;549
28;2025-12-15;12;649
28;2025-12-15;13;688
28;2025-12-15;14;637
28;2025-12-15;15;682
28;2025-12-15;16;806
28;2025-12-15;17;890
28;2025-12-15;18;916
28;2025-12-15;19;703
28;2025-12-15;20;457
28;2025-12-15;21;273
28;2025-12-15;22;116
28;2025-12-15;23;0
28;2025-12-16;0;0
28;2025-12-16;1;0
28;2025-12-16;2;0
28;2025-12-16;3;0
28;2025-12-16;4;1
28;2025-12-16;5;59
28;2025-12-16;6;229
28;2025-12-16;7;728
28;2025-12-16;8;1126
28;2025-12-16;9;804
28;2025-12-16;10;619
28;2025-12-16;11;572
28;2025-12-16;12;670
28;2025-12-16;13;696
28;2025-12-16;14;650
28;2025-12-16;15;694
28;2025-12-16;16;804
28;2025-12-16;17;902
28;2025-12-16;18;951
28;2025-12-16;19;727
28;2025-12-16;20;473
28;2025-12-16;21;288
28;2025-12-16;22;124
28;2025-12-16;23;4
28;2025-12-17;0;0
28;2025-12-17;1;0
28;2025-12-17;2;0
28;2025-12-17;3;0
28;2025-12-17;4;1
28;2025-12-17;5;61
28;2025-12-17;6;230
28;2025-12-17;7;711
28;2025-12-17;8;1120
28;2025-12-17;9;804
28;2025-12-17;10;608
28;2025-12-17;11;571
28;2025-12-17;12;675
28;2025-12-17;13;705
28;2025-12-17;14;654
28;2025-12-17;15;697
28;2025-12-17;16;814
28;2025-12-17;17;910
28;2025-12-17;18;961
28;2025-12-17;19;721
28;2025-12-17;20;478
28;2025-12-17;21;291
28;2025-12-17;22;124
28;2025-12-17;23;3
28;2025-12-18;0;0
28;2025-12-18;1;0
28;2025-12-18;2;0
28;2025-12-18;3;0
28;2025-12-18;4;1
28;2025-12-18;5;62
28;2025-12-18;6;232
28;2025-12-18;7;733
28;2025-12-18;8;1136
28;2025-12-18;9;808
28;2025-12-18;10;613
28;2025-12-18;11;569
28;2025-12-18;12;675
28;2025-12-18;13;700
28;2025-12-18;14;655
28;2025-12-18;15;697
28;2025-12-18;16;815
28;2025-12-18;17;919
28;2025-12-18;18;974
28;2025-12-18;19;729
28;2025-12-18;20;478
28;2025-12-18;21;293
28;2025-12-18;22;128
28;2025-12-18;23;0
28;2025-12-19;0;0
28;2025-12-19;1;0
28;2025-12-19;2;0
28;2025-12-19;3;0
28;2025-12-19;4;4
28;2025-12-19;5;65
28;2025-12-19;6;233
28;2025-12-19;7;705
28;2025-12-19;8;1075
28;2025-12-19;9;781
28;2025-12-19;10;609
28;2025-12-19;11;574
28;2025-12-19;12;678
28;2025-12-19;13;715
28;2025-12-19;14;681
28;2025-12-19;15;723
28;2025-12-19;16;851
28;2025-12-19;17;913
28;2025-12-19;18;844
28;2025-12-19;19;659
28;2025-12-19;20;438
28;2025-12-19;21;287
28;2025-12-19;22;132
28;2025-12-19;23;5
28;2025-12-20;0;0
28;2025-12-20;1;0
28;2025-12-20;2;0
28;2025-12-20;3;0
28;2025-12-20;4;0
28;2025-12-20;5;15
28;2025-12-20;6;80
28;2025-12-20;7;184
28;2025-12-20;8;315
28;2025-12-20;9;370
28;2025-12-20;10;400
28;2025-12-20;11;409
28;2025-12-20;12;472
28;2025-12-20;13;510
28;2025-12-20;14;500
28;2025-12-20;15;497
28;2025-12-20;16;467
28;2025-12-20;17;472
28;2025-12-20;18;427
28;2025-12-20;19;391
28;2025-12-20;20;303
28;2025-12-20;21;257
28;2025-12-20;22;113
28;2025-12-20;23;6
28;2025-12-21;0;0
28;2025-12-21;1;0
28;2025-12-21;2;0
28;2025-12-21;3;0
28;2025-12-21;4;2
28;2025-12-21;5;13
28;2025-12-21;6;68
28;2025-12-21;7;135
28;2025-12-21;8;234
28;2025-12-21;9;285
28;2025-12-21;10;334
28;2025-12-21;11;348
28;2025-12-21;12;406
28;2025-12-21;13;461
28;2025-12-21;14;451
28;2025-12-21;15;450
28;2025-12-21;16;425
28;2025-12-21;17;436
28;2025-12-21;18;387
28;2025-12-21;19;336
28;2025-12-21;20;283
28;2025-12-21;21;237
28;2025-12-21;22;103
28;2025-12-21;23;2
28;2025-12-22;0;0
28;2025-12-22;1;0
28;2025-12-22;2;0
28;2025-12-22;3;0
28;2025-12-22;4;1
28;2025-12-22;5;61
28;2025-12-22;6;225
28;2025-12-22;7;705
28;2025-12-22;8;1094
28;2025-12-22;9;780
28;2025-12-22;10;596
28;2025-12-22;11;549
28;2025-12-22;12;649
28;2025-12-22;13;688
28;2025-12-22;14;637
28;2025-12-22;15;682
28;2025-12-22;16;806
28;2025-12-22;17;890
28;2025-12-22;18;916
28;2025-12-22;19;703
28;2025-12-22;20;457
28;2025-12-22;21;273
28;2025-12-22;22;116
28;2025-12-22;23;0
28;2025-12-23;0;0
28;2025-12-23;1;0
28;2025-12-23;2;0
28;2025-12-23;3;0
28;2025-12-23;4;1
28;2025-12-23;5;59
28;2025-12-23;6;229
28;2025-12-23;7;728
28;2025-12-23;8;1126
28;2025-12-23;9;804
28;2025-12-23;10;619
28;2025-12-23;11;572
28;2025-12-23;12;670
28;2025-12-23;13;696
28;2025-12-23;14;650
28;2025-12-23;15;694
28;2025-12-23;16;804
28;2025-12-23;17;902
28;2025-12-23;18;951
28;2025-12-23;19;727
28;2025-12-23;20;473
28;2025-12-23;21;288
28;2025-12-23;22;124
28;2025-12-23;23;4
28;2025-12-24;0;0
28;2025-12-24;1;0
28;2025-12-24;2;0
28;2025-12-24;3;0
28;2025-12-24;4;1
28;2025-12-24;5;61
28;2025-12-24;6;230
28;2025-12-24;7;711
28;2025-12-24;8;1120
28;2025-12-24;9;804
28;2025-12-24;10;608
28;2025-12-24;11;571
28;2025-12-24;12;675
28;2025-12-24;13;705
28;2025-12-24;14;654
28;2025-12-24;15;697
28;2025-12-24;16;814
28;2025-12-24;17;910
28;2025-12-24;18;961
28;2025-12-24;19;721
28;2025-12-24;20;478
28;2025-12-24;21;291
28;2025-12-24;22;124
28;2025-12-24;23;3
28;2025-12-25;0;0
28;2025-12-25;1;0
28;2025-12-25;2;0
28;2025-12-25;3;0
28;2025-12-25;4;1
28;2025-12-25;5;62
28;2025-12-25;6;232
28;2025-12-25;7;733
28;2025-12-25;8;1136
28;2025-12-25;9;808
28;2025-12-25;10;613
28;2025-12-25;11;569
28;2025-12-25;12;675
28;2025-12-25;13;700
28;2025-12-25;14;655
28;2025-12-25;15;697
28;2025-12-25;16;815
28;2025-12-25;17;919
28;2025-12-25;18;974
28;2025-12-25;19;729
28;2025-12-25;20;478
28;2025-12-25;21;293
28;2025-12-25;22;128
28;2025-12-25;23;0
28;2025-12-26;0;0
28;2025-12-26;1;0
28;2025-12-26;2;0
28;2025-12-26;3;0
28;2025-12-26;4;4
28;2025-12-26;5;65
28;2025-12-26;6;233
28;2025-12-26;7;705
28;2025-12-26;8;1075
28;2025-12-26;9;781
28;2025-12-26;10;609
28;2025-12-26;11;574
28;2025-12-26;12;678
28;2025-12-26;13;715
28;2025-12-26;14;681
28;2025-12-26;15;723
28;2025-12-26;16;851
28;2025-12-26;17;913
28;2025-12-26;18;844
28;2025-12-26;19;659
28;2025-12-26;20;438
28;2025-12-26;21;287
28;2025-12-26;22;132
28;2025-12-26;23;5
28;2025-12-27;0;0
28;2025-12-27;1;0
28;2025-12-27;2;0
28;2025-12-27;3;0
28;2025-12-27;4;0
28;2025-12-27;5;15
28;2025-12-27;6;80
28;2025-12-27;7;184
28;2025-12-27;8;315
28;2025-12-27;9;370
28;2025-12-27;10;400
28;2025-12-27;11;409
28;2025-12-27;12;472
28;2025-12-27;13;510
28;2025-12-27;14;500
28;2025-12-27;15;497
28;2025-12-27;16;467
28;2025-12-27;17;472
28;2025-12-27;18;427
28;2025-12-27;19;391
28;2025-12-27;20;303
28;2025-12-27;21;257
28;2025-12-27;22;113
28;2025-12-27;23;6
28;2025-12-28;0;0
28;2025-12-28;1;0
28;2025-12-28;2;0
28;2025-12-28;3;0
28;2025-12-28;4;2
28;2025-12-28;5;13
28;2025-12-28;6;68
28;2025-12-28;7;135
28;2025-12-28;8;234
28;2025-12-28;9;285
28;2025-12-28;10;334
28;2025-12-28;11;348
28;2025-12-28;12;406
28;2025-12-28;13;461
28;2025-12-28;14;451
28;2025-12-28;15;450
28;2025-12-28;16;425
28;2025-12-28;17;436
28;2025-12-28;18;387
28;2025-12-28;19;336
28;2025-12-28;20;283
28;2025-12-28;21;237
28;2025-12-28;22;103
28;2025-12-28;23;2
28;2025-12-29;0;0
28;2025-12-29;1;0
28;2025-12-29;2;0
28;2025-12-29;3;0
28;2025-12-29;4;1
28;2025-12-29;5;61
28;2025-12-29;6;225
28;2025-12-29;7;705
28;2025-12-29;8;1094
28;2025-12-29;9;780
28;2025-12-29;10;596
28;2025-12-29;11;549
28;2025-12-29;12;649
28;2025-12-29;13;688
28;2025-12-29;14;637
28;2025-12-29;15;682
28;2025-12-29;16;806
28;2025-12-29;17;890
28;2025-12-29;18;916
28;2025-12-29;19;703
28;2025-12-29;20;457
28;2025-12-29;21;273
28;2025-12-29;22;116
28;2025-12-29;23;0
28;2025-12-30;0;0
28;2025-12-30;1;0
28;2025-12-30;2;0
28;2025-12-30;3;0
28;2025-12-30;4;1
28;2025-12-30;5;59
28;2025-12-30;6;229
28;2025-12-30;7;728
28;2025-12-30;8;1126
28;2025-12-30;9;804
28;2025-12-30;10;619
28;2025-12-30;11;572
28;2025-12-30;12;670
28;2025-12-30;13;696
28;2025-12-30;14;650
28;2025-12-30;15;694
28;2025-12-30;16;804
28;2025-12-30;17;902
28;2025-12-30;18;951
28;2025-12-30;19;727
28;2025-12-30;20;473
28;2025-12-30;21;288
28;2025-12-30;22;124
28;2025-12-30;23;4
28;2025-12-31;0;0
28;2025-12-31;1;0
28;2025-12-31;2;0
28;2025-12-31;3;0
28;2025-12-31;4;0
28;2025-12-31;5;15
28;2025-12-31;6;92
28;2025-12-31;7;172
28;2025-12-31;8;347
28;2025-12-31;9;318
28;2025-12-31;10;346
28;2025-12-31;11;351
28;2025-12-31;12;406
28;2025-12-31;13;440
28;2025-12-31;14;427
28;2025-12-31;15;434
28;2025-12-31;16;416
28;2025-12-31;17;452
28;2025-12-31;18;462
28;2025-12-31;19;362
28;2025-12-31;20;289
28;2025-12-31;21;233
28;2025-12-31;22;98
28;2025-12-31;23;3
50;2025-11-01;0;19
50;2025-11-01;1;1
50;2025-11-01;2;0
50;2025-11-01;3;0
50;2025-11-01;4;1
50;2025-11-01;5;34
50;2025-11-01;6;410
50;2025-11-01;7;1594
50;2025-11-01;8;2481
50;2025-11-01;9;1909
50;2025-11-01;10;1538
50;2025-11-01;11;1451
50;2025-11-01;12;1447
50;2025-11-01;13;1424
50;2025-11-01;14;1427
50;2025-11-01;15;1615
50;2025-11-01;16;1710
50;2025-11-01;17;2123
50;2025-11-01;18;2091
50;2025-11-01;19;1312
50;2025-11-01;20;799
50;2025-11-01;21;528
50;2025-11-01;22;167
50;2025-11-01;23;93
50;2025-11-02;0;20
50;2025-11-02;1;2
50;2025-11-02;2;0
50;2025-11-02;3;0
50;2025-11-02;4;0
50;2025-11-02;5;0
50;2025-11-02;6;43
50;2025-11-02;7;97
50;2025-11-02;8;227
50;2025-11-02;9;307
50;2025-11-02;10;354
50;2025-11-02;11;414
50;2025-11-02;12;435
50;2025-11-02;13;474
50;2025-11-02;14;447
50;2025-11-02;15;452
50;2025-11-02;16;444
50;2025-11-02;17;468
50;2025-11-02;18;395
50;2025-11-02;19;344
50;2025-11-02;20;297
50;2025-11-02;21;255
50;2025-11-02;22;112
50;2025-11-02;23;57
50;2025-11-03;0;25
50;2025-11-03;1;3
50;2025-11-03;2;0
50;2025-11-03;3;0
50;2025-11-03;4;0
50;2025-11-03;5;33
50;2025-11-03;6;154
50;2025-11-03;7;169
50;2025-11-03;8;408
50;2025-11-03;9;402
50;2025-11-03;10;417
50;2025-11-03;11;439
50;2025-11-03;12;452
50;2025-11-03;13;492
50;2025-11-03;14;469
50;2025-11-03;15;475
50;2025-11-03;16;480
50;2025-11-03;17;509
50;2025-11-03;18;532
50;2025-11-03;19;432
50;2025-11-03;20;337
50;2025-11-03;21;295
50;2025-11-03;22;160
50;2025-11-03;23;105
50;2025-11-04;0;28
50;2025-11-04;1;3
50;2025-11-04;2;0
50;2025-11-04;3;0
50;2025-11-04;4;1
50;2025-11-04;5;40
50;2025-11-04;6;179
50;2025-11-04;7;195
50;2025-11-04;8;397
50;2025-11-04;9;406
50;2025-11-04;10;418
50;2025-11-04;11;427
50;2025-11-04;12;452
50;2025-11-04;13;486
50;2025-11-04;14;452
50;2025-11-04;15;475
50;2025-11-04;16;478
50;2025-11-04;17;520
50;2025-11-04;18;526
50;2025-11-04;19;448
50;2025-11-04;20;347
50;2025-11-04;21;291
50;2025-11-04;22;169
50;2025-11-04;23;123
50;2025-11-05;0;16
50;2025-11-05;1;1
50;2025-11-05;2;0
50;2025-11-05;3;0
50;2025-11-05;4;1
50;2025-11-05;5;72
50;2025-11-05;6;506
50;2025-11-05;7;1701
50;2025-11-05;8;2685
50;2025-11-05;9;2026
50;2025-11-05;10;1593
50;2025-11-05;11;1492
50;2025-11-05;12;1445
50;2025-11-05;13;1435
50;2025-11-05;14;1377
50;2025-11-05;15;1565
50;2025-11-05;16;1684
50;2025-11-05;17;2226
50;2025-11-05;18;2380
50;2025-11-05;19;1499
50;2025-11-05;20;899
50;2025-11-05;21;599
50;2025-11-05;22;227
50;2025-11-05;23;135
50;2025-11-06;0;30
50;2025-11-06;1;5
50;2025-11-06;2;0
50;2025-11-06;3;0
50;2025-11-06;4;1
50;2025-11-06;5;73
50;2025-11-06;6;499
50;2025-11-06;7;1712
50;2025-11-06;8;2680
50;2025-11-06;9;2024
50;2025-11-06;10;1606
50;2025-11-06;11;1480
50;2025-11-06;12;1459
50;2025-11-06;13;1430
50;2025-11-06;14;1393
50;2025-11-06;15;1581
50;2025-11-06;16;1667
50;2025-11-06;17;2215
50;2025-11-06;18;2403
50;2025-11-06;19;1514
50;2025-11-06;20;928
50;2025-11-06;21;628
50;2025-11-06;22;245
50;2025-11-06;23;146
50;2025-11-07;0;13
50;2025-11-07;1;1
50;2025-11-07;2;0
50;2025-11-07;3;0
50;2025-11-07;4;1
50;2025-11-07;5;59
50;2025-11-07;6;495
50;2025-11-07;7;1631
50;2025-11-07;8;2573
50;2025-11-07;9;1893
50;2025-11-07;10;1523
50;2025-11-07;11;1462
50;2025-11-07;12;1415
50;2025-11-07;13;1417
50;2025-11-07;14;1390
50;2025-11-07;15;1627
50;2025-11-07;16;1830
50;2025-11-07;17;2114
50;2025-11-07;18;1878
50;2025-11-07;19;1295
50;2025-11-07;20;795
50;2025-11-07;21;554
50;2025-11-07;22;223
50;2025-11-07;23;145
50;2025-11-08;0;28
50;2025-11-08;1;1
50;2025-11-08;2;0
50;2025-11-08;3;0
50;2025-11-08;4;0
50;2025-11-08;5;1
50;2025-11-08;6;79
50;2025-11-08;7;193
50;2025-11-08;8;353
50;2025-11-08;9;416
50;2025-11-08;10;449
50;2025-11-08;11;467
50;2025-11-08;12;484
50;2025-11-08;13;488
50;2025-11-08;14;476
50;2025-11-08;15;486
50;2025-11-08;16;463
50;2025-11-08;17;477
50;2025-11-08;18;431
50;2025-11-08;19;416
50;2025-11-08;20;332
50;2025-11-08;21;283
50;2025-11-08;22;126
50;2025-11-08;23;75
50;2025-11-09;0;20
50;2025-11-09;1;2
50;2025-11-09;2;0
50;2025-11-09;3;0
50;2025-11-09;4;0
50;2025-11-09;5;0
50;2025-11-09;6;43
50;2025-11-09;7;97
50;2025-11-09;8;227
50;2025-11-09;9;307
50;2025-11-09;10;354
50;2025-11-09;11;414
50;2025-11-09;12;435
50;2025-11-09;13;474
50;2025-11-09;14;447
50;2025-11-09;15;452
50;2025-11-09;16;444
50;2025-11-09;17;468
50;2025-11-09;18;395
50;2025-11-09;19;344
50;2025-11-09;20;297
50;2025-11-09;21;255
50;2025-11-09;22;112
50;2025-11-09;23;57
50;2025-11-10;0;21
50;2025-11-10;1;3
50;2025-11-10;2;0
50;2025-11-10;3;0
50;2025-11-10;4;1
50;2025-11-10;5;69
50;2025-11-10;6;491
50;2025-11-10;7;1675
50;2025-11-10;8;2660
50;2025-11-10;9;2009
50;2025-11-10;10;1561
50;2025-11-10;11;1445
50;2025-11-10;12;1381
50;2025-11-10;13;1409
50;2025-11-10;14;1351
50;2025-11-10;15;1543
50;2025-11-10;16;1655
50;2025-11-10;17;2207
50;2025-11-10;18;2359
50;2025-11-10;19;1457
50;2025-11-10;20;873
50;2025-11-10;21;569
50;2025-11-10;22;204
50;2025-11-10;23;113
50;2025-11-11;0;28
50;2025-11-11;1;5
50;2025-11-11;2;0
50;2025-11-11;3;0
50;2025-11-11;4;3
50;2025-11-11;5;78
50;2025-11-11;6;527
50;2025-11-11;7;1736
50;2025-11-11;8;2730
50;2025-11-11;9;2062
50;2025-11-11;10;1618
50;2025-11-11;11;1490
50;2025-11-11;12;1445
50;2025-11-11;13;1451
50;2025-11-11;14;1383
50;2025-11-11;15;1587
50;2025-11-11;16;1695
50;2025-11-11;17;2254
50;2025-11-11;18;2427
50;2025-11-11;19;1531
50;2025-11-11;20;931
50;2025-11-11;21;599
50;2025-11-11;22;231
50;2025-11-11;23;137
50;2025-11-12;0;16
50;2025-11-12;1;1
50;2025-11-12;2;0
50;2025-11-12;3;0
50;2025-11-12;4;1
50;2025-11-12;5;72
50;2025-11-12;6;506
50;2025-11-12;7;1701
50;2025-11-12;8;2685
50;2025-11-12;9;2026
50;2025-11-12;10;1593
50;2025-11-12;11;1492
50;2025-11-12;12;1445
50;2025-11-12;13;1435
50;2025-11-12;14;1377
50;2025-11-12;15;1565
50;2025-11-12;16;1684
50;2025-11-12;17;2226
50;2025-11-12;18;2380
50;2025-11-12;19;1499
50;2025-11-12;20;899
50;2025-11-12;21;599
50;2025-11-12;22;227
50;2025-11-12;23;135
50;2025-11-13;0;30
50;2025-11-13;1;5
50;2025-11-13;2;0
50;2025-11-13;3;0
50;2025-11-13;4;1
50;2025-11-13;5;73
50;2025-11-13;6;499
50;2025-11-13;7;1712
50;2025-11-13;8;2680
50;2025-11-13;9;2024
50;2025-11-13;10;1606
50;2025-11-13;11;1480
50;2025-11-13;12;1459
50;2025-11-13;13;1430
50;2025-11-13;14;1393
50;2025-11-13;15;1581
50;2025-11-13;16;1667
50;2025-11-13;17;2215
50;2025-11-13;18;2403
50;2025-11-13;19;1514
50;2025-11-13;20;928
50;2025-11-13;21;628
50;2025-11-13;22;245
50;2025-11-13;23;146
50;2025-11-14;0;13
50;2025-11-14;1;1
50;2025-11-14;2;0
50;2025-11-14;3;0
50;2025-11-14;4;1
50;2025-11-14;5;59
50;2025-11-14;6;495
50;2025-11-14;7;1631
50;2025-11-14;8;2573
50;2025-11-14;9;1893
50;2025-11-14;10;1523
50;2025-11-14;11;1462
50;2025-11-14;12;1415
50;2025-11-14;13;1417
50;2025-11-14;14;1390
50;2025-11-14;15;1627
50;2025-11-14;16;1830
50;2025-11-14;17;2114
50;2025-11-14;18;1878
50;2025-11-14;19;1295
50;2025-11-14;20;795
50;2025-11-14;21;554
50;2025-11-14;22;223
50;2025-11-14;23;145
50;2025-11-15;0;28
50;2025-11-15;1;1
50;2025-11-15;2;0
50;2025-11-15;3;0
50;2025-11-15;4;0
50;2025-11-15;5;1
50;2025-11-15;6;79
50;2025-11-15;7;193
50;2025-11-15;8;353
50;2025-11-15;9;416
50;2025-11-15;10;449
50;2025-11-15;11;467
50;2025-11-15;12;484
50;2025-11-15;13;488
50;2025-11-15;14;476
50;2025-11-15;15;486
50;2025-11-15;16;463
50;2025-11-15;17;477
50;2025-11-15;18;431
50;2025-11-15;19;416
50;2025-11-15;20;332
50;2025-11-15;21;283
50;2025-11-15;22;126
50;2025-11-15;23;75
50;2025-11-16;0;20
50;2025-11-16;1;2
50;2025-11-16;2;0
50;2025-11-16;3;0
50;2025-11-16;4;0
50;2025-11-16;5;0
50;2025-11-16;6;43
50;2025-11-16;7;97
50;2025-11-16;8;227
50;2025-11-16;9;307
50;2025-11-16;10;354
50;2025-11-16;11;414
50;2025-11-16;12;435
50;2025-11-16;13;474
50;2025-11-16;14;447
50;2025-11-16;15;452
50;2025-11-16;16;444
50;2025-11-16;17;468
50;2025-11-16;18;395
50;2025-11-16;19;344
50;2025-11-16;20;297
50;2025-11-16;21;255
50;2025-11-16;22;112
50;2025-11-16;23;57
50;2025-11-17;0;21
50;2025-11-17;1;3
50;2025-11-17;2;0
50;2025-11-17;3;0
50;2025-11-17;4;1
50;2025-11-17;5;69
50;2025-11-17;6;491
50;2025-11-17;7;1675
50;2025-11-17;8;2660
50;2025-11-17;9;2009
50;2025-11-17;10;1561
50;2025-11-17;11;1445
50;2025-11-17;12;1381
50;2025-11-17;13;1409
50;2025-11-17;14;1351
50;2025-11-17;15;1543
50;2025-11-17;16;1655
50;2025-11-17;17;2207
50;2025-11-17;18;2359
50;2025-11-17;19;1457
50;2025-11-17;20;873
50;2025-11-17;21;569
50;2025-11-17;22;204
50;2025-11-17;23;113
50;2025-11-18;0;28
50;2025-11-18;1;5
50;2025-11-18;2;0
50;2025-11-18;3;0
50;2025-11-18;4;3
50;2025-11-18;5;78
50;2025-11-18;6;527
50;2025-11-18;7;1736
50;2025-11-18;8;2730
50;2025-11-18;9;2062
50;2025-11-18;10;1618
50;2025-11-18;11;1490
50;2025-11-18;12;1445
50;2025-11-18;13;1451
50;2025-11-18;14;1383
50;2025-11-18;15;1587
50;2025-11-18;16;1695
50;2025-11-18;17;2254
50;2025-11-18;18;2427
50;2025-11-18;19;1531
50;2025-11-18;20;931
50;2025-11-18;21;599
50;2025-11-18;22;231
50;2025-11-18;23;137
50;2025-11-19;0;16
50;2025-11-19;1;1
50;2025-11-19;2;0
50;2025-11-19;3;0
50;2025-11-19;4;1
50;2025-11-19;5;72
50;2025-11-19;6;506
50;2025-11-19;7;1701
50;2025-11-19;8;2685
50;2025-11-19;9;2026
50;2025-11-19;10;1593
50;2025-11-19;11;1492
50;2025-11-19;12;1445
50;2025-11-19;13;1435
50;2025-11-19;14;1377
50;2025-11-19;15;1565
50;2025-11-19;16;1684
50;2025-11-19;17;2226
50;2025-11-19;18;2380
50;2025-11-19;19;1499
50;2025-11-19;20;899
50;2025-11-19;21;599
50;2025-11-19;22;227
50;2025-11-19;23;135
50;2025-11-20;0;30
50;2025-11-20;1;5
50;2025-11-20;2;0
50;2025-11-20;3;0
50;2025-11-20;4;1
50;2025-11-20;5;73
50;2025-11-20;6;499
50;2025-11-20;7;1712
50;2025-11-20;8;2680
50;2025-11-20;9;2024
50;2025-11-20;10;1606
50;2025-11-20;11;1480
50;2025-11-20;12;1459
50;2025-11-20;13;1430
50;2025-11-20;14;1393
50;2025-11-20;15;1581
50;2025-11-20;16;1667
50;2025-11-20;17;2215
50;2025-11-20;18;2403
50;2025-11-20;19;1514
50;2025-11-20;20;928
50;2025-11-20;21;628
50;2025-11-20;22;245
50;2025-11-20;23;146
50;2025-11-21;0;13
50;2025-11-21;1;1
50;2025-11-21;2;0
50;2025-11-21;3;0
50;2025-11-21;4;1
50;2025-11-21;5;59
50;2025-11-21;6;495
50;2025-11-21;7;1631
50;2025-11-21;8;2573
50;2025-11-21;9;1893
50;2025-11-21;10;1523
50;2025-11-21;11;1462
50;2025-11-21;12;1415
50;2025-11-21;13;1417
50;2025-11-21;14;1390
50;2025-11-21;15;1627
50;2025-11-21;16;1830
50;2025-11-21;17;2114
50;2025-11-21;18;1878
50;2025-11-21;19;1295
50;2025-11-21;20;795
50;2025-11-21;21;554
50;2025-11-21;22;223
50;2025-11-21;23;145
50;2025-11-22;0;28
50;2025-11-22;1;1
50;2025-11-22;2;0
50;2025-11-22;3;0
50;2025-11-22;4;0
50;2025-11-22;5;1
50;2025-11-22;6;79
50;2025-11-22;7;193
50;2025-11-22;8;353
50;2025-11-22;9;416
50;2025-11-22;10;449
50;2025-11-22;11;467
50;2025-11-22;12;484
50;2025-11-22;13;488
50;2025-11-22;14;476
50;2025-11-22;15;486
50;2025-11-22;16;463
50;2025-11-22;17;477
50;2025-11-22;18;431
50;2025-11-22;19;416
50;2025-11-22;20;332
50;2025-11-22;21;283
50;2025-11-22;22;126
50;2025-11-22;23;75
50;2025-11-23;0;20
50;2025-11-23;1;2
50;2025-11-23;2;0
50;2025-11-23;3;0
50;2025-11-23;4;0
50;2025-11-23;5;0
50;2025-11-23;6;43
50;2025-11-23;7;97
50;2025-11-23;8;227
50;2025-11-23;9;307
50;2025-11-23;10;354
50;2025-11-23;11;414
50;2025-11-23;12;435
50;2025-11-23;13;474
50;2025-11-23;14;447
50;2025-11-23;15;452
50;2025-11-23;16;444
50;2025-11-23;17;468
50;2025-11-23;18;395
50;2025-11-23;19;344
50;2025-11-23;20;297
50;2025-11-23;21;255
50;2025-11-23;22;112
50;2025-11-23;23;57
50;2025-11-24;0;21
50;2025-11-24;1;3
50;2025-11-24;2;0
50;2025-11-24;3;0
50;2025-11-24;4;1
50;2025-11-24;5;69
50;2025-11-24;6;491
50;2025-11-24;7;1675
50;2025-11-24;8;2660
50;2025-11-24;9;2009
50;2025-11-24;10;1561
50;2025-11-24;11;1445
50;2025-11-24;12;1381
50;2025-11-24;13;1409
50;2025-11-24;14;1351
50;2025-11-24;15;1543
50;2025-11-24;16;1655
50;2025-11-24;17;2207
50;2025-11-24;18;2359
50;2025-11-24;19;1457
50;2025-11-24;20;873
50;2025-11-24;21;569
50;2025-11-24;22;204
50;2025-11-24;23;113
50;2025-11-25;0;28
50;2025-11-25;1;5
50;2025-11-25;2;0
50;2025-11-25;3;0
50;2025-11-25;4;3
50;2025-11-25;5;78
50;2025-11-25;6;527
50;2025-11-25;7;1736
50;2025-11-25;8;2730
50;2025-11-25;9;2062
50;2025-11-25;10;1618
50;2025-11-25;11;1490
50;2025-11-25;12;1445
50;2025-11-25;13;1451
50;2025-11-25;14;1383
50;2025-11-25;15;1587
50;2025-11-25;16;1695
50;2025-11-25;17;2254
50;2025-11-25;18;2427
50;2025-11-25;19;1531
50;2025-11-25;20;931
50;2025-11-25;21;599
50;2025-11-25;22;231
50;2025-11-25;23;137
50;2025-11-26;0;16
50;2025-11-26;1;1
50;2025-11-26;2;0
50;2025-11-26;3;0
50;2025-11-26;4;1
50;2025-11-26;5;72
50;2025-11-26;6;506
50;2025-11-26;7;1701
50;2025-11-26;8;2685
50;2025-11-26;9;2026
50;2025-11-26;10;1593
50;2025-11-26;11;1492
50;2025-11-26;12;1445
50;2025-11-26;13;1435
50;2025-11-26;14;1377
50;2025-11-26;15;1565
50;2025-11-26;16;1684
50;2025-11-26;17;2226
50;2025-11-26;18;2380
50;2025-11-26;19;1499
50;2025-11-26;20;899
50;2025-11-26;21;599
50;2025-11-26;22;227
50;2025-11-26;23;135
50;2025-11-27;0;30
50;2025-11-27;1;5
50;2025-11-27;2;0
50;2025-11-27;3;0
50;2025-11-27;4;1
50;2025-11-27;5;73
50;2025-11-27;6;499
50;2025-11-27;7;1712
50;2025-11-27;8;2680
50;2025-11-27;9;2024
50;2025-11-27;10;1606
50;2025-11-27;11;1480
50;2025-11-27;12;1459
50;2025-11-27;13;1430
50;2025-11-27;14;1393
50;2025-11-27;15;1581
50;2025-11-27;16;1667
50;2025-11-27;17;2215
50;2025-11-27;18;2403
50;2025-11-27;19;1514
50;2025-11-27;20;928
50;2025-11-27;21;628
50;2025-11-27;22;245
50;2025-11-27;23;146
50;2025-11-28;0;13
50;2025-11-28;1;1
50;2025-11-28;2;0
50;2025-11-28;3;0
50;2025-11-28;4;1
50;2025-11-28;5;59
50;2025-11-28;6;495
50;2025-11-28;7;1631
50;2025-11-28;8;2573
50;2025-11-28;9;1893
50;2025-11-28;10;1523
50;2025-11-28;11;1462
50;2025-11-28;12;1415
50;2025-11-28;13;1417
50;2025-11-28;14;1390
50;2025-11-28;15;1627
50;2025-11-28;16;1830
50;2025-11-28;17;2114
50;2025-11-28;18;1878
50;2025-11-28;19;1295
50;2025-11-28;20;795
50;2025-11-28;21;554
50;2025-11-28;22;223
50;2025-11-28;23;145
50;2025-11-29;0;28
50;2025-11-29;1;1
50;2025-11-29;2;0
50;2025-11-29;3;0
50;2025-11-29;4;0
50;2025-11-29;5;1
50;2025-11-29;6;79
50;2025-11-29;7;193
50;2025-11-29;8;353
50;2025-11-29;9;416
50;2025-11-29;10;449
50;2025-11-29;11;467
50;2025-11-29;12;484
50;2025-11-29;13;488
50;2025-11-29;14;476
50;2025-11-29;15;486
50;2025-11-29;16;463
50;2025-11-29;17;477
50;2025-11-29;18;431
50;2025-11-29;19;416
50;2025-11-29;20;332
50;2025-11-29;21;283
50;2025-11-29;22;126
50;2025-11-29;23;75
50;2025-11-30;0;20
50;2025-11-30;1;2
50;2025-11-30;2;0
50;2025-11-30;3;0
50;2025-11-30;4;0
50;2025-11-30;5;0
50;2025-11-30;6;43
50;2025-11-30;7;97
50;2025-11-30;8;227
50;2025-11-30;9;307
50;2025-11-30;10;354
50;2025-11-30;11;414
50;2025-11-30;12;435
50;2025-11-30;13;474
50;2025-11-30;14;447
50;2025-11-30;15;452
50;2025-11-30;16;444
50;2025-11-30;17;468
50;2025-11-30;18;395
50;2025-11-30;19;344
50;2025-11-30;20;297
50;2025-11-30;21;255
50;2025-11-30;22;112
50;2025-11-30;23;57
50;2025-12-01;0;21
50;2025-12-01;1;3
50;2025-12-01;2;0
50;2025-12-01;3;0
50;2025-12-01;4;1
50;2025-12-01;5;69
50;2025-12-01;6;491
50;2025-12-01;7;1675
50;2025-12-01;8;2660
50;2025-12-01;9;2009
50;2025-12-01;10;1561
50;2025-12-01;11;1445
50;2025-12-01;12;1381
50;2025-12-01;13;1409
50;2025-12-01;14;1351
50;2025-12-01;15;1543
50;2025-12-01;16;1655
50;2025-12-01;17;2207
50;2025-12-01;18;2359
50;2025-12-01;19;1457
50;2025-12-01;20;873
50;2025-12-01;21;569
50;2025-12-01;22;204
50;2025-12-01;23;113
50;2025-12-02;0;28
50;2025-12-02;1;5
50;2025-12-02;2;0
50;2025-12-02;3;0
50;2025-12-02;4;3
50;2025-12-02;5;78
50;2025-12-02;6;527
50;2025-12-02;7;1736
50;2025-12-02;8;2730
50;2025-12-02;9;2062
50;2025-12-02;10;1618
50;2025-12-02;11;1490
50;2025-12-02;12;1445
50;2025-12-02;13;1451
50;2025-12-02;14;1383
50;2025-12-02;15;1587
50;2025-12-02;16;1695
50;2025-12-02;17;2254
50;2025-12-02;18;2427
50;2025-12-02;19;1531
50;2025-12-02;20;931
50;2025-12-02;21;599
50;2025-12-02;22;231
50;2025-12-02;23;137
50;2025-12-03;0;16
50;2025-12-03;1;1
50;2025-12-03;2;0
50;2025-12-03;3;0
50;2025-12-03;4;1
50;2025-12-03;5;72
50;2025-12-03;6;506
50;2025-12-03;7;1701
50;2025-12-03;8;2685
50;2025-12-03;9;2026
50;2025-12-03;10;1593
50;2025-12-03;11;1492
50;2025-12-03;12;1445
50;2025-12-03;13;1435
50;2025-12-03;14;1377
50;2025-12-03;15;1565
50;2025-12-03;16;1684
50;2025-12-03;17;2226
50;2025-12-03;18;2380
50;2025-12-03;19;1499
50;2025-12-03;20;899
50;2025-12-03;21;599
50;2025-12-03;22;227
50;2025-12-03;23;135
50;2025-12-04;0;30
50;2025-12-04;1;5
50;2025-12-04;2;0
50;2025-12-04;3;0
50;2025-12-04;4;1
50;2025-12-04;5;73
50;2025-12-04;6;499
50;2025-12-04;7;1712
50;2025-12-04;8;2680
50;2025-12-04;9;2024
50;2025-12-04;10;1606
50;2025-12-04;11;1480
50;2025-12-04;12;1459
50;2025-12-04;13;1430
50;2025-12-04;14;1393
50;2025-12-04;15;1581
50;2025-12-04;16;1667
50;2025-12-04;17;2215
50;2025-12-04;18;2403
50;2025-12-04;19;1514
50;2025-12-04;20;928
50;2025-12-04;21;628
50;2025-12-04;22;245
50;2025-12-04;23;146
50;2025-12-05;0;13
50;2025-12-05;1;1
50;2025-12-05;2;0
50;2025-12-05;3;0
50;2025-12-05;4;1
50;2025-12-05;5;59
50;2025-12-05;6;495
50;2025-12-05;7;1631
50;2025-12-05;8;2573
50;2025-12-05;9;1893
50;2025-12-05;10;1523
50;2025-12-05;11;1462
50;2025-12-05;12;1415
50;2025-12-05;13;1417
50;2025-12-05;14;1390
50;2025-12-05;15;1627
50;2025-12-05;16;1830
50;2025-12-05;17;2114
50;2025-12-05;18;1878
50;2025-12-05;19;1295
50;2025-12-05;20;795
50;2025-12-05;21;554
50;2025-12-05;22;223
50;2025-12-05;23;145
50;2025-12-06;0;28
50;2025-12-06;1;1
50;2025-12-06;2;0
50;2025-12-06;3;0
50;2025-12-06;4;0
50;2025-12-06;5;1
50;2025-12-06;6;79
50;2025-12-06;7;193
50;2025-12-06;8;353
50;2025-12-06;9;416
50;2025-12-06;10;449
50;2025-12-06;11;467
50;2025-12-06;12;484
50;2025-12-06;13;488
50;2025-12-06;14;476
50;2025-12-06;15;486
50;2025-12-06;16;463
50;2025-12-06;17;477
50;2025-12-06;18;431
50;2025-12-06;19;416
50;2025-12-06;20;332
50;2025-12-06;21;283
50;2025-12-06;22;126
50;2025-12-06;23;75
50;2025-12-07;0;20
50;2025-12-07;1;2
50;2025-12-07;2;0
50;2025-12-07;3;0
50;2025-12-07;4;0
50;2025-12-07;5;0
50;2025-12-07;6;43
50;2025-12-07;7;97
50;2025-12-07;8;227
50;2025-12-07;9;307
50;2025-12-07;10;354
50;2025-12-07;11;414
50;2025-12-07;12;435
50;2025-12-07;13;474
50;2025-12-07;14;447
50;2025-12-07;15;452
50;2025-12-07;16;444
50;2025-12-07;17;468
50;2025-12-07;18;395
50;2025-12-07;19;344
50;2025-12-07;20;297
50;2025-12-07;21;255
50;2025-12-07;22;112
50;2025-12-07;23;57
50;2025-12-08;0;21
50;2025-12-08;1;3
50;2025-12-08;2;0
50;2025-12-08;3;0
50;2025-12-08;4;1
50;2025-12-08;5;69
50;2025-12-08;6;491
50;2025-12-08;7;1675
50;2025-12-08;8;2660
50;2025-12-08;9;2009
50;2025-12-08;10;1561
50;2025-12-08;11;1445
50;2025-12-08;12;1381
50;2025-12-08;13;1409
50;2025-12-08;14;1351
50;2025-12-08;15;1543
50;2025-12-08;16;1655
50;2025-12-08;17;2207
50;2025-12-08;18;2359
50;2025-12-08;19;1457
50;2025-12-08;20;873
50;2025-12-08;21;569
50;2025-12-08;22;204
50;2025-12-08;23;113
50;2025-12-09;0;28
50;2025-12-09;1;5
50;2025-12-09;2;0
50;2025-12-09;3;0
50;2025-12-09;4;3
50;2025-12-09;5;78
50;2025-12-09;6;527
50;2025-12-09;7;1736
50;2025-12-09;8;2730
50;2025-12-09;9;2062
50;2025-12-09;10;1618
50;2025-12-09;11;1490
50;2025-12-09;12;1445
50;2025-12-09;13;1451
50;2025-12-09;14;1383
50;2025-12-09;15;1587
50;2025-12-09;16;1695
50;2025-12-09;17;2254
50;2025-12-09;18;2427
50;2025-12-09;19;1531
50;2025-12-09;20;931
50;2025-12-09;21;599
50;2025-12-09;22;231
50;2025-12-09;23;137
50;2025-12-10;0;16
50;2025-12-10;1;1
50;2025-12-10;2;0
50;2025-12-10;3;0
50;2025-12-10;4;1
50;2025-12-10;5;72
50;2025-12-10;6;506
50;2025-12-10;7;1701
50;2025-12-10;8;2685
50;2025-12-10;9;2026
50;2025-12-10;10;1593
50;2025-12-10;11;1492
50;2025-12-10;12;1445
50;2025-12-10;13;1435
50;2025-12-10;14;1377
50;2025-12-10;15;1565
50;2025-12-10;16;1684
50;2025-12-10;17;2226
50;2025-12-10;18;2380
50;2025-12-10;19;1499
50;2025-12-10;20;899
50;2025-12-10;21;599
50;2025-12-10;22;227
50;2025-12-10;23;135
50;2025-12-11;0;30
50;2025-12-11;1;5
50;2025-12-11;2;0
50;2025-12-11;3;0
50;2025-12-11;4;1
50;2025-12-11;5;73
50;2025-12-11;6;499
50;2025-12-11;7;1712
50;2025-12-11;8;2680
50;2025-12-11;9;2024
50;2025-12-11;10;1606
50;2025-12-11;11;1480
50;2025-12-11;12;1459
50;2025-12-11;13;1430
50;2025-12-11;14;1393
50;2025-12-11;15;1581
50;2025-12-11;16;1667
50;2025-12-11;17;2215
50;2025-12-11;18;2403
50;2025-12-11;19;1514
50;2025-12-11;20;928
50;2025-12-11;21;628
50;2025-12-11;22;245
50;2025-12-11;23;146
50;2025-12-12;0;13
50;2025-12-12;1;1
50;2025-12-12;2;0
50;2025-12-12;3;0
50;2025-12-12;4;1
50;2025-12-12;5;59
50;2025-12-12;6;495
50;2025-12-12;7;1631
50;2025-12-12;8;2573
50;2025-12-12;9;1893
50;2025-12-12;10;1523
50;2025-12-12;11;1462
50;2025-12-12;12;1415
50;2025-12-12;13;1417
50;2025-12-12;14;1390
50;2025-12-12;15;1627
50;2025-12-12;16;1830
50;2025-12-12;17;2114
50;2025-12-12;18;1878
50;2025-12-12;19;1295
50;2025-12-12;20;795
50;2025-12-12;21;554
50;2025-12-12;22;223
50;2025-12-12;23;145
50;2025-12-13;0;28
50;2025-12-13;1;1
50;2025-12-13;2;0
50;2025-12-13;3;0
50;2025-12-13;4;0
50;2025-12-13;5;1
50;2025-12-13;6;79
50;2025-12-13;7;193
50;2025-12-13;8;353
50;2025-12-13;9;416
50;2025-12-13;10;449
50;2025-12-13;11;467
50;2025-12-13;12;484
50;2025-12-13;13;488
50;2025-12-13;14;476
50;2025-12-13;15;486
50;2025-12-13;16;463
50;2025-12-13;17;477
50;2025-12-13;18;431
50;2025-12-13;19;416
50;2025-12-13;20;332
50;2025-12-13;21;283
50;2025-12-13;22;126
50;2025-12-13;23;75
50;2025-12-14;0;20
50;2025-12-14;1;2
50;2025-12-14;2;0
50;2025-12-14;3;0
50;2025-12-14;4;0
50;2025-12-14;5;0
50;2025-12-14;6;43
50;2025-12-14;7;97
50;2025-12-14;8;227
50;2025-12-14;9;307
50;2025-12-14;10;354
50;2025-12-14;11;414
50;2025-12-14;12;435
50;2025-12-14;13;474
50;2025-12-14;14;447
50;2025-12-14;15;452
50;2025-12-14;16;444
50;2025-12-14;17;468
50;2025-12-14;18;395
50;2025-12-14;19;344
50;2025-12-14;20;297
50;2025-12-14;21;255
50;2025-12-14;22;112
50;2025-12-14;23;57
50;2025-12-15;0;21
50;2025-12-15;1;3
50;2025-12-15;2;0
50;2025-12-15;3;0
50;2025-12-15;4;1
50;2025-12-15;5;69
50;2025-12-15;6;491
50;2025-12-15;7;1675
50;2025-12-15;8;2660
50;2025-12-15;9;2009
50;2025-12-15;10;1561
50;2025-12-15;11;1445
50;2025-12-15;12;1381
50;2025-12-15;13;1409
50;2025-12-15;14;1351
50;2025-12-15;15;1543
50;2025-12-15;16;1655
50;2025-12-15;17;2207
50;2025-12-15;18;2359
50;2025-12-15;19;1457
50;2025-12-15;20;873
50;2025-12-15;21;569
50;2025-12-15;22;204
50;2025-12-15;23;113
50;2025-12-16;0;28
50;2025-12-16;1;5
50;2025-12-16;2;0
50;2025-12-16;3;0
50;2025-12-16;4;3
50;2025-12-16;5;78
50;2025-12-16;6;527
50;2025-12-16;7;1736
50;2025-12-16;8;2730
50;2025-12-16;9;2062
50;2025-12-16;10;1618
50;2025-12-16;11;1490
50;2025-12-16;12;1445
50;2025-12-16;13;1451
50;2025-12-16;14;1383
50;2025-12-16;15;1587
50;2025-12-16;16;1695
50;2025-12-16;17;2254
50;2025-12-16;18;2427
50;2025-12-16;19;1531
50;2025-12-16;20;931
50;2025-12-16;21;599
50;2025-12-16;22;231
50;2025-12-16;23;137
50;2025-12-17;0;16
50;2025-12-17;1;1
50;2025-12-17;2;0
50;2025-12-17;3;0
50;2025-12-17;4;1
50;2025-12-17;5;72
50;2025-12-17;6;506
50;2025-12-17;7;1701
50;2025-12-17;8;2685
50;2025-12-17;9;2026
50;2025-12-17;10;1593
50;2025-12-17;11;1492
50;2025-12-17;12;1445
50;2025-12-17;13;1435
50;2025-12-17;14;1377
50;2025-12-17;15;1565
50;2025-12-17;16;1684
50;2025-12-17;17;2226
50;2025-12-17;18;2380
50;2025-12-17;19;1499
50;2025-12-17;20;899
50;2025-12-17;21;599
50;2025-12-17;22;227
50;2025-12-17;23;135
50;2025-12-18;0;30
50;2025-12-18;1;5
50;2025-12-18;2;0
50;2025-12-18;3;0
50;2025-12-18;4;1
50;2025-12-18;5;73
50;2025-12-18;6;499
50;2025-12-18;7;1712
50;2025-12-18;8;2680
50;2025-12-18;9;2024
50;2025-12-18;10;1606
50;2025-12-18;11;1480
50;2025-12-18;12;1459
50;2025-12-18;13;1430
50;2025-12-18;14;1393
50;2025-12-18;15;1581
50;2025-12-18;16;1667
50;2025-12-18;17;2215
50;2025-12-18;18;2403
50;2025-12-18;19;1514
50;2025-12-18;20;928
50;2025-12-18;21;628
50;2025-12-18;22;245
50;2025-12-18;23;146
50;2025-12-19;0;13
50;2025-12-19;1;1
50;2025-12-19;2;0
50;2025-12-19;3;0
50;2025-12-19;4;1
50;2025-12-19;5;59
50;2025-12-19;6;495
50;2025-12-19;7;1631
50;2025-12-19;8;2573
50;2025-12-19;9;1893
50;2025-12-19;10;1523
50;2025-12-19;11;1462
50;2025-12-19;12;1415
50;2025-12-19;13;1417
50;2025-12-19;14;1390
50;2025-12-19;15;1627
50;2025-12-19;16;1830
50;2025-12-19;17;2114
50;2025-12-19;18;1878
50;2025-12-19;19;1295
50;2025-12-19;20;795
50;2025-12-19;21;554
50;2025-12-19;22;223
50;2025-12-19;23;145
50;2025-12-20;0;28
50;2025-12-20;1;1
50;2025-12-20;2;0
50;2025-12-20;3;0
50;2025-12-20;4;0
50;2025-12-20;5;1
50;2025-12-20;6;79
50;2025-12-20;7;193
50;2025-12-20;8;353
50;2025-12-20;9;416
50;2025-12-20;10;449
50;2025-12-20;11;467
50;2025-12-20;12;484
50;2025-12-20;13;488
50;2025-12-20;14;476
50;2025-12-20;15;486
50;2025-12-20;16;463
50;2025-12-20;17;477
50;2025-12-20;18;431
50;2025-12-20;19;416
50;2025-12-20;20;332
50;2025-12-20;21;283
50;2025-12-20;22;126
50;2025-12-20;23;75
50;2025-12-21;0;20
50;2025-12-21;1;2
50;2025-12-21;2;0
50;2025-12-21;3;0
50;2025-12-21;4;0
50;2025-12-21;5;0
50;2025-12-21;6;43
50;2025-12-21;7;97
50;2025-12-21;8;227
50;2025-12-21;9;307
50;2025-12-21;10;354
50;2025-12-21;11;414
50;2025-12-21;12;435
50;2025-12-21;13;474
50;2025-12-21;14;447
50;2025-12-21;15;452
50;2025-12-21;16;444
50;2025-12-21;17;468
50;2025-12-21;18;395
50;2025-12-21;19;344
50;2025-12-21;20;297
50;2025-12-21;21;255
50;2025-12-21;22;112
50;2025-12-21;23;57
50;2025-12-22;0;21
50;2025-12-22;1;3
50;2025-12-22;2;0
50;2025-12-22;3;0
50;2025-12-22;4;1
50;2025-12-22;5;69
50;2025-12-22;6;491
50;2025-12-22;7;1675
50;2025-12-22;8;2660
50;2025-12-22;9;2009
50;2025-12-22;10;1561
50;2025-12-22;11;1445
50;2025-12-22;12;1381
50;2025-12-22;13;1409
50;2025-12-22;14;1351
50;2025-12-22;15;1543
50;2025-12-22;16;1655
50;2025-12-22;17;2207
50;2025-12-22;18;2359
50;2025-12-22;19;1457
50;2025-12-22;20;873
50;2025-12-22;21;569
50;2025-12-22;22;204
50;2025-12-22;23;113
50;2025-12-23;0;28
50;2025-12-23;1;5
50;2025-12-23;2;0
50;2025-12-23;3;0
50;2025-12-23;4;3
50;2025-12-23;5;78
50;2025-12-23;6;527
50;2025-12-23;7;1736
50;2025-12-23;8;2730
50;2025-12-23;9;2062
50;2025-12-23;10;1618
50;2025-12-23;11;1490
50;2025-12-23;12;1445
50;2025-12-23;13;1451
50;2025-12-23;14;1383
50;2025-12-23;15;1587
50;2025-12-23;16;1695
50;2025-12-23;17;2254
50;2025-12-23;18;2427
50;2025-12-23;19;1531
50;2025-12-23;20;931
50;2025-12-23;21;599
50;2025-12-23;22;231
50;2025-12-23;23;137
50;2025-12-24;0;16
50;2025-12-24;1;1
50;2025-12-24;2;0
50;2025-12-24;3;0
50;2025-12-24;4;1
50;2025-12-24;5;72
50;2025-12-24;6;506
50;2025-12-24;7;1701
50;2025-12-24;8;2685
50;2025-12-24;9;2026
50;2025-12-24;10;1593
50;2025-12-24;11;1492
50;2025-12-24;12;1445
50;2025-12-24;13;1435
50;2025-12-24;14;1377
50;2025-12-24;15;1565
50;2025-12-24;16;1684
50;2025-12-24;17;2226
50;2025-12-24;18;2380
50;2025-12-24;19;1499
50;2025-12-24;20;899
50;2025-12-24;21;599
50;2025-12-24;22;227
50;2025-12-24;23;135
50;2025-12-25;0;30
50;2025-12-25;1;5
50;2025-12-25;2;0
50;2025-12-25;3;0
50;2025-12-25;4;1
50;2025-12-25;5;73
50;2025-12-25;6;499
50;2025-12-25;7;1712
50;2025-12-25;8;2680
50;2025-12-25;9;2024
50;2025-12-25;10;1606
50;2025-12-25;11;1480
50;2025-12-25;12;1459
50;2025-12-25;13;1430
50;2025-12-25;14;1393
50;2025-12-25;15;1581
50;2025-12-25;16;1667
50;2025-12-25;17;2215
50;2025-12-25;18;2403
50;2025-12-25;19;1514
50;2025-12-25;20;928
50;2025-12-25;21;628
50;2025-12-25;22;245
50;2025-12-25;23;146
50;2025-12-26;0;13
50;2025-12-26;1;1
50;2025-12-26;2;0
50;2025-12-26;3;0
50;2025-12-26;4;1
50;2025-12-26;5;59
50;2025-12-26;6;495
50;2025-12-26;7;1631
50;2025-12-26;8;2573
50;2025-12-26;9;1893
50;2025-12-26;10;1523
50;2025-12-26;11;1462
50;2025-12-26;12;1415
50;2025-12-26;13;1417
50;2025-12-26;14;1390
50;2025-12-26;15;1627
50;2025-12-26;16;1830
50;2025-12-26;17;2114
50;2025-12-26;18;1878
50;2025-12-26;19;1295
50;2025-12-26;20;795
50;2025-12-26;21;554
50;2025-12-26;22;223
50;2025-12-26;23;145
50;2025-12-27;0;28
50;2025-12-27;1;1
50;2025-12-27;2;0
50;2025-12-27;3;0
50;2025-12-27;4;0
50;2025-12-27;5;1
50;2025-12-27;6;79
50;2025-12-27;7;193
50;2025-12-27;8;353
50;2025-12-27;9;416
50;2025-12-27;10;449
50;2025-12-27;11;467
50;2025-12-27;12;484
50;2025-12-27;13;488
50;2025-12-27;14;476
50;2025-12-27;15;486
50;2025-12-27;16;463
50;2025-12-27;17;477
50;2025-12-27;18;431
50;2025-12-27;19;416
50;2025-12-27;20;332
50;2025-12-27;21;283
50;2025-12-27;22;126
50;2025-12-27;23;75
50;2025-12-28;0;20
50;2025-12-28;1;2
50;2025-12-28;2;0
50;2025-12-28;3;0
50;2025-12-28;4;0
50;2025-12-28;5;0
50;2025-12-28;6;43
50;2025-12-28;7;97
50;2025-12-28;8;227
50;2025-12-28;9;307
50;2025-12-28;10;354
50;2025-12-28;11;414
50;2025-12-28;12;435
50;2025-12-28;13;474
50;2025-12-28;14;447
50;2025-12-28;15;452
50;2025-12-28;16;444
50;2025-12-28;17;468
50;2025-12-28;18;395
50;2025-12-28;19;344
50;2025-12-28;20;297
50;2025-12-28;21;255
50;2025-12-28;22;112
50;2025-12-28;23;57
50;2025-12-29;0;21
50;2025-12-29;1;3
50;2025-12-29;2;0
50;2025-12-29;3;0
50;2025-12-29;4;1
50;2025-12-29;5;69
50;2025-12-29;6;491
50;2025-12-29;7;1675
50;2025-12-29;8;2660
50;2025-12-29;9;2009
50;2025-12-29;10;1561
50;2025-12-29;11;1445
50;2025-12-29;12;1381
50;2025-12-29;13;1409
50;2025-12-29;14;1351
50;2025-12-29;15;1543
50;2025-12-29;16;1655
50;2025-12-29;17;2207
50;2025-12-29;18;2359
50;2025-12-29;19;1457
50;2025-12-29;20;873
50;2025-12-29;21;569
50;2025-12-29;22;204
50;2025-12-29;23;113
50;2025-12-30;0;28
50;2025-12-30;1;5
50;2025-12-30;2;0
50;2025-12-30;3;0
50;2025-12-30;4;3
50;2025-12-30;5;78
50;2025-12-30;6;527
50;2025-12-30;7;1736
50;2025-12-30;8;2730
50;2025-12-30;9;2062
50;2025-12-30;10;1618
50;2025-12-30;11;1490
50;2025-12-30;12;1445
50;2025-12-30;13;1451
50;2025-12-30;14;1383
50;2025-12-30;15;1587
50;2025-12-30;16;1695
50;2025-12-30;17;2254
50;2025-12-30;18;2427
50;2025-12-30;19;1531
50;2025-12-30;20;931
50;2025-12-30;21;599
50;2025-12-30;22;231
50;2025-12-30;23;137
50;2025-12-31;0;19
50;2025-12-31;1;1
50;2025-12-31;2;0
50;2025-12-31;3;0
50;2025-12-31;4;0
50;2025-12-31;5;34
50;2025-12-31;6;167
50;2025-12-31;7;177
50;2025-12-31;8;394
50;2025-12-31;9;395
50;2025-12-31;10;411
50;2025-12-31;11;448
50;2025-12-31;12;462
50;2025-12-31;13;474
50;2025-12-31;14;453
50;2025-12-31;15;459
50;2025-12-31;16;469
50;2025-12-31;17;501
50;2025-12-31;18;517
50;2025-12-31;19;422
50;2025-12-31;20;333
50;2025-12-31;21;298
50;2025-12-31;22;157
50;2025-12-31;23;121
