route;date;hour;prediction
1;2025-11-01;0;0
1;2025-11-01;1;0
1;2025-11-01;2;0
1;2025-11-01;3;0
1;2025-11-01;4;11
1;2025-11-01;5;114
1;2025-11-01;6;484
1;2025-11-01;7;1344
1;2025-11-01;8;1786
1;2025-11-01;9;1451
1;2025-11-01;10;1357
1;2025-11-01;11;1361
1;2025-11-01;12;1416
1;2025-11-01;13;1443
1;2025-11-01;14;1401
1;2025-11-01;15;1459
1;2025-11-01;16;1496
1;2025-11-01;17;1695
1;2025-11-01;18;1608
1;2025-11-01;19;1236
1;2025-11-01;20;820
1;2025-11-01;21;460
1;2025-11-01;22;166
1;2025-11-01;23;8
1;2025-11-02;0;0
1;2025-11-02;1;0
1;2025-11-02;2;0
1;2025-11-02;3;0
1;2025-11-02;4;0
1;2025-11-02;5;0
1;2025-11-02;6;89
1;2025-11-02;7;170
1;2025-11-02;8;278
1;2025-11-02;9;494
1;2025-11-02;10;574
1;2025-11-02;11;606
1;2025-11-02;12;728
1;2025-11-02;13;760
1;2025-11-02;14;683
1;2025-11-02;15;634
1;2025-11-02;16;620
1;2025-11-02;17;595
1;2025-11-02;18;508
1;2025-11-02;19;425
1;2025-11-02;20;312
1;2025-11-02;21;207
1;2025-11-02;22;41
1;2025-11-02;23;0
1;2025-11-03;0;0
1;2025-11-03;1;1
1;2025-11-03;2;0
1;2025-11-03;3;0
1;2025-11-03;4;0
1;2025-11-03;5;0
1;2025-11-03;6;139
1;2025-11-03;7;206
1;2025-11-03;8;334
1;2025-11-03;9;529
1;2025-11-03;10;601
1;2025-11-03;11;588
1;2025-11-03;12;683
1;2025-11-03;13;699
1;2025-11-03;14;638
1;2025-11-03;15;607
1;2025-11-03;16;628
1;2025-11-03;17;618
1;2025-11-03;18;586
1;2025-11-03;19;502
1;2025-11-03;20;343
1;2025-11-03;21;249
1;2025-11-03;22;87
1;2025-11-03;23;17
1;2025-11-04;0;0
1;2025-11-04;1;1
1;2025-11-04;2;0
1;2025-11-04;3;0
1;2025-11-04;4;1
1;2025-11-04;5;25
1;2025-11-04;6;157
1;2025-11-04;7;255
1;2025-11-04;8;295
1;2025-11-04;9;503
1;2025-11-04;10;565
1;2025-11-04;11;553
1;2025-11-04;12;593
1;2025-11-04;13;626
1;2025-11-04;14;618
1;2025-11-04;15;574
1;2025-11-04;16;592
1;2025-11-04;17;567
1;2025-11-04;18;528
1;2025-11-04;19;469
1;2025-11-04;20;328
1;2025-11-04;21;251
1;2025-11-04;22;91
1;2025-11-04;23;11
1;2025-11-05;0;1
1;2025-11-05;1;1
1;2025-11-05;2;0
1;2025-11-05;3;0
1;2025-11-05;4;6
1;2025-11-05;5;114
1;2025-11-05;6;452
1;2025-11-05;7;1316
1;2025-11-05;8;1809
1;2025-11-05;9;1403
1;2025-11-05;10;1327
1;2025-11-05;11;1316
1;2025-11-05;12;1351
1;2025-11-05;13;1378
1;2025-11-05;14;1310
1;2025-11-05;15;1354
1;2025-11-05;16;1420
1;2025-11-05;17;1704
1;2025-11-05;18;1730
1;2025-11-05;19;1333
1;2025-11-05;20;859
1;2025-11-05;21;466
1;2025-11-05;22;182
1;2025-11-05;23;27
1;2025-11-06;0;0
1;2025-11-06;1;1
1;2025-11-06;2;0
1;2025-11-06;3;0
1;2025-11-06;4;10
1;2025-11-06;5;113
1;2025-11-06;6;489
1;2025-11-06;7;1371
1;2025-11-06;8;1845
1;2025-11-06;9;1453
1;2025-11-06;10;1335
1;2025-11-06;11;1280
1;2025-11-06;12;1357
1;2025-11-06;13;1390
1;2025-11-06;14;1306
1;2025-11-06;15;1356
1;2025-11-06;16;1420
1;2025-11-06;17;1706
1;2025-11-06;18;1749
1;2025-11-06;19;1343
1;2025-11-06;20;800
1;2025-11-06;21;468
1;2025-11-06;22;193
1;2025-11-06;23;33
1;2025-11-07;0;2
1;2025-11-07;1;0
1;2025-11-07;2;0
1;2025-11-07;3;0
1;2025-11-07;4;9
1;2025-11-07;5;118
1;2025-11-07;6;477
1;2025-11-07;7;1344
1;2025-11-07;8;1770
1;2025-11-07;9;1387
1;2025-11-07;10;1296
1;2025-11-07;11;1314
1;2025-11-07;12;1341
1;2025-11-07;13;1391
1;2025-11-07;14;1304
1;2025-11-07;15;1400
1;2025-11-07;16;1464
1;2025-11-07;17;1708
1;2025-11-07;18;1555
1;2025-11-07;19;1215
1;2025-11-07;20;791
1;2025-11-07;21;463
1;2025-11-07;22;199
1;2025-11-07;23;44
1;2025-11-08;0;0
1;2025-11-08;1;0
1;2025-11-08;2;0
1;2025-11-08;3;0
1;2025-11-08;4;1
1;2025-11-08;5;28
1;2025-11-08;6;159
1;2025-11-08;7;294
1;2025-11-08;8;413
1;2025-11-08;9;630
1;2025-11-08;10;719
1;2025-11-08;11;685
1;2025-11-08;12;812
1;2025-11-08;13;824
1;2025-11-08;14;763
1;2025-11-08;15;685
1;2025-11-08;16;664
1;2025-11-08;17;641
1;2025-11-08;18;552
1;2025-11-08;19;547
1;2025-11-08;20;379
1;2025-11-08;21;277
1;2025-11-08;22;103
1;2025-11-08;23;23
1;2025-11-09;0;0
1;2025-11-09;1;0
1;2025-11-09;2;0
1;2025-11-09;3;0
1;2025-11-09;4;0
1;2025-11-09;5;12
1;2025-11-09;6;127
1;2025-11-09;7;217
1;2025-11-09;8;319
1;2025-11-09;9;538
1;2025-11-09;10;615
1;2025-11-09;11;618
1;2025-11-09;12;721
1;2025-11-09;13;742
1;2025-11-09;14;671
1;2025-11-09;15;617
1;2025-11-09;16;591
1;2025-11-09;17;554
1;2025-11-09;18;460
1;2025-11-09;19;398
1;2025-11-09;20;280
1;2025-11-09;21;206
1;2025-11-09;22;42
1;2025-11-09;23;0
1;2025-11-10;0;0
1;2025-11-10;1;1
1;2025-11-10;2;0
1;2025-11-10;3;0
1;2025-11-10;4;5
1;2025-11-10;5;78
1;2025-11-10;6;456
1;2025-11-10;7;1302
1;2025-11-10;8;1775
1;2025-11-10;9;1355
1;2025-11-10;10;1234
1;2025-11-10;11;1236
1;2025-11-10;12;1274
1;2025-11-10;13;1293
1;2025-11-10;14;1233
1;2025-11-10;15;1324
1;2025-11-10;16;1374
1;2025-11-10;17;1662
1;2025-11-10;18;1690
1;2025-11-10;19;1278
1;2025-11-10;20;804
1;2025-11-10;21;406
1;2025-11-10;22;142
1;2025-11-10;23;0
1;2025-11-11;0;0
1;2025-11-11;1;1
1;2025-11-11;2;0
1;2025-11-11;3;0
1;2025-11-11;4;5
1;2025-11-11;5;80
1;2025-11-11;6;449
1;2025-11-11;7;1330
1;2025-11-11;8;1800
1;2025-11-11;9;1410
1;2025-11-11;10;1296
1;2025-11-11;11;1270
1;2025-11-11;12;1303
1;2025-11-11;13;1358
1;2025-11-11;14;1285
1;2025-11-11;15;1325
1;2025-11-11;16;1383
1;2025-11-11;17;1655
1;2025-11-11;18;1693
1;2025-11-11;19;1300
1;2025-11-11;20;821
1;2025-11-11;21;417
1;2025-11-11;22;148
1;2025-11-11;23;0
1;2025-11-12;0;0
1;2025-11-12;1;1
1;2025-11-12;2;0
1;2025-11-12;3;0
1;2025-11-12;4;4
1;2025-11-12;5;84
1;2025-11-12;6;453
1;2025-11-12;7;1322
1;2025-11-12;8;1800
1;2025-11-12;9;1402
1;2025-11-12;10;1288
1;2025-11-12;11;1260
1;2025-11-12;12;1313
1;2025-11-12;13;1343
1;2025-11-12;14;1251
1;2025-11-12;15;1324
1;2025-11-12;16;1388
1;2025-11-12;17;1667
1;2025-11-12;18;1681
1;2025-11-12;19;1290
1;2025-11-12;20;819
1;2025-11-12;21;427
1;2025-11-12;22;156
1;2025-11-12;23;0
1;2025-11-13;0;0
1;2025-11-13;1;1
1;2025-11-13;2;0
1;2025-11-13;3;0
1;2025-11-13;4;5
1;2025-11-13;5;78
1;2025-11-13;6;451
1;2025-11-13;7;1328
1;2025-11-13;8;1801
1;2025-11-13;9;1411
1;2025-11-13;10;1298
1;2025-11-13;11;1303
1;2025-11-13;12;1354
1;2025-11-13;13;1380
1;2025-11-13;14;1312
1;2025-11-13;15;1387
1;2025-11-13;16;1441
1;2025-11-13;17;1711
1;2025-11-13;18;1734
1;2025-11-13;19;1329
1;2025-11-13;20;834
1;2025-11-13;21;453
1;2025-11-13;22;150
1;2025-11-13;23;0
1;2025-11-14;0;0
1;2025-11-14;1;0
1;2025-11-14;2;0
1;2025-11-14;3;0
1;2025-11-14;4;5
1;2025-11-14;5;79
1;2025-11-14;6;444
1;2025-11-14;7;1296
1;2025-11-14;8;1750
1;2025-11-14;9;1405
1;2025-11-14;10;1289
1;2025-11-14;11;1301
1;2025-11-14;12;1337
1;2025-11-14;13;1393
1;2025-11-14;14;1309
1;2025-11-14;15;1406
1;2025-11-14;16;1464
1;2025-11-14;17;1708
1;2025-11-14;18;1557
1;2025-11-14;19;1218
1;2025-11-14;20;787
1;2025-11-14;21;448
1;2025-11-14;22;187
1;2025-11-14;23;37
1;2025-11-15;0;0
1;2025-11-15;1;0
1;2025-11-15;2;0
1;2025-11-15;3;0
1;2025-11-15;4;0
1;2025-11-15;5;0
1;2025-11-15;6;119
1;2025-11-15;7;241
1;2025-11-15;8;339
1;2025-11-15;9;554
1;2025-11-15;10;610
1;2025-11-15;11;562
1;2025-11-15;12;698
1;2025-11-15;13;792
1;2025-11-15;14;734
1;2025-11-15;15;660
1;2025-11-15;16;630
1;2025-11-15;17;614
1;2025-11-15;18;519
1;2025-11-15;19;516
1;2025-11-15;20;353
1;2025-11-15;21;247
1;2025-11-15;22;70
1;2025-11-15;23;0
1;2025-11-16;0;0
1;2025-11-16;1;0
1;2025-11-16;2;0
1;2025-11-16;3;0
1;2025-11-16;4;0
1;2025-11-16;5;0
1;2025-11-16;6;96
1;2025-11-16;7;180
1;2025-11-16;8;276
1;2025-11-16;9;511
1;2025-11-16;10;599
1;2025-11-16;11;590
1;2025-11-16;12;712
1;2025-11-16;13;742
1;2025-11-16;14;651
1;2025-11-16;15;601
1;2025-11-16;16;584
1;2025-11-16;17;556
1;2025-11-16;18;460
1;2025-11-16;19;405
1;2025-11-16;20;283
1;2025-11-16;21;211
1;2025-11-16;22;46
1;2025-11-16;23;0
1;2025-11-17;0;0
1;2025-11-17;1;1
1;2025-11-17;2;0
1;2025-11-17;3;0
1;2025-11-17;4;6
1;2025-11-17;5;80
1;2025-11-17;6;461
1;2025-11-17;7;1305
1;2025-11-17;8;1778
1;2025-11-17;9;1357
1;2025-11-17;10;1229
1;2025-11-17;11;1234
1;2025-11-17;12;1263
1;2025-11-17;13;1224
1;2025-11-17;14;1205
1;2025-11-17;15;1303
1;2025-11-17;16;1365
1;2025-11-17;17;1650
1;2025-11-17;18;1690
1;2025-11-17;19;1278
1;2025-11-17;20;803
1;2025-11-17;21;405
1;2025-11-17;22;140
1;2025-11-17;23;0
1;2025-11-18;0;0
1;2025-11-18;1;1
1;2025-11-18;2;0
1;2025-11-18;3;0
1;2025-11-18;4;6
1;2025-11-18;5;83
1;2025-11-18;6;486
1;2025-11-18;7;1372
1;2025-11-18;8;1822
1;2025-11-18;9;1413
1;2025-11-18;10;1263
1;2025-11-18;11;1303
1;2025-11-18;12;1332
1;2025-11-18;13;1332
1;2025-11-18;14;1244
1;2025-11-18;15;1350
1;2025-11-18;16;1400
1;2025-11-18;17;1656
1;2025-11-18;18;1693
1;2025-11-18;19;1298
1;2025-11-18;20;819
1;2025-11-18;21;420
1;2025-11-18;22;152
1;2025-11-18;23;0
1;2025-11-19;0;0
1;2025-11-19;1;1
1;2025-11-19;2;0
1;2025-11-19;3;0
1;2025-11-19;4;6
1;2025-11-19;5;89
1;2025-11-19;6;461
1;2025-11-19;7;1329
1;2025-11-19;8;1801
1;2025-11-19;9;1411
1;2025-11-19;10;1304
1;2025-11-19;11;1277
1;2025-11-19;12;1318
1;2025-11-19;13;1350
1;2025-11-19;14;1277
1;2025-11-19;15;1346
1;2025-11-19;16;1399
1;2025-11-19;17;1674
1;2025-11-19;18;1694
1;2025-11-19;19;1300
1;2025-11-19;20;829
1;2025-11-19;21;433
1;2025-11-19;22;157
1;2025-11-19;23;0
1;2025-11-20;0;0
1;2025-11-20;1;1
1;2025-11-20;2;0
1;2025-11-20;3;0
1;2025-11-20;4;6
1;2025-11-20;5;81
1;2025-11-20;6;456
1;2025-11-20;7;1332
1;2025-11-20;8;1810
1;2025-11-20;9;1421
1;2025-11-20;10;1302
1;2025-11-20;11;1284
1;2025-11-20;12;1326
1;2025-11-20;13;1354
1;2025-11-20;14;1270
1;2025-11-20;15;1348
1;2025-11-20;16;1400
1;2025-11-20;17;1674
1;2025-11-20;18;1715
1;2025-11-20;19;1310
1;2025-11-20;20;820
1;2025-11-20;21;432
1;2025-11-20;22;159
1;2025-11-20;23;0
1;2025-11-21;0;0
1;2025-11-21;1;0
1;2025-11-21;2;0
1;2025-11-21;3;0
1;2025-11-21;4;5
1;2025-11-21;5;75
1;2025-11-21;6;445
1;2025-11-21;7;1302
1;2025-11-21;8;1755
1;2025-11-21;9;1373
1;2025-11-21;10;1259
1;2025-11-21;11;1272
1;2025-11-21;12;1296
1;2025-11-21;13;1349
1;2025-11-21;14;1267
1;2025-11-21;15;1362
1;2025-11-21;16;1419
1;2025-11-21;17;1668
1;2025-11-21;18;1511
1;2025-11-21;19;1169
1;2025-11-21;20;752
1;2025-11-21;21;423
1;2025-11-21;22;157
1;2025-11-21;23;1
1;2025-11-22;0;0
1;2025-11-22;1;0
1;2025-11-22;2;0
1;2025-11-22;3;0
1;2025-11-22;4;0
1;2025-11-22;5;0
1;2025-11-22;6;122
1;2025-11-22;7;261
1;2025-11-22;8;366
1;2025-11-22;9;576
1;2025-11-22;10;686
1;2025-11-22;11;648
1;2025-11-22;12;780
1;2025-11-22;13;782
1;2025-11-22;14;728
1;2025-11-22;15;647
1;2025-11-22;16;623
1;2025-11-22;17;606
1;2025-11-22;18;509
1;2025-11-22;19;509
1;2025-11-22;20;345
1;2025-11-22;21;207
1;2025-11-22;22;49
1;2025-11-22;23;0
1;2025-11-23;0;0
1;2025-11-23;1;0
1;2025-11-23;2;0
1;2025-11-23;3;0
1;2025-11-23;4;0
1;2025-11-23;5;0
1;2025-11-23;6;97
1;2025-11-23;7;179
1;2025-11-23;8;282
1;2025-11-23;9;500
1;2025-11-23;10;582
1;2025-11-23;11;579
1;2025-11-23;12;701
1;2025-11-23;13;732
1;2025-11-23;14;658
1;2025-11-23;15;602
1;2025-11-23;16;565
1;2025-11-23;17;560
1;2025-11-23;18;462
1;2025-11-23;19;406
1;2025-11-23;20;290
1;2025-11-23;21;211
1;2025-11-23;22;46
1;2025-11-23;23;0
1;2025-11-24;0;0
1;2025-11-24;1;1
1;2025-11-24;2;0
1;2025-11-24;3;0
1;2025-11-24;4;7
1;2025-11-24;5;59
1;2025-11-24;6;451
1;2025-11-24;7;1304
1;2025-11-24;8;1766
1;2025-11-24;9;1347
1;2025-11-24;10;1198
1;2025-11-24;11;1156
1;2025-11-24;12;1260
1;2025-11-24;13;1289
1;2025-11-24;14;1220
1;2025-11-24;15;1312
1;2025-11-24;16;1370
1;2025-11-24;17;1662
1;2025-11-24;18;1692
1;2025-11-24;19;1279
1;2025-11-24;20;806
1;2025-11-24;21;412
1;2025-11-24;22;144
1;2025-11-24;23;0
1;2025-11-25;0;0
1;2025-11-25;1;1
1;2025-11-25;2;0
1;2025-11-25;3;0
1;2025-11-25;4;8
1;2025-11-25;5;87
1;2025-11-25;6;458
1;2025-11-25;7;1341
1;2025-11-25;8;1808
1;2025-11-25;9;1416
1;2025-11-25;10;1304
1;2025-11-25;11;1281
1;2025-11-25;12;1313
1;2025-11-25;13;1332
1;2025-11-25;14;1262
1;2025-11-25;15;1327
1;2025-11-25;16;1388
1;2025-11-25;17;1661
1;2025-11-25;18;1698
1;2025-11-25;19;1307
1;2025-11-25;20;828
1;2025-11-25;21;421
1;2025-11-25;22;151
1;2025-11-25;23;0
1;2025-11-26;0;0
1;2025-11-26;1;1
1;2025-11-26;2;0
1;2025-11-26;3;0
1;2025-11-26;4;5
1;2025-11-26;5;69
1;2025-11-26;6;440
1;2025-11-26;7;1317
1;2025-11-26;8;1784
1;2025-11-26;9;1394
1;2025-11-26;10;1255
1;2025-11-26;11;1231
1;2025-11-26;12;1307
1;2025-11-26;13;1346
1;2025-11-26;14;1259
1;2025-11-26;15;1316
1;2025-11-26;16;1335
1;2025-11-26;17;1619
1;2025-11-26;18;1688
1;2025-11-26;19;1298
1;2025-11-26;20;821
1;2025-11-26;21;418
1;2025-11-26;22;150
1;2025-11-26;23;3
1;2025-11-27;0;0
1;2025-11-27;1;1
1;2025-11-27;2;0
1;2025-11-27;3;0
1;2025-11-27;4;5
1;2025-11-27;5;78
1;2025-11-27;6;451
1;2025-11-27;7;1328
1;2025-11-27;8;1807
1;2025-11-27;9;1410
1;2025-11-27;10;1296
1;2025-11-27;11;1237
1;2025-11-27;12;1287
1;2025-11-27;13;1332
1;2025-11-27;14;1229
1;2025-11-27;15;1347
1;2025-11-27;16;1394
1;2025-11-27;17;1647
1;2025-11-27;18;1665
1;2025-11-27;19;1274
1;2025-11-27;20;790
1;2025-11-27;21;428
1;2025-11-27;22;158
1;2025-11-27;23;5
1;2025-11-28;0;0
1;2025-11-28;1;0
1;2025-11-28;2;0
1;2025-11-28;3;0
1;2025-11-28;4;5
1;2025-11-28;5;105
1;2025-11-28;6;441
1;2025-11-28;7;1296
1;2025-11-28;8;1754
1;2025-11-28;9;1369
1;2025-11-28;10;1253
1;2025-11-28;11;1268
1;2025-11-28;12;1300
1;2025-11-28;13;1346
1;2025-11-28;14;1263
1;2025-11-28;15;1362
1;2025-11-28;16;1415
1;2025-11-28;17;1665
1;2025-11-28;18;1508
1;2025-11-28;19;1167
1;2025-11-28;20;751
1;2025-11-28;21;423
1;2025-11-28;22;157
1;2025-11-28;23;3
1;2025-11-29;0;0
1;2025-11-29;1;0
1;2025-11-29;2;0
1;2025-11-29;3;0
1;2025-11-29;4;0
1;2025-11-29;5;0
1;2025-11-29;6;129
1;2025-11-29;7;259
1;2025-11-29;8;381
1;2025-11-29;9;599
1;2025-11-29;10;688
1;2025-11-29;11;650
1;2025-11-29;12;782
1;2025-11-29;13;781
1;2025-11-29;14;729
1;2025-11-29;15;647
1;2025-11-29;16;625
1;2025-11-29;17;605
1;2025-11-29;18;509
1;2025-11-29;19;510
1;2025-11-29;20;346
1;2025-11-29;21;243
1;2025-11-29;22;67
1;2025-11-29;23;0
1;2025-11-30;0;0
1;2025-11-30;1;0
1;2025-11-30;2;0
1;2025-11-30;3;0
1;2025-11-30;4;0
1;2025-11-30;5;0
1;2025-11-30;6;96
1;2025-11-30;7;179
1;2025-11-30;8;279
1;2025-11-30;9;501
1;2025-11-30;10;582
1;2025-11-30;11;575
1;2025-11-30;12;689
1;2025-11-30;13;713
1;2025-11-30;14;637
1;2025-11-30;15;587
1;2025-11-30;16;570
1;2025-11-30;17;552
1;2025-11-30;18;460
1;2025-11-30;19;397
1;2025-11-30;20;280
1;2025-11-30;21;206
1;2025-11-30;22;43
1;2025-11-30;23;0
1;2025-12-01;0;0
1;2025-12-01;1;1
1;2025-12-01;2;0
1;2025-12-01;3;0
1;2025-12-01;4;6
1;2025-12-01;5;81
1;2025-12-01;6;460
1;2025-12-01;7;1306
1;2025-12-01;8;1774
1;2025-12-01;9;1361
1;2025-12-01;10;1238
1;2025-12-01;11;1237
1;2025-12-01;12;1278
1;2025-12-01;13;1297
1;2025-12-01;14;1235
1;2025-12-01;15;1323
1;2025-12-01;16;1377
1;2025-12-01;17;1663
1;2025-12-01;18;1691
1;2025-12-01;19;1280
1;2025-12-01;20;806
1;2025-12-01;21;411
1;2025-12-01;22;143
1;2025-12-01;23;0
1;2025-12-02;0;0
1;2025-12-02;1;1
1;2025-12-02;2;0
1;2025-12-02;3;0
1;2025-12-02;4;7
1;2025-12-02;5;85
1;2025-12-02;6;457
1;2025-12-02;7;1337
1;2025-12-02;8;1799
1;2025-12-02;9;1416
1;2025-12-02;10;1303
1;2025-12-02;11;1274
1;2025-12-02;12;1309
1;2025-12-02;13;1332
1;2025-12-02;14;1262
1;2025-12-02;15;1326
1;2025-12-02;16;1389
1;2025-12-02;17;1662
1;2025-12-02;18;1698
1;2025-12-02;19;1306
1;2025-12-02;20;828
1;2025-12-02;21;421
1;2025-12-02;22;151
1;2025-12-02;23;0
1;2025-12-03;0;0
1;2025-12-03;1;1
1;2025-12-03;2;0
1;2025-12-03;3;0
1;2025-12-03;4;5
1;2025-12-03;5;89
1;2025-12-03;6;461
1;2025-12-03;7;1329
1;2025-12-03;8;1801
1;2025-12-03;9;1411
1;2025-12-03;10;1303
1;2025-12-03;11;1276
1;2025-12-03;12;1316
1;2025-12-03;13;1350
1;2025-12-03;14;1275
1;2025-12-03;15;1346
1;2025-12-03;16;1400
1;2025-12-03;17;1674
1;2025-12-03;18;1693
1;2025-12-03;19;1298
1;2025-12-03;20;829
1;2025-12-03;21;432
1;2025-12-03;22;157
1;2025-12-03;23;0
1;2025-12-04;0;0
1;2025-12-04;1;1
1;2025-12-04;2;0
1;2025-12-04;3;0
1;2025-12-04;4;5
1;2025-12-04;5;79
1;2025-12-04;6;456
1;2025-12-04;7;1330
1;2025-12-04;8;1807
1;2025-12-04;9;1416
1;2025-12-04;10;1303
1;2025-12-04;11;1282
1;2025-12-04;12;1324
1;2025-12-04;13;1351
1;2025-12-04;14;1268
1;2025-12-04;15;1347
1;2025-12-04;16;1398
1;2025-12-04;17;1671
1;2025-12-04;18;1709
1;2025-12-04;19;1307
1;2025-12-04;20;819
1;2025-12-04;21;429
1;2025-12-04;22;158
1;2025-12-04;23;0
1;2025-12-05;0;0
1;2025-12-05;1;0
1;2025-12-05;2;0
1;2025-12-05;3;0
1;2025-12-05;4;4
1;2025-12-05;5;80
1;2025-12-05;6;449
1;2025-12-05;7;1306
1;2025-12-05;8;1753
1;2025-12-05;9;1374
1;2025-12-05;10;1257
1;2025-12-05;11;1269
1;2025-12-05;12;1300
1;2025-12-05;13;1346
1;2025-12-05;14;1263
1;2025-12-05;15;1362
1;2025-12-05;16;1415
1;2025-12-05;17;1666
1;2025-12-05;18;1508
1;2025-12-05;19;1167
1;2025-12-05;20;759
1;2025-12-05;21;422
1;2025-12-05;22;157
1;2025-12-05;23;2
1;2025-12-06;0;0
1;2025-12-06;1;0
1;2025-12-06;2;0
1;2025-12-06;3;0
1;2025-12-06;4;0
1;2025-12-06;5;0
1;2025-12-06;6;127
1;2025-12-06;7;259
1;2025-12-06;8;380
1;2025-12-06;9;598
1;2025-12-06;10;680
1;2025-12-06;11;645
1;2025-12-06;12;779
1;2025-12-06;13;779
1;2025-12-06;14;728
1;2025-12-06;15;647
1;2025-12-06;16;622
1;2025-12-06;17;603
1;2025-12-06;18;507
1;2025-12-06;19;507
1;2025-12-06;20;344
1;2025-12-06;21;239
1;2025-12-06;22;64
1;2025-12-06;23;0
1;2025-12-07;0;0
1;2025-12-07;1;0
1;2025-12-07;2;0
1;2025-12-07;3;0
1;2025-12-07;4;0
1;2025-12-07;5;0
1;2025-12-07;6;97
1;2025-12-07;7;178
1;2025-12-07;8;279
1;2025-12-07;9;501
1;2025-12-07;10;583
1;2025-12-07;11;577
1;2025-12-07;12;692
1;2025-12-07;13;715
1;2025-12-07;14;644
1;2025-12-07;15;589
1;2025-12-07;16;578
1;2025-12-07;17;558
1;2025-12-07;18;463
1;2025-12-07;19;404
1;2025-12-07;20;288
1;2025-12-07;21;210
1;2025-12-07;22;47
1;2025-12-07;23;0
1;2025-12-08;0;0
1;2025-12-08;1;1
1;2025-12-08;2;0
1;2025-12-08;3;0
1;2025-12-08;4;6
1;2025-12-08;5;79
1;2025-12-08;6;460
1;2025-12-08;7;1306
1;2025-12-08;8;1774
1;2025-12-08;9;1357
1;2025-12-08;10;1237
1;2025-12-08;11;1237
1;2025-12-08;12;1278
1;2025-12-08;13;1296
1;2025-12-08;14;1234
1;2025-12-08;15;1323
1;2025-12-08;16;1378
1;2025-12-08;17;1663
1;2025-12-08;18;1691
1;2025-12-08;19;1281
1;2025-12-08;20;807
1;2025-12-08;21;412
1;2025-12-08;22;143
1;2025-12-08;23;0
1;2025-12-09;0;0
1;2025-12-09;1;1
1;2025-12-09;2;0
1;2025-12-09;3;0
1;2025-12-09;4;7
1;2025-12-09;5;85
1;2025-12-09;6;458
1;2025-12-09;7;1337
1;2025-12-09;8;1805
1;2025-12-09;9;1418
1;2025-12-09;10;1307
1;2025-12-09;11;1280
1;2025-12-09;12;1310
1;2025-12-09;13;1334
1;2025-12-09;14;1270
1;2025-12-09;15;1331
1;2025-12-09;16;1396
1;2025-12-09;17;1662
1;2025-12-09;18;1698
1;2025-12-09;19;1306
1;2025-12-09;20;828
1;2025-12-09;21;422
1;2025-12-09;22;149
1;2025-12-09;23;0
1;2025-12-10;0;0
1;2025-12-10;1;1
1;2025-12-10;2;0
1;2025-12-10;3;0
1;2025-12-10;4;7
1;2025-12-10;5;77
1;2025-12-10;6;456
1;2025-12-10;7;1325
1;2025-12-10;8;1790
1;2025-12-10;9;1409
1;2025-12-10;10;1290
1;2025-12-10;11;1264
1;2025-12-10;12;1322
1;2025-12-10;13;1350
1;2025-12-10;14;1277
1;2025-12-10;15;1346
1;2025-12-10;16;1400
1;2025-12-10;17;1674
1;2025-12-10;18;1693
1;2025-12-10;19;1300
1;2025-12-10;20;829
1;2025-12-10;21;432
1;2025-12-10;22;157
1;2025-12-10;23;0
1;2025-12-11;0;0
1;2025-12-11;1;1
1;2025-12-11;2;0
1;2025-12-11;3;0
1;2025-12-11;4;5
1;2025-12-11;5;77
1;2025-12-11;6;454
1;2025-12-11;7;1331
1;2025-12-11;8;1766
1;2025-12-11;9;1385
1;2025-12-11;10;1265
1;2025-12-11;11;1256
1;2025-12-11;12;1309
1;2025-12-11;13;1333
1;2025-12-11;14;1268
1;2025-12-11;15;1325
1;2025-12-11;16;1379
1;2025-12-11;17;1646
1;2025-12-11;18;1687
1;2025-12-11;19;1279
1;2025-12-11;20;799
1;2025-12-11;21;411
1;2025-12-11;22;155
1;2025-12-11;23;0
1;2025-12-12;0;0
1;2025-12-12;1;0
1;2025-12-12;2;0
1;2025-12-12;3;0
1;2025-12-12;4;3
1;2025-12-12;5;76
1;2025-12-12;6;439
1;2025-12-12;7;1298
1;2025-12-12;8;1737
1;2025-12-12;9;1368
1;2025-12-12;10;1246
1;2025-12-12;11;1266
1;2025-12-12;12;1277
1;2025-12-12;13;1310
1;2025-12-12;14;1220
1;2025-12-12;15;1299
1;2025-12-12;16;1359
1;2025-12-12;17;1648
1;2025-12-12;18;1508
1;2025-12-12;19;1183
1;2025-12-12;20;751
1;2025-12-12;21;426
1;2025-12-12;22;154
1;2025-12-12;23;0
1;2025-12-13;0;0
1;2025-12-13;1;0
1;2025-12-13;2;0
1;2025-12-13;3;0
1;2025-12-13;4;0
1;2025-12-13;5;0
1;2025-12-13;6;130
1;2025-12-13;7;254
1;2025-12-13;8;364
1;2025-12-13;9;596
1;2025-12-13;10;682
1;2025-12-13;11;651
1;2025-12-13;12;778
1;2025-12-13;13;783
1;2025-12-13;14;724
1;2025-12-13;15;644
1;2025-12-13;16;619
1;2025-12-13;17;601
1;2025-12-13;18;509
1;2025-12-13;19;513
1;2025-12-13;20;325
1;2025-12-13;21;229
1;2025-12-13;22;64
1;2025-12-13;23;0
1;2025-12-14;0;0
1;2025-12-14;1;0
1;2025-12-14;2;0
1;2025-12-14;3;0
1;2025-12-14;4;0
1;2025-12-14;5;0
1;2025-12-14;6;95
1;2025-12-14;7;184
1;2025-12-14;8;264
1;2025-12-14;9;501
1;2025-12-14;10;584
1;2025-12-14;11;581
1;2025-12-14;12;690
1;2025-12-14;13;721
1;2025-12-14;14;640
1;2025-12-14;15;586
1;2025-12-14;16;574
1;2025-12-14;17;550
1;2025-12-14;18;458
1;2025-12-14;19;406
1;2025-12-14;20;283
1;2025-12-14;21;215
1;2025-12-14;22;50
1;2025-12-14;23;0
1;2025-12-15;0;0
1;2025-12-15;1;1
1;2025-12-15;2;0
1;2025-12-15;3;0
1;2025-12-15;4;5
1;2025-12-15;5;79
1;2025-12-15;6;452
1;2025-12-15;7;1305
1;2025-12-15;8;1767
1;2025-12-15;9;1353
1;2025-12-15;10;1235
1;2025-12-15;11;1209
1;2025-12-15;12;1273
1;2025-12-15;13;1283
1;2025-12-15;14;1231
1;2025-12-15;15;1316
1;2025-12-15;16;1367
1;2025-12-15;17;1652
1;2025-12-15;18;1693
1;2025-12-15;19;1286
1;2025-12-15;20;802
1;2025-12-15;21;406
1;2025-12-15;22;140
1;2025-12-15;23;0
1;2025-12-16;0;0
1;2025-12-16;1;1
1;2025-12-16;2;0
1;2025-12-16;3;0
1;2025-12-16;4;5
1;2025-12-16;5;83
1;2025-12-16;6;458
1;2025-12-16;7;1341
1;2025-12-16;8;1807
1;2025-12-16;9;1419
1;2025-12-16;10;1292
1;2025-12-16;11;1259
1;2025-12-16;12;1280
1;2025-12-16;13;1277
1;2025-12-16;14;1240
1;2025-12-16;15;1332
1;2025-12-16;16;1391
1;2025-12-16;17;1664
1;2025-12-16;18;1702
1;2025-12-16;19;1308
1;2025-12-16;20;829
1;2025-12-16;21;423
1;2025-12-16;22;153
1;2025-12-16;23;0
1;2025-12-17;0;0
1;2025-12-17;1;1
1;2025-12-17;2;0
1;2025-12-17;3;0
1;2025-12-17;4;5
1;2025-12-17;5;89
1;2025-12-17;6;461
1;2025-12-17;7;1328
1;2025-12-17;8;1801
1;2025-12-17;9;1412
1;2025-12-17;10;1304
1;2025-12-17;11;1275
1;2025-12-17;12;1317
1;2025-12-17;13;1351
1;2025-12-17;14;1276
1;2025-12-17;15;1346
1;2025-12-17;16;1399
1;2025-12-17;17;1673
1;2025-12-17;18;1694
1;2025-12-17;19;1300
1;2025-12-17;20;829
1;2025-12-17;21;432
1;2025-12-17;22;157
1;2025-12-17;23;0
1;2025-12-18;0;0
1;2025-12-18;1;1
1;2025-12-18;2;0
1;2025-12-18;3;0
1;2025-12-18;4;6
1;2025-12-18;5;80
1;2025-12-18;6;456
1;2025-12-18;7;1331
1;2025-12-18;8;1808
1;2025-12-18;9;1416
1;2025-12-18;10;1303
1;2025-12-18;11;1284
1;2025-12-18;12;1326
1;2025-12-18;13;1353
1;2025-12-18;14;1270
1;2025-12-18;15;1348
1;2025-12-18;16;1399
1;2025-12-18;17;1673
1;2025-12-18;18;1710
1;2025-12-18;19;1309
1;2025-12-18;20;819
1;2025-12-18;21;430
1;2025-12-18;22;160
1;2025-12-18;23;0
1;2025-12-19;0;0
1;2025-12-19;1;0
1;2025-12-19;2;0
1;2025-12-19;3;0
1;2025-12-19;4;4
1;2025-12-19;5;81
1;2025-12-19;6;449
1;2025-12-19;7;1305
1;2025-12-19;8;1754
1;2025-12-19;9;1373
1;2025-12-19;10;1259
1;2025-12-19;11;1277
1;2025-12-19;12;1307
1;2025-12-19;13;1349
1;2025-12-19;14;1275
1;2025-12-19;15;1369
1;2025-12-19;16;1425
1;2025-12-19;17;1662
1;2025-12-19;18;1503
1;2025-12-19;19;1175
1;2025-12-19;20;756
1;2025-12-19;21;425
1;2025-12-19;22;162
1;2025-12-19;23;2
1;2025-12-20;0;0
1;2025-12-20;1;0
1;2025-12-20;2;0
1;2025-12-20;3;0
1;2025-12-20;4;0
1;2025-12-20;5;0
1;2025-12-20;6;132
1;2025-12-20;7;260
1;2025-12-20;8;381
1;2025-12-20;9;599
1;2025-12-20;10;686
1;2025-12-20;11;651
1;2025-12-20;12;784
1;2025-12-20;13;781
1;2025-12-20;14;729
1;2025-12-20;15;648
1;2025-12-20;16;627
1;2025-12-20;17;607
1;2025-12-20;18;511
1;2025-12-20;19;511
1;2025-12-20;20;347
1;2025-12-20;21;243
1;2025-12-20;22;66
1;2025-12-20;23;0
1;2025-12-21;0;0
1;2025-12-21;1;0
1;2025-12-21;2;0
1;2025-12-21;3;0
1;2025-12-21;4;0
1;2025-12-21;5;0
1;2025-12-21;6;88
1;2025-12-21;7;169
1;2025-12-21;8;269
1;2025-12-21;9;500
1;2025-12-21;10;582
1;2025-12-21;11;577
1;2025-12-21;12;692
1;2025-12-21;13;714
1;2025-12-21;14;644
1;2025-12-21;15;589
1;2025-12-21;16;578
1;2025-12-21;17;558
1;2025-12-21;18;463
1;2025-12-21;19;404
1;2025-12-21;20;288
1;2025-12-21;21;210
1;2025-12-21;22;41
1;2025-12-21;23;0
1;2025-12-22;0;0
1;2025-12-22;1;1
1;2025-12-22;2;0
1;2025-12-22;3;0
1;2025-12-22;4;6
1;2025-12-22;5;79
1;2025-12-22;6;459
1;2025-12-22;7;1305
1;2025-12-22;8;1773
1;2025-12-22;9;1358
1;2025-12-22;10;1216
1;2025-12-22;11;1233
1;2025-12-22;12;1271
1;2025-12-22;13;1297
1;2025-12-22;14;1234
1;2025-12-22;15;1302
1;2025-12-22;16;1380
1;2025-12-22;17;1666
1;2025-12-22;18;1685
1;2025-12-22;19;1291
1;2025-12-22;20;806
1;2025-12-22;21;413
1;2025-12-22;22;129
1;2025-12-22;23;0
1;2025-12-23;0;0
1;2025-12-23;1;1
1;2025-12-23;2;0
1;2025-12-23;3;0
1;2025-12-23;4;7
1;2025-12-23;5;87
1;2025-12-23;6;459
1;2025-12-23;7;1346
1;2025-12-23;8;1803
1;2025-12-23;9;1420
1;2025-12-23;10;1309
1;2025-12-23;11;1276
1;2025-12-23;12;1310
1;2025-12-23;13;1326
1;2025-12-23;14;1262
1;2025-12-23;15;1324
1;2025-12-23;16;1391
1;2025-12-23;17;1657
1;2025-12-23;18;1704
1;2025-12-23;19;1313
1;2025-12-23;20;823
1;2025-12-23;21;423
1;2025-12-23;22;155
1;2025-12-23;23;0
1;2025-12-24;0;0
1;2025-12-24;1;1
1;2025-12-24;2;0
1;2025-12-24;3;0
1;2025-12-24;4;6
1;2025-12-24;5;92
1;2025-12-24;6;463
1;2025-12-24;7;1338
1;2025-12-24;8;1807
1;2025-12-24;9;1419
1;2025-12-24;10;1307
1;2025-12-24;11;1283
1;2025-12-24;12;1302
1;2025-12-24;13;1325
1;2025-12-24;14;1275
1;2025-12-24;15;1305
1;2025-12-24;16;1399
1;2025-12-24;17;1667
1;2025-12-24;18;1682
1;2025-12-24;19;1309
1;2025-12-24;20;808
1;2025-12-24;21;428
1;2025-12-24;22;146
1;2025-12-24;23;0
1;2025-12-25;0;0
1;2025-12-25;1;1
1;2025-12-25;2;0
1;2025-12-25;3;0
1;2025-12-25;4;7
1;2025-12-25;5;80
1;2025-12-25;6;455
1;2025-12-25;7;1334
1;2025-12-25;8;1809
1;2025-12-25;9;1417
1;2025-12-25;10;1302
1;2025-12-25;11;1285
1;2025-12-25;12;1324
1;2025-12-25;13;1356
1;2025-12-25;14;1270
1;2025-12-25;15;1350
1;2025-12-25;16;1396
1;2025-12-25;17;1660
1;2025-12-25;18;1673
1;2025-12-25;19;1306
1;2025-12-25;20;774
1;2025-12-25;21;422
1;2025-12-25;22;139
1;2025-12-25;23;0
1;2025-12-26;0;0
1;2025-12-26;1;0
1;2025-12-26;2;0
1;2025-12-26;3;0
1;2025-12-26;4;4
1;2025-12-26;5;88
1;2025-12-26;6;429
1;2025-12-26;7;1293
1;2025-12-26;8;1746
1;2025-12-26;9;1371
1;2025-12-26;10;1230
1;2025-12-26;11;1239
1;2025-12-26;12;1266
1;2025-12-26;13;1347
1;2025-12-26;14;1258
1;2025-12-26;15;1359
1;2025-12-26;16;1417
1;2025-12-26;17;1671
1;2025-12-26;18;1508
1;2025-12-26;19;1152
1;2025-12-26;20;748
1;2025-12-26;21;422
1;2025-12-26;22;160
1;2025-12-26;23;4
1;2025-12-27;0;0
1;2025-12-27;1;0
1;2025-12-27;2;0
1;2025-12-27;3;0
1;2025-12-27;4;0
1;2025-12-27;5;0
1;2025-12-27;6;139
1;2025-12-27;7;270
1;2025-12-27;8;391
1;2025-12-27;9;621
1;2025-12-27;10;708
1;2025-12-27;11;683
1;2025-12-27;12;814
1;2025-12-27;13;818
1;2025-12-27;14;769
1;2025-12-27;15;690
1;2025-12-27;16;655
1;2025-12-27;17;631
1;2025-12-27;18;529
1;2025-12-27;19;523
1;2025-12-27;20;348
1;2025-12-27;21;243
1;2025-12-27;22;62
1;2025-12-27;23;0
1;2025-12-28;0;0
1;2025-12-28;1;0
1;2025-12-28;2;0
1;2025-12-28;3;0
1;2025-12-28;4;0
1;2025-12-28;5;0
1;2025-12-28;6;98
1;2025-12-28;7;171
1;2025-12-28;8;253
1;2025-12-28;9;501
1;2025-12-28;10;597
1;2025-12-28;11;568
1;2025-12-28;12;715
1;2025-12-28;13;755
1;2025-12-28;14;666
1;2025-12-28;15;604
1;2025-12-28;16;608
1;2025-12-28;17;579
1;2025-12-28;18;475
1;2025-12-28;19;411
1;2025-12-28;20;276
1;2025-12-28;21;215
1;2025-12-28;22;52
1;2025-12-28;23;0
1;2025-12-29;0;0
1;2025-12-29;1;1
1;2025-12-29;2;0
1;2025-12-29;3;0
1;2025-12-29;4;7
1;2025-12-29;5;73
1;2025-12-29;6;460
1;2025-12-29;7;1314
1;2025-12-29;8;1771
1;2025-12-29;9;1370
1;2025-12-29;10;1241
1;2025-12-29;11;1227
1;2025-12-29;12;1275
1;2025-12-29;13;1298
1;2025-12-29;14;1225
1;2025-12-29;15;1315
1;2025-12-29;16;1371
1;2025-12-29;17;1659
1;2025-12-29;18;1697
1;2025-12-29;19;1288
1;2025-12-29;20;802
1;2025-12-29;21;411
1;2025-12-29;22;145
1;2025-12-29;23;0
1;2025-12-30;0;0
1;2025-12-30;1;1
1;2025-12-30;2;0
1;2025-12-30;3;0
1;2025-12-30;4;7
1;2025-12-30;5;81
1;2025-12-30;6;460
1;2025-12-30;7;1348
1;2025-12-30;8;1786
1;2025-12-30;9;1414
1;2025-12-30;10;1282
1;2025-12-30;11;1256
1;2025-12-30;12;1316
1;2025-12-30;13;1346
1;2025-12-30;14;1257
1;2025-12-30;15;1332
1;2025-12-30;16;1397
1;2025-12-30;17;1664
1;2025-12-30;18;1707
1;2025-12-30;19;1288
1;2025-12-30;20;799
1;2025-12-30;21;421
1;2025-12-30;22;162
1;2025-12-30;23;0
1;2025-12-31;0;0
1;2025-12-31;1;1
1;2025-12-31;2;0
1;2025-12-31;3;0
1;2025-12-31;4;0
1;2025-12-31;5;0
1;2025-12-31;6;142
1;2025-12-31;7;236
1;2025-12-31;8;344
1;2025-12-31;9;546
1;2025-12-31;10;615
1;2025-12-31;11;587
1;2025-12-31;12;718
1;2025-12-31;13;731
1;2025-12-31;14;638
1;2025-12-31;15;591
1;2025-12-31;16;622
1;2025-12-31;17;600
1;2025-12-31;18;516
1;2025-12-31;19;464
1;2025-12-31;20;333
1;2025-12-31;21;249
1;2025-12-31;22;78
1;2025-12-31;23;0
5;2025-11-01;0;0
5;2025-11-01;1;0
5;2025-11-01;2;0
5;2025-11-01;3;0
5;2025-11-01;4;0
5;2025-11-01;5;0
5;2025-11-01;6;0
5;2025-11-01;7;0
5;2025-11-01;8;0
5;2025-11-01;9;0
5;2025-11-01;10;0
5;2025-11-01;11;0
5;2025-11-01;12;0
5;2025-11-01;13;0
5;2025-11-01;14;0
5;2025-11-01;15;0
5;2025-11-01;16;0
5;2025-11-01;17;0
5;2025-11-01;18;0
5;2025-11-01;19;0
5;2025-11-01;20;0
5;2025-11-01;21;0
5;2025-11-01;22;0
5;2025-11-01;23;0
5;2025-11-02;0;0
5;2025-11-02;1;0
5;2025-11-02;2;0
5;2025-11-02;3;0
5;2025-11-02;4;0
5;2025-11-02;5;0
5;2025-11-02;6;0
5;2025-11-02;7;0
5;2025-11-02;8;0
5;2025-11-02;9;0
5;2025-11-02;10;0
5;2025-11-02;11;0
5;2025-11-02;12;0
5;2025-11-02;13;0
5;2025-11-02;14;0
5;2025-11-02;15;0
5;2025-11-02;16;0
5;2025-11-02;17;0
5;2025-11-02;18;0
5;2025-11-02;19;0
5;2025-11-02;20;0
5;2025-11-02;21;0
5;2025-11-02;22;0
5;2025-11-02;23;0
5;2025-11-03;0;0
5;2025-11-03;1;0
5;2025-11-03;2;0
5;2025-11-03;3;0
5;2025-11-03;4;0
5;2025-11-03;5;0
5;2025-11-03;6;0
5;2025-11-03;7;0
5;2025-11-03;8;0
5;2025-11-03;9;0
5;2025-11-03;10;0
5;2025-11-03;11;0
5;2025-11-03;12;0
5;2025-11-03;13;0
5;2025-11-03;14;0
5;2025-11-03;15;0
5;2025-11-03;16;0
5;2025-11-03;17;0
5;2025-11-03;18;0
5;2025-11-03;19;0
5;2025-11-03;20;0
5;2025-11-03;21;0
5;2025-11-03;22;0
5;2025-11-03;23;0
5;2025-11-04;0;0
5;2025-11-04;1;0
5;2025-11-04;2;0
5;2025-11-04;3;0
5;2025-11-04;4;0
5;2025-11-04;5;0
5;2025-11-04;6;0
5;2025-11-04;7;0
5;2025-11-04;8;0
5;2025-11-04;9;0
5;2025-11-04;10;0
5;2025-11-04;11;0
5;2025-11-04;12;0
5;2025-11-04;13;0
5;2025-11-04;14;0
5;2025-11-04;15;0
5;2025-11-04;16;0
5;2025-11-04;17;0
5;2025-11-04;18;0
5;2025-11-04;19;0
5;2025-11-04;20;0
5;2025-11-04;21;0
5;2025-11-04;22;0
5;2025-11-04;23;0
5;2025-11-05;0;0
5;2025-11-05;1;0
5;2025-11-05;2;0
5;2025-11-05;3;0
5;2025-11-05;4;0
5;2025-11-05;5;0
5;2025-11-05;6;0
5;2025-11-05;7;0
5;2025-11-05;8;0
5;2025-11-05;9;0
5;2025-11-05;10;0
5;2025-11-05;11;0
5;2025-11-05;12;0
5;2025-11-05;13;0
5;2025-11-05;14;0
5;2025-11-05;15;0
5;2025-11-05;16;0
5;2025-11-05;17;0
5;2025-11-05;18;0
5;2025-11-05;19;0
5;2025-11-05;20;0
5;2025-11-05;21;0
5;2025-11-05;22;0
5;2025-11-05;23;0
5;2025-11-06;0;0
5;2025-11-06;1;0
5;2025-11-06;2;0
5;2025-11-06;3;0
5;2025-11-06;4;0
5;2025-11-06;5;0
5;2025-11-06;6;0
5;2025-11-06;7;0
5;2025-11-06;8;0
5;2025-11-06;9;0
5;2025-11-06;10;0
5;2025-11-06;11;0
5;2025-11-06;12;0
5;2025-11-06;13;0
5;2025-11-06;14;0
5;2025-11-06;15;0
5;2025-11-06;16;0
5;2025-11-06;17;0
5;2025-11-06;18;0
5;2025-11-06;19;0
5;2025-11-06;20;0
5;2025-11-06;21;0
5;2025-11-06;22;0
5;2025-11-06;23;0
5;2025-11-07;0;0
5;2025-11-07;1;0
5;2025-11-07;2;0
5;2025-11-07;3;0
5;2025-11-07;4;0
5;2025-11-07;5;0
5;2025-11-07;6;0
5;2025-11-07;7;0
5;2025-11-07;8;0
5;2025-11-07;9;0
5;2025-11-07;10;0
5;2025-11-07;11;0
5;2025-11-07;12;0
5;2025-11-07;13;0
5;2025-11-07;14;0
5;2025-11-07;15;0
5;2025-11-07;16;0
5;2025-11-07;17;0
5;2025-11-07;18;0
5;2025-11-07;19;0
5;2025-11-07;20;0
5;2025-11-07;21;0
5;2025-11-07;22;0
5;2025-11-07;23;0
5;2025-11-08;0;0
5;2025-11-08;1;0
5;2025-11-08;2;0
5;2025-11-08;3;0
5;2025-11-08;4;0
5;2025-11-08;5;0
5;2025-11-08;6;0
5;2025-11-08;7;0
5;2025-11-08;8;0
5;2025-11-08;9;0
5;2025-11-08;10;0
5;2025-11-08;11;0
5;2025-11-08;12;0
5;2025-11-08;13;0
5;2025-11-08;14;0
5;2025-11-08;15;0
5;2025-11-08;16;0
5;2025-11-08;17;0
5;2025-11-08;18;0
5;2025-11-08;19;0
5;2025-11-08;20;0
5;2025-11-08;21;0
5;2025-11-08;22;0
5;2025-11-08;23;0
5;2025-11-09;0;0
5;2025-11-09;1;0
5;2025-11-09;2;0
5;2025-11-09;3;0
5;2025-11-09;4;0
5;2025-11-09;5;0
5;2025-11-09;6;0
5;2025-11-09;7;0
5;2025-11-09;8;0
5;2025-11-09;9;0
5;2025-11-09;10;0
5;2025-11-09;11;0
5;2025-11-09;12;0
5;2025-11-09;13;0
5;2025-11-09;14;0
5;2025-11-09;15;0
5;2025-11-09;16;0
5;2025-11-09;17;0
5;2025-11-09;18;0
5;2025-11-09;19;0
5;2025-11-09;20;0
5;2025-11-09;21;0
5;2025-11-09;22;0
5;2025-11-09;23;0
5;2025-11-10;0;0
5;2025-11-10;1;0
5;2025-11-10;2;0
5;2025-11-10;3;0
5;2025-11-10;4;0
5;2025-11-10;5;0
5;2025-11-10;6;0
5;2025-11-10;7;0
5;2025-11-10;8;0
5;2025-11-10;9;0
5;2025-11-10;10;0
5;2025-11-10;11;0
5;2025-11-10;12;0
5;2025-11-10;13;0
5;2025-11-10;14;0
5;2025-11-10;15;0
5;2025-11-10;16;0
5;2025-11-10;17;0
5;2025-11-10;18;0
5;2025-11-10;19;0
5;2025-11-10;20;0
5;2025-11-10;21;0
5;2025-11-10;22;0
5;2025-11-10;23;0
5;2025-11-11;0;0
5;2025-11-11;1;0
5;2025-11-11;2;0
5;2025-11-11;3;0
5;2025-11-11;4;0
5;2025-11-11;5;0
5;2025-11-11;6;0
5;2025-11-11;7;0
5;2025-11-11;8;0
5;2025-11-11;9;0
5;2025-11-11;10;0
5;2025-11-11;11;0
5;2025-11-11;12;0
5;2025-11-11;13;0
5;2025-11-11;14;0
5;2025-11-11;15;0
5;2025-11-11;16;0
5;2025-11-11;17;0
5;2025-11-11;18;0
5;2025-11-11;19;0
5;2025-11-11;20;0
5;2025-11-11;21;0
5;2025-11-11;22;0
5;2025-11-11;23;0
5;2025-11-12;0;0
5;2025-11-12;1;0
5;2025-11-12;2;0
5;2025-11-12;3;0
5;2025-11-12;4;0
5;2025-11-12;5;0
5;2025-11-12;6;0
5;2025-11-12;7;0
5;2025-11-12;8;0
5;2025-11-12;9;0
5;2025-11-12;10;0
5;2025-11-12;11;0
5;2025-11-12;12;0
5;2025-11-12;13;0
5;2025-11-12;14;0
5;2025-11-12;15;0
5;2025-11-12;16;0
5;2025-11-12;17;0
5;2025-11-12;18;0
5;2025-11-12;19;0
5;2025-11-12;20;0
5;2025-11-12;21;0
5;2025-11-12;22;0
5;2025-11-12;23;0
5;2025-11-13;0;0
5;2025-11-13;1;0
5;2025-11-13;2;0
5;2025-11-13;3;0
5;2025-11-13;4;0
5;2025-11-13;5;0
5;2025-11-13;6;0
5;2025-11-13;7;0
5;2025-11-13;8;0
5;2025-11-13;9;0
5;2025-11-13;10;0
5;2025-11-13;11;0
5;2025-11-13;12;0
5;2025-11-13;13;0
5;2025-11-13;14;0
5;2025-11-13;15;0
5;2025-11-13;16;0
5;2025-11-13;17;0
5;2025-11-13;18;0
5;2025-11-13;19;0
5;2025-11-13;20;0
5;2025-11-13;21;0
5;2025-11-13;22;0
5;2025-11-13;23;0
5;2025-11-14;0;0
5;2025-11-14;1;0
5;2025-11-14;2;0
5;2025-11-14;3;0
5;2025-11-14;4;0
5;2025-11-14;5;0
5;2025-11-14;6;0
5;2025-11-14;7;0
5;2025-11-14;8;0
5;2025-11-14;9;0
5;2025-11-14;10;0
5;2025-11-14;11;0
5;2025-11-14;12;0
5;2025-11-14;13;0
5;2025-11-14;14;0
5;2025-11-14;15;0
5;2025-11-14;16;0
5;2025-11-14;17;0
5;2025-11-14;18;0
5;2025-11-14;19;0
5;2025-11-14;20;0
5;2025-11-14;21;0
5;2025-11-14;22;0
5;2025-11-14;23;0
5;2025-11-15;0;0
5;2025-11-15;1;0
5;2025-11-15;2;0
5;2025-11-15;3;0
5;2025-11-15;4;0
5;2025-11-15;5;0
5;2025-11-15;6;0
5;2025-11-15;7;0
5;2025-11-15;8;0
5;2025-11-15;9;0
5;2025-11-15;10;0
5;2025-11-15;11;0
5;2025-11-15;12;0
5;2025-11-15;13;0
5;2025-11-15;14;0
5;2025-11-15;15;0
5;2025-11-15;16;0
5;2025-11-15;17;0
5;2025-11-15;18;0
5;2025-11-15;19;0
5;2025-11-15;20;0
5;2025-11-15;21;0
5;2025-11-15;22;0
5;2025-11-15;23;0
5;2025-11-16;0;0
5;2025-11-16;1;0
5;2025-11-16;2;0
5;2025-11-16;3;0
5;2025-11-16;4;0
5;2025-11-16;5;0
5;2025-11-16;6;0
5;2025-11-16;7;0
5;2025-11-16;8;0
5;2025-11-16;9;0
5;2025-11-16;10;0
5;2025-11-16;11;0
5;2025-11-16;12;0
5;2025-11-16;13;0
5;2025-11-16;14;0
5;2025-11-16;15;0
5;2025-11-16;16;0
5;2025-11-16;17;0
5;2025-11-16;18;0
5;2025-11-16;19;0
5;2025-11-16;20;0
5;2025-11-16;21;0
5;2025-11-16;22;0
5;2025-11-16;23;0
5;2025-11-17;0;0
5;2025-11-17;1;0
5;2025-11-17;2;0
5;2025-11-17;3;0
5;2025-11-17;4;0
5;2025-11-17;5;0
5;2025-11-17;6;0
5;2025-11-17;7;0
5;2025-11-17;8;0
5;2025-11-17;9;0
5;2025-11-17;10;0
5;2025-11-17;11;0
5;2025-11-17;12;0
5;2025-11-17;13;0
5;2025-11-17;14;0
5;2025-11-17;15;0
5;2025-11-17;16;0
5;2025-11-17;17;0
5;2025-11-17;18;0
5;2025-11-17;19;0
5;2025-11-17;20;0
5;2025-11-17;21;0
5;2025-11-17;22;0
5;2025-11-17;23;0
5;2025-11-18;0;0
5;2025-11-18;1;0
5;2025-11-18;2;0
5;2025-11-18;3;0
5;2025-11-18;4;0
5;2025-11-18;5;0
5;2025-11-18;6;0
5;2025-11-18;7;0
5;2025-11-18;8;0
5;2025-11-18;9;0
5;2025-11-18;10;0
5;2025-11-18;11;0
5;2025-11-18;12;0
5;2025-11-18;13;0
5;2025-11-18;14;0
5;2025-11-18;15;0
5;2025-11-18;16;0
5;2025-11-18;17;0
5;2025-11-18;18;0
5;2025-11-18;19;0
5;2025-11-18;20;0
5;2025-11-18;21;0
5;2025-11-18;22;0
5;2025-11-18;23;0
5;2025-11-19;0;0
5;2025-11-19;1;0
5;2025-11-19;2;0
5;2025-11-19;3;0
5;2025-11-19;4;0
5;2025-11-19;5;0
5;2025-11-19;6;0
5;2025-11-19;7;0
5;2025-11-19;8;0
5;2025-11-19;9;0
5;2025-11-19;10;0
5;2025-11-19;11;0
5;2025-11-19;12;0
5;2025-11-19;13;0
5;2025-11-19;14;0
5;2025-11-19;15;0
5;2025-11-19;16;0
5;2025-11-19;17;0
5;2025-11-19;18;0
5;2025-11-19;19;0
5;2025-11-19;20;0
5;2025-11-19;21;0
5;2025-11-19;22;0
5;2025-11-19;23;0
5;2025-11-20;0;0
5;2025-11-20;1;0
5;2025-11-20;2;0
5;2025-11-20;3;0
5;2025-11-20;4;0
5;2025-11-20;5;0
5;2025-11-20;6;0
5;2025-11-20;7;0
5;2025-11-20;8;0
5;2025-11-20;9;0
5;2025-11-20;10;0
5;2025-11-20;11;0
5;2025-11-20;12;0
5;2025-11-20;13;0
5;2025-11-20;14;0
5;2025-11-20;15;0
5;2025-11-20;16;0
5;2025-11-20;17;0
5;2025-11-20;18;0
5;2025-11-20;19;0
5;2025-11-20;20;0
5;2025-11-20;21;0
5;2025-11-20;22;0
5;2025-11-20;23;0
5;2025-11-21;0;0
5;2025-11-21;1;0
5;2025-11-21;2;0
5;2025-11-21;3;0
5;2025-11-21;4;0
5;2025-11-21;5;0
5;2025-11-21;6;0
5;2025-11-21;7;0
5;2025-11-21;8;0
5;2025-11-21;9;0
5;2025-11-21;10;0
5;2025-11-21;11;0
5;2025-11-21;12;0
5;2025-11-21;13;0
5;2025-11-21;14;0
5;2025-11-21;15;0
5;2025-11-21;16;0
5;2025-11-21;17;0
5;2025-11-21;18;0
5;2025-11-21;19;0
5;2025-11-21;20;0
5;2025-11-21;21;0
5;2025-11-21;22;0
5;2025-11-21;23;0
5;2025-11-22;0;0
5;2025-11-22;1;0
5;2025-11-22;2;0
5;2025-11-22;3;0
5;2025-11-22;4;0
5;2025-11-22;5;0
5;2025-11-22;6;0
5;2025-11-22;7;0
5;2025-11-22;8;0
5;2025-11-22;9;0
5;2025-11-22;10;0
5;2025-11-22;11;0
5;2025-11-22;12;0
5;2025-11-22;13;0
5;2025-11-22;14;0
5;2025-11-22;15;0
5;2025-11-22;16;0
5;2025-11-22;17;0
5;2025-11-22;18;0
5;2025-11-22;19;0
5;2025-11-22;20;0
5;2025-11-22;21;0
5;2025-11-22;22;0
5;2025-11-22;23;0
5;2025-11-23;0;0
5;2025-11-23;1;0
5;2025-11-23;2;0
5;2025-11-23;3;0
5;2025-11-23;4;0
5;2025-11-23;5;0
5;2025-11-23;6;0
5;2025-11-23;7;0
5;2025-11-23;8;0
5;2025-11-23;9;0
5;2025-11-23;10;0
5;2025-11-23;11;0
5;2025-11-23;12;0
5;2025-11-23;13;0
5;2025-11-23;14;0
5;2025-11-23;15;0
5;2025-11-23;16;0
5;2025-11-23;17;0
5;2025-11-23;18;0
5;2025-11-23;19;0
5;2025-11-23;20;0
5;2025-11-23;21;0
5;2025-11-23;22;0
5;2025-11-23;23;0
5;2025-11-24;0;0
5;2025-11-24;1;0
5;2025-11-24;2;0
5;2025-11-24;3;0
5;2025-11-24;4;0
5;2025-11-24;5;0
5;2025-11-24;6;0
5;2025-11-24;7;0
5;2025-11-24;8;0
5;2025-11-24;9;0
5;2025-11-24;10;0
5;2025-11-24;11;0
5;2025-11-24;12;0
5;2025-11-24;13;0
5;2025-11-24;14;0
5;2025-11-24;15;0
5;2025-11-24;16;0
5;2025-11-24;17;0
5;2025-11-24;18;0
5;2025-11-24;19;0
5;2025-11-24;20;0
5;2025-11-24;21;0
5;2025-11-24;22;0
5;2025-11-24;23;0
5;2025-11-25;0;0
5;2025-11-25;1;0
5;2025-11-25;2;0
5;2025-11-25;3;0
5;2025-11-25;4;0
5;2025-11-25;5;0
5;2025-11-25;6;0
5;2025-11-25;7;0
5;2025-11-25;8;0
5;2025-11-25;9;0
5;2025-11-25;10;0
5;2025-11-25;11;0
5;2025-11-25;12;0
5;2025-11-25;13;0
5;2025-11-25;14;0
5;2025-11-25;15;0
5;2025-11-25;16;0
5;2025-11-25;17;0
5;2025-11-25;18;0
5;2025-11-25;19;0
5;2025-11-25;20;0
5;2025-11-25;21;0
5;2025-11-25;22;0
5;2025-11-25;23;0
5;2025-11-26;0;0
5;2025-11-26;1;0
5;2025-11-26;2;0
5;2025-11-26;3;0
5;2025-11-26;4;0
5;2025-11-26;5;0
5;2025-11-26;6;0
5;2025-11-26;7;0
5;2025-11-26;8;0
5;2025-11-26;9;0
5;2025-11-26;10;0
5;2025-11-26;11;0
5;2025-11-26;12;0
5;2025-11-26;13;0
5;2025-11-26;14;0
5;2025-11-26;15;0
5;2025-11-26;16;0
5;2025-11-26;17;0
5;2025-11-26;18;0
5;2025-11-26;19;0
5;2025-11-26;20;0
5;2025-11-26;21;0
5;2025-11-26;22;0
5;2025-11-26;23;0
5;2025-11-27;0;0
5;2025-11-27;1;0
5;2025-11-27;2;0
5;2025-11-27;3;0
5;2025-11-27;4;0
5;2025-11-27;5;0
5;2025-11-27;6;0
5;2025-11-27;7;0
5;2025-11-27;8;0
5;2025-11-27;9;0
5;2025-11-27;10;0
5;2025-11-27;11;0
5;2025-11-27;12;0
5;2025-11-27;13;0
5;2025-11-27;14;0
5;2025-11-27;15;0
5;2025-11-27;16;0
5;2025-11-27;17;0
5;2025-11-27;18;0
5;2025-11-27;19;0
5;2025-11-27;20;0
5;2025-11-27;21;0
5;2025-11-27;22;0
5;2025-11-27;23;0
5;2025-11-28;0;0
5;2025-11-28;1;0
5;2025-11-28;2;0
5;2025-11-28;3;0
5;2025-11-28;4;0
5;2025-11-28;5;0
5;2025-11-28;6;0
5;2025-11-28;7;0
5;2025-11-28;8;0
5;2025-11-28;9;0
5;2025-11-28;10;0
5;2025-11-28;11;0
5;2025-11-28;12;0
5;2025-11-28;13;0
5;2025-11-28;14;0
5;2025-11-28;15;0
5;2025-11-28;16;0
5;2025-11-28;17;0
5;2025-11-28;18;0
5;2025-11-28;19;0
5;2025-11-28;20;0
5;2025-11-28;21;0
5;2025-11-28;22;0
5;2025-11-28;23;0
5;2025-11-29;0;0
5;2025-11-29;1;0
5;2025-11-29;2;0
5;2025-11-29;3;0
5;2025-11-29;4;0
5;2025-11-29;5;0
5;2025-11-29;6;0
5;2025-11-29;7;0
5;2025-11-29;8;0
5;2025-11-29;9;0
5;2025-11-29;10;0
5;2025-11-29;11;0
5;2025-11-29;12;0
5;2025-11-29;13;0
5;2025-11-29;14;0
5;2025-11-29;15;0
5;2025-11-29;16;0
5;2025-11-29;17;0
5;2025-11-29;18;0
5;2025-11-29;19;0
5;2025-11-29;20;0
5;2025-11-29;21;0
5;2025-11-29;22;0
5;2025-11-29;23;0
5;2025-11-30;0;0
5;2025-11-30;1;0
5;2025-11-30;2;0
5;2025-11-30;3;0
5;2025-11-30;4;0
5;2025-11-30;5;0
5;2025-11-30;6;0
5;2025-11-30;7;0
5;2025-11-30;8;0
5;2025-11-30;9;0
5;2025-11-30;10;0
5;2025-11-30;11;0
5;2025-11-30;12;0
5;2025-11-30;13;0
5;2025-11-30;14;0
5;2025-11-30;15;0
5;2025-11-30;16;0
5;2025-11-30;17;0
5;2025-11-30;18;0
5;2025-11-30;19;0
5;2025-11-30;20;0
5;2025-11-30;21;0
5;2025-11-30;22;0
5;2025-11-30;23;0
5;2025-12-01;0;0
5;2025-12-01;1;0
5;2025-12-01;2;0
5;2025-12-01;3;0
5;2025-12-01;4;0
5;2025-12-01;5;0
5;2025-12-01;6;0
5;2025-12-01;7;0
5;2025-12-01;8;0
5;2025-12-01;9;0
5;2025-12-01;10;0
5;2025-12-01;11;0
5;2025-12-01;12;0
5;2025-12-01;13;0
5;2025-12-01;14;0
5;2025-12-01;15;0
5;2025-12-01;16;0
5;2025-12-01;17;0
5;2025-12-01;18;0
5;2025-12-01;19;0
5;2025-12-01;20;0
5;2025-12-01;21;0
5;2025-12-01;22;0
5;2025-12-01;23;0
5;2025-12-02;0;0
5;2025-12-02;1;0
5;2025-12-02;2;0
5;2025-12-02;3;0
5;2025-12-02;4;0
5;2025-12-02;5;0
5;2025-12-02;6;0
5;2025-12-02;7;0
5;2025-12-02;8;0
5;2025-12-02;9;0
5;2025-12-02;10;0
5;2025-12-02;11;0
5;2025-12-02;12;0
5;2025-12-02;13;0
5;2025-12-02;14;0
5;2025-12-02;15;0
5;2025-12-02;16;0
5;2025-12-02;17;0
5;2025-12-02;18;0
5;2025-12-02;19;0
5;2025-12-02;20;0
5;2025-12-02;21;0
5;2025-12-02;22;0
5;2025-12-02;23;0
5;2025-12-03;0;0
5;2025-12-03;1;0
5;2025-12-03;2;0
5;2025-12-03;3;0
5;2025-12-03;4;0
5;2025-12-03;5;0
5;2025-12-03;6;0
5;2025-12-03;7;0
5;2025-12-03;8;0
5;2025-12-03;9;0
5;2025-12-03;10;0
5;2025-12-03;11;0
5;2025-12-03;12;0
5;2025-12-03;13;0
5;2025-12-03;14;0
5;2025-12-03;15;0
5;2025-12-03;16;0
5;2025-12-03;17;0
5;2025-12-03;18;0
5;2025-12-03;19;0
5;2025-12-03;20;0
5;2025-12-03;21;0
5;2025-12-03;22;0
5;2025-12-03;23;0
5;2025-12-04;0;0
5;2025-12-04;1;0
5;2025-12-04;2;0
5;2025-12-04;3;0
5;2025-12-04;4;0
5;2025-12-04;5;0
5;2025-12-04;6;0
5;2025-12-04;7;0
5;2025-12-04;8;0
5;2025-12-04;9;0
5;2025-12-04;10;0
5;2025-12-04;11;0
5;2025-12-04;12;0
5;2025-12-04;13;0
5;2025-12-04;14;0
5;2025-12-04;15;0
5;2025-12-04;16;0
5;2025-12-04;17;0
5;2025-12-04;18;0
5;2025-12-04;19;0
5;2025-12-04;20;0
5;2025-12-04;21;0
5;2025-12-04;22;0
5;2025-12-04;23;0
5;2025-12-05;0;0
5;2025-12-05;1;0
5;2025-12-05;2;0
5;2025-12-05;3;0
5;2025-12-05;4;0
5;2025-12-05;5;0
5;2025-12-05;6;0
5;2025-12-05;7;0
5;2025-12-05;8;0
5;2025-12-05;9;0
5;2025-12-05;10;0
5;2025-12-05;11;0
5;2025-12-05;12;0
5;2025-12-05;13;0
5;2025-12-05;14;0
5;2025-12-05;15;0
5;2025-12-05;16;0
5;2025-12-05;17;0
5;2025-12-05;18;0
5;2025-12-05;19;0
5;2025-12-05;20;0
5;2025-12-05;21;0
5;2025-12-05;22;0
5;2025-12-05;23;0
5;2025-12-06;0;0
5;2025-12-06;1;0
5;2025-12-06;2;0
5;2025-12-06;3;0
5;2025-12-06;4;0
5;2025-12-06;5;0
5;2025-12-06;6;0
5;2025-12-06;7;0
5;2025-12-06;8;0
5;2025-12-06;9;0
5;2025-12-06;10;0
5;2025-12-06;11;0
5;2025-12-06;12;0
5;2025-12-06;13;0
5;2025-12-06;14;0
5;2025-12-06;15;0
5;2025-12-06;16;0
5;2025-12-06;17;0
5;2025-12-06;18;0
5;2025-12-06;19;0
5;2025-12-06;20;0
5;2025-12-06;21;0
5;2025-12-06;22;0
5;2025-12-06;23;0
5;2025-12-07;0;0
5;2025-12-07;1;0
5;2025-12-07;2;0
5;2025-12-07;3;0
5;2025-12-07;4;0
5;2025-12-07;5;0
5;2025-12-07;6;0
5;2025-12-07;7;0
5;2025-12-07;8;0
5;2025-12-07;9;0
5;2025-12-07;10;0
5;2025-12-07;11;0
5;2025-12-07;12;0
5;2025-12-07;13;0
5;2025-12-07;14;0
5;2025-12-07;15;0
5;2025-12-07;16;0
5;2025-12-07;17;0
5;2025-12-07;18;0
5;2025-12-07;19;0
5;2025-12-07;20;0
5;2025-12-07;21;0
5;2025-12-07;22;0
5;2025-12-07;23;0
5;2025-12-08;0;0
5;2025-12-08;1;0
5;2025-12-08;2;0
5;2025-12-08;3;0
5;2025-12-08;4;0
5;2025-12-08;5;0
5;2025-12-08;6;0
5;2025-12-08;7;0
5;2025-12-08;8;0
5;2025-12-08;9;0
5;2025-12-08;10;0
5;2025-12-08;11;0
5;2025-12-08;12;0
5;2025-12-08;13;0
5;2025-12-08;14;0
5;2025-12-08;15;0
5;2025-12-08;16;0
5;2025-12-08;17;0
5;2025-12-08;18;0
5;2025-12-08;19;0
5;2025-12-08;20;0
5;2025-12-08;21;0
5;2025-12-08;22;0
5;2025-12-08;23;0
5;2025-12-09;0;0
5;2025-12-09;1;0
5;2025-12-09;2;0
5;2025-12-09;3;0
5;2025-12-09;4;0
5;2025-12-09;5;0
5;2025-12-09;6;0
5;2025-12-09;7;0
5;2025-12-09;8;0
5;2025-12-09;9;0
5;2025-12-09;10;0
5;2025-12-09;11;0
5;2025-12-09;12;0
5;2025-12-09;13;0
5;2025-12-09;14;0
5;2025-12-09;15;0
5;2025-12-09;16;0
5;2025-12-09;17;0
5;2025-12-09;18;0
5;2025-12-09;19;0
5;2025-12-09;20;0
5;2025-12-09;21;0
5;2025-12-09;22;0
5;2025-12-09;23;0
5;2025-12-10;0;0
5;2025-12-10;1;0
5;2025-12-10;2;0
5;2025-12-10;3;0
5;2025-12-10;4;0
5;2025-12-10;5;0
5;2025-12-10;6;0
5;2025-12-10;7;0
5;2025-12-10;8;0
5;2025-12-10;9;0
5;2025-12-10;10;0
5;2025-12-10;11;0
5;2025-12-10;12;0
5;2025-12-10;13;0
5;2025-12-10;14;0
5;2025-12-10;15;0
5;2025-12-10;16;0
5;2025-12-10;17;0
5;2025-12-10;18;0
5;2025-12-10;19;0
5;2025-12-10;20;0
5;2025-12-10;21;0
5;2025-12-10;22;0
5;2025-12-10;23;0
5;2025-12-11;0;0
5;2025-12-11;1;0
5;2025-12-11;2;0
5;2025-12-11;3;0
5;2025-12-11;4;0
5;2025-12-11;5;0
5;2025-12-11;6;0
5;2025-12-11;7;0
5;2025-12-11;8;0
5;2025-12-11;9;0
5;2025-12-11;10;0
5;2025-12-11;11;0
5;2025-12-11;12;0
5;2025-12-11;13;0
5;2025-12-11;14;0
5;2025-12-11;15;0
5;2025-12-11;16;0
5;2025-12-11;17;0
5;2025-12-11;18;0
5;2025-12-11;19;0
5;2025-12-11;20;0
5;2025-12-11;21;0
5;2025-12-11;22;0
5;2025-12-11;23;0
5;2025-12-12;0;0
5;2025-12-12;1;0
5;2025-12-12;2;0
5;2025-12-12;3;0
5;2025-12-12;4;0
5;2025-12-12;5;0
5;2025-12-12;6;0
5;2025-12-12;7;0
5;2025-12-12;8;0
5;2025-12-12;9;0
5;2025-12-12;10;0
5;2025-12-12;11;0
5;2025-12-12;12;0
5;2025-12-12;13;0
5;2025-12-12;14;0
5;2025-12-12;15;0
5;2025-12-12;16;0
5;2025-12-12;17;0
5;2025-12-12;18;0
5;2025-12-12;19;0
5;2025-12-12;20;0
5;2025-12-12;21;0
5;2025-12-12;22;0
5;2025-12-12;23;0
5;2025-12-13;0;0
5;2025-12-13;1;0
5;2025-12-13;2;0
5;2025-12-13;3;0
5;2025-12-13;4;0
5;2025-12-13;5;0
5;2025-12-13;6;0
5;2025-12-13;7;0
5;2025-12-13;8;0
5;2025-12-13;9;0
5;2025-12-13;10;0
5;2025-12-13;11;0
5;2025-12-13;12;0
5;2025-12-13;13;0
5;2025-12-13;14;0
5;2025-12-13;15;0
5;2025-12-13;16;0
5;2025-12-13;17;0
5;2025-12-13;18;0
5;2025-12-13;19;0
5;2025-12-13;20;0
5;2025-12-13;21;0
5;2025-12-13;22;0
5;2025-12-13;23;0
5;2025-12-14;0;0
5;2025-12-14;1;0
5;2025-12-14;2;0
5;2025-12-14;3;0
5;2025-12-14;4;0
5;2025-12-14;5;0
5;2025-12-14;6;0
5;2025-12-14;7;0
5;2025-12-14;8;0
5;2025-12-14;9;0
5;2025-12-14;10;0
5;2025-12-14;11;0
5;2025-12-14;12;0
5;2025-12-14;13;0
5;2025-12-14;14;0
5;2025-12-14;15;0
5;2025-12-14;16;0
5;2025-12-14;17;0
5;2025-12-14;18;0
5;2025-12-14;19;0
5;2025-12-14;20;0
5;2025-12-14;21;0
5;2025-12-14;22;0
5;2025-12-14;23;0
5;2025-12-15;0;0
5;2025-12-15;1;0
5;2025-12-15;2;0
5;2025-12-15;3;0
5;2025-12-15;4;0
5;2025-12-15;5;0
5;2025-12-15;6;0
5;2025-12-15;7;0
5;2025-12-15;8;0
5;2025-12-15;9;0
5;2025-12-15;10;0
5;2025-12-15;11;0
5;2025-12-15;12;0
5;2025-12-15;13;0
5;2025-12-15;14;0
5;2025-12-15;15;0
5;2025-12-15;16;0
5;2025-12-15;17;0
5;2025-12-15;18;0
5;2025-12-15;19;0
5;2025-12-15;20;0
5;2025-12-15;21;0
5;2025-12-15;22;0
5;2025-12-15;23;0
5;2025-12-16;0;0
5;2025-12-16;1;0
5;2025-12-16;2;0
5;2025-12-16;3;0
5;2025-12-16;4;0
5;2025-12-16;5;0
5;2025-12-16;6;0
5;2025-12-16;7;0
5;2025-12-16;8;0
5;2025-12-16;9;0
5;2025-12-16;10;0
5;2025-12-16;11;0
5;2025-12-16;12;0
5;2025-12-16;13;0
5;2025-12-16;14;0
5;2025-12-16;15;0
5;2025-12-16;16;0
5;2025-12-16;17;0
5;2025-12-16;18;0
5;2025-12-16;19;0
5;2025-12-16;20;0
5;2025-12-16;21;0
5;2025-12-16;22;0
5;2025-12-16;23;0
5;2025-12-17;0;0
5;2025-12-17;1;0
5;2025-12-17;2;0
5;2025-12-17;3;0
5;2025-12-17;4;0
5;2025-12-17;5;0
5;2025-12-17;6;0
5;2025-12-17;7;0
5;2025-12-17;8;0
5;2025-12-17;9;0
5;2025-12-17;10;0
5;2025-12-17;11;0
5;2025-12-17;12;0
5;2025-12-17;13;0
5;2025-12-17;14;0
5;2025-12-17;15;0
5;2025-12-17;16;0
5;2025-12-17;17;0
5;2025-12-17;18;0
5;2025-12-17;19;0
5;2025-12-17;20;0
5;2025-12-17;21;0
5;2025-12-17;22;0
5;2025-12-17;23;0
5;2025-12-18;0;0
5;2025-12-18;1;0
5;2025-12-18;2;0
5;2025-12-18;3;0
5;2025-12-18;4;0
5;2025-12-18;5;0
5;2025-12-18;6;0
5;2025-12-18;7;0
5;2025-12-18;8;0
5;2025-12-18;9;0
5;2025-12-18;10;0
5;2025-12-18;11;0
5;2025-12-18;12;0
5;2025-12-18;13;0
5;2025-12-18;14;0
5;2025-12-18;15;0
5;2025-12-18;16;0
5;2025-12-18;17;0
5;2025-12-18;18;0
5;2025-12-18;19;0
5;2025-12-18;20;0
5;2025-12-18;21;0
5;2025-12-18;22;0
5;2025-12-18;23;0
5;2025-12-19;0;0
5;2025-12-19;1;0
5;2025-12-19;2;0
5;2025-12-19;3;0
5;2025-12-19;4;0
5;2025-12-19;5;0
5;2025-12-19;6;0
5;2025-12-19;7;0
5;2025-12-19;8;0
5;2025-12-19;9;0
5;2025-12-19;10;0
5;2025-12-19;11;0
5;2025-12-19;12;0
5;2025-12-19;13;0
5;2025-12-19;14;0
5;2025-12-19;15;0
5;2025-12-19;16;0
5;2025-12-19;17;0
5;2025-12-19;18;0
5;2025-12-19;19;0
5;2025-12-19;20;0
5;2025-12-19;21;0
5;2025-12-19;22;0
5;2025-12-19;23;0
5;2025-12-20;0;0
5;2025-12-20;1;0
5;2025-12-20;2;0
5;2025-12-20;3;0
5;2025-12-20;4;0
5;2025-12-20;5;0
5;2025-12-20;6;0
5;2025-12-20;7;0
5;2025-12-20;8;0
5;2025-12-20;9;0
5;2025-12-20;10;0
5;2025-12-20;11;0
5;2025-12-20;12;0
5;2025-12-20;13;0
5;2025-12-20;14;0
5;2025-12-20;15;0
5;2025-12-20;16;0
5;2025-12-20;17;0
5;2025-12-20;18;0
5;2025-12-20;19;0
5;2025-12-20;20;0
5;2025-12-20;21;0
5;2025-12-20;22;0
5;2025-12-20;23;0
5;2025-12-21;0;0
5;2025-12-21;1;0
5;2025-12-21;2;0
5;2025-12-21;3;0
5;2025-12-21;4;0
5;2025-12-21;5;0
5;2025-12-21;6;0
5;2025-12-21;7;0
5;2025-12-21;8;0
5;2025-12-21;9;0
5;2025-12-21;10;0
5;2025-12-21;11;0
5;2025-12-21;12;0
5;2025-12-21;13;0
5;2025-12-21;14;0
5;2025-12-21;15;0
5;2025-12-21;16;0
5;2025-12-21;17;0
5;2025-12-21;18;0
5;2025-12-21;19;0
5;2025-12-21;20;0
5;2025-12-21;21;0
5;2025-12-21;22;0
5;2025-12-21;23;0
5;2025-12-22;0;0
5;2025-12-22;1;0
5;2025-12-22;2;0
5;2025-12-22;3;0
5;2025-12-22;4;0
5;2025-12-22;5;0
5;2025-12-22;6;0
5;2025-12-22;7;0
5;2025-12-22;8;0
5;2025-12-22;9;0
5;2025-12-22;10;0
5;2025-12-22;11;0
5;2025-12-22;12;0
5;2025-12-22;13;0
5;2025-12-22;14;0
5;2025-12-22;15;0
5;2025-12-22;16;0
5;2025-12-22;17;0
5;2025-12-22;18;0
5;2025-12-22;19;0
5;2025-12-22;20;0
5;2025-12-22;21;0
5;2025-12-22;22;0
5;2025-12-22;23;0
5;2025-12-23;0;0
5;2025-12-23;1;0
5;2025-12-23;2;0
5;2025-12-23;3;0
5;2025-12-23;4;0
5;2025-12-23;5;0
5;2025-12-23;6;0
5;2025-12-23;7;0
5;2025-12-23;8;0
5;2025-12-23;9;0
5;2025-12-23;10;0
5;2025-12-23;11;0
5;2025-12-23;12;0
5;2025-12-23;13;0
5;2025-12-23;14;0
5;2025-12-23;15;0
5;2025-12-23;16;0
5;2025-12-23;17;0
5;2025-12-23;18;0
5;2025-12-23;19;0
5;2025-12-23;20;0
5;2025-12-23;21;0
5;2025-12-23;22;0
5;2025-12-23;23;0
5;2025-12-24;0;0
5;2025-12-24;1;0
5;2025-12-24;2;0
5;2025-12-24;3;0
5;2025-12-24;4;0
5;2025-12-24;5;0
5;2025-12-24;6;0
5;2025-12-24;7;0
5;2025-12-24;8;0
5;2025-12-24;9;0
5;2025-12-24;10;0
5;2025-12-24;11;0
5;2025-12-24;12;0
5;2025-12-24;13;0
5;2025-12-24;14;0
5;2025-12-24;15;0
5;2025-12-24;16;0
5;2025-12-24;17;0
5;2025-12-24;18;0
5;2025-12-24;19;0
5;2025-12-24;20;0
5;2025-12-24;21;0
5;2025-12-24;22;0
5;2025-12-24;23;0
5;2025-12-25;0;0
5;2025-12-25;1;0
5;2025-12-25;2;0
5;2025-12-25;3;0
5;2025-12-25;4;0
5;2025-12-25;5;0
5;2025-12-25;6;0
5;2025-12-25;7;0
5;2025-12-25;8;0
5;2025-12-25;9;0
5;2025-12-25;10;0
5;2025-12-25;11;0
5;2025-12-25;12;0
5;2025-12-25;13;0
5;2025-12-25;14;0
5;2025-12-25;15;0
5;2025-12-25;16;0
5;2025-12-25;17;0
5;2025-12-25;18;0
5;2025-12-25;19;0
5;2025-12-25;20;0
5;2025-12-25;21;0
5;2025-12-25;22;0
5;2025-12-25;23;0
5;2025-12-26;0;0
5;2025-12-26;1;0
5;2025-12-26;2;0
5;2025-12-26;3;0
5;2025-12-26;4;0
5;2025-12-26;5;0
5;2025-12-26;6;0
5;2025-12-26;7;0
5;2025-12-26;8;0
5;2025-12-26;9;0
5;2025-12-26;10;0
5;2025-12-26;11;0
5;2025-12-26;12;0
5;2025-12-26;13;0
5;2025-12-26;14;0
5;2025-12-26;15;0
5;2025-12-26;16;0
5;2025-12-26;17;0
5;2025-12-26;18;0
5;2025-12-26;19;0
5;2025-12-26;20;0
5;2025-12-26;21;0
5;2025-12-26;22;0
5;2025-12-26;23;0
5;2025-12-27;0;0
5;2025-12-27;1;0
5;2025-12-27;2;0
5;2025-12-27;3;0
5;2025-12-27;4;0
5;2025-12-27;5;0
5;2025-12-27;6;0
5;2025-12-27;7;0
5;2025-12-27;8;0
5;2025-12-27;9;0
5;2025-12-27;10;0
5;2025-12-27;11;0
5;2025-12-27;12;0
5;2025-12-27;13;0
5;2025-12-27;14;0
5;2025-12-27;15;0
5;2025-12-27;16;0
5;2025-12-27;17;0
5;2025-12-27;18;0
5;2025-12-27;19;0
5;2025-12-27;20;0
5;2025-12-27;21;0
5;2025-12-27;22;0
5;2025-12-27;23;0
5;2025-12-28;0;0
5;2025-12-28;1;0
5;2025-12-28;2;0
5;2025-12-28;3;0
5;2025-12-28;4;0
5;2025-12-28;5;0
5;2025-12-28;6;0
5;2025-12-28;7;0
5;2025-12-28;8;0
5;2025-12-28;9;0
5;2025-12-28;10;0
5;2025-12-28;11;0
5;2025-12-28;12;0
5;2025-12-28;13;0
5;2025-12-28;14;0
5;2025-12-28;15;0
5;2025-12-28;16;0
5;2025-12-28;17;0
5;2025-12-28;18;0
5;2025-12-28;19;0
5;2025-12-28;20;0
5;2025-12-28;21;0
5;2025-12-28;22;0
5;2025-12-28;23;0
5;2025-12-29;0;0
5;2025-12-29;1;0
5;2025-12-29;2;0
5;2025-12-29;3;0
5;2025-12-29;4;0
5;2025-12-29;5;0
5;2025-12-29;6;0
5;2025-12-29;7;0
5;2025-12-29;8;0
5;2025-12-29;9;0
5;2025-12-29;10;0
5;2025-12-29;11;0
5;2025-12-29;12;0
5;2025-12-29;13;0
5;2025-12-29;14;0
5;2025-12-29;15;0
5;2025-12-29;16;0
5;2025-12-29;17;0
5;2025-12-29;18;0
5;2025-12-29;19;0
5;2025-12-29;20;0
5;2025-12-29;21;0
5;2025-12-29;22;0
5;2025-12-29;23;0
5;2025-12-30;0;0
5;2025-12-30;1;0
5;2025-12-30;2;0
5;2025-12-30;3;0
5;2025-12-30;4;0
5;2025-12-30;5;0
5;2025-12-30;6;0
5;2025-12-30;7;0
5;2025-12-30;8;0
5;2025-12-30;9;0
5;2025-12-30;10;0
5;2025-12-30;11;0
5;2025-12-30;12;0
5;2025-12-30;13;0
5;2025-12-30;14;0
5;2025-12-30;15;0
5;2025-12-30;16;0
5;2025-12-30;17;0
5;2025-12-30;18;0
5;2025-12-30;19;0
5;2025-12-30;20;0
5;2025-12-30;21;0
5;2025-12-30;22;0
5;2025-12-30;23;0
5;2025-12-31;0;0
5;2025-12-31;1;0
5;2025-12-31;2;0
5;2025-12-31;3;0
5;2025-12-31;4;0
5;2025-12-31;5;0
5;2025-12-31;6;0
5;2025-12-31;7;0
5;2025-12-31;8;0
5;2025-12-31;9;0
5;2025-12-31;10;0
5;2025-12-31;11;0
5;2025-12-31;12;0
5;2025-12-31;13;0
5;2025-12-31;14;0
5;2025-12-31;15;0
5;2025-12-31;16;0
5;2025-12-31;17;0
5;2025-12-31;18;0
5;2025-12-31;19;0
5;2025-12-31;20;0
5;2025-12-31;21;0
5;2025-12-31;22;0
5;2025-12-31;23;0
7;2025-11-01;0;54
7;2025-11-01;1;23
7;2025-11-01;2;0
7;2025-11-01;3;0
7;2025-11-01;4;1
7;2025-11-01;5;157
7;2025-11-01;6;561
7;2025-11-01;7;1563
7;2025-11-01;8;2338
7;2025-11-01;9;1824
7;2025-11-01;10;1612
7;2025-11-01;11;1528
7;2025-11-01;12;1662
7;2025-11-01;13;1676
7;2025-11-01;14;1700
7;2025-11-01;15;1781
7;2025-11-01;16;1899
7;2025-11-01;17;2242
7;2025-11-01;18;2185
7;2025-11-01;19;1559
7;2025-11-01;20;983
7;2025-11-01;21;579
7;2025-11-01;22;234
7;2025-11-01;23;163
7;2025-11-02;0;22
7;2025-11-02;1;18
7;2025-11-02;2;0
7;2025-11-02;3;0
7;2025-11-02;4;1
7;2025-11-02;5;0
7;2025-11-02;6;122
7;2025-11-02;7;158
7;2025-11-02;8;371
7;2025-11-02;9;458
7;2025-11-02;10;487
7;2025-11-02;11;635
7;2025-11-02;12;715
7;2025-11-02;13;709
7;2025-11-02;14;724
7;2025-11-02;15;707
7;2025-11-02;16;691
7;2025-11-02;17;734
7;2025-11-02;18;650
7;2025-11-02;19;513
7;2025-11-02;20;455
7;2025-11-02;21;333
7;2025-11-02;22;122
7;2025-11-02;23;87
7;2025-11-03;0;38
7;2025-11-03;1;18
7;2025-11-03;2;0
7;2025-11-03;3;0
7;2025-11-03;4;3
7;2025-11-03;5;53
7;2025-11-03;6;249
7;2025-11-03;7;314
7;2025-11-03;8;567
7;2025-11-03;9;568
7;2025-11-03;10;628
7;2025-11-03;11;708
7;2025-11-03;12;773
7;2025-11-03;13;758
7;2025-11-03;14;741
7;2025-11-03;15;735
7;2025-11-03;16;743
7;2025-11-03;17;810
7;2025-11-03;18;871
7;2025-11-03;19;666
7;2025-11-03;20;567
7;2025-11-03;21;436
7;2025-11-03;22;243
7;2025-11-03;23;171
7;2025-11-04;0;77
7;2025-11-04;1;23
7;2025-11-04;2;0
7;2025-11-04;3;0
7;2025-11-04;4;8
7;2025-11-04;5;101
7;2025-11-04;6;304
7;2025-11-04;7;375
7;2025-11-04;8;582
7;2025-11-04;9;609
7;2025-11-04;10;650
7;2025-11-04;11;730
7;2025-11-04;12;766
7;2025-11-04;13;770
7;2025-11-04;14;817
7;2025-11-04;15;803
7;2025-11-04;16;765
7;2025-11-04;17;828
7;2025-11-04;18;896
7;2025-11-04;19;711
7;2025-11-04;20;601
7;2025-11-04;21;478
7;2025-11-04;22;268
7;2025-11-04;23;186
7;2025-11-05;0;61
7;2025-11-05;1;17
7;2025-11-05;2;0
7;2025-11-05;3;0
7;2025-11-05;4;6
7;2025-11-05;5;185
7;2025-11-05;6;582
7;2025-11-05;7;1536
7;2025-11-05;8;2452
7;2025-11-05;9;1797
7;2025-11-05;10;1641
7;2025-11-05;11;1518
7;2025-11-05;12;1634
7;2025-11-05;13;1605
7;2025-11-05;14;1651
7;2025-11-05;15;1734
7;2025-11-05;16;1837
7;2025-11-05;17;2323
7;2025-11-05;18;2478
7;2025-11-05;19;1690
7;2025-11-05;20;1071
7;2025-11-05;21;637
7;2025-11-05;22;289
7;2025-11-05;23;197
7;2025-11-06;0;51
7;2025-11-06;1;17
7;2025-11-06;2;0
7;2025-11-06;3;0
7;2025-11-06;4;5
7;2025-11-06;5;192
7;2025-11-06;6;622
7;2025-11-06;7;1598
7;2025-11-06;8;2444
7;2025-11-06;9;1830
7;2025-11-06;10;1625
7;2025-11-06;11;1473
7;2025-11-06;12;1609
7;2025-11-06;13;1596
7;2025-11-06;14;1637
7;2025-11-06;15;1685
7;2025-11-06;16;1788
7;2025-11-06;17;2297
7;2025-11-06;18;2477
7;2025-11-06;19;1696
7;2025-11-06;20;1014
7;2025-11-06;21;631
7;2025-11-06;22;297
7;2025-11-06;23;200
7;2025-11-07;0;66
7;2025-11-07;1;15
7;2025-11-07;2;0
7;2025-11-07;3;0
7;2025-11-07;4;5
7;2025-11-07;5;187
7;2025-11-07;6;595
7;2025-11-07;7;1558
7;2025-11-07;8;2264
7;2025-11-07;9;1759
7;2025-11-07;10;1618
7;2025-11-07;11;1504
7;2025-11-07;12;1630
7;2025-11-07;13;1641
7;2025-11-07;14;1679
7;2025-11-07;15;1747
7;2025-11-07;16;1879
7;2025-11-07;17;2272
7;2025-11-07;18;2131
7;2025-11-07;19;1573
7;2025-11-07;20;1035
7;2025-11-07;21;625
7;2025-11-07;22;305
7;2025-11-07;23;233
7;2025-11-08;0;70
7;2025-11-08;1;25
7;2025-11-08;2;0
7;2025-11-08;3;0
7;2025-11-08;4;6
7;2025-11-08;5;47
7;2025-11-08;6;233
7;2025-11-08;7;339
7;2025-11-08;8;541
7;2025-11-08;9;622
7;2025-11-08;10;665
7;2025-11-08;11;782
7;2025-11-08;12;875
7;2025-11-08;13;855
7;2025-11-08;14;866
7;2025-11-08;15;828
7;2025-11-08;16;811
7;2025-11-08;17;823
7;2025-11-08;18;767
7;2025-11-08;19;685
7;2025-11-08;20;545
7;2025-11-08;21;425
7;2025-11-08;22;193
7;2025-11-08;23;157
7;2025-11-09;0;70
7;2025-11-09;1;27
7;2025-11-09;2;0
7;2025-11-09;3;0
7;2025-11-09;4;5
7;2025-11-09;5;33
7;2025-11-09;6;154
7;2025-11-09;7;204
7;2025-11-09;8;400
7;2025-11-09;9;504
7;2025-11-09;10;539
7;2025-11-09;11;641
7;2025-11-09;12;708
7;2025-11-09;13;730
7;2025-11-09;14;724
7;2025-11-09;15;694
7;2025-11-09;16;672
7;2025-11-09;17;699
7;2025-11-09;18;626
7;2025-11-09;19;492
7;2025-11-09;20;419
7;2025-11-09;21;335
7;2025-11-09;22;122
7;2025-11-09;23;87
7;2025-11-10;0;24
7;2025-11-10;1;16
7;2025-11-10;2;0
7;2025-11-10;3;0
7;2025-11-10;4;2
7;2025-11-10;5;147
7;2025-11-10;6;569
7;2025-11-10;7;1533
7;2025-11-10;8;2386
7;2025-11-10;9;1761
7;2025-11-10;10;1529
7;2025-11-10;11;1386
7;2025-11-10;12;1505
7;2025-11-10;13;1518
7;2025-11-10;14;1570
7;2025-11-10;15;1642
7;2025-11-10;16;1760
7;2025-11-10;17;2277
7;2025-11-10;18;2419
7;2025-11-10;19;1624
7;2025-11-10;20;1000
7;2025-11-10;21;533
7;2025-11-10;22;225
7;2025-11-10;23;137
7;2025-11-11;0;18
7;2025-11-11;1;14
7;2025-11-11;2;0
7;2025-11-11;3;0
7;2025-11-11;4;2
7;2025-11-11;5;155
7;2025-11-11;6;596
7;2025-11-11;7;1564
7;2025-11-11;8;2454
7;2025-11-11;9;1795
7;2025-11-11;10;1582
7;2025-11-11;11;1452
7;2025-11-11;12;1584
7;2025-11-11;13;1591
7;2025-11-11;14;1647
7;2025-11-11;15;1686
7;2025-11-11;16;1769
7;2025-11-11;17;2303
7;2025-11-11;18;2476
7;2025-11-11;19;1691
7;2025-11-11;20;1037
7;2025-11-11;21;573
7;2025-11-11;22;246
7;2025-11-11;23;154
7;2025-11-12;0;17
7;2025-11-12;1;9
7;2025-11-12;2;0
7;2025-11-12;3;0
7;2025-11-12;4;1
7;2025-11-12;5;153
7;2025-11-12;6;584
7;2025-11-12;7;1539
7;2025-11-12;8;2448
7;2025-11-12;9;1797
7;2025-11-12;10;1610
7;2025-11-12;11;1463
7;2025-11-12;12;1604
7;2025-11-12;13;1565
7;2025-11-12;14;1627
7;2025-11-12;15;1702
7;2025-11-12;16;1797
7;2025-11-12;17;2311
7;2025-11-12;18;2448
7;2025-11-12;19;1667
7;2025-11-12;20;1026
7;2025-11-12;21;582
7;2025-11-12;22;248
7;2025-11-12;23;160
7;2025-11-13;0;22
7;2025-11-13;1;14
7;2025-11-13;2;0
7;2025-11-13;3;0
7;2025-11-13;4;1
7;2025-11-13;5;153
7;2025-11-13;6;581
7;2025-11-13;7;1551
7;2025-11-13;8;2435
7;2025-11-13;9;1784
7;2025-11-13;10;1571
7;2025-11-13;11;1465
7;2025-11-13;12;1620
7;2025-11-13;13;1591
7;2025-11-13;14;1640
7;2025-11-13;15;1710
7;2025-11-13;16;1806
7;2025-11-13;17;2301
7;2025-11-13;18;2471
7;2025-11-13;19;1689
7;2025-11-13;20;1047
7;2025-11-13;21;601
7;2025-11-13;22;251
7;2025-11-13;23;155
7;2025-11-14;0;18
7;2025-11-14;1;12
7;2025-11-14;2;0
7;2025-11-14;3;0
7;2025-11-14;4;2
7;2025-11-14;5;145
7;2025-11-14;6;557
7;2025-11-14;7;1514
7;2025-11-14;8;2275
7;2025-11-14;9;1775
7;2025-11-14;10;1613
7;2025-11-14;11;1498
7;2025-11-14;12;1626
7;2025-11-14;13;1638
7;2025-11-14;14;1669
7;2025-11-14;15;1745
7;2025-11-14;16;1872
7;2025-11-14;17;2264
7;2025-11-14;18;2125
7;2025-11-14;19;1571
7;2025-11-14;20;1021
7;2025-11-14;21;599
7;2025-11-14;22;281
7;2025-11-14;23;205
7;2025-11-15;0;18
7;2025-11-15;1;21
7;2025-11-15;2;0
7;2025-11-15;3;0
7;2025-11-15;4;10
7;2025-11-15;5;0
7;2025-11-15;6;192
7;2025-11-15;7;249
7;2025-11-15;8;491
7;2025-11-15;9;533
7;2025-11-15;10;561
7;2025-11-15;11;667
7;2025-11-15;12;771
7;2025-11-15;13;790
7;2025-11-15;14;832
7;2025-11-15;15;803
7;2025-11-15;16;764
7;2025-11-15;17;800
7;2025-11-15;18;738
7;2025-11-15;19;663
7;2025-11-15;20;517
7;2025-11-15;21;383
7;2025-11-15;22;148
7;2025-11-15;23;102
7;2025-11-16;0;26
7;2025-11-16;1;17
7;2025-11-16;2;0
7;2025-11-16;3;0
7;2025-11-16;4;2
7;2025-11-16;5;0
7;2025-11-16;6;119
7;2025-11-16;7;158
7;2025-11-16;8;370
7;2025-11-16;9;462
7;2025-11-16;10;493
7;2025-11-16;11;598
7;2025-11-16;12;666
7;2025-11-16;13;688
7;2025-11-16;14;715
7;2025-11-16;15;670
7;2025-11-16;16;654
7;2025-11-16;17;705
7;2025-11-16;18;616
7;2025-11-16;19;484
7;2025-11-16;20;417
7;2025-11-16;21;329
7;2025-11-16;22;117
7;2025-11-16;23;82
7;2025-11-17;0;30
7;2025-11-17;1;16
7;2025-11-17;2;0
7;2025-11-17;3;0
7;2025-11-17;4;4
7;2025-11-17;5;146
7;2025-11-17;6;576
7;2025-11-17;7;1553
7;2025-11-17;8;2406
7;2025-11-17;9;1758
7;2025-11-17;10;1526
7;2025-11-17;11;1372
7;2025-11-17;12;1480
7;2025-11-17;13;1436
7;2025-11-17;14;1516
7;2025-11-17;15;1612
7;2025-11-17;16;1726
7;2025-11-17;17;2239
7;2025-11-17;18;2405
7;2025-11-17;19;1618
7;2025-11-17;20;998
7;2025-11-17;21;512
7;2025-11-17;22;225
7;2025-11-17;23;136
7;2025-11-18;0;17
7;2025-11-18;1;15
7;2025-11-18;2;0
7;2025-11-18;3;0
7;2025-11-18;4;0
7;2025-11-18;5;161
7;2025-11-18;6;631
7;2025-11-18;7;1611
7;2025-11-18;8;2440
7;2025-11-18;9;1827
7;2025-11-18;10;1564
7;2025-11-18;11;1496
7;2025-11-18;12;1606
7;2025-11-18;13;1573
7;2025-11-18;14;1590
7;2025-11-18;15;1698
7;2025-11-18;16;1790
7;2025-11-18;17;2303
7;2025-11-18;18;2459
7;2025-11-18;19;1687
7;2025-11-18;20;1021
7;2025-11-18;21;574
7;2025-11-18;22;244
7;2025-11-18;23;154
7;2025-11-19;0;13
7;2025-11-19;1;12
7;2025-11-19;2;0
7;2025-11-19;3;0
7;2025-11-19;4;4
7;2025-11-19;5;155
7;2025-11-19;6;587
7;2025-11-19;7;1548
7;2025-11-19;8;2458
7;2025-11-19;9;1792
7;2025-11-19;10;1605
7;2025-11-19;11;1451
7;2025-11-19;12;1590
7;2025-11-19;13;1560
7;2025-11-19;14;1627
7;2025-11-19;15;1701
7;2025-11-19;16;1785
7;2025-11-19;17;2299
7;2025-11-19;18;2444
7;2025-11-19;19;1661
7;2025-11-19;20;1032
7;2025-11-19;21;575
7;2025-11-19;22;247
7;2025-11-19;23;156
7;2025-11-20;0;23
7;2025-11-20;1;16
7;2025-11-20;2;0
7;2025-11-20;3;0
7;2025-11-20;4;1
7;2025-11-20;5;152
7;2025-11-20;6;587
7;2025-11-20;7;1561
7;2025-11-20;8;2446
7;2025-11-20;9;1784
7;2025-11-20;10;1575
7;2025-11-20;11;1441
7;2025-11-20;12;1579
7;2025-11-20;13;1557
7;2025-11-20;14;1628
7;2025-11-20;15;1693
7;2025-11-20;16;1783
7;2025-11-20;17;2298
7;2025-11-20;18;2468
7;2025-11-20;19;1671
7;2025-11-20;20;1030
7;2025-11-20;21;579
7;2025-11-20;22;246
7;2025-11-20;23;156
7;2025-11-21;0;21
7;2025-11-21;1;13
7;2025-11-21;2;0
7;2025-11-21;3;0
7;2025-11-21;4;8
7;2025-11-21;5;134
7;2025-11-21;6;549
7;2025-11-21;7;1521
7;2025-11-21;8;2286
7;2025-11-21;9;1733
7;2025-11-21;10;1567
7;2025-11-21;11;1452
7;2025-11-21;12;1573
7;2025-11-21;13;1593
7;2025-11-21;14;1654
7;2025-11-21;15;1719
7;2025-11-21;16;1828
7;2025-11-21;17;2241
7;2025-11-21;18;2111
7;2025-11-21;19;1539
7;2025-11-21;20;980
7;2025-11-21;21;568
7;2025-11-21;22;251
7;2025-11-21;23;178
7;2025-11-22;0;23
7;2025-11-22;1;19
7;2025-11-22;2;0
7;2025-11-22;3;0
7;2025-11-22;4;5
7;2025-11-22;5;0
7;2025-11-22;6;188
7;2025-11-22;7;289
7;2025-11-22;8;513
7;2025-11-22;9;562
7;2025-11-22;10;615
7;2025-11-22;11;734
7;2025-11-22;12;833
7;2025-11-22;13;810
7;2025-11-22;14;846
7;2025-11-22;15;806
7;2025-11-22;16;772
7;2025-11-22;17;806
7;2025-11-22;18;743
7;2025-11-22;19;652
7;2025-11-22;20;498
7;2025-11-22;21;348
7;2025-11-22;22;125
7;2025-11-22;23;93
7;2025-11-23;0;12
7;2025-11-23;1;20
7;2025-11-23;2;0
7;2025-11-23;3;0
7;2025-11-23;4;2
7;2025-11-23;5;0
7;2025-11-23;6;119
7;2025-11-23;7;157
7;2025-11-23;8;368
7;2025-11-23;9;459
7;2025-11-23;10;493
7;2025-11-23;11;594
7;2025-11-23;12;667
7;2025-11-23;13;694
7;2025-11-23;14;722
7;2025-11-23;15;691
7;2025-11-23;16;651
7;2025-11-23;17;706
7;2025-11-23;18;619
7;2025-11-23;19;487
7;2025-11-23;20;421
7;2025-11-23;21;331
7;2025-11-23;22;119
7;2025-11-23;23;85
7;2025-11-24;0;25
7;2025-11-24;1;26
7;2025-11-24;2;0
7;2025-11-24;3;0
7;2025-11-24;4;0
7;2025-11-24;5;122
7;2025-11-24;6;567
7;2025-11-24;7;1534
7;2025-11-24;8;2366
7;2025-11-24;9;1745
7;2025-11-24;10;1533
7;2025-11-24;11;1321
7;2025-11-24;12;1490
7;2025-11-24;13;1502
7;2025-11-24;14;1540
7;2025-11-24;15;1620
7;2025-11-24;16;1752
7;2025-11-24;17;2278
7;2025-11-24;18;2417
7;2025-11-24;19;1625
7;2025-11-24;20;1003
7;2025-11-24;21;528
7;2025-11-24;22;222
7;2025-11-24;23;133
7;2025-11-25;0;18
7;2025-11-25;1;14
7;2025-11-25;2;0
7;2025-11-25;3;0
7;2025-11-25;4;3
7;2025-11-25;5;156
7;2025-11-25;6;598
7;2025-11-25;7;1573
7;2025-11-25;8;2454
7;2025-11-25;9;1789
7;2025-11-25;10;1582
7;2025-11-25;11;1445
7;2025-11-25;12;1578
7;2025-11-25;13;1551
7;2025-11-25;14;1618
7;2025-11-25;15;1693
7;2025-11-25;16;1769
7;2025-11-25;17;2291
7;2025-11-25;18;2460
7;2025-11-25;19;1687
7;2025-11-25;20;1041
7;2025-11-25;21;572
7;2025-11-25;22;244
7;2025-11-25;23;154
7;2025-11-26;0;7
7;2025-11-26;1;4
7;2025-11-26;2;0
7;2025-11-26;3;0
7;2025-11-26;4;1
7;2025-11-26;5;138
7;2025-11-26;6;570
7;2025-11-26;7;1541
7;2025-11-26;8;2438
7;2025-11-26;9;1758
7;2025-11-26;10;1548
7;2025-11-26;11;1404
7;2025-11-26;12;1561
7;2025-11-26;13;1559
7;2025-11-26;14;1616
7;2025-11-26;15;1681
7;2025-11-26;16;1732
7;2025-11-26;17;2255
7;2025-11-26;18;2437
7;2025-11-26;19;1669
7;2025-11-26;20;1012
7;2025-11-26;21;564
7;2025-11-26;22;247
7;2025-11-26;23;151
7;2025-11-27;0;23
7;2025-11-27;1;17
7;2025-11-27;2;0
7;2025-11-27;3;0
7;2025-11-27;4;1
7;2025-11-27;5;153
7;2025-11-27;6;585
7;2025-11-27;7;1551
7;2025-11-27;8;2435
7;2025-11-27;9;1775
7;2025-11-27;10;1573
7;2025-11-27;11;1432
7;2025-11-27;12;1549
7;2025-11-27;13;1533
7;2025-11-27;14;1603
7;2025-11-27;15;1684
7;2025-11-27;16;1773
7;2025-11-27;17;2266
7;2025-11-27;18;2415
7;2025-11-27;19;1640
7;2025-11-27;20;1000
7;2025-11-27;21;584
7;2025-11-27;22;241
7;2025-11-27;23;155
7;2025-11-28;0;44
7;2025-11-28;1;13
7;2025-11-28;2;0
7;2025-11-28;3;0
7;2025-11-28;4;0
7;2025-11-28;5;166
7;2025-11-28;6;554
7;2025-11-28;7;1515
7;2025-11-28;8;2287
7;2025-11-28;9;1741
7;2025-11-28;10;1569
7;2025-11-28;11;1452
7;2025-11-28;12;1594
7;2025-11-28;13;1599
7;2025-11-28;14;1656
7;2025-11-28;15;1722
7;2025-11-28;16;1838
7;2025-11-28;17;2252
7;2025-11-28;18;2119
7;2025-11-28;19;1545
7;2025-11-28;20;979
7;2025-11-28;21;569
7;2025-11-28;22;251
7;2025-11-28;23;178
7;2025-11-29;0;23
7;2025-11-29;1;17
7;2025-11-29;2;0
7;2025-11-29;3;0
7;2025-11-29;4;5
7;2025-11-29;5;2
7;2025-11-29;6;200
7;2025-11-29;7;291
7;2025-11-29;8;525
7;2025-11-29;9;569
7;2025-11-29;10;615
7;2025-11-29;11;731
7;2025-11-29;12;835
7;2025-11-29;13;812
7;2025-11-29;14;848
7;2025-11-29;15;806
7;2025-11-29;16;772
7;2025-11-29;17;806
7;2025-11-29;18;742
7;2025-11-29;19;651
7;2025-11-29;20;498
7;2025-11-29;21;379
7;2025-11-29;22;144
7;2025-11-29;23;111
7;2025-11-30;0;20
7;2025-11-30;1;19
7;2025-11-30;2;0
7;2025-11-30;3;0
7;2025-11-30;4;2
7;2025-11-30;5;0
7;2025-11-30;6;121
7;2025-11-30;7;157
7;2025-11-30;8;371
7;2025-11-30;9;456
7;2025-11-30;10;491
7;2025-11-30;11;596
7;2025-11-30;12;671
7;2025-11-30;13;695
7;2025-11-30;14;704
7;2025-11-30;15;675
7;2025-11-30;16;661
7;2025-11-30;17;710
7;2025-11-30;18;628
7;2025-11-30;19;492
7;2025-11-30;20;419
7;2025-11-30;21;335
7;2025-11-30;22;122
7;2025-11-30;23;87
7;2025-12-01;0;24
7;2025-12-01;1;16
7;2025-12-01;2;0
7;2025-12-01;3;0
7;2025-12-01;4;1
7;2025-12-01;5;137
7;2025-12-01;6;570
7;2025-12-01;7;1543
7;2025-12-01;8;2397
7;2025-12-01;9;1760
7;2025-12-01;10;1529
7;2025-12-01;11;1382
7;2025-12-01;12;1499
7;2025-12-01;13;1512
7;2025-12-01;14;1568
7;2025-12-01;15;1636
7;2025-12-01;16;1756
7;2025-12-01;17;2278
7;2025-12-01;18;2416
7;2025-12-01;19;1623
7;2025-12-01;20;1003
7;2025-12-01;21;529
7;2025-12-01;22;220
7;2025-12-01;23;133
7;2025-12-02;0;19
7;2025-12-02;1;16
7;2025-12-02;2;0
7;2025-12-02;3;0
7;2025-12-02;4;3
7;2025-12-02;5;156
7;2025-12-02;6;597
7;2025-12-02;7;1573
7;2025-12-02;8;2454
7;2025-12-02;9;1795
7;2025-12-02;10;1583
7;2025-12-02;11;1448
7;2025-12-02;12;1582
7;2025-12-02;13;1557
7;2025-12-02;14;1621
7;2025-12-02;15;1693
7;2025-12-02;16;1777
7;2025-12-02;17;2303
7;2025-12-02;18;2475
7;2025-12-02;19;1693
7;2025-12-02;20;1040
7;2025-12-02;21;574
7;2025-12-02;22;244
7;2025-12-02;23;154
7;2025-12-03;0;18
7;2025-12-03;1;11
7;2025-12-03;2;0
7;2025-12-03;3;0
7;2025-12-03;4;4
7;2025-12-03;5;155
7;2025-12-03;6;587
7;2025-12-03;7;1548
7;2025-12-03;8;2459
7;2025-12-03;9;1798
7;2025-12-03;10;1605
7;2025-12-03;11;1455
7;2025-12-03;12;1594
7;2025-12-03;13;1565
7;2025-12-03;14;1630
7;2025-12-03;15;1700
7;2025-12-03;16;1792
7;2025-12-03;17;2310
7;2025-12-03;18;2459
7;2025-12-03;19;1667
7;2025-12-03;20;1029
7;2025-12-03;21;578
7;2025-12-03;22;246
7;2025-12-03;23;157
7;2025-12-04;0;23
7;2025-12-04;1;16
7;2025-12-04;2;0
7;2025-12-04;3;0
7;2025-12-04;4;1
7;2025-12-04;5;152
7;2025-12-04;6;587
7;2025-12-04;7;1561
7;2025-12-04;8;2445
7;2025-12-04;9;1784
7;2025-12-04;10;1575
7;2025-12-04;11;1440
7;2025-12-04;12;1580
7;2025-12-04;13;1557
7;2025-12-04;14;1628
7;2025-12-04;15;1695
7;2025-12-04;16;1783
7;2025-12-04;17;2298
7;2025-12-04;18;2471
7;2025-12-04;19;1671
7;2025-12-04;20;1030
7;2025-12-04;21;579
7;2025-12-04;22;248
7;2025-12-04;23;157
7;2025-12-05;0;20
7;2025-12-05;1;11
7;2025-12-05;2;0
7;2025-12-05;3;0
7;2025-12-05;4;2
7;2025-12-05;5;145
7;2025-12-05;6;558
7;2025-12-05;7;1512
7;2025-12-05;8;2285
7;2025-12-05;9;1740
7;2025-12-05;10;1567
7;2025-12-05;11;1450
7;2025-12-05;12;1591
7;2025-12-05;13;1596
7;2025-12-05;14;1654
7;2025-12-05;15;1719
7;2025-12-05;16;1837
7;2025-12-05;17;2252
7;2025-12-05;18;2119
7;2025-12-05;19;1545
7;2025-12-05;20;977
7;2025-12-05;21;569
7;2025-12-05;22;251
7;2025-12-05;23;179
7;2025-12-06;0;22
7;2025-12-06;1;17
7;2025-12-06;2;0
7;2025-12-06;3;0
7;2025-12-06;4;5
7;2025-12-06;5;2
7;2025-12-06;6;198
7;2025-12-06;7;291
7;2025-12-06;8;525
7;2025-12-06;9;570
7;2025-12-06;10;614
7;2025-12-06;11;732
7;2025-12-06;12;837
7;2025-12-06;13;815
7;2025-12-06;14;848
7;2025-12-06;15;808
7;2025-12-06;16;774
7;2025-12-06;17;807
7;2025-12-06;18;746
7;2025-12-06;19;652
7;2025-12-06;20;497
7;2025-12-06;21;380
7;2025-12-06;22;145
7;2025-12-06;23;111
7;2025-12-07;0;24
7;2025-12-07;1;18
7;2025-12-07;2;0
7;2025-12-07;3;0
7;2025-12-07;4;0
7;2025-12-07;5;0
7;2025-12-07;6;121
7;2025-12-07;7;157
7;2025-12-07;8;371
7;2025-12-07;9;457
7;2025-12-07;10;492
7;2025-12-07;11;598
7;2025-12-07;12;671
7;2025-12-07;13;694
7;2025-12-07;14;704
7;2025-12-07;15;674
7;2025-12-07;16;661
7;2025-12-07;17;710
7;2025-12-07;18;624
7;2025-12-07;19;492
7;2025-12-07;20;420
7;2025-12-07;21;334
7;2025-12-07;22;119
7;2025-12-07;23;86
7;2025-12-08;0;25
7;2025-12-08;1;18
7;2025-12-08;2;0
7;2025-12-08;3;0
7;2025-12-08;4;3
7;2025-12-08;5;148
7;2025-12-08;6;569
7;2025-12-08;7;1543
7;2025-12-08;8;2397
7;2025-12-08;9;1760
7;2025-12-08;10;1529
7;2025-12-08;11;1381
7;2025-12-08;12;1499
7;2025-12-08;13;1511
7;2025-12-08;14;1569
7;2025-12-08;15;1636
7;2025-12-08;16;1756
7;2025-12-08;17;2278
7;2025-12-08;18;2416
7;2025-12-08;19;1623
7;2025-12-08;20;1003
7;2025-12-08;21;529
7;2025-12-08;22;220
7;2025-12-08;23;133
7;2025-12-09;0;19
7;2025-12-09;1;16
7;2025-12-09;2;0
7;2025-12-09;3;0
7;2025-12-09;4;3
7;2025-12-09;5;156
7;2025-12-09;6;597
7;2025-12-09;7;1572
7;2025-12-09;8;2454
7;2025-12-09;9;1795
7;2025-12-09;10;1582
7;2025-12-09;11;1448
7;2025-12-09;12;1581
7;2025-12-09;13;1556
7;2025-12-09;14;1622
7;2025-12-09;15;1693
7;2025-12-09;16;1777
7;2025-12-09;17;2303
7;2025-12-09;18;2474
7;2025-12-09;19;1693
7;2025-12-09;20;1039
7;2025-12-09;21;574
7;2025-12-09;22;247
7;2025-12-09;23;141
7;2025-12-10;0;10
7;2025-12-10;1;6
7;2025-12-10;2;0
7;2025-12-10;3;0
7;2025-12-10;4;7
7;2025-12-10;5;141
7;2025-12-10;6;580
7;2025-12-10;7;1549
7;2025-12-10;8;2445
7;2025-12-10;9;1794
7;2025-12-10;10;1596
7;2025-12-10;11;1443
7;2025-12-10;12;1590
7;2025-12-10;13;1560
7;2025-12-10;14;1627
7;2025-12-10;15;1700
7;2025-12-10;16;1786
7;2025-12-10;17;2299
7;2025-12-10;18;2444
7;2025-12-10;19;1661
7;2025-12-10;20;1032
7;2025-12-10;21;575
7;2025-12-10;22;247
7;2025-12-10;23;156
7;2025-12-11;0;23
7;2025-12-11;1;17
7;2025-12-11;2;0
7;2025-12-11;3;0
7;2025-12-11;4;2
7;2025-12-11;5;155
7;2025-12-11;6;589
7;2025-12-11;7;1563
7;2025-12-11;8;2406
7;2025-12-11;9;1764
7;2025-12-11;10;1566
7;2025-12-11;11;1430
7;2025-12-11;12;1569
7;2025-12-11;13;1547
7;2025-12-11;14;1627
7;2025-12-11;15;1679
7;2025-12-11;16;1762
7;2025-12-11;17;2274
7;2025-12-11;18;2449
7;2025-12-11;19;1655
7;2025-12-11;20;1011
7;2025-12-11;21;561
7;2025-12-11;22;245
7;2025-12-11;23;157
7;2025-12-12;0;21
7;2025-12-12;1;11
7;2025-12-12;2;0
7;2025-12-12;3;0
7;2025-12-12;4;1
7;2025-12-12;5;145
7;2025-12-12;6;544
7;2025-12-12;7;1512
7;2025-12-12;8;2248
7;2025-12-12;9;1733
7;2025-12-12;10;1557
7;2025-12-12;11;1451
7;2025-12-12;12;1560
7;2025-12-12;13;1550
7;2025-12-12;14;1581
7;2025-12-12;15;1653
7;2025-12-12;16;1774
7;2025-12-12;17;2219
7;2025-12-12;18;2111
7;2025-12-12;19;1546
7;2025-12-12;20;981
7;2025-12-12;21;571
7;2025-12-12;22;247
7;2025-12-12;23;156
7;2025-12-13;0;25
7;2025-12-13;1;14
7;2025-12-13;2;0
7;2025-12-13;3;0
7;2025-12-13;4;9
7;2025-12-13;5;0
7;2025-12-13;6;197
7;2025-12-13;7;290
7;2025-12-13;8;514
7;2025-12-13;9;570
7;2025-12-13;10;612
7;2025-12-13;11;727
7;2025-12-13;12;830
7;2025-12-13;13;808
7;2025-12-13;14;850
7;2025-12-13;15;809
7;2025-12-13;16;769
7;2025-12-13;17;802
7;2025-12-13;18;738
7;2025-12-13;19;668
7;2025-12-13;20;484
7;2025-12-13;21;370
7;2025-12-13;22;138
7;2025-12-13;23;88
7;2025-12-14;0;11
7;2025-12-14;1;13
7;2025-12-14;2;0
7;2025-12-14;3;0
7;2025-12-14;4;3
7;2025-12-14;5;0
7;2025-12-14;6;116
7;2025-12-14;7;155
7;2025-12-14;8;356
7;2025-12-14;9;455
7;2025-12-14;10;491
7;2025-12-14;11;593
7;2025-12-14;12;660
7;2025-12-14;13;686
7;2025-12-14;14;701
7;2025-12-14;15;673
7;2025-12-14;16;659
7;2025-12-14;17;710
7;2025-12-14;18;616
7;2025-12-14;19;495
7;2025-12-14;20;419
7;2025-12-14;21;331
7;2025-12-14;22;119
7;2025-12-14;23;79
7;2025-12-15;0;18
7;2025-12-15;1;0
7;2025-12-15;2;0
7;2025-12-15;3;0
7;2025-12-15;4;0
7;2025-12-15;5;79
7;2025-12-15;6;517
7;2025-12-15;7;1523
7;2025-12-15;8;2374
7;2025-12-15;9;1732
7;2025-12-15;10;1502
7;2025-12-15;11;1327
7;2025-12-15;12;1470
7;2025-12-15;13;1490
7;2025-12-15;14;1559
7;2025-12-15;15;1621
7;2025-12-15;16;1731
7;2025-12-15;17;2248
7;2025-12-15;18;2395
7;2025-12-15;19;1614
7;2025-12-15;20;981
7;2025-12-15;21;525
7;2025-12-15;22;217
7;2025-12-15;23;127
7;2025-12-16;0;18
7;2025-12-16;1;12
7;2025-12-16;2;0
7;2025-12-16;3;0
7;2025-12-16;4;2
7;2025-12-16;5;153
7;2025-12-16;6;599
7;2025-12-16;7;1570
7;2025-12-16;8;2454
7;2025-12-16;9;1790
7;2025-12-16;10;1591
7;2025-12-16;11;1445
7;2025-12-16;12;1535
7;2025-12-16;13;1508
7;2025-12-16;14;1590
7;2025-12-16;15;1685
7;2025-12-16;16;1756
7;2025-12-16;17;2286
7;2025-12-16;18;2461
7;2025-12-16;19;1685
7;2025-12-16;20;1036
7;2025-12-16;21;569
7;2025-12-16;22;245
7;2025-12-16;23;151
7;2025-12-17;0;16
7;2025-12-17;1;10
7;2025-12-17;2;0
7;2025-12-17;3;0
7;2025-12-17;4;0
7;2025-12-17;5;154
7;2025-12-17;6;584
7;2025-12-17;7;1551
7;2025-12-17;8;2458
7;2025-12-17;9;1791
7;2025-12-17;10;1605
7;2025-12-17;11;1450
7;2025-12-17;12;1591
7;2025-12-17;13;1561
7;2025-12-17;14;1626
7;2025-12-17;15;1701
7;2025-12-17;16;1784
7;2025-12-17;17;2299
7;2025-12-17;18;2445
7;2025-12-17;19;1661
7;2025-12-17;20;1032
7;2025-12-17;21;575
7;2025-12-17;22;247
7;2025-12-17;23;156
7;2025-12-18;0;23
7;2025-12-18;1;17
7;2025-12-18;2;0
7;2025-12-18;3;0
7;2025-12-18;4;1
7;2025-12-18;5;154
7;2025-12-18;6;589
7;2025-12-18;7;1561
7;2025-12-18;8;2446
7;2025-12-18;9;1777
7;2025-12-18;10;1575
7;2025-12-18;11;1442
7;2025-12-18;12;1574
7;2025-12-18;13;1552
7;2025-12-18;14;1628
7;2025-12-18;15;1692
7;2025-12-18;16;1774
7;2025-12-18;17;2287
7;2025-12-18;18;2460
7;2025-12-18;19;1664
7;2025-12-18;20;1031
7;2025-12-18;21;576
7;2025-12-18;22;246
7;2025-12-18;23;156
7;2025-12-19;0;22
7;2025-12-19;1;13
7;2025-12-19;2;0
7;2025-12-19;3;0
7;2025-12-19;4;2
7;2025-12-19;5;146
7;2025-12-19;6;560
7;2025-12-19;7;1512
7;2025-12-19;8;2287
7;2025-12-19;9;1733
7;2025-12-19;10;1566
7;2025-12-19;11;1451
7;2025-12-19;12;1586
7;2025-12-19;13;1591
7;2025-12-19;14;1654
7;2025-12-19;15;1718
7;2025-12-19;16;1828
7;2025-12-19;17;2212
7;2025-12-19;18;2084
7;2025-12-19;19;1539
7;2025-12-19;20;981
7;2025-12-19;21;567
7;2025-12-19;22;250
7;2025-12-19;23;177
7;2025-12-20;0;23
7;2025-12-20;1;19
7;2025-12-20;2;0
7;2025-12-20;3;0
7;2025-12-20;4;5
7;2025-12-20;5;2
7;2025-12-20;6;200
7;2025-12-20;7;291
7;2025-12-20;8;525
7;2025-12-20;9;569
7;2025-12-20;10;617
7;2025-12-20;11;731
7;2025-12-20;12;835
7;2025-12-20;13;812
7;2025-12-20;14;847
7;2025-12-20;15;806
7;2025-12-20;16;772
7;2025-12-20;17;806
7;2025-12-20;18;742
7;2025-12-20;19;651
7;2025-12-20;20;498
7;2025-12-20;21;378
7;2025-12-20;22;143
7;2025-12-20;23;111
7;2025-12-21;0;25
7;2025-12-21;1;19
7;2025-12-21;2;0
7;2025-12-21;3;0
7;2025-12-21;4;1
7;2025-12-21;5;0
7;2025-12-21;6;120
7;2025-12-21;7;157
7;2025-12-21;8;357
7;2025-12-21;9;459
7;2025-12-21;10;492
7;2025-12-21;11;599
7;2025-12-21;12;670
7;2025-12-21;13;692
7;2025-12-21;14;706
7;2025-12-21;15;673
7;2025-12-21;16;661
7;2025-12-21;17;710
7;2025-12-21;18;624
7;2025-12-21;19;491
7;2025-12-21;20;420
7;2025-12-21;21;332
7;2025-12-21;22;112
7;2025-12-21;23;86
7;2025-12-22;0;8
7;2025-12-22;1;15
7;2025-12-22;2;0
7;2025-12-22;3;0
7;2025-12-22;4;3
7;2025-12-22;5;148
7;2025-12-22;6;570
7;2025-12-22;7;1542
7;2025-12-22;8;2395
7;2025-12-22;9;1749
7;2025-12-22;10;1518
7;2025-12-22;11;1379
7;2025-12-22;12;1488
7;2025-12-22;13;1512
7;2025-12-22;14;1570
7;2025-12-22;15;1614
7;2025-12-22;16;1744
7;2025-12-22;17;2269
7;2025-12-22;18;2396
7;2025-12-22;19;1623
7;2025-12-22;20;1004
7;2025-12-22;21;532
7;2025-12-22;22;215
7;2025-12-22;23;110
7;2025-12-23;0;22
7;2025-12-23;1;14
7;2025-12-23;2;0
7;2025-12-23;3;0
7;2025-12-23;4;0
7;2025-12-23;5;123
7;2025-12-23;6;572
7;2025-12-23;7;1563
7;2025-12-23;8;2475
7;2025-12-23;9;1797
7;2025-12-23;10;1585
7;2025-12-23;11;1435
7;2025-12-23;12;1560
7;2025-12-23;13;1542
7;2025-12-23;14;1624
7;2025-12-23;15;1689
7;2025-12-23;16;1762
7;2025-12-23;17;2301
7;2025-12-23;18;2471
7;2025-12-23;19;1697
7;2025-12-23;20;1053
7;2025-12-23;21;580
7;2025-12-23;22;259
7;2025-12-23;23;161
7;2025-12-24;0;17
7;2025-12-24;1;9
7;2025-12-24;2;0
7;2025-12-24;3;0
7;2025-12-24;4;7
7;2025-12-24;5;145
7;2025-12-24;6;581
7;2025-12-24;7;1558
7;2025-12-24;8;2474
7;2025-12-24;9;1808
7;2025-12-24;10;1607
7;2025-12-24;11;1453
7;2025-12-24;12;1566
7;2025-12-24;13;1539
7;2025-12-24;14;1638
7;2025-12-24;15;1684
7;2025-12-24;16;1779
7;2025-12-24;17;2293
7;2025-12-24;18;2429
7;2025-12-24;19;1676
7;2025-12-24;20;1012
7;2025-12-24;21;563
7;2025-12-24;22;238
7;2025-12-24;23;134
7;2025-12-25;0;7
7;2025-12-25;1;16
7;2025-12-25;2;0
7;2025-12-25;3;0
7;2025-12-25;4;0
7;2025-12-25;5;158
7;2025-12-25;6;586
7;2025-12-25;7;1570
7;2025-12-25;8;2448
7;2025-12-25;9;1783
7;2025-12-25;10;1581
7;2025-12-25;11;1448
7;2025-12-25;12;1581
7;2025-12-25;13;1557
7;2025-12-25;14;1633
7;2025-12-25;15;1699
7;2025-12-25;16;1784
7;2025-12-25;17;2290
7;2025-12-25;18;2427
7;2025-12-25;19;1674
7;2025-12-25;20;990
7;2025-12-25;21;567
7;2025-12-25;22;229
7;2025-12-25;23;131
7;2025-12-26;0;9
7;2025-12-26;1;15
7;2025-12-26;2;0
7;2025-12-26;3;0
7;2025-12-26;4;2
7;2025-12-26;5;149
7;2025-12-26;6;551
7;2025-12-26;7;1481
7;2025-12-26;8;2276
7;2025-12-26;9;1720
7;2025-12-26;10;1531
7;2025-12-26;11;1421
7;2025-12-26;12;1539
7;2025-12-26;13;1598
7;2025-12-26;14;1639
7;2025-12-26;15;1726
7;2025-12-26;16;1831
7;2025-12-26;17;2242
7;2025-12-26;18;2105
7;2025-12-26;19;1515
7;2025-12-26;20;977
7;2025-12-26;21;556
7;2025-12-26;22;262
7;2025-12-26;23;180
7;2025-12-27;0;33
7;2025-12-27;1;10
7;2025-12-27;2;0
7;2025-12-27;3;0
7;2025-12-27;4;5
7;2025-12-27;5;9
7;2025-12-27;6;211
7;2025-12-27;7;303
7;2025-12-27;8;543
7;2025-12-27;9;592
7;2025-12-27;10;639
7;2025-12-27;11;762
7;2025-12-27;12;855
7;2025-12-27;13;843
7;2025-12-27;14;877
7;2025-12-27;15;846
7;2025-12-27;16;812
7;2025-12-27;17;841
7;2025-12-27;18;772
7;2025-12-27;19;679
7;2025-12-27;20;522
7;2025-12-27;21;388
7;2025-12-27;22;160
7;2025-12-27;23;101
7;2025-12-28;0;28
7;2025-12-28;1;15
7;2025-12-28;2;0
7;2025-12-28;3;0
7;2025-12-28;4;5
7;2025-12-28;5;0
7;2025-12-28;6;131
7;2025-12-28;7;151
7;2025-12-28;8;367
7;2025-12-28;9;492
7;2025-12-28;10;512
7;2025-12-28;11;619
7;2025-12-28;12;675
7;2025-12-28;13;712
7;2025-12-28;14;723
7;2025-12-28;15;698
7;2025-12-28;16;700
7;2025-12-28;17;738
7;2025-12-28;18;639
7;2025-12-28;19;504
7;2025-12-28;20;435
7;2025-12-28;21;355
7;2025-12-28;22;140
7;2025-12-28;23;88
7;2025-12-29;0;30
7;2025-12-29;1;16
7;2025-12-29;2;0
7;2025-12-29;3;0
7;2025-12-29;4;5
7;2025-12-29;5;144
7;2025-12-29;6;581
7;2025-12-29;7;1552
7;2025-12-29;8;2419
7;2025-12-29;9;1783
7;2025-12-29;10;1552
7;2025-12-29;11;1385
7;2025-12-29;12;1508
7;2025-12-29;13;1513
7;2025-12-29;14;1565
7;2025-12-29;15;1649
7;2025-12-29;16;1770
7;2025-12-29;17;2276
7;2025-12-29;18;2407
7;2025-12-29;19;1631
7;2025-12-29;20;999
7;2025-12-29;21;537
7;2025-12-29;22;235
7;2025-12-29;23;125
7;2025-12-30;0;17
7;2025-12-30;1;24
7;2025-12-30;2;0
7;2025-12-30;3;0
7;2025-12-30;4;12
7;2025-12-30;5;151
7;2025-12-30;6;596
7;2025-12-30;7;1598
7;2025-12-30;8;2449
7;2025-12-30;9;1784
7;2025-12-30;10;1554
7;2025-12-30;11;1422
7;2025-12-30;12;1583
7;2025-12-30;13;1566
7;2025-12-30;14;1638
7;2025-12-30;15;1728
7;2025-12-30;16;1801
7;2025-12-30;17;2336
7;2025-12-30;18;2487
7;2025-12-30;19;1670
7;2025-12-30;20;1010
7;2025-12-30;21;593
7;2025-12-30;22;275
7;2025-12-30;23;149
7;2025-12-31;0;46
7;2025-12-31;1;15
7;2025-12-31;2;0
7;2025-12-31;3;0
7;2025-12-31;4;8
7;2025-12-31;5;48
7;2025-12-31;6;280
7;2025-12-31;7;349
7;2025-12-31;8;645
7;2025-12-31;9;618
7;2025-12-31;10;667
7;2025-12-31;11;740
7;2025-12-31;12;836
7;2025-12-31;13;783
7;2025-12-31;14;818
7;2025-12-31;15;804
7;2025-12-31;16;761
7;2025-12-31;17;856
7;2025-12-31;18;883
7;2025-12-31;19;694
7;2025-12-31;20;563
7;2025-12-31;21;450
7;2025-12-31;22;233
7;2025-12-31;23;130
11;2025-11-01;0;102
11;2025-11-01;1;0
11;2025-11-01;2;0
11;2025-11-01;3;0
11;2025-11-01;4;1
11;2025-11-01;5;265
11;2025-11-01;6;1337
11;2025-11-01;7;2262
11;2025-11-01;8;2969
11;2025-11-01;9;2374
11;2025-11-01;10;1989
11;2025-11-01;11;1980
11;2025-11-01;12;2067
11;2025-11-01;13;2109
11;2025-11-01;14;2144
11;2025-11-01;15;2166
11;2025-11-01;16;2378
11;2025-11-01;17;2806
11;2025-11-01;18;2748
11;2025-11-01;19;2195
11;2025-11-01;20;1534
11;2025-11-01;21;975
11;2025-11-01;22;418
11;2025-11-01;23;292
11;2025-11-02;0;69
11;2025-11-02;1;7
11;2025-11-02;2;0
11;2025-11-02;3;0
11;2025-11-02;4;1
11;2025-11-02;5;103
11;2025-11-02;6;468
11;2025-11-02;7;494
11;2025-11-02;8;654
11;2025-11-02;9;855
11;2025-11-02;10;1013
11;2025-11-02;11;1433
11;2025-11-02;12;1559
11;2025-11-02;13;1473
11;2025-11-02;14;1573
11;2025-11-02;15;1547
11;2025-11-02;16;1536
11;2025-11-02;17;1575
11;2025-11-02;18;1352
11;2025-11-02;19;1185
11;2025-11-02;20;881
11;2025-11-02;21;615
11;2025-11-02;22;320
11;2025-11-02;23;208
11;2025-11-03;0;47
11;2025-11-03;1;13
11;2025-11-03;2;0
11;2025-11-03;3;0
11;2025-11-03;4;0
11;2025-11-03;5;189
11;2025-11-03;6;607
11;2025-11-03;7;656
11;2025-11-03;8;797
11;2025-11-03;9;910
11;2025-11-03;10;1055
11;2025-11-03;11;1340
11;2025-11-03;12;1382
11;2025-11-03;13;1369
11;2025-11-03;14;1391
11;2025-11-03;15;1403
11;2025-11-03;16;1511
11;2025-11-03;17;1547
11;2025-11-03;18;1547
11;2025-11-03;19;1391
11;2025-11-03;20;972
11;2025-11-03;21;641
11;2025-11-03;22;382
11;2025-11-03;23;249
11;2025-11-04;0;70
11;2025-11-04;1;0
11;2025-11-04;2;0
11;2025-11-04;3;0
11;2025-11-04;4;0
11;2025-11-04;5;211
11;2025-11-04;6;643
11;2025-11-04;7;704
11;2025-11-04;8;767
11;2025-11-04;9;895
11;2025-11-04;10;1028
11;2025-11-04;11;1322
11;2025-11-04;12;1365
11;2025-11-04;13;1390
11;2025-11-04;14;1557
11;2025-11-04;15;1505
11;2025-11-04;16;1489
11;2025-11-04;17;1534
11;2025-11-04;18;1574
11;2025-11-04;19;1421
11;2025-11-04;20;983
11;2025-11-04;21;665
11;2025-11-04;22;409
11;2025-11-04;23;267
11;2025-11-05;0;71
11;2025-11-05;1;0
11;2025-11-05;2;0
11;2025-11-05;3;0
11;2025-11-05;4;0
11;2025-11-05;5;264
11;2025-11-05;6;1284
11;2025-11-05;7;2309
11;2025-11-05;8;3105
11;2025-11-05;9;2359
11;2025-11-05;10;1950
11;2025-11-05;11;1903
11;2025-11-05;12;1964
11;2025-11-05;13;2013
11;2025-11-05;14;2004
11;2025-11-05;15;2020
11;2025-11-05;16;2242
11;2025-11-05;17;2796
11;2025-11-05;18;3003
11;2025-11-05;19;2314
11;2025-11-05;20;1542
11;2025-11-05;21;941
11;2025-11-05;22;421
11;2025-11-05;23;260
11;2025-11-06;0;69
11;2025-11-06;1;0
11;2025-11-06;2;0
11;2025-11-06;3;0
11;2025-11-06;4;0
11;2025-11-06;5;280
11;2025-11-06;6;1354
11;2025-11-06;7;2346
11;2025-11-06;8;3119
11;2025-11-06;9;2423
11;2025-11-06;10;1987
11;2025-11-06;11;1823
11;2025-11-06;12;1965
11;2025-11-06;13;2023
11;2025-11-06;14;2011
11;2025-11-06;15;2007
11;2025-11-06;16;2266
11;2025-11-06;17;2818
11;2025-11-06;18;3027
11;2025-11-06;19;2331
11;2025-11-06;20;1494
11;2025-11-06;21;960
11;2025-11-06;22;443
11;2025-11-06;23;274
11;2025-11-07;0;83
11;2025-11-07;1;0
11;2025-11-07;2;0
11;2025-11-07;3;0
11;2025-11-07;4;2
11;2025-11-07;5;261
11;2025-11-07;6;1323
11;2025-11-07;7;2284
11;2025-11-07;8;2919
11;2025-11-07;9;2266
11;2025-11-07;10;1947
11;2025-11-07;11;1874
11;2025-11-07;12;1968
11;2025-11-07;13;2003
11;2025-11-07;14;2040
11;2025-11-07;15;2082
11;2025-11-07;16;2347
11;2025-11-07;17;2784
11;2025-11-07;18;2591
11;2025-11-07;19;2121
11;2025-11-07;20;1489
11;2025-11-07;21;949
11;2025-11-07;22;431
11;2025-11-07;23;307
11;2025-11-08;0;109
11;2025-11-08;1;0
11;2025-11-08;2;0
11;2025-11-08;3;0
11;2025-11-08;4;1
11;2025-11-08;5;219
11;2025-11-08;6;738
11;2025-11-08;7;776
11;2025-11-08;8;919
11;2025-11-08;9;1122
11;2025-11-08;10;1295
11;2025-11-08;11;1601
11;2025-11-08;12;1726
11;2025-11-08;13;1682
11;2025-11-08;14;1713
11;2025-11-08;15;1656
11;2025-11-08;16;1646
11;2025-11-08;17;1651
11;2025-11-08;18;1504
11;2025-11-08;19;1490
11;2025-11-08;20;1118
11;2025-11-08;21;798
11;2025-11-08;22;437
11;2025-11-08;23;328
11;2025-11-09;0;107
11;2025-11-09;1;4
11;2025-11-09;2;0
11;2025-11-09;3;0
11;2025-11-09;4;1
11;2025-11-09;5;142
11;2025-11-09;6;518
11;2025-11-09;7;539
11;2025-11-09;8;693
11;2025-11-09;9;912
11;2025-11-09;10;1064
11;2025-11-09;11;1433
11;2025-11-09;12;1549
11;2025-11-09;13;1513
11;2025-11-09;14;1564
11;2025-11-09;15;1537
11;2025-11-09;16;1517
11;2025-11-09;17;1534
11;2025-11-09;18;1309
11;2025-11-09;19;1147
11;2025-11-09;20;843
11;2025-11-09;21;613
11;2025-11-09;22;321
11;2025-11-09;23;208
11;2025-11-10;0;39
11;2025-11-10;1;10
11;2025-11-10;2;0
11;2025-11-10;3;0
11;2025-11-10;4;0
11;2025-11-10;5;236
11;2025-11-10;6;1299
11;2025-11-10;7;2278
11;2025-11-10;8;3043
11;2025-11-10;9;2337
11;2025-11-10;10;1867
11;2025-11-10;11;1811
11;2025-11-10;12;1854
11;2025-11-10;13;1920
11;2025-11-10;14;1923
11;2025-11-10;15;1980
11;2025-11-10;16;2214
11;2025-11-10;17;2760
11;2025-11-10;18;2924
11;2025-11-10;19;2243
11;2025-11-10;20;1466
11;2025-11-10;21;865
11;2025-11-10;22;346
11;2025-11-10;23;198
11;2025-11-11;0;34
11;2025-11-11;1;0
11;2025-11-11;2;0
11;2025-11-11;3;0
11;2025-11-11;4;0
11;2025-11-11;5;234
11;2025-11-11;6;1298
11;2025-11-11;7;2321
11;2025-11-11;8;3100
11;2025-11-11;9;2374
11;2025-11-11;10;1907
11;2025-11-11;11;1836
11;2025-11-11;12;1900
11;2025-11-11;13;1994
11;2025-11-11;14;2003
11;2025-11-11;15;1975
11;2025-11-11;16;2231
11;2025-11-11;17;2760
11;2025-11-11;18;2966
11;2025-11-11;19;2278
11;2025-11-11;20;1490
11;2025-11-11;21;885
11;2025-11-11;22;369
11;2025-11-11;23;211
11;2025-11-12;0;32
11;2025-11-12;1;0
11;2025-11-12;2;0
11;2025-11-12;3;0
11;2025-11-12;4;0
11;2025-11-12;5;240
11;2025-11-12;6;1287
11;2025-11-12;7;2318
11;2025-11-12;8;3091
11;2025-11-12;9;2360
11;2025-11-12;10;1890
11;2025-11-12;11;1808
11;2025-11-12;12;1869
11;2025-11-12;13;1918
11;2025-11-12;14;1943
11;2025-11-12;15;1945
11;2025-11-12;16;2223
11;2025-11-12;17;2755
11;2025-11-12;18;2937
11;2025-11-12;19;2273
11;2025-11-12;20;1500
11;2025-11-12;21;903
11;2025-11-12;22;388
11;2025-11-12;23;224
11;2025-11-13;0;35
11;2025-11-13;1;1
11;2025-11-13;2;0
11;2025-11-13;3;0
11;2025-11-13;4;0
11;2025-11-13;5;241
11;2025-11-13;6;1294
11;2025-11-13;7;2307
11;2025-11-13;8;3078
11;2025-11-13;9;2379
11;2025-11-13;10;1946
11;2025-11-13;11;1881
11;2025-11-13;12;1956
11;2025-11-13;13;2020
11;2025-11-13;14;2013
11;2025-11-13;15;2034
11;2025-11-13;16;2291
11;2025-11-13;17;2813
11;2025-11-13;18;3024
11;2025-11-13;19;2321
11;2025-11-13;20;1535
11;2025-11-13;21;934
11;2025-11-13;22;401
11;2025-11-13;23;238
11;2025-11-14;0;46
11;2025-11-14;1;0
11;2025-11-14;2;0
11;2025-11-14;3;0
11;2025-11-14;4;2
11;2025-11-14;5;229
11;2025-11-14;6;1287
11;2025-11-14;7;2250
11;2025-11-14;8;2926
11;2025-11-14;9;2324
11;2025-11-14;10;1937
11;2025-11-14;11;1874
11;2025-11-14;12;1967
11;2025-11-14;13;2012
11;2025-11-14;14;2039
11;2025-11-14;15;2083
11;2025-11-14;16;2355
11;2025-11-14;17;2783
11;2025-11-14;18;2611
11;2025-11-14;19;2130
11;2025-11-14;20;1478
11;2025-11-14;21;918
11;2025-11-14;22;401
11;2025-11-14;23;279
11;2025-11-15;0;71
11;2025-11-15;1;0
11;2025-11-15;2;0
11;2025-11-15;3;0
11;2025-11-15;4;1
11;2025-11-15;5;127
11;2025-11-15;6;626
11;2025-11-15;7;666
11;2025-11-15;8;811
11;2025-11-15;9;984
11;2025-11-15;10;1115
11;2025-11-15;11;1402
11;2025-11-15;12;1495
11;2025-11-15;13;1599
11;2025-11-15;14;1684
11;2025-11-15;15;1639
11;2025-11-15;16;1625
11;2025-11-15;17;1628
11;2025-11-15;18;1486
11;2025-11-15;19;1454
11;2025-11-15;20;1097
11;2025-11-15;21;778
11;2025-11-15;22;392
11;2025-11-15;23;277
11;2025-11-16;0;57
11;2025-11-16;1;7
11;2025-11-16;2;0
11;2025-11-16;3;0
11;2025-11-16;4;1
11;2025-11-16;5;97
11;2025-11-16;6;461
11;2025-11-16;7;494
11;2025-11-16;8;653
11;2025-11-16;9;855
11;2025-11-16;10;1014
11;2025-11-16;11;1395
11;2025-11-16;12;1574
11;2025-11-16;13;1504
11;2025-11-16;14;1515
11;2025-11-16;15;1488
11;2025-11-16;16;1478
11;2025-11-16;17;1508
11;2025-11-16;18;1295
11;2025-11-16;19;1125
11;2025-11-16;20;826
11;2025-11-16;21;609
11;2025-11-16;22;315
11;2025-11-16;23;204
11;2025-11-17;0;36
11;2025-11-17;1;11
11;2025-11-17;2;0
11;2025-11-17;3;0
11;2025-11-17;4;0
11;2025-11-17;5;237
11;2025-11-17;6;1297
11;2025-11-17;7;2293
11;2025-11-17;8;3049
11;2025-11-17;9;2352
11;2025-11-17;10;1841
11;2025-11-17;11;1786
11;2025-11-17;12;1751
11;2025-11-17;13;1736
11;2025-11-17;14;1812
11;2025-11-17;15;1881
11;2025-11-17;16;2180
11;2025-11-17;17;2714
11;2025-11-17;18;2924
11;2025-11-17;19;2245
11;2025-11-17;20;1479
11;2025-11-17;21;834
11;2025-11-17;22;352
11;2025-11-17;23;196
11;2025-11-18;0;33
11;2025-11-18;1;0
11;2025-11-18;2;0
11;2025-11-18;3;0
11;2025-11-18;4;0
11;2025-11-18;5;232
11;2025-11-18;6;1312
11;2025-11-18;7;2358
11;2025-11-18;8;3105
11;2025-11-18;9;2333
11;2025-11-18;10;1782
11;2025-11-18;11;1827
11;2025-11-18;12;1897
11;2025-11-18;13;1893
11;2025-11-18;14;1919
11;2025-11-18;15;1963
11;2025-11-18;16;2251
11;2025-11-18;17;2759
11;2025-11-18;18;2926
11;2025-11-18;19;2240
11;2025-11-18;20;1462
11;2025-11-18;21;887
11;2025-11-18;22;373
11;2025-11-18;23;213
11;2025-11-19;0;28
11;2025-11-19;1;0
11;2025-11-19;2;0
11;2025-11-19;3;0
11;2025-11-19;4;0
11;2025-11-19;5;239
11;2025-11-19;6;1289
11;2025-11-19;7;2321
11;2025-11-19;8;3096
11;2025-11-19;9;2368
11;2025-11-19;10;1921
11;2025-11-19;11;1869
11;2025-11-19;12;1914
11;2025-11-19;13;1983
11;2025-11-19;14;1955
11;2025-11-19;15;1967
11;2025-11-19;16;2227
11;2025-11-19;17;2752
11;2025-11-19;18;2982
11;2025-11-19;19;2280
11;2025-11-19;20;1508
11;2025-11-19;21;910
11;2025-11-19;22;386
11;2025-11-19;23;223
11;2025-11-20;0;36
11;2025-11-20;1;1
11;2025-11-20;2;0
11;2025-11-20;3;0
11;2025-11-20;4;0
11;2025-11-20;5;244
11;2025-11-20;6;1311
11;2025-11-20;7;2310
11;2025-11-20;8;3082
11;2025-11-20;9;2387
11;2025-11-20;10;1951
11;2025-11-20;11;1870
11;2025-11-20;12;1920
11;2025-11-20;13;1987
11;2025-11-20;14;1974
11;2025-11-20;15;1985
11;2025-11-20;16;2238
11;2025-11-20;17;2769
11;2025-11-20;18;2987
11;2025-11-20;19;2272
11;2025-11-20;20;1518
11;2025-11-20;21;913
11;2025-11-20;22;393
11;2025-11-20;23;234
11;2025-11-21;0;49
11;2025-11-21;1;1
11;2025-11-21;2;0
11;2025-11-21;3;0
11;2025-11-21;4;2
11;2025-11-21;5;206
11;2025-11-21;6;1260
11;2025-11-21;7;2233
11;2025-11-21;8;2936
11;2025-11-21;9;2300
11;2025-11-21;10;1910
11;2025-11-21;11;1852
11;2025-11-21;12;1885
11;2025-11-21;13;1966
11;2025-11-21;14;1998
11;2025-11-21;15;2039
11;2025-11-21;16;2311
11;2025-11-21;17;2743
11;2025-11-21;18;2571
11;2025-11-21;19;2089
11;2025-11-21;20;1458
11;2025-11-21;21;916
11;2025-11-21;22;394
11;2025-11-21;23;266
11;2025-11-22;0;75
11;2025-11-22;1;5
11;2025-11-22;2;0
11;2025-11-22;3;0
11;2025-11-22;4;1
11;2025-11-22;5;132
11;2025-11-22;6;652
11;2025-11-22;7;732
11;2025-11-22;8;880
11;2025-11-22;9;1056
11;2025-11-22;10;1258
11;2025-11-22;11;1583
11;2025-11-22;12;1685
11;2025-11-22;13;1647
11;2025-11-22;14;1674
11;2025-11-22;15;1611
11;2025-11-22;16;1616
11;2025-11-22;17;1619
11;2025-11-22;18;1472
11;2025-11-22;19;1446
11;2025-11-22;20;1078
11;2025-11-22;21;695
11;2025-11-22;22;332
11;2025-11-22;23;256
11;2025-11-23;0;57
11;2025-11-23;1;8
11;2025-11-23;2;0
11;2025-11-23;3;0
11;2025-11-23;4;1
11;2025-11-23;5;95
11;2025-11-23;6;466
11;2025-11-23;7;491
11;2025-11-23;8;653
11;2025-11-23;9;847
11;2025-11-23;10;1006
11;2025-11-23;11;1395
11;2025-11-23;12;1548
11;2025-11-23;13;1517
11;2025-11-23;14;1611
11;2025-11-23;15;1560
11;2025-11-23;16;1498
11;2025-11-23;17;1520
11;2025-11-23;18;1301
11;2025-11-23;19;1131
11;2025-11-23;20;834
11;2025-11-23;21;612
11;2025-11-23;22;316
11;2025-11-23;23;208
11;2025-11-24;0;40
11;2025-11-24;1;12
11;2025-11-24;2;0
11;2025-11-24;3;0
11;2025-11-24;4;0
11;2025-11-24;5;211
11;2025-11-24;6;1263
11;2025-11-24;7;2268
11;2025-11-24;8;3028
11;2025-11-24;9;2258
11;2025-11-24;10;1745
11;2025-11-24;11;1644
11;2025-11-24;12;1749
11;2025-11-24;13;1870
11;2025-11-24;14;1845
11;2025-11-24;15;1903
11;2025-11-24;16;2217
11;2025-11-24;17;2760
11;2025-11-24;18;2926
11;2025-11-24;19;2242
11;2025-11-24;20;1469
11;2025-11-24;21;867
11;2025-11-24;22;346
11;2025-11-24;23;197
11;2025-11-25;0;30
11;2025-11-25;1;1
11;2025-11-25;2;0
11;2025-11-25;3;0
11;2025-11-25;4;0
11;2025-11-25;5;237
11;2025-11-25;6;1297
11;2025-11-25;7;2325
11;2025-11-25;8;3102
11;2025-11-25;9;2382
11;2025-11-25;10;1915
11;2025-11-25;11;1848
11;2025-11-25;12;1893
11;2025-11-25;13;1963
11;2025-11-25;14;1966
11;2025-11-25;15;1971
11;2025-11-25;16;2225
11;2025-11-25;17;2761
11;2025-11-25;18;2975
11;2025-11-25;19;2284
11;2025-11-25;20;1501
11;2025-11-25;21;891
11;2025-11-25;22;372
11;2025-11-25;23;214
11;2025-11-26;0;20
11;2025-11-26;1;4
11;2025-11-26;2;0
11;2025-11-26;3;0
11;2025-11-26;4;0
11;2025-11-26;5;220
11;2025-11-26;6;1260
11;2025-11-26;7;2278
11;2025-11-26;8;3053
11;2025-11-26;9;2311
11;2025-11-26;10;1835
11;2025-11-26;11;1794
11;2025-11-26;12;1892
11;2025-11-26;13;1957
11;2025-11-26;14;1933
11;2025-11-26;15;1935
11;2025-11-26;16;2151
11;2025-11-26;17;2668
11;2025-11-26;18;2944
11;2025-11-26;19;2229
11;2025-11-26;20;1467
11;2025-11-26;21;864
11;2025-11-26;22;348
11;2025-11-26;23;210
11;2025-11-27;0;21
11;2025-11-27;1;2
11;2025-11-27;2;0
11;2025-11-27;3;0
11;2025-11-27;4;0
11;2025-11-27;5;241
11;2025-11-27;6;1313
11;2025-11-27;7;2307
11;2025-11-27;8;3083
11;2025-11-27;9;2377
11;2025-11-27;10;1948
11;2025-11-27;11;1769
11;2025-11-27;12;1822
11;2025-11-27;13;1917
11;2025-11-27;14;1862
11;2025-11-27;15;1989
11;2025-11-27;16;2250
11;2025-11-27;17;2704
11;2025-11-27;18;2867
11;2025-11-27;19;2211
11;2025-11-27;20;1462
11;2025-11-27;21;877
11;2025-11-27;22;371
11;2025-11-27;23;215
11;2025-11-28;0;61
11;2025-11-28;1;1
11;2025-11-28;2;0
11;2025-11-28;3;0
11;2025-11-28;4;2
11;2025-11-28;5;242
11;2025-11-28;6;1288
11;2025-11-28;7;2253
11;2025-11-28;8;2934
11;2025-11-28;9;2293
11;2025-11-28;10;1908
11;2025-11-28;11;1847
11;2025-11-28;12;1926
11;2025-11-28;13;1964
11;2025-11-28;14;1998
11;2025-11-28;15;2036
11;2025-11-28;16;2314
11;2025-11-28;17;2742
11;2025-11-28;18;2566
11;2025-11-28;19;2086
11;2025-11-28;20;1457
11;2025-11-28;21;916
11;2025-11-28;22;395
11;2025-11-28;23;265
11;2025-11-29;0;75
11;2025-11-29;1;5
11;2025-11-29;2;0
11;2025-11-29;3;0
11;2025-11-29;4;1
11;2025-11-29;5;181
11;2025-11-29;6;697
11;2025-11-29;7;745
11;2025-11-29;8;894
11;2025-11-29;9;1082
11;2025-11-29;10;1257
11;2025-11-29;11;1594
11;2025-11-29;12;1692
11;2025-11-29;13;1660
11;2025-11-29;14;1684
11;2025-11-29;15;1623
11;2025-11-29;16;1626
11;2025-11-29;17;1627
11;2025-11-29;18;1485
11;2025-11-29;19;1456
11;2025-11-29;20;1079
11;2025-11-29;21;763
11;2025-11-29;22;391
11;2025-11-29;23;288
11;2025-11-30;0;53
11;2025-11-30;1;8
11;2025-11-30;2;0
11;2025-11-30;3;0
11;2025-11-30;4;1
11;2025-11-30;5;102
11;2025-11-30;6;465
11;2025-11-30;7;492
11;2025-11-30;8;654
11;2025-11-30;9;855
11;2025-11-30;10;1013
11;2025-11-30;11;1393
11;2025-11-30;12;1513
11;2025-11-30;13;1477
11;2025-11-30;14;1521
11;2025-11-30;15;1500
11;2025-11-30;16;1493
11;2025-11-30;17;1533
11;2025-11-30;18;1308
11;2025-11-30;19;1147
11;2025-11-30;20;843
11;2025-11-30;21;612
11;2025-11-30;22;321
11;2025-11-30;23;208
11;2025-12-01;0;40
11;2025-12-01;1;10
11;2025-12-01;2;0
11;2025-12-01;3;0
11;2025-12-01;4;0
11;2025-12-01;5;231
11;2025-12-01;6;1297
11;2025-12-01;7;2280
11;2025-12-01;8;3047
11;2025-12-01;9;2338
11;2025-12-01;10;1866
11;2025-12-01;11;1812
11;2025-12-01;12;1852
11;2025-12-01;13;1919
11;2025-12-01;14;1924
11;2025-12-01;15;1969
11;2025-12-01;16;2202
11;2025-12-01;17;2752
11;2025-12-01;18;2926
11;2025-12-01;19;2242
11;2025-12-01;20;1469
11;2025-12-01;21;866
11;2025-12-01;22;345
11;2025-12-01;23;196
11;2025-12-02;0;31
11;2025-12-02;1;1
11;2025-12-02;2;0
11;2025-12-02;3;0
11;2025-12-02;4;0
11;2025-12-02;5;235
11;2025-12-02;6;1300
11;2025-12-02;7;2325
11;2025-12-02;8;3103
11;2025-12-02;9;2379
11;2025-12-02;10;1912
11;2025-12-02;11;1845
11;2025-12-02;12;1897
11;2025-12-02;13;1962
11;2025-12-02;14;1968
11;2025-12-02;15;1970
11;2025-12-02;16;2223
11;2025-12-02;17;2761
11;2025-12-02;18;2972
11;2025-12-02;19;2281
11;2025-12-02;20;1494
11;2025-12-02;21;886
11;2025-12-02;22;367
11;2025-12-02;23;213
11;2025-12-03;0;28
11;2025-12-03;1;0
11;2025-12-03;2;0
11;2025-12-03;3;0
11;2025-12-03;4;0
11;2025-12-03;5;239
11;2025-12-03;6;1289
11;2025-12-03;7;2321
11;2025-12-03;8;3096
11;2025-12-03;9;2368
11;2025-12-03;10;1919
11;2025-12-03;11;1869
11;2025-12-03;12;1925
11;2025-12-03;13;1982
11;2025-12-03;14;1976
11;2025-12-03;15;1970
11;2025-12-03;16;2224
11;2025-12-03;17;2759
11;2025-12-03;18;2978
11;2025-12-03;19;2277
11;2025-12-03;20;1505
11;2025-12-03;21;905
11;2025-12-03;22;386
11;2025-12-03;23;227
11;2025-12-04;0;37
11;2025-12-04;1;3
11;2025-12-04;2;0
11;2025-12-04;3;0
11;2025-12-04;4;0
11;2025-12-04;5;243
11;2025-12-04;6;1317
11;2025-12-04;7;2313
11;2025-12-04;8;3087
11;2025-12-04;9;2387
11;2025-12-04;10;1951
11;2025-12-04;11;1870
11;2025-12-04;12;1927
11;2025-12-04;13;1987
11;2025-12-04;14;1980
11;2025-12-04;15;1992
11;2025-12-04;16;2250
11;2025-12-04;17;2777
11;2025-12-04;18;2985
11;2025-12-04;19;2284
11;2025-12-04;20;1519
11;2025-12-04;21;914
11;2025-12-04;22;404
11;2025-12-04;23;238
11;2025-12-05;0;46
11;2025-12-05;1;0
11;2025-12-05;2;0
11;2025-12-05;3;0
11;2025-12-05;4;2
11;2025-12-05;5;233
11;2025-12-05;6;1291
11;2025-12-05;7;2262
11;2025-12-05;8;2937
11;2025-12-05;9;2300
11;2025-12-05;10;1907
11;2025-12-05;11;1847
11;2025-12-05;12;1925
11;2025-12-05;13;1963
11;2025-12-05;14;1998
11;2025-12-05;15;2036
11;2025-12-05;16;2312
11;2025-12-05;17;2742
11;2025-12-05;18;2566
11;2025-12-05;19;2086
11;2025-12-05;20;1451
11;2025-12-05;21;916
11;2025-12-05;22;395
11;2025-12-05;23;263
11;2025-12-06;0;75
11;2025-12-06;1;3
11;2025-12-06;2;0
11;2025-12-06;3;0
11;2025-12-06;4;1
11;2025-12-06;5;182
11;2025-12-06;6;698
11;2025-12-06;7;744
11;2025-12-06;8;898
11;2025-12-06;9;1081
11;2025-12-06;10;1255
11;2025-12-06;11;1580
11;2025-12-06;12;1683
11;2025-12-06;13;1637
11;2025-12-06;14;1660
11;2025-12-06;15;1609
11;2025-12-06;16;1617
11;2025-12-06;17;1616
11;2025-12-06;18;1470
11;2025-12-06;19;1447
11;2025-12-06;20;1080
11;2025-12-06;21;761
11;2025-12-06;22;395
11;2025-12-06;23;285
11;2025-12-07;0;67
11;2025-12-07;1;7
11;2025-12-07;2;0
11;2025-12-07;3;0
11;2025-12-07;4;1
11;2025-12-07;5;103
11;2025-12-07;6;466
11;2025-12-07;7;492
11;2025-12-07;8;653
11;2025-12-07;9;855
11;2025-12-07;10;1013
11;2025-12-07;11;1384
11;2025-12-07;12;1513
11;2025-12-07;13;1476
11;2025-12-07;14;1520
11;2025-12-07;15;1499
11;2025-12-07;16;1483
11;2025-12-07;17;1522
11;2025-12-07;18;1300
11;2025-12-07;19;1145
11;2025-12-07;20;842
11;2025-12-07;21;614
11;2025-12-07;22;318
11;2025-12-07;23;208
11;2025-12-08;0;40
11;2025-12-08;1;11
11;2025-12-08;2;0
11;2025-12-08;3;0
11;2025-12-08;4;0
11;2025-12-08;5;235
11;2025-12-08;6;1298
11;2025-12-08;7;2280
11;2025-12-08;8;3047
11;2025-12-08;9;2339
11;2025-12-08;10;1865
11;2025-12-08;11;1812
11;2025-12-08;12;1852
11;2025-12-08;13;1919
11;2025-12-08;14;1922
11;2025-12-08;15;1969
11;2025-12-08;16;2202
11;2025-12-08;17;2752
11;2025-12-08;18;2926
11;2025-12-08;19;2243
11;2025-12-08;20;1469
11;2025-12-08;21;866
11;2025-12-08;22;345
11;2025-12-08;23;197
11;2025-12-09;0;31
11;2025-12-09;1;1
11;2025-12-09;2;0
11;2025-12-09;3;0
11;2025-12-09;4;0
11;2025-12-09;5;235
11;2025-12-09;6;1299
11;2025-12-09;7;2326
11;2025-12-09;8;3104
11;2025-12-09;9;2378
11;2025-12-09;10;1911
11;2025-12-09;11;1845
11;2025-12-09;12;1893
11;2025-12-09;13;1960
11;2025-12-09;14;1963
11;2025-12-09;15;1959
11;2025-12-09;16;2220
11;2025-12-09;17;2761
11;2025-12-09;18;2972
11;2025-12-09;19;2281
11;2025-12-09;20;1494
11;2025-12-09;21;886
11;2025-12-09;22;332
11;2025-12-09;23;180
11;2025-12-10;0;21
11;2025-12-10;1;4
11;2025-12-10;2;0
11;2025-12-10;3;0
11;2025-12-10;4;0
11;2025-12-10;5;219
11;2025-12-10;6;1268
11;2025-12-10;7;2288
11;2025-12-10;8;3081
11;2025-12-10;9;2361
11;2025-12-10;10;1894
11;2025-12-10;11;1835
11;2025-12-10;12;1912
11;2025-12-10;13;1981
11;2025-12-10;14;1955
11;2025-12-10;15;1957
11;2025-12-10;16;2215
11;2025-12-10;17;2752
11;2025-12-10;18;2982
11;2025-12-10;19;2280
11;2025-12-10;20;1508
11;2025-12-10;21;910
11;2025-12-10;22;390
11;2025-12-10;23;229
11;2025-12-11;0;36
11;2025-12-11;1;3
11;2025-12-11;2;0
11;2025-12-11;3;0
11;2025-12-11;4;0
11;2025-12-11;5;246
11;2025-12-11;6;1322
11;2025-12-11;7;2316
11;2025-12-11;8;2996
11;2025-12-11;9;2314
11;2025-12-11;10;1838
11;2025-12-11;11;1813
11;2025-12-11;12;1863
11;2025-12-11;13;1954
11;2025-12-11;14;1980
11;2025-12-11;15;1952
11;2025-12-11;16;2212
11;2025-12-11;17;2705
11;2025-12-11;18;2908
11;2025-12-11;19;2215
11;2025-12-11;20;1456
11;2025-12-11;21;854
11;2025-12-11;22;374
11;2025-12-11;23;238
11;2025-12-12;0;46
11;2025-12-12;1;0
11;2025-12-12;2;0
11;2025-12-12;3;0
11;2025-12-12;4;2
11;2025-12-12;5;229
11;2025-12-12;6;1260
11;2025-12-12;7;2256
11;2025-12-12;8;2904
11;2025-12-12;9;2291
11;2025-12-12;10;1870
11;2025-12-12;11;1842
11;2025-12-12;12;1819
11;2025-12-12;13;1844
11;2025-12-12;14;1871
11;2025-12-12;15;1919
11;2025-12-12;16;2234
11;2025-12-12;17;2700
11;2025-12-12;18;2571
11;2025-12-12;19;2087
11;2025-12-12;20;1458
11;2025-12-12;21;915
11;2025-12-12;22;369
11;2025-12-12;23;240
11;2025-12-13;0;72
11;2025-12-13;1;7
11;2025-12-13;2;0
11;2025-12-13;3;0
11;2025-12-13;4;1
11;2025-12-13;5;159
11;2025-12-13;6;696
11;2025-12-13;7;736
11;2025-12-13;8;884
11;2025-12-13;9;1082
11;2025-12-13;10;1261
11;2025-12-13;11;1594
11;2025-12-13;12;1691
11;2025-12-13;13;1664
11;2025-12-13;14;1679
11;2025-12-13;15;1626
11;2025-12-13;16;1633
11;2025-12-13;17;1632
11;2025-12-13;18;1489
11;2025-12-13;19;1450
11;2025-12-13;20;1061
11;2025-12-13;21;725
11;2025-12-13;22;391
11;2025-12-13;23;262
11;2025-12-14;0;41
11;2025-12-14;1;12
11;2025-12-14;2;0
11;2025-12-14;3;0
11;2025-12-14;4;1
11;2025-12-14;5;95
11;2025-12-14;6;463
11;2025-12-14;7;493
11;2025-12-14;8;637
11;2025-12-14;9;851
11;2025-12-14;10;1001
11;2025-12-14;11;1384
11;2025-12-14;12;1504
11;2025-12-14;13;1479
11;2025-12-14;14;1508
11;2025-12-14;15;1489
11;2025-12-14;16;1491
11;2025-12-14;17;1529
11;2025-12-14;18;1307
11;2025-12-14;19;1123
11;2025-12-14;20;825
11;2025-12-14;21;616
11;2025-12-14;22;314
11;2025-12-14;23;205
11;2025-12-15;0;47
11;2025-12-15;1;16
11;2025-12-15;2;0
11;2025-12-15;3;0
11;2025-12-15;4;0
11;2025-12-15;5;251
11;2025-12-15;6;1310
11;2025-12-15;7;2297
11;2025-12-15;8;3063
11;2025-12-15;9;2368
11;2025-12-15;10;1889
11;2025-12-15;11;1768
11;2025-12-15;12;1863
11;2025-12-15;13;1937
11;2025-12-15;14;1917
11;2025-12-15;15;1969
11;2025-12-15;16;2219
11;2025-12-15;17;2749
11;2025-12-15;18;2941
11;2025-12-15;19;2251
11;2025-12-15;20;1483
11;2025-12-15;21;880
11;2025-12-15;22;362
11;2025-12-15;23;209
11;2025-12-16;0;39
11;2025-12-16;1;7
11;2025-12-16;2;0
11;2025-12-16;3;0
11;2025-12-16;4;0
11;2025-12-16;5;238
11;2025-12-16;6;1304
11;2025-12-16;7;2333
11;2025-12-16;8;3115
11;2025-12-16;9;2379
11;2025-12-16;10;1876
11;2025-12-16;11;1798
11;2025-12-16;12;1820
11;2025-12-16;13;1860
11;2025-12-16;14;1932
11;2025-12-16;15;1971
11;2025-12-16;16;2227
11;2025-12-16;17;2763
11;2025-12-16;18;2977
11;2025-12-16;19;2285
11;2025-12-16;20;1504
11;2025-12-16;21;889
11;2025-12-16;22;381
11;2025-12-16;23;214
11;2025-12-17;0;24
11;2025-12-17;1;0
11;2025-12-17;2;0
11;2025-12-17;3;0
11;2025-12-17;4;0
11;2025-12-17;5;246
11;2025-12-17;6;1292
11;2025-12-17;7;2322
11;2025-12-17;8;3100
11;2025-12-17;9;2368
11;2025-12-17;10;1923
11;2025-12-17;11;1872
11;2025-12-17;12;1928
11;2025-12-17;13;1984
11;2025-12-17;14;1976
11;2025-12-17;15;1967
11;2025-12-17;16;2227
11;2025-12-17;17;2760
11;2025-12-17;18;2982
11;2025-12-17;19;2280
11;2025-12-17;20;1508
11;2025-12-17;21;910
11;2025-12-17;22;388
11;2025-12-17;23;229
11;2025-12-18;0;36
11;2025-12-18;1;3
11;2025-12-18;2;0
11;2025-12-18;3;0
11;2025-12-18;4;0
11;2025-12-18;5;246
11;2025-12-18;6;1315
11;2025-12-18;7;2315
11;2025-12-18;8;3085
11;2025-12-18;9;2389
11;2025-12-18;10;1955
11;2025-12-18;11;1874
11;2025-12-18;12;1919
11;2025-12-18;13;1991
11;2025-12-18;14;1964
11;2025-12-18;15;1975
11;2025-12-18;16;2239
11;2025-12-18;17;2768
11;2025-12-18;18;2992
11;2025-12-18;19;2286
11;2025-12-18;20;1524
11;2025-12-18;21;917
11;2025-12-18;22;411
11;2025-12-18;23;240
11;2025-12-19;0;46
11;2025-12-19;1;0
11;2025-12-19;2;0
11;2025-12-19;3;0
11;2025-12-19;4;2
11;2025-12-19;5;234
11;2025-12-19;6;1291
11;2025-12-19;7;2263
11;2025-12-19;8;2939
11;2025-12-19;9;2300
11;2025-12-19;10;1911
11;2025-12-19;11;1852
11;2025-12-19;12;1922
11;2025-12-19;13;1964
11;2025-12-19;14;1996
11;2025-12-19;15;2029
11;2025-12-19;16;2308
11;2025-12-19;17;2690
11;2025-12-19;18;2531
11;2025-12-19;19;2080
11;2025-12-19;20;1457
11;2025-12-19;21;915
11;2025-12-19;22;391
11;2025-12-19;23;263
11;2025-12-20;0;74
11;2025-12-20;1;5
11;2025-12-20;2;0
11;2025-12-20;3;0
11;2025-12-20;4;1
11;2025-12-20;5;181
11;2025-12-20;6;695
11;2025-12-20;7;743
11;2025-12-20;8;894
11;2025-12-20;9;1081
11;2025-12-20;10;1259
11;2025-12-20;11;1593
11;2025-12-20;12;1692
11;2025-12-20;13;1658
11;2025-12-20;14;1683
11;2025-12-20;15;1620
11;2025-12-20;16;1624
11;2025-12-20;17;1627
11;2025-12-20;18;1483
11;2025-12-20;19;1451
11;2025-12-20;20;1078
11;2025-12-20;21;761
11;2025-12-20;22;385
11;2025-12-20;23;283
11;2025-12-21;0;66
11;2025-12-21;1;8
11;2025-12-21;2;0
11;2025-12-21;3;0
11;2025-12-21;4;1
11;2025-12-21;5;103
11;2025-12-21;6;428
11;2025-12-21;7;486
11;2025-12-21;8;638
11;2025-12-21;9;847
11;2025-12-21;10;1006
11;2025-12-21;11;1385
11;2025-12-21;12;1505
11;2025-12-21;13;1471
11;2025-12-21;14;1512
11;2025-12-21;15;1491
11;2025-12-21;16;1483
11;2025-12-21;17;1522
11;2025-12-21;18;1300
11;2025-12-21;19;1145
11;2025-12-21;20;842
11;2025-12-21;21;612
11;2025-12-21;22;293
11;2025-12-21;23;209
11;2025-12-22;0;19
11;2025-12-22;1;8
11;2025-12-22;2;0
11;2025-12-22;3;0
11;2025-12-22;4;0
11;2025-12-22;5;235
11;2025-12-22;6;1297
11;2025-12-22;7;2280
11;2025-12-22;8;3047
11;2025-12-22;9;2308
11;2025-12-22;10;1768
11;2025-12-22;11;1776
11;2025-12-22;12;1815
11;2025-12-22;13;1919
11;2025-12-22;14;1912
11;2025-12-22;15;1900
11;2025-12-22;16;2198
11;2025-12-22;17;2747
11;2025-12-22;18;2887
11;2025-12-22;19;2244
11;2025-12-22;20;1474
11;2025-12-22;21;874
11;2025-12-22;22;317
11;2025-12-22;23;159
11;2025-12-23;0;37
11;2025-12-23;1;5
11;2025-12-23;2;0
11;2025-12-23;3;0
11;2025-12-23;4;0
11;2025-12-23;5;240
11;2025-12-23;6;1302
11;2025-12-23;7;2325
11;2025-12-23;8;3105
11;2025-12-23;9;2390
11;2025-12-23;10;1915
11;2025-12-23;11;1850
11;2025-12-23;12;1899
11;2025-12-23;13;1970
11;2025-12-23;14;1960
11;2025-12-23;15;1967
11;2025-12-23;16;2232
11;2025-12-23;17;2757
11;2025-12-23;18;2975
11;2025-12-23;19;2274
11;2025-12-23;20;1494
11;2025-12-23;21;892
11;2025-12-23;22;368
11;2025-12-23;23;220
11;2025-12-24;0;34
11;2025-12-24;1;0
11;2025-12-24;2;0
11;2025-12-24;3;0
11;2025-12-24;4;0
11;2025-12-24;5;256
11;2025-12-24;6;1300
11;2025-12-24;7;2329
11;2025-12-24;8;3104
11;2025-12-24;9;2381
11;2025-12-24;10;1927
11;2025-12-24;11;1875
11;2025-12-24;12;1894
11;2025-12-24;13;1971
11;2025-12-24;14;1956
11;2025-12-24;15;1931
11;2025-12-24;16;2230
11;2025-12-24;17;2755
11;2025-12-24;18;2963
11;2025-12-24;19;2278
11;2025-12-24;20;1485
11;2025-12-24;21;898
11;2025-12-24;22;374
11;2025-12-24;23;202
11;2025-12-25;0;17
11;2025-12-25;1;0
11;2025-12-25;2;0
11;2025-12-25;3;0
11;2025-12-25;4;0
11;2025-12-25;5;246
11;2025-12-25;6;1276
11;2025-12-25;7;2317
11;2025-12-25;8;3086
11;2025-12-25;9;2389
11;2025-12-25;10;1957
11;2025-12-25;11;1873
11;2025-12-25;12;1915
11;2025-12-25;13;1989
11;2025-12-25;14;1958
11;2025-12-25;15;1963
11;2025-12-25;16;2237
11;2025-12-25;17;2715
11;2025-12-25;18;2894
11;2025-12-25;19;2253
11;2025-12-25;20;1478
11;2025-12-25;21;883
11;2025-12-25;22;357
11;2025-12-25;23;192
11;2025-12-26;0;19
11;2025-12-26;1;0
11;2025-12-26;2;0
11;2025-12-26;3;0
11;2025-12-26;4;2
11;2025-12-26;5;223
11;2025-12-26;6;1264
11;2025-12-26;7;2230
11;2025-12-26;8;2912
11;2025-12-26;9;2262
11;2025-12-26;10;1845
11;2025-12-26;11;1798
11;2025-12-26;12;1848
11;2025-12-26;13;1955
11;2025-12-26;14;1976
11;2025-12-26;15;2015
11;2025-12-26;16;2279
11;2025-12-26;17;2729
11;2025-12-26;18;2548
11;2025-12-26;19;2050
11;2025-12-26;20;1435
11;2025-12-26;21;899
11;2025-12-26;22;375
11;2025-12-26;23;265
11;2025-12-27;0;74
11;2025-12-27;1;7
11;2025-12-27;2;0
11;2025-12-27;3;0
11;2025-12-27;4;1
11;2025-12-27;5;180
11;2025-12-27;6;693
11;2025-12-27;7;745
11;2025-12-27;8;894
11;2025-12-27;9;1086
11;2025-12-27;10;1260
11;2025-12-27;11;1613
11;2025-12-27;12;1699
11;2025-12-27;13;1676
11;2025-12-27;14;1700
11;2025-12-27;15;1643
11;2025-12-27;16;1646
11;2025-12-27;17;1640
11;2025-12-27;18;1485
11;2025-12-27;19;1446
11;2025-12-27;20;1084
11;2025-12-27;21;747
11;2025-12-27;22;345
11;2025-12-27;23;266
11;2025-12-28;0;53
11;2025-12-28;1;11
11;2025-12-28;2;0
11;2025-12-28;3;0
11;2025-12-28;4;1
11;2025-12-28;5;86
11;2025-12-28;6;433
11;2025-12-28;7;431
11;2025-12-28;8;575
11;2025-12-28;9;821
11;2025-12-28;10;977
11;2025-12-28;11;1282
11;2025-12-28;12;1441
11;2025-12-28;13;1423
11;2025-12-28;14;1457
11;2025-12-28;15;1425
11;2025-12-28;16;1491
11;2025-12-28;17;1529
11;2025-12-28;18;1291
11;2025-12-28;19;1119
11;2025-12-28;20;823
11;2025-12-28;21;585
11;2025-12-28;22;302
11;2025-12-28;23;208
11;2025-12-29;0;38
11;2025-12-29;1;13
11;2025-12-29;2;0
11;2025-12-29;3;0
11;2025-12-29;4;0
11;2025-12-29;5;220
11;2025-12-29;6;1300
11;2025-12-29;7;2303
11;2025-12-29;8;3038
11;2025-12-29;9;2326
11;2025-12-29;10;1843
11;2025-12-29;11;1785
11;2025-12-29;12;1822
11;2025-12-29;13;1887
11;2025-12-29;14;1880
11;2025-12-29;15;1926
11;2025-12-29;16;2178
11;2025-12-29;17;2721
11;2025-12-29;18;2895
11;2025-12-29;19;2204
11;2025-12-29;20;1465
11;2025-12-29;21;853
11;2025-12-29;22;328
11;2025-12-29;23;174
11;2025-12-30;0;30
11;2025-12-30;1;4
11;2025-12-30;2;0
11;2025-12-30;3;0
11;2025-12-30;4;0
11;2025-12-30;5;217
11;2025-12-30;6;1287
11;2025-12-30;7;2319
11;2025-12-30;8;3047
11;2025-12-30;9;2327
11;2025-12-30;10;1819
11;2025-12-30;11;1772
11;2025-12-30;12;1863
11;2025-12-30;13;1935
11;2025-12-30;14;1940
11;2025-12-30;15;1948
11;2025-12-30;16;2220
11;2025-12-30;17;2750
11;2025-12-30;18;2945
11;2025-12-30;19;2192
11;2025-12-30;20;1447
11;2025-12-30;21;861
11;2025-12-30;22;345
11;2025-12-30;23;196
11;2025-12-31;0;31
11;2025-12-31;1;4
11;2025-12-31;2;0
11;2025-12-31;3;0
11;2025-12-31;4;0
11;2025-12-31;5;170
11;2025-12-31;6;577
11;2025-12-31;7;681
11;2025-12-31;8;828
11;2025-12-31;9;968
11;2025-12-31;10;1070
11;2025-12-31;11;1350
11;2025-12-31;12;1495
11;2025-12-31;13;1444
11;2025-12-31;14;1414
11;2025-12-31;15;1367
11;2025-12-31;16;1444
11;2025-12-31;17;1485
11;2025-12-31;18;1444
11;2025-12-31;19;1302
11;2025-12-31;20;971
11;2025-12-31;21;633
11;2025-12-31;22;352
11;2025-12-31;23;222
12;2025-11-01;0;70
12;2025-11-01;1;5
12;2025-11-01;2;0
12;2025-11-01;3;0
12;2025-11-01;4;0
12;2025-11-01;5;315
12;2025-11-01;6;1377
12;2025-11-01;7;2583
12;2025-11-01;8;3272
12;2025-11-01;9;2455
12;2025-11-01;10;2011
12;2025-11-01;11;1977
12;2025-11-01;12;2033
12;2025-11-01;13;2109
12;2025-11-01;14;2080
12;2025-11-01;15;2309
12;2025-11-01;16;2789
12;2025-11-01;17;2973
12;2025-11-01;18;2908
12;2025-11-01;19;2330
12;2025-11-01;20;1523
12;2025-11-01;21;969
12;2025-11-01;22;459
12;2025-11-01;23;258
12;2025-11-02;0;36
12;2025-11-02;1;4
12;2025-11-02;2;0
12;2025-11-02;3;0
12;2025-11-02;4;2
12;2025-11-02;5;153
12;2025-11-02;6;493
12;2025-11-02;7;593
12;2025-11-02;8;706
12;2025-11-02;9;865
12;2025-11-02;10;1053
12;2025-11-02;11;1247
12;2025-11-02;12;1302
12;2025-11-02;13;1425
12;2025-11-02;14;1416
12;2025-11-02;15;1360
12;2025-11-02;16;1437
12;2025-11-02;17;1423
12;2025-11-02;18;1252
12;2025-11-02;19;1046
12;2025-11-02;20;799
12;2025-11-02;21;603
12;2025-11-02;22;353
12;2025-11-02;23;182
12;2025-11-03;0;26
12;2025-11-03;1;5
12;2025-11-03;2;0
12;2025-11-03;3;0
12;2025-11-03;4;5
12;2025-11-03;5;206
12;2025-11-03;6;565
12;2025-11-03;7;643
12;2025-11-03;8;767
12;2025-11-03;9;890
12;2025-11-03;10;1104
12;2025-11-03;11;1206
12;2025-11-03;12;1244
12;2025-11-03;13;1351
12;2025-11-03;14;1335
12;2025-11-03;15;1286
12;2025-11-03;16;1414
12;2025-11-03;17;1397
12;2025-11-03;18;1387
12;2025-11-03;19;1156
12;2025-11-03;20;865
12;2025-11-03;21;703
12;2025-11-03;22;410
12;2025-11-03;23;237
12;2025-11-04;0;55
12;2025-11-04;1;0
12;2025-11-04;2;0
12;2025-11-04;3;0
12;2025-11-04;4;2
12;2025-11-04;5;218
12;2025-11-04;6;585
12;2025-11-04;7;668
12;2025-11-04;8;812
12;2025-11-04;9;855
12;2025-11-04;10;1012
12;2025-11-04;11;1092
12;2025-11-04;12;1072
12;2025-11-04;13;1306
12;2025-11-04;14;1314
12;2025-11-04;15;1231
12;2025-11-04;16;1320
12;2025-11-04;17;1294
12;2025-11-04;18;1332
12;2025-11-04;19;1059
12;2025-11-04;20;814
12;2025-11-04;21;674
12;2025-11-04;22;414
12;2025-11-04;23;226
12;2025-11-05;0;80
12;2025-11-05;1;19
12;2025-11-05;2;0
12;2025-11-05;3;0
12;2025-11-05;4;10
12;2025-11-05;5;336
12;2025-11-05;6;1384
12;2025-11-05;7;2595
12;2025-11-05;8;3422
12;2025-11-05;9;2476
12;2025-11-05;10;2039
12;2025-11-05;11;1990
12;2025-11-05;12;2018
12;2025-11-05;13;2055
12;2025-11-05;14;1997
12;2025-11-05;15;2211
12;2025-11-05;16;2683
12;2025-11-05;17;3038
12;2025-11-05;18;3185
12;2025-11-05;19;2459
12;2025-11-05;20;1593
12;2025-11-05;21;1001
12;2025-11-05;22;502
12;2025-11-05;23;270
12;2025-11-06;0;46
12;2025-11-06;1;1
12;2025-11-06;2;0
12;2025-11-06;3;0
12;2025-11-06;4;8
12;2025-11-06;5;335
12;2025-11-06;6;1408
12;2025-11-06;7;2659
12;2025-11-06;8;3465
12;2025-11-06;9;2480
12;2025-11-06;10;2030
12;2025-11-06;11;1930
12;2025-11-06;12;1980
12;2025-11-06;13;2041
12;2025-11-06;14;1975
12;2025-11-06;15;2212
12;2025-11-06;16;2687
12;2025-11-06;17;3052
12;2025-11-06;18;3204
12;2025-11-06;19;2455
12;2025-11-06;20;1513
12;2025-11-06;21;978
12;2025-11-06;22;512
12;2025-11-06;23;277
12;2025-11-07;0;73
12;2025-11-07;1;19
12;2025-11-07;2;0
12;2025-11-07;3;0
12;2025-11-07;4;12
12;2025-11-07;5;332
12;2025-11-07;6;1383
12;2025-11-07;7;2624
12;2025-11-07;8;3321
12;2025-11-07;9;2416
12;2025-11-07;10;1978
12;2025-11-07;11;1934
12;2025-11-07;12;1985
12;2025-11-07;13;2072
12;2025-11-07;14;2001
12;2025-11-07;15;2265
12;2025-11-07;16;2786
12;2025-11-07;17;2984
12;2025-11-07;18;2802
12;2025-11-07;19;2292
12;2025-11-07;20;1499
12;2025-11-07;21;1043
12;2025-11-07;22;532
12;2025-11-07;23;309
12;2025-11-08;0;88
12;2025-11-08;1;8
12;2025-11-08;2;0
12;2025-11-08;3;0
12;2025-11-08;4;11
12;2025-11-08;5;237
12;2025-11-08;6;759
12;2025-11-08;7;851
12;2025-11-08;8;950
12;2025-11-08;9;1134
12;2025-11-08;10;1283
12;2025-11-08;11;1372
12;2025-11-08;12;1364
12;2025-11-08;13;1507
12;2025-11-08;14;1471
12;2025-11-08;15;1394
12;2025-11-08;16;1485
12;2025-11-08;17;1439
12;2025-11-08;18;1339
12;2025-11-08;19;1261
12;2025-11-08;20;991
12;2025-11-08;21;779
12;2025-11-08;22;434
12;2025-11-08;23;274
12;2025-11-09;0;89
12;2025-11-09;1;14
12;2025-11-09;2;0
12;2025-11-09;3;0
12;2025-11-09;4;12
12;2025-11-09;5;188
12;2025-11-09;6;544
12;2025-11-09;7;617
12;2025-11-09;8;713
12;2025-11-09;9;896
12;2025-11-09;10;1110
12;2025-11-09;11;1255
12;2025-11-09;12;1289
12;2025-11-09;13;1438
12;2025-11-09;14;1406
12;2025-11-09;15;1328
12;2025-11-09;16;1405
12;2025-11-09;17;1377
12;2025-11-09;18;1219
12;2025-11-09;19;1021
12;2025-11-09;20;786
12;2025-11-09;21;606
12;2025-11-09;22;355
12;2025-11-09;23;191
12;2025-11-10;0;27
12;2025-11-10;1;4
12;2025-11-10;2;0
12;2025-11-10;3;0
12;2025-11-10;4;7
12;2025-11-10;5;293
12;2025-11-10;6;1348
12;2025-11-10;7;2606
12;2025-11-10;8;3376
12;2025-11-10;9;2419
12;2025-11-10;10;1947
12;2025-11-10;11;1858
12;2025-11-10;12;1925
12;2025-11-10;13;1962
12;2025-11-10;14;1907
12;2025-11-10;15;2150
12;2025-11-10;16;2609
12;2025-11-10;17;2954
12;2025-11-10;18;3055
12;2025-11-10;19;2381
12;2025-11-10;20;1515
12;2025-11-10;21;904
12;2025-11-10;22;436
12;2025-11-10;23;218
12;2025-11-11;0;15
12;2025-11-11;1;0
12;2025-11-11;2;0
12;2025-11-11;3;0
12;2025-11-11;4;2
12;2025-11-11;5;300
12;2025-11-11;6;1367
12;2025-11-11;7;2659
12;2025-11-11;8;3488
12;2025-11-11;9;2460
12;2025-11-11;10;2004
12;2025-11-11;11;1888
12;2025-11-11;12;1925
12;2025-11-11;13;2002
12;2025-11-11;14;1934
12;2025-11-11;15;2137
12;2025-11-11;16;2603
12;2025-11-11;17;2986
12;2025-11-11;18;3136
12;2025-11-11;19;2416
12;2025-11-11;20;1525
12;2025-11-11;21;909
12;2025-11-11;22;460
12;2025-11-11;23;230
12;2025-11-12;0;31
12;2025-11-12;1;5
12;2025-11-12;2;0
12;2025-11-12;3;0
12;2025-11-12;4;4
12;2025-11-12;5;322
12;2025-11-12;6;1393
12;2025-11-12;7;2640
12;2025-11-12;8;3469
12;2025-11-12;9;2486
12;2025-11-12;10;2037
12;2025-11-12;11;1938
12;2025-11-12;12;1968
12;2025-11-12;13;1994
12;2025-11-12;14;1936
12;2025-11-12;15;2166
12;2025-11-12;16;2644
12;2025-11-12;17;2996
12;2025-11-12;18;3127
12;2025-11-12;19;2432
12;2025-11-12;20;1565
12;2025-11-12;21;966
12;2025-11-12;22;485
12;2025-11-12;23;258
12;2025-11-13;0;22
12;2025-11-13;1;0
12;2025-11-13;2;0
12;2025-11-13;3;0
12;2025-11-13;4;3
12;2025-11-13;5;310
12;2025-11-13;6;1372
12;2025-11-13;7;2647
12;2025-11-13;8;3449
12;2025-11-13;9;2457
12;2025-11-13;10;1982
12;2025-11-13;11;1915
12;2025-11-13;12;1969
12;2025-11-13;13;2029
12;2025-11-13;14;1974
12;2025-11-13;15;2228
12;2025-11-13;16;2684
12;2025-11-13;17;3037
12;2025-11-13;18;3177
12;2025-11-13;19;2436
12;2025-11-13;20;1550
12;2025-11-13;21;950
12;2025-11-13;22;454
12;2025-11-13;23;228
12;2025-11-14;0;18
12;2025-11-14;1;2
12;2025-11-14;2;0
12;2025-11-14;3;0
12;2025-11-14;4;2
12;2025-11-14;5;291
12;2025-11-14;6;1335
12;2025-11-14;7;2577
12;2025-11-14;8;3277
12;2025-11-14;9;2414
12;2025-11-14;10;1966
12;2025-11-14;11;1916
12;2025-11-14;12;1972
12;2025-11-14;13;2065
12;2025-11-14;14;1999
12;2025-11-14;15;2267
12;2025-11-14;16;2782
12;2025-11-14;17;2980
12;2025-11-14;18;2800
12;2025-11-14;19;2291
12;2025-11-14;20;1489
12;2025-11-14;21;961
12;2025-11-14;22;493
12;2025-11-14;23;291
12;2025-11-15;0;39
12;2025-11-15;1;3
12;2025-11-15;2;0
12;2025-11-15;3;0
12;2025-11-15;4;2
12;2025-11-15;5;193
12;2025-11-15;6;690
12;2025-11-15;7;781
12;2025-11-15;8;851
12;2025-11-15;9;1047
12;2025-11-15;10;1189
12;2025-11-15;11;1258
12;2025-11-15;12;1251
12;2025-11-15;13;1426
12;2025-11-15;14;1445
12;2025-11-15;15;1371
12;2025-11-15;16;1446
12;2025-11-15;17;1417
12;2025-11-15;18;1317
12;2025-11-15;19;1238
12;2025-11-15;20;968
12;2025-11-15;21;722
12;2025-11-15;22;414
12;2025-11-15;23;251
12;2025-11-16;0;55
12;2025-11-16;1;12
12;2025-11-16;2;0
12;2025-11-16;3;0
12;2025-11-16;4;0
12;2025-11-16;5;149
12;2025-11-16;6;477
12;2025-11-16;7;590
12;2025-11-16;8;689
12;2025-11-16;9;881
12;2025-11-16;10;1105
12;2025-11-16;11;1262
12;2025-11-16;12;1301
12;2025-11-16;13;1432
12;2025-11-16;14;1396
12;2025-11-16;15;1310
12;2025-11-16;16;1396
12;2025-11-16;17;1390
12;2025-11-16;18;1228
12;2025-11-16;19;1017
12;2025-11-16;20;777
12;2025-11-16;21;591
12;2025-11-16;22;348
12;2025-11-16;23;190
12;2025-11-17;0;30
12;2025-11-17;1;0
12;2025-11-17;2;0
12;2025-11-17;3;0
12;2025-11-17;4;4
12;2025-11-17;5;290
12;2025-11-17;6;1354
12;2025-11-17;7;2601
12;2025-11-17;8;3369
12;2025-11-17;9;2416
12;2025-11-17;10;1944
12;2025-11-17;11;1862
12;2025-11-17;12;1908
12;2025-11-17;13;1838
12;2025-11-17;14;1845
12;2025-11-17;15;2106
12;2025-11-17;16;2597
12;2025-11-17;17;2932
12;2025-11-17;18;3052
12;2025-11-17;19;2381
12;2025-11-17;20;1515
12;2025-11-17;21;896
12;2025-11-17;22;429
12;2025-11-17;23;215
12;2025-11-18;0;14
12;2025-11-18;1;0
12;2025-11-18;2;0
12;2025-11-18;3;0
12;2025-11-18;4;13
12;2025-11-18;5;288
12;2025-11-18;6;1403
12;2025-11-18;7;2667
12;2025-11-18;8;3460
12;2025-11-18;9;2447
12;2025-11-18;10;1935
12;2025-11-18;11;1906
12;2025-11-18;12;1951
12;2025-11-18;13;1985
12;2025-11-18;14;1903
12;2025-11-18;15;2168
12;2025-11-18;16;2623
12;2025-11-18;17;2996
12;2025-11-18;18;3134
12;2025-11-18;19;2417
12;2025-11-18;20;1524
12;2025-11-18;21;909
12;2025-11-18;22;462
12;2025-11-18;23;231
12;2025-11-19;0;30
12;2025-11-19;1;6
12;2025-11-19;2;0
12;2025-11-19;3;0
12;2025-11-19;4;4
12;2025-11-19;5;322
12;2025-11-19;6;1389
12;2025-11-19;7;2644
12;2025-11-19;8;3470
12;2025-11-19;9;2490
12;2025-11-19;10;2031
12;2025-11-19;11;1951
12;2025-11-19;12;1990
12;2025-11-19;13;2035
12;2025-11-19;14;1968
12;2025-11-19;15;2190
12;2025-11-19;16;2663
12;2025-11-19;17;3012
12;2025-11-19;18;3155
12;2025-11-19;19;2434
12;2025-11-19;20;1565
12;2025-11-19;21;963
12;2025-11-19;22;488
12;2025-11-19;23;259
12;2025-11-20;0;23
12;2025-11-20;1;0
12;2025-11-20;2;0
12;2025-11-20;3;0
12;2025-11-20;4;4
12;2025-11-20;5;315
12;2025-11-20;6;1376
12;2025-11-20;7;2655
12;2025-11-20;8;3483
12;2025-11-20;9;2472
12;2025-11-20;10;2007
12;2025-11-20;11;1924
12;2025-11-20;12;1966
12;2025-11-20;13;2023
12;2025-11-20;14;1958
12;2025-11-20;15;2189
12;2025-11-20;16;2659
12;2025-11-20;17;3020
12;2025-11-20;18;3172
12;2025-11-20;19;2431
12;2025-11-20;20;1560
12;2025-11-20;21;937
12;2025-11-20;22;480
12;2025-11-20;23;252
12;2025-11-21;0;32
12;2025-11-21;1;1
12;2025-11-21;2;0
12;2025-11-21;3;0
12;2025-11-21;4;8
12;2025-11-21;5;298
12;2025-11-21;6;1335
12;2025-11-21;7;2625
12;2025-11-21;8;3338
12;2025-11-21;9;2411
12;2025-11-21;10;1951
12;2025-11-21;11;1908
12;2025-11-21;12;1958
12;2025-11-21;13;2041
12;2025-11-21;14;1975
12;2025-11-21;15;2250
12;2025-11-21;16;2766
12;2025-11-21;17;2963
12;2025-11-21;18;2777
12;2025-11-21;19;2262
12;2025-11-21;20;1472
12;2025-11-21;21;951
12;2025-11-21;22;484
12;2025-11-21;23;275
12;2025-11-22;0;54
12;2025-11-22;1;5
12;2025-11-22;2;0
12;2025-11-22;3;0
12;2025-11-22;4;5
12;2025-11-22;5;191
12;2025-11-22;6;684
12;2025-11-22;7;831
12;2025-11-22;8;907
12;2025-11-22;9;1069
12;2025-11-22;10;1261
12;2025-11-22;11;1353
12;2025-11-22;12;1342
12;2025-11-22;13;1481
12;2025-11-22;14;1443
12;2025-11-22;15;1368
12;2025-11-22;16;1457
12;2025-11-22;17;1412
12;2025-11-22;18;1312
12;2025-11-22;19;1235
12;2025-11-22;20;969
12;2025-11-22;21;670
12;2025-11-22;22;364
12;2025-11-22;23;222
12;2025-11-23;0;43
12;2025-11-23;1;2
12;2025-11-23;2;0
12;2025-11-23;3;0
12;2025-11-23;4;4
12;2025-11-23;5;148
12;2025-11-23;6;493
12;2025-11-23;7;597
12;2025-11-23;8;704
12;2025-11-23;9;872
12;2025-11-23;10;1072
12;2025-11-23;11;1225
12;2025-11-23;12;1271
12;2025-11-23;13;1440
12;2025-11-23;14;1416
12;2025-11-23;15;1326
12;2025-11-23;16;1404
12;2025-11-23;17;1397
12;2025-11-23;18;1230
12;2025-11-23;19;1021
12;2025-11-23;20;785
12;2025-11-23;21;602
12;2025-11-23;22;358
12;2025-11-23;23;190
12;2025-11-24;0;26
12;2025-11-24;1;0
12;2025-11-24;2;0
12;2025-11-24;3;0
12;2025-11-24;4;0
12;2025-11-24;5;259
12;2025-11-24;6;1308
12;2025-11-24;7;2632
12;2025-11-24;8;3368
12;2025-11-24;9;2405
12;2025-11-24;10;1893
12;2025-11-24;11;1745
12;2025-11-24;12;1904
12;2025-11-24;13;1926
12;2025-11-24;14;1854
12;2025-11-24;15;2103
12;2025-11-24;16;2588
12;2025-11-24;17;2958
12;2025-11-24;18;3056
12;2025-11-24;19;2383
12;2025-11-24;20;1517
12;2025-11-24;21;905
12;2025-11-24;22;438
12;2025-11-24;23;221
12;2025-11-25;0;17
12;2025-11-25;1;0
12;2025-11-25;2;0
12;2025-11-25;3;0
12;2025-11-25;4;1
12;2025-11-25;5;302
12;2025-11-25;6;1370
12;2025-11-25;7;2663
12;2025-11-25;8;3478
12;2025-11-25;9;2464
12;2025-11-25;10;2002
12;2025-11-25;11;1903
12;2025-11-25;12;1954
12;2025-11-25;13;2000
12;2025-11-25;14;1932
12;2025-11-25;15;2169
12;2025-11-25;16;2632
12;2025-11-25;17;3002
12;2025-11-25;18;3152
12;2025-11-25;19;2420
12;2025-11-25;20;1527
12;2025-11-25;21;908
12;2025-11-25;22;461
12;2025-11-25;23;229
12;2025-11-26;0;18
12;2025-11-26;1;3
12;2025-11-26;2;0
12;2025-11-26;3;0
12;2025-11-26;4;3
12;2025-11-26;5;302
12;2025-11-26;6;1370
12;2025-11-26;7;2633
12;2025-11-26;8;3433
12;2025-11-26;9;2447
12;2025-11-26;10;1970
12;2025-11-26;11;1881
12;2025-11-26;12;1964
12;2025-11-26;13;2021
12;2025-11-26;14;1966
12;2025-11-26;15;2173
12;2025-11-26;16;2588
12;2025-11-26;17;2938
12;2025-11-26;18;3140
12;2025-11-26;19;2409
12;2025-11-26;20;1560
12;2025-11-26;21;945
12;2025-11-26;22;472
12;2025-11-26;23;254
12;2025-11-27;0;21
12;2025-11-27;1;0
12;2025-11-27;2;0
12;2025-11-27;3;0
12;2025-11-27;4;3
12;2025-11-27;5;311
12;2025-11-27;6;1370
12;2025-11-27;7;2649
12;2025-11-27;8;3482
12;2025-11-27;9;2447
12;2025-11-27;10;1999
12;2025-11-27;11;1890
12;2025-11-27;12;1916
12;2025-11-27;13;1969
12;2025-11-27;14;1887
12;2025-11-27;15;2161
12;2025-11-27;16;2639
12;2025-11-27;17;2958
12;2025-11-27;18;3097
12;2025-11-27;19;2349
12;2025-11-27;20;1497
12;2025-11-27;21;922
12;2025-11-27;22;455
12;2025-11-27;23;209
12;2025-11-28;0;48
12;2025-11-28;1;9
12;2025-11-28;2;0
12;2025-11-28;3;0
12;2025-11-28;4;15
12;2025-11-28;5;301
12;2025-11-28;6;1335
12;2025-11-28;7;2593
12;2025-11-28;8;3340
12;2025-11-28;9;2406
12;2025-11-28;10;1956
12;2025-11-28;11;1899
12;2025-11-28;12;1955
12;2025-11-28;13;2035
12;2025-11-28;14;1970
12;2025-11-28;15;2243
12;2025-11-28;16;2762
12;2025-11-28;17;2960
12;2025-11-28;18;2775
12;2025-11-28;19;2264
12;2025-11-28;20;1473
12;2025-11-28;21;951
12;2025-11-28;22;484
12;2025-11-28;23;277
12;2025-11-29;0;55
12;2025-11-29;1;7
12;2025-11-29;2;0
12;2025-11-29;3;0
12;2025-11-29;4;1
12;2025-11-29;5;212
12;2025-11-29;6;705
12;2025-11-29;7;842
12;2025-11-29;8;946
12;2025-11-29;9;1119
12;2025-11-29;10;1261
12;2025-11-29;11;1355
12;2025-11-29;12;1341
12;2025-11-29;13;1480
12;2025-11-29;14;1444
12;2025-11-29;15;1368
12;2025-11-29;16;1453
12;2025-11-29;17;1413
12;2025-11-29;18;1309
12;2025-11-29;19;1235
12;2025-11-29;20;969
12;2025-11-29;21;730
12;2025-11-29;22;406
12;2025-11-29;23;253
12;2025-11-30;0;46
12;2025-11-30;1;4
12;2025-11-30;2;0
12;2025-11-30;3;0
12;2025-11-30;4;3
12;2025-11-30;5;158
12;2025-11-30;6;493
12;2025-11-30;7;598
12;2025-11-30;8;705
12;2025-11-30;9;875
12;2025-11-30;10;1079
12;2025-11-30;11;1235
12;2025-11-30;12;1279
12;2025-11-30;13;1429
12;2025-11-30;14;1390
12;2025-11-30;15;1323
12;2025-11-30;16;1404
12;2025-11-30;17;1398
12;2025-11-30;18;1235
12;2025-11-30;19;1023
12;2025-11-30;20;786
12;2025-11-30;21;608
12;2025-11-30;22;355
12;2025-11-30;23;192
12;2025-12-01;0;30
12;2025-12-01;1;3
12;2025-12-01;2;0
12;2025-12-01;3;0
12;2025-12-01;4;3
12;2025-12-01;5;299
12;2025-12-01;6;1348
12;2025-12-01;7;2611
12;2025-12-01;8;3378
12;2025-12-01;9;2419
12;2025-12-01;10;1944
12;2025-12-01;11;1864
12;2025-12-01;12;1923
12;2025-12-01;13;1964
12;2025-12-01;14;1910
12;2025-12-01;15;2150
12;2025-12-01;16;2608
12;2025-12-01;17;2957
12;2025-12-01;18;3053
12;2025-12-01;19;2381
12;2025-12-01;20;1515
12;2025-12-01;21;899
12;2025-12-01;22;437
12;2025-12-01;23;218
12;2025-12-02;0;18
12;2025-12-02;1;0
12;2025-12-02;2;0
12;2025-12-02;3;0
12;2025-12-02;4;1
12;2025-12-02;5;301
12;2025-12-02;6;1368
12;2025-12-02;7;2662
12;2025-12-02;8;3486
12;2025-12-02;9;2464
12;2025-12-02;10;2005
12;2025-12-02;11;1905
12;2025-12-02;12;1955
12;2025-12-02;13;1996
12;2025-12-02;14;1931
12;2025-12-02;15;2165
12;2025-12-02;16;2628
12;2025-12-02;17;2999
12;2025-12-02;18;3151
12;2025-12-02;19;2421
12;2025-12-02;20;1528
12;2025-12-02;21;908
12;2025-12-02;22;462
12;2025-12-02;23;230
12;2025-12-03;0;33
12;2025-12-03;1;6
12;2025-12-03;2;0
12;2025-12-03;3;0
12;2025-12-03;4;4
12;2025-12-03;5;320
12;2025-12-03;6;1388
12;2025-12-03;7;2642
12;2025-12-03;8;3470
12;2025-12-03;9;2491
12;2025-12-03;10;2035
12;2025-12-03;11;1950
12;2025-12-03;12;1991
12;2025-12-03;13;2032
12;2025-12-03;14;1966
12;2025-12-03;15;2186
12;2025-12-03;16;2660
12;2025-12-03;17;3009
12;2025-12-03;18;3156
12;2025-12-03;19;2435
12;2025-12-03;20;1567
12;2025-12-03;21;964
12;2025-12-03;22;488
12;2025-12-03;23;259
12;2025-12-04;0;24
12;2025-12-04;1;0
12;2025-12-04;2;0
12;2025-12-04;3;0
12;2025-12-04;4;3
12;2025-12-04;5;314
12;2025-12-04;6;1375
12;2025-12-04;7;2657
12;2025-12-04;8;3485
12;2025-12-04;9;2473
12;2025-12-04;10;2010
12;2025-12-04;11;1924
12;2025-12-04;12;1967
12;2025-12-04;13;2022
12;2025-12-04;14;1958
12;2025-12-04;15;2187
12;2025-12-04;16;2665
12;2025-12-04;17;3021
12;2025-12-04;18;3172
12;2025-12-04;19;2432
12;2025-12-04;20;1562
12;2025-12-04;21;940
12;2025-12-04;22;480
12;2025-12-04;23;253
12;2025-12-05;0;33
12;2025-12-05;1;2
12;2025-12-05;2;0
12;2025-12-05;3;0
12;2025-12-05;4;3
12;2025-12-05;5;305
12;2025-12-05;6;1342
12;2025-12-05;7;2617
12;2025-12-05;8;3340
12;2025-12-05;9;2412
12;2025-12-05;10;1959
12;2025-12-05;11;1903
12;2025-12-05;12;1955
12;2025-12-05;13;2037
12;2025-12-05;14;1972
12;2025-12-05;15;2246
12;2025-12-05;16;2766
12;2025-12-05;17;2961
12;2025-12-05;18;2775
12;2025-12-05;19;2264
12;2025-12-05;20;1481
12;2025-12-05;21;951
12;2025-12-05;22;486
12;2025-12-05;23;279
12;2025-12-06;0;55
12;2025-12-06;1;5
12;2025-12-06;2;0
12;2025-12-06;3;0
12;2025-12-06;4;1
12;2025-12-06;5;213
12;2025-12-06;6;706
12;2025-12-06;7;845
12;2025-12-06;8;946
12;2025-12-06;9;1119
12;2025-12-06;10;1263
12;2025-12-06;11;1348
12;2025-12-06;12;1341
12;2025-12-06;13;1480
12;2025-12-06;14;1442
12;2025-12-06;15;1366
12;2025-12-06;16;1449
12;2025-12-06;17;1410
12;2025-12-06;18;1312
12;2025-12-06;19;1236
12;2025-12-06;20;969
12;2025-12-06;21;734
12;2025-12-06;22;403
12;2025-12-06;23;255
12;2025-12-07;0;49
12;2025-12-07;1;3
12;2025-12-07;2;0
12;2025-12-07;3;0
12;2025-12-07;4;3
12;2025-12-07;5;158
12;2025-12-07;6;493
12;2025-12-07;7;597
12;2025-12-07;8;704
12;2025-12-07;9;875
12;2025-12-07;10;1077
12;2025-12-07;11;1239
12;2025-12-07;12;1279
12;2025-12-07;13;1427
12;2025-12-07;14;1388
12;2025-12-07;15;1324
12;2025-12-07;16;1405
12;2025-12-07;17;1398
12;2025-12-07;18;1230
12;2025-12-07;19;1023
12;2025-12-07;20;786
12;2025-12-07;21;605
12;2025-12-07;22;359
12;2025-12-07;23;193
12;2025-12-08;0;27
12;2025-12-08;1;3
12;2025-12-08;2;0
12;2025-12-08;3;0
12;2025-12-08;4;6
12;2025-12-08;5;295
12;2025-12-08;6;1349
12;2025-12-08;7;2611
12;2025-12-08;8;3378
12;2025-12-08;9;2419
12;2025-12-08;10;1946
12;2025-12-08;11;1865
12;2025-12-08;12;1923
12;2025-12-08;13;1963
12;2025-12-08;14;1909
12;2025-12-08;15;2150
12;2025-12-08;16;2609
12;2025-12-08;17;2957
12;2025-12-08;18;3053
12;2025-12-08;19;2381
12;2025-12-08;20;1515
12;2025-12-08;21;899
12;2025-12-08;22;437
12;2025-12-08;23;218
12;2025-12-09;0;18
12;2025-12-09;1;0
12;2025-12-09;2;0
12;2025-12-09;3;0
12;2025-12-09;4;1
12;2025-12-09;5;302
12;2025-12-09;6;1371
12;2025-12-09;7;2664
12;2025-12-09;8;3486
12;2025-12-09;9;2465
12;2025-12-09;10;2004
12;2025-12-09;11;1903
12;2025-12-09;12;1954
12;2025-12-09;13;1997
12;2025-12-09;14;1929
12;2025-12-09;15;2164
12;2025-12-09;16;2627
12;2025-12-09;17;2998
12;2025-12-09;18;3150
12;2025-12-09;19;2421
12;2025-12-09;20;1528
12;2025-12-09;21;907
12;2025-12-09;22;455
12;2025-12-09;23;228
12;2025-12-10;0;21
12;2025-12-10;1;7
12;2025-12-10;2;0
12;2025-12-10;3;0
12;2025-12-10;4;9
12;2025-12-10;5;310
12;2025-12-10;6;1383
12;2025-12-10;7;2639
12;2025-12-10;8;3441
12;2025-12-10;9;2485
12;2025-12-10;10;2018
12;2025-12-10;11;1912
12;2025-12-10;12;1989
12;2025-12-10;13;2035
12;2025-12-10;14;1968
12;2025-12-10;15;2191
12;2025-12-10;16;2661
12;2025-12-10;17;3012
12;2025-12-10;18;3155
12;2025-12-10;19;2434
12;2025-12-10;20;1565
12;2025-12-10;21;963
12;2025-12-10;22;488
12;2025-12-10;23;259
12;2025-12-11;0;23
12;2025-12-11;1;0
12;2025-12-11;2;0
12;2025-12-11;3;0
12;2025-12-11;4;3
12;2025-12-11;5;314
12;2025-12-11;6;1375
12;2025-12-11;7;2659
12;2025-12-11;8;3441
12;2025-12-11;9;2448
12;2025-12-11;10;2002
12;2025-12-11;11;1915
12;2025-12-11;12;1953
12;2025-12-11;13;2016
12;2025-12-11;14;1960
12;2025-12-11;15;2184
12;2025-12-11;16;2656
12;2025-12-11;17;2985
12;2025-12-11;18;3135
12;2025-12-11;19;2382
12;2025-12-11;20;1532
12;2025-12-11;21;911
12;2025-12-11;22;474
12;2025-12-11;23;251
12;2025-12-12;0;30
12;2025-12-12;1;3
12;2025-12-12;2;0
12;2025-12-12;3;0
12;2025-12-12;4;2
12;2025-12-12;5;302
12;2025-12-12;6;1340
12;2025-12-12;7;2605
12;2025-12-12;8;3323
12;2025-12-12;9;2395
12;2025-12-12;10;1956
12;2025-12-12;11;1895
12;2025-12-12;12;1932
12;2025-12-12;13;1985
12;2025-12-12;14;1931
12;2025-12-12;15;2174
12;2025-12-12;16;2701
12;2025-12-12;17;2945
12;2025-12-12;18;2765
12;2025-12-12;19;2268
12;2025-12-12;20;1473
12;2025-12-12;21;956
12;2025-12-12;22;482
12;2025-12-12;23;270
12;2025-12-13;0;54
12;2025-12-13;1;4
12;2025-12-13;2;0
12;2025-12-13;3;0
12;2025-12-13;4;1
12;2025-12-13;5;194
12;2025-12-13;6;699
12;2025-12-13;7;829
12;2025-12-13;8;902
12;2025-12-13;9;1121
12;2025-12-13;10;1262
12;2025-12-13;11;1356
12;2025-12-13;12;1338
12;2025-12-13;13;1477
12;2025-12-13;14;1441
12;2025-12-13;15;1372
12;2025-12-13;16;1450
12;2025-12-13;17;1409
12;2025-12-13;18;1308
12;2025-12-13;19;1239
12;2025-12-13;20;930
12;2025-12-13;21;685
12;2025-12-13;22;404
12;2025-12-13;23;243
12;2025-12-14;0;33
12;2025-12-14;1;11
12;2025-12-14;2;0
12;2025-12-14;3;0
12;2025-12-14;4;1
12;2025-12-14;5;148
12;2025-12-14;6;478
12;2025-12-14;7;585
12;2025-12-14;8;665
12;2025-12-14;9;871
12;2025-12-14;10;1068
12;2025-12-14;11;1230
12;2025-12-14;12;1271
12;2025-12-14;13;1420
12;2025-12-14;14;1371
12;2025-12-14;15;1313
12;2025-12-14;16;1395
12;2025-12-14;17;1391
12;2025-12-14;18;1228
12;2025-12-14;19;1021
12;2025-12-14;20;777
12;2025-12-14;21;590
12;2025-12-14;22;355
12;2025-12-14;23;197
12;2025-12-15;0;15
12;2025-12-15;1;0
12;2025-12-15;2;0
12;2025-12-15;3;0
12;2025-12-15;4;0
12;2025-12-15;5;229
12;2025-12-15;6;1287
12;2025-12-15;7;2562
12;2025-12-15;8;3329
12;2025-12-15;9;2356
12;2025-12-15;10;1889
12;2025-12-15;11;1777
12;2025-12-15;12;1883
12;2025-12-15;13;1924
12;2025-12-15;14;1871
12;2025-12-15;15;2110
12;2025-12-15;16;2573
12;2025-12-15;17;2947
12;2025-12-15;18;3045
12;2025-12-15;19;2351
12;2025-12-15;20;1476
12;2025-12-15;21;888
12;2025-12-15;22;425
12;2025-12-15;23;208
12;2025-12-16;0;16
12;2025-12-16;1;0
12;2025-12-16;2;0
12;2025-12-16;3;0
12;2025-12-16;4;4
12;2025-12-16;5;303
12;2025-12-16;6;1374
12;2025-12-16;7;2678
12;2025-12-16;8;3486
12;2025-12-16;9;2474
12;2025-12-16;10;2012
12;2025-12-16;11;1871
12;2025-12-16;12;1917
12;2025-12-16;13;1937
12;2025-12-16;14;1928
12;2025-12-16;15;2170
12;2025-12-16;16;2638
12;2025-12-16;17;3009
12;2025-12-16;18;3159
12;2025-12-16;19;2426
12;2025-12-16;20;1534
12;2025-12-16;21;914
12;2025-12-16;22;464
12;2025-12-16;23;234
12;2025-12-17;0;44
12;2025-12-17;1;8
12;2025-12-17;2;0
12;2025-12-17;3;0
12;2025-12-17;4;3
12;2025-12-17;5;320
12;2025-12-17;6;1390
12;2025-12-17;7;2645
12;2025-12-17;8;3463
12;2025-12-17;9;2492
12;2025-12-17;10;2035
12;2025-12-17;11;1950
12;2025-12-17;12;1991
12;2025-12-17;13;2036
12;2025-12-17;14;1969
12;2025-12-17;15;2191
12;2025-12-17;16;2662
12;2025-12-17;17;3013
12;2025-12-17;18;3156
12;2025-12-17;19;2434
12;2025-12-17;20;1566
12;2025-12-17;21;963
12;2025-12-17;22;488
12;2025-12-17;23;259
12;2025-12-18;0;23
12;2025-12-18;1;0
12;2025-12-18;2;0
12;2025-12-18;3;0
12;2025-12-18;4;2
12;2025-12-18;5;313
12;2025-12-18;6;1374
12;2025-12-18;7;2655
12;2025-12-18;8;3482
12;2025-12-18;9;2473
12;2025-12-18;10;2004
12;2025-12-18;11;1923
12;2025-12-18;12;1964
12;2025-12-18;13;2025
12;2025-12-18;14;1957
12;2025-12-18;15;2193
12;2025-12-18;16;2664
12;2025-12-18;17;3024
12;2025-12-18;18;3175
12;2025-12-18;19;2431
12;2025-12-18;20;1562
12;2025-12-18;21;939
12;2025-12-18;22;480
12;2025-12-18;23;253
12;2025-12-19;0;31
12;2025-12-19;1;0
12;2025-12-19;2;0
12;2025-12-19;3;0
12;2025-12-19;4;3
12;2025-12-19;5;305
12;2025-12-19;6;1342
12;2025-12-19;7;2613
12;2025-12-19;8;3335
12;2025-12-19;9;2411
12;2025-12-19;10;1952
12;2025-12-19;11;1906
12;2025-12-19;12;1951
12;2025-12-19;13;2042
12;2025-12-19;14;1973
12;2025-12-19;15;2250
12;2025-12-19;16;2767
12;2025-12-19;17;2945
12;2025-12-19;18;2762
12;2025-12-19;19;2261
12;2025-12-19;20;1471
12;2025-12-19;21;951
12;2025-12-19;22;484
12;2025-12-19;23;275
12;2025-12-20;0;55
12;2025-12-20;1;4
12;2025-12-20;2;0
12;2025-12-20;3;0
12;2025-12-20;4;2
12;2025-12-20;5;213
12;2025-12-20;6;707
12;2025-12-20;7;842
12;2025-12-20;8;946
12;2025-12-20;9;1119
12;2025-12-20;10;1262
12;2025-12-20;11;1355
12;2025-12-20;12;1341
12;2025-12-20;13;1481
12;2025-12-20;14;1441
12;2025-12-20;15;1368
12;2025-12-20;16;1454
12;2025-12-20;17;1413
12;2025-12-20;18;1309
12;2025-12-20;19;1235
12;2025-12-20;20;969
12;2025-12-20;21;731
12;2025-12-20;22;407
12;2025-12-20;23;253
12;2025-12-21;0;47
12;2025-12-21;1;4
12;2025-12-21;2;0
12;2025-12-21;3;0
12;2025-12-21;4;2
12;2025-12-21;5;156
12;2025-12-21;6;464
12;2025-12-21;7;607
12;2025-12-21;8;673
12;2025-12-21;9;871
12;2025-12-21;10;1068
12;2025-12-21;11;1233
12;2025-12-21;12;1277
12;2025-12-21;13;1424
12;2025-12-21;14;1378
12;2025-12-21;15;1323
12;2025-12-21;16;1405
12;2025-12-21;17;1398
12;2025-12-21;18;1230
12;2025-12-21;19;1023
12;2025-12-21;20;786
12;2025-12-21;21;605
12;2025-12-21;22;355
12;2025-12-21;23;192
12;2025-12-22;0;23
12;2025-12-22;1;3
12;2025-12-22;2;0
12;2025-12-22;3;0
12;2025-12-22;4;6
12;2025-12-22;5;297
12;2025-12-22;6;1351
12;2025-12-22;7;2611
12;2025-12-22;8;3378
12;2025-12-22;9;2429
12;2025-12-22;10;1924
12;2025-12-22;11;1863
12;2025-12-22;12;1926
12;2025-12-22;13;1964
12;2025-12-22;14;1909
12;2025-12-22;15;2131
12;2025-12-22;16;2607
12;2025-12-22;17;2954
12;2025-12-22;18;3042
12;2025-12-22;19;2380
12;2025-12-22;20;1507
12;2025-12-22;21;899
12;2025-12-22;22;425
12;2025-12-22;23;214
12;2025-12-23;0;17
12;2025-12-23;1;0
12;2025-12-23;2;0
12;2025-12-23;3;0
12;2025-12-23;4;0
12;2025-12-23;5;290
12;2025-12-23;6;1356
12;2025-12-23;7;2663
12;2025-12-23;8;3474
12;2025-12-23;9;2464
12;2025-12-23;10;1982
12;2025-12-23;11;1871
12;2025-12-23;12;1923
12;2025-12-23;13;1967
12;2025-12-23;14;1908
12;2025-12-23;15;2139
12;2025-12-23;16;2629
12;2025-12-23;17;3013
12;2025-12-23;18;3149
12;2025-12-23;19;2427
12;2025-12-23;20;1525
12;2025-12-23;21;911
12;2025-12-23;22;464
12;2025-12-23;23;234
12;2025-12-24;0;34
12;2025-12-24;1;6
12;2025-12-24;2;0
12;2025-12-24;3;0
12;2025-12-24;4;9
12;2025-12-24;5;329
12;2025-12-24;6;1390
12;2025-12-24;7;2644
12;2025-12-24;8;3458
12;2025-12-24;9;2496
12;2025-12-24;10;2010
12;2025-12-24;11;1922
12;2025-12-24;12;1936
12;2025-12-24;13;1977
12;2025-12-24;14;1928
12;2025-12-24;15;2141
12;2025-12-24;16;2664
12;2025-12-24;17;3016
12;2025-12-24;18;3150
12;2025-12-24;19;2446
12;2025-12-24;20;1543
12;2025-12-24;21;943
12;2025-12-24;22;482
12;2025-12-24;23;254
12;2025-12-25;0;16
12;2025-12-25;1;0
12;2025-12-25;2;0
12;2025-12-25;3;0
12;2025-12-25;4;3
12;2025-12-25;5;308
12;2025-12-25;6;1362
12;2025-12-25;7;2654
12;2025-12-25;8;3475
12;2025-12-25;9;2471
12;2025-12-25;10;2006
12;2025-12-25;11;1917
12;2025-12-25;12;1965
12;2025-12-25;13;2020
12;2025-12-25;14;1954
12;2025-12-25;15;2187
12;2025-12-25;16;2657
12;2025-12-25;17;3016
12;2025-12-25;18;3096
12;2025-12-25;19;2437
12;2025-12-25;20;1510
12;2025-12-25;21;918
12;2025-12-25;22;448
12;2025-12-25;23;221
12;2025-12-26;0;20
12;2025-12-26;1;2
12;2025-12-26;2;0
12;2025-12-26;3;0
12;2025-12-26;4;8
12;2025-12-26;5;314
12;2025-12-26;6;1341
12;2025-12-26;7;2622
12;2025-12-26;8;3335
12;2025-12-26;9;2412
12;2025-12-26;10;1955
12;2025-12-26;11;1893
12;2025-12-26;12;1939
12;2025-12-26;13;2067
12;2025-12-26;14;2001
12;2025-12-26;15;2271
12;2025-12-26;16;2773
12;2025-12-26;17;2980
12;2025-12-26;18;2791
12;2025-12-26;19;2264
12;2025-12-26;20;1482
12;2025-12-26;21;952
12;2025-12-26;22;491
12;2025-12-26;23;277
12;2025-12-27;0;65
12;2025-12-27;1;1
12;2025-12-27;2;0
12;2025-12-27;3;0
12;2025-12-27;4;0
12;2025-12-27;5;215
12;2025-12-27;6;709
12;2025-12-27;7;855
12;2025-12-27;8;948
12;2025-12-27;9;1110
12;2025-12-27;10;1274
12;2025-12-27;11;1386
12;2025-12-27;12;1361
12;2025-12-27;13;1506
12;2025-12-27;14;1471
12;2025-12-27;15;1392
12;2025-12-27;16;1483
12;2025-12-27;17;1440
12;2025-12-27;18;1324
12;2025-12-27;19;1242
12;2025-12-27;20;972
12;2025-12-27;21;713
12;2025-12-27;22;392
12;2025-12-27;23;256
12;2025-12-28;0;53
12;2025-12-28;1;10
12;2025-12-28;2;0
12;2025-12-28;3;0
12;2025-12-28;4;6
12;2025-12-28;5;154
12;2025-12-28;6;482
12;2025-12-28;7;559
12;2025-12-28;8;627
12;2025-12-28;9;853
12;2025-12-28;10;1057
12;2025-12-28;11;1178
12;2025-12-28;12;1262
12;2025-12-28;13;1418
12;2025-12-28;14;1392
12;2025-12-28;15;1293
12;2025-12-28;16;1424
12;2025-12-28;17;1413
12;2025-12-28;18;1237
12;2025-12-28;19;1024
12;2025-12-28;20;779
12;2025-12-28;21;590
12;2025-12-28;22;363
12;2025-12-28;23;202
12;2025-12-29;0;33
12;2025-12-29;1;0
12;2025-12-29;2;0
12;2025-12-29;3;0
12;2025-12-29;4;6
12;2025-12-29;5;299
12;2025-12-29;6;1362
12;2025-12-29;7;2619
12;2025-12-29;8;3367
12;2025-12-29;9;2427
12;2025-12-29;10;1953
12;2025-12-29;11;1839
12;2025-12-29;12;1924
12;2025-12-29;13;1951
12;2025-12-29;14;1906
12;2025-12-29;15;2149
12;2025-12-29;16;2595
12;2025-12-29;17;2970
12;2025-12-29;18;3061
12;2025-12-29;19;2366
12;2025-12-29;20;1502
12;2025-12-29;21;891
12;2025-12-29;22;432
12;2025-12-29;23;237
12;2025-12-30;0;18
12;2025-12-30;1;0
12;2025-12-30;2;0
12;2025-12-30;3;0
12;2025-12-30;4;5
12;2025-12-30;5;302
12;2025-12-30;6;1381
12;2025-12-30;7;2706
12;2025-12-30;8;3454
12;2025-12-30;9;2457
12;2025-12-30;10;1995
12;2025-12-30;11;1886
12;2025-12-30;12;1978
12;2025-12-30;13;2022
12;2025-12-30;14;1952
12;2025-12-30;15;2194
12;2025-12-30;16;2661
12;2025-12-30;17;3022
12;2025-12-30;18;3168
12;2025-12-30;19;2411
12;2025-12-30;20;1514
12;2025-12-30;21;911
12;2025-12-30;22;467
12;2025-12-30;23;248
12;2025-12-31;0;18
12;2025-12-31;1;3
12;2025-12-31;2;0
12;2025-12-31;3;0
12;2025-12-31;4;4
12;2025-12-31;5;216
12;2025-12-31;6;587
12;2025-12-31;7;703
12;2025-12-31;8;853
12;2025-12-31;9;920
12;2025-12-31;10;1075
12;2025-12-31;11;1194
12;2025-12-31;12;1279
12;2025-12-31;13;1353
12;2025-12-31;14;1323
12;2025-12-31;15;1265
12;2025-12-31;16;1385
12;2025-12-31;17;1354
12;2025-12-31;18;1339
12;2025-12-31;19;1081
12;2025-12-31;20;843
12;2025-12-31;21;678
12;2025-12-31;22;400
12;2025-12-31;23;238
17;2025-11-01;0;183
17;2025-11-01;1;8
17;2025-11-01;2;0
17;2025-11-01;3;0
17;2025-11-01;4;17
17;2025-11-01;5;314
17;2025-11-01;6;1465
17;2025-11-01;7;3706
17;2025-11-01;8;4947
17;2025-11-01;9;3673
17;2025-11-01;10;2977
17;2025-11-01;11;3065
17;2025-11-01;12;3111
17;2025-11-01;13;3190
17;2025-11-01;14;3256
17;2025-11-01;15;3386
17;2025-11-01;16;3802
17;2025-11-01;17;4430
17;2025-11-01;18;4487
17;2025-11-01;19;3268
17;2025-11-01;20;2346
17;2025-11-01;21;1567
17;2025-11-01;22;779
17;2025-11-01;23;435
17;2025-11-02;0;117
17;2025-11-02;1;12
17;2025-11-02;2;0
17;2025-11-02;3;0
17;2025-11-02;4;0
17;2025-11-02;5;69
17;2025-11-02;6;360
17;2025-11-02;7;828
17;2025-11-02;8;1085
17;2025-11-02;9;1505
17;2025-11-02;10;1781
17;2025-11-02;11;2178
17;2025-11-02;12;2443
17;2025-11-02;13;2527
17;2025-11-02;14;2651
17;2025-11-02;15;2666
17;2025-11-02;16;2642
17;2025-11-02;17;2659
17;2025-11-02;18;2393
17;2025-11-02;19;1929
17;2025-11-02;20;1564
17;2025-11-02;21;1080
17;2025-11-02;22;616
17;2025-11-02;23;283
17;2025-11-03;0;96
17;2025-11-03;1;7
17;2025-11-03;2;0
17;2025-11-03;3;0
17;2025-11-03;4;1
17;2025-11-03;5;126
17;2025-11-03;6;480
17;2025-11-03;7;1086
17;2025-11-03;8;1412
17;2025-11-03;9;1720
17;2025-11-03;10;1930
17;2025-11-03;11;2058
17;2025-11-03;12;2171
17;2025-11-03;13;2289
17;2025-11-03;14;2326
17;2025-11-03;15;2407
17;2025-11-03;16;2664
17;2025-11-03;17;2765
17;2025-11-03;18;2656
17;2025-11-03;19;2209
17;2025-11-03;20;1716
17;2025-11-03;21;1189
17;2025-11-03;22;703
17;2025-11-03;23;385
17;2025-11-04;0;174
17;2025-11-04;1;18
17;2025-11-04;2;0
17;2025-11-04;3;0
17;2025-11-04;4;8
17;2025-11-04;5;204
17;2025-11-04;6;571
17;2025-11-04;7;1216
17;2025-11-04;8;1423
17;2025-11-04;9;1703
17;2025-11-04;10;1890
17;2025-11-04;11;2045
17;2025-11-04;12;2174
17;2025-11-04;13;2355
17;2025-11-04;14;2744
17;2025-11-04;15;2756
17;2025-11-04;16;2815
17;2025-11-04;17;2817
17;2025-11-04;18;2726
17;2025-11-04;19;2271
17;2025-11-04;20;1751
17;2025-11-04;21;1239
17;2025-11-04;22;771
17;2025-11-04;23;408
17;2025-11-05;0;182
17;2025-11-05;1;25
17;2025-11-05;2;0
17;2025-11-05;3;0
17;2025-11-05;4;34
17;2025-11-05;5;293
17;2025-11-05;6;1453
17;2025-11-05;7;3722
17;2025-11-05;8;5062
17;2025-11-05;9;3630
17;2025-11-05;10;2909
17;2025-11-05;11;2917
17;2025-11-05;12;2969
17;2025-11-05;13;3038
17;2025-11-05;14;3094
17;2025-11-05;15;3167
17;2025-11-05;16;3584
17;2025-11-05;17;4423
17;2025-11-05;18;4728
17;2025-11-05;19;3378
17;2025-11-05;20;2360
17;2025-11-05;21;1512
17;2025-11-05;22;776
17;2025-11-05;23;388
17;2025-11-06;0;139
17;2025-11-06;1;2
17;2025-11-06;2;0
17;2025-11-06;3;0
17;2025-11-06;4;21
17;2025-11-06;5;331
17;2025-11-06;6;1505
17;2025-11-06;7;3789
17;2025-11-06;8;5102
17;2025-11-06;9;3701
17;2025-11-06;10;2929
17;2025-11-06;11;2795
17;2025-11-06;12;2944
17;2025-11-06;13;3047
17;2025-11-06;14;3062
17;2025-11-06;15;3120
17;2025-11-06;16;3560
17;2025-11-06;17;4389
17;2025-11-06;18;4754
17;2025-11-06;19;3417
17;2025-11-06;20;2251
17;2025-11-06;21;1552
17;2025-11-06;22;807
17;2025-11-06;23;425
17;2025-11-07;0;183
17;2025-11-07;1;21
17;2025-11-07;2;0
17;2025-11-07;3;0
17;2025-11-07;4;39
17;2025-11-07;5;321
17;2025-11-07;6;1517
17;2025-11-07;7;3756
17;2025-11-07;8;4944
17;2025-11-07;9;3557
17;2025-11-07;10;2928
17;2025-11-07;11;2932
17;2025-11-07;12;2967
17;2025-11-07;13;3053
17;2025-11-07;14;3105
17;2025-11-07;15;3270
17;2025-11-07;16;3762
17;2025-11-07;17;4409
17;2025-11-07;18;4391
17;2025-11-07;19;3261
17;2025-11-07;20;2351
17;2025-11-07;21;1592
17;2025-11-07;22;838
17;2025-11-07;23;475
17;2025-11-08;0;199
17;2025-11-08;1;15
17;2025-11-08;2;0
17;2025-11-08;3;0
17;2025-11-08;4;0
17;2025-11-08;5;180
17;2025-11-08;6;577
17;2025-11-08;7;1175
17;2025-11-08;8;1566
17;2025-11-08;9;1972
17;2025-11-08;10;2204
17;2025-11-08;11;2573
17;2025-11-08;12;2790
17;2025-11-08;13;2868
17;2025-11-08;14;2893
17;2025-11-08;15;2889
17;2025-11-08;16;2950
17;2025-11-08;17;2898
17;2025-11-08;18;2640
17;2025-11-08;19;2305
17;2025-11-08;20;1838
17;2025-11-08;21;1314
17;2025-11-08;22;766
17;2025-11-08;23;460
17;2025-11-09;0;182
17;2025-11-09;1;18
17;2025-11-09;2;0
17;2025-11-09;3;0
17;2025-11-09;4;0
17;2025-11-09;5;130
17;2025-11-09;6;425
17;2025-11-09;7;879
17;2025-11-09;8;1139
17;2025-11-09;9;1559
17;2025-11-09;10;1843
17;2025-11-09;11;2187
17;2025-11-09;12;2426
17;2025-11-09;13;2559
17;2025-11-09;14;2626
17;2025-11-09;15;2608
17;2025-11-09;16;2580
17;2025-11-09;17;2579
17;2025-11-09;18;2345
17;2025-11-09;19;1886
17;2025-11-09;20;1526
17;2025-11-09;21;1080
17;2025-11-09;22;617
17;2025-11-09;23;281
17;2025-11-10;0;76
17;2025-11-10;1;0
17;2025-11-10;2;0
17;2025-11-10;3;0
17;2025-11-10;4;17
17;2025-11-10;5;252
17;2025-11-10;6;1442
17;2025-11-10;7;3713
17;2025-11-10;8;5040
17;2025-11-10;9;3613
17;2025-11-10;10;2805
17;2025-11-10;11;2776
17;2025-11-10;12;2801
17;2025-11-10;13;2884
17;2025-11-10;14;2898
17;2025-11-10;15;3023
17;2025-11-10;16;3474
17;2025-11-10;17;4268
17;2025-11-10;18;4655
17;2025-11-10;19;3310
17;2025-11-10;20;2247
17;2025-11-10;21;1371
17;2025-11-10;22;659
17;2025-11-10;23;290
17;2025-11-11;0;79
17;2025-11-11;1;3
17;2025-11-11;2;0
17;2025-11-11;3;0
17;2025-11-11;4;16
17;2025-11-11;5;271
17;2025-11-11;6;1482
17;2025-11-11;7;3795
17;2025-11-11;8;5105
17;2025-11-11;9;3662
17;2025-11-11;10;2845
17;2025-11-11;11;2806
17;2025-11-11;12;2845
17;2025-11-11;13;2973
17;2025-11-11;14;3013
17;2025-11-11;15;3088
17;2025-11-11;16;3536
17;2025-11-11;17;4349
17;2025-11-11;18;4715
17;2025-11-11;19;3379
17;2025-11-11;20;2294
17;2025-11-11;21;1435
17;2025-11-11;22;710
17;2025-11-11;23;313
17;2025-11-12;0;88
17;2025-11-12;1;2
17;2025-11-12;2;0
17;2025-11-12;3;0
17;2025-11-12;4;20
17;2025-11-12;5;284
17;2025-11-12;6;1464
17;2025-11-12;7;3743
17;2025-11-12;8;5060
17;2025-11-12;9;3633
17;2025-11-12;10;2827
17;2025-11-12;11;2757
17;2025-11-12;12;2801
17;2025-11-12;13;2897
17;2025-11-12;14;2939
17;2025-11-12;15;3058
17;2025-11-12;16;3532
17;2025-11-12;17;4327
17;2025-11-12;18;4609
17;2025-11-12;19;3303
17;2025-11-12;20;2275
17;2025-11-12;21;1445
17;2025-11-12;22;728
17;2025-11-12;23;333
17;2025-11-13;0;93
17;2025-11-13;1;0
17;2025-11-13;2;0
17;2025-11-13;3;0
17;2025-11-13;4;12
17;2025-11-13;5;276
17;2025-11-13;6;1441
17;2025-11-13;7;3749
17;2025-11-13;8;5068
17;2025-11-13;9;3649
17;2025-11-13;10;2871
17;2025-11-13;11;2859
17;2025-11-13;12;2916
17;2025-11-13;13;3009
17;2025-11-13;14;3032
17;2025-11-13;15;3152
17;2025-11-13;16;3606
17;2025-11-13;17;4380
17;2025-11-13;18;4729
17;2025-11-13;19;3401
17;2025-11-13;20;2314
17;2025-11-13;21;1483
17;2025-11-13;22;734
17;2025-11-13;23;347
17;2025-11-14;0;100
17;2025-11-14;1;7
17;2025-11-14;2;0
17;2025-11-14;3;0
17;2025-11-14;4;15
17;2025-11-14;5;257
17;2025-11-14;6;1442
17;2025-11-14;7;3688
17;2025-11-14;8;4944
17;2025-11-14;9;3632
17;2025-11-14;10;2903
17;2025-11-14;11;2899
17;2025-11-14;12;2945
17;2025-11-14;13;3021
17;2025-11-14;14;3075
17;2025-11-14;15;3260
17;2025-11-14;16;3752
17;2025-11-14;17;4386
17;2025-11-14;18;4374
17;2025-11-14;19;3246
17;2025-11-14;20;2270
17;2025-11-14;21;1493
17;2025-11-14;22;769
17;2025-11-14;23;420
17;2025-11-15;0;114
17;2025-11-15;1;0
17;2025-11-15;2;0
17;2025-11-15;3;0
17;2025-11-15;4;0
17;2025-11-15;5;60
17;2025-11-15;6;458
17;2025-11-15;7;992
17;2025-11-15;8;1383
17;2025-11-15;9;1710
17;2025-11-15;10;1943
17;2025-11-15;11;2199
17;2025-11-15;12;2274
17;2025-11-15;13;2584
17;2025-11-15;14;2662
17;2025-11-15;15;2682
17;2025-11-15;16;2731
17;2025-11-15;17;2729
17;2025-11-15;18;2563
17;2025-11-15;19;2196
17;2025-11-15;20;1804
17;2025-11-15;21;1239
17;2025-11-15;22;691
17;2025-11-15;23;367
17;2025-11-16;0;75
17;2025-11-16;1;6
17;2025-11-16;2;0
17;2025-11-16;3;0
17;2025-11-16;4;0
17;2025-11-16;5;42
17;2025-11-16;6;335
17;2025-11-16;7;803
17;2025-11-16;8;1057
17;2025-11-16;9;1481
17;2025-11-16;10;1795
17;2025-11-16;11;2119
17;2025-11-16;12;2356
17;2025-11-16;13;2504
17;2025-11-16;14;2525
17;2025-11-16;15;2546
17;2025-11-16;16;2538
17;2025-11-16;17;2556
17;2025-11-16;18;2311
17;2025-11-16;19;1854
17;2025-11-16;20;1488
17;2025-11-16;21;1048
17;2025-11-16;22;585
17;2025-11-16;23;260
17;2025-11-17;0;73
17;2025-11-17;1;3
17;2025-11-17;2;0
17;2025-11-17;3;0
17;2025-11-17;4;17
17;2025-11-17;5;252
17;2025-11-17;6;1444
17;2025-11-17;7;3731
17;2025-11-17;8;5054
17;2025-11-17;9;3627
17;2025-11-17;10;2755
17;2025-11-17;11;2717
17;2025-11-17;12;2658
17;2025-11-17;13;2691
17;2025-11-17;14;2810
17;2025-11-17;15;2932
17;2025-11-17;16;3402
17;2025-11-17;17;4183
17;2025-11-17;18;4663
17;2025-11-17;19;3318
17;2025-11-17;20;2252
17;2025-11-17;21;1318
17;2025-11-17;22;661
17;2025-11-17;23;289
17;2025-11-18;0;77
17;2025-11-18;1;0
17;2025-11-18;2;0
17;2025-11-18;3;0
17;2025-11-18;4;5
17;2025-11-18;5;255
17;2025-11-18;6;1505
17;2025-11-18;7;3827
17;2025-11-18;8;5053
17;2025-11-18;9;3596
17;2025-11-18;10;2755
17;2025-11-18;11;2802
17;2025-11-18;12;2854
17;2025-11-18;13;2905
17;2025-11-18;14;2972
17;2025-11-18;15;3098
17;2025-11-18;16;3556
17;2025-11-18;17;4347
17;2025-11-18;18;4653
17;2025-11-18;19;3290
17;2025-11-18;20;2230
17;2025-11-18;21;1436
17;2025-11-18;22;710
17;2025-11-18;23;319
17;2025-11-19;0;82
17;2025-11-19;1;0
17;2025-11-19;2;0
17;2025-11-19;3;0
17;2025-11-19;4;23
17;2025-11-19;5;282
17;2025-11-19;6;1466
17;2025-11-19;7;3761
17;2025-11-19;8;5067
17;2025-11-19;9;3638
17;2025-11-19;10;2868
17;2025-11-19;11;2843
17;2025-11-19;12;2880
17;2025-11-19;13;2959
17;2025-11-19;14;2981
17;2025-11-19;15;3102
17;2025-11-19;16;3534
17;2025-11-19;17;4338
17;2025-11-19;18;4672
17;2025-11-19;19;3306
17;2025-11-19;20;2282
17;2025-11-19;21;1457
17;2025-11-19;22;732
17;2025-11-19;23;343
17;2025-11-20;0;97
17;2025-11-20;1;5
17;2025-11-20;2;0
17;2025-11-20;3;0
17;2025-11-20;4;15
17;2025-11-20;5;285
17;2025-11-20;6;1464
17;2025-11-20;7;3773
17;2025-11-20;8;5096
17;2025-11-20;9;3658
17;2025-11-20;10;2885
17;2025-11-20;11;2847
17;2025-11-20;12;2875
17;2025-11-20;13;2958
17;2025-11-20;14;2986
17;2025-11-20;15;3093
17;2025-11-20;16;3557
17;2025-11-20;17;4341
17;2025-11-20;18;4709
17;2025-11-20;19;3364
17;2025-11-20;20;2292
17;2025-11-20;21;1466
17;2025-11-20;22;740
17;2025-11-20;23;349
17;2025-11-21;0;87
17;2025-11-21;1;7
17;2025-11-21;2;0
17;2025-11-21;3;0
17;2025-11-21;4;15
17;2025-11-21;5;220
17;2025-11-21;6;1413
17;2025-11-21;7;3673
17;2025-11-21;8;4954
17;2025-11-21;9;3586
17;2025-11-21;10;2847
17;2025-11-21;11;2846
17;2025-11-21;12;2819
17;2025-11-21;13;2943
17;2025-11-21;14;2994
17;2025-11-21;15;3165
17;2025-11-21;16;3679
17;2025-11-21;17;4316
17;2025-11-21;18;4311
17;2025-11-21;19;3169
17;2025-11-21;20;2231
17;2025-11-21;21;1482
17;2025-11-21;22;728
17;2025-11-21;23;372
17;2025-11-22;0;114
17;2025-11-22;1;10
17;2025-11-22;2;0
17;2025-11-22;3;0
17;2025-11-22;4;0
17;2025-11-22;5;65
17;2025-11-22;6;482
17;2025-11-22;7;1084
17;2025-11-22;8;1452
17;2025-11-22;9;1829
17;2025-11-22;10;2132
17;2025-11-22;11;2427
17;2025-11-22;12;2606
17;2025-11-22;13;2629
17;2025-11-22;14;2666
17;2025-11-22;15;2677
17;2025-11-22;16;2728
17;2025-11-22;17;2729
17;2025-11-22;18;2564
17;2025-11-22;19;2237
17;2025-11-22;20;1741
17;2025-11-22;21;1108
17;2025-11-22;22;597
17;2025-11-22;23;326
17;2025-11-23;0;70
17;2025-11-23;1;17
17;2025-11-23;2;0
17;2025-11-23;3;0
17;2025-11-23;4;0
17;2025-11-23;5;51
17;2025-11-23;6;345
17;2025-11-23;7;808
17;2025-11-23;8;1073
17;2025-11-23;9;1488
17;2025-11-23;10;1768
17;2025-11-23;11;2122
17;2025-11-23;12;2364
17;2025-11-23;13;2515
17;2025-11-23;14;2571
17;2025-11-23;15;2581
17;2025-11-23;16;2518
17;2025-11-23;17;2568
17;2025-11-23;18;2322
17;2025-11-23;19;1863
17;2025-11-23;20;1507
17;2025-11-23;21;1059
17;2025-11-23;22;592
17;2025-11-23;23;265
17;2025-11-24;0;76
17;2025-11-24;1;2
17;2025-11-24;2;0
17;2025-11-24;3;0
17;2025-11-24;4;14
17;2025-11-24;5;217
17;2025-11-24;6;1412
17;2025-11-24;7;3697
17;2025-11-24;8;4981
17;2025-11-24;9;3518
17;2025-11-24;10;2670
17;2025-11-24;11;2587
17;2025-11-24;12;2650
17;2025-11-24;13;2820
17;2025-11-24;14;2826
17;2025-11-24;15;2955
17;2025-11-24;16;3475
17;2025-11-24;17;4275
17;2025-11-24;18;4666
17;2025-11-24;19;3315
17;2025-11-24;20;2249
17;2025-11-24;21;1376
17;2025-11-24;22;658
17;2025-11-24;23;292
17;2025-11-25;0;81
17;2025-11-25;1;6
17;2025-11-25;2;0
17;2025-11-25;3;0
17;2025-11-25;4;19
17;2025-11-25;5;278
17;2025-11-25;6;1488
17;2025-11-25;7;3813
17;2025-11-25;8;5115
17;2025-11-25;9;3673
17;2025-11-25;10;2863
17;2025-11-25;11;2823
17;2025-11-25;12;2857
17;2025-11-25;13;2944
17;2025-11-25;14;2981
17;2025-11-25;15;3093
17;2025-11-25;16;3540
17;2025-11-25;17;4361
17;2025-11-25;18;4727
17;2025-11-25;19;3386
17;2025-11-25;20;2300
17;2025-11-25;21;1436
17;2025-11-25;22;713
17;2025-11-25;23;320
17;2025-11-26;0;71
17;2025-11-26;1;0
17;2025-11-26;2;0
17;2025-11-26;3;0
17;2025-11-26;4;13
17;2025-11-26;5;252
17;2025-11-26;6;1433
17;2025-11-26;7;3698
17;2025-11-26;8;5032
17;2025-11-26;9;3520
17;2025-11-26;10;2780
17;2025-11-26;11;2737
17;2025-11-26;12;2809
17;2025-11-26;13;2925
17;2025-11-26;14;2949
17;2025-11-26;15;3061
17;2025-11-26;16;3395
17;2025-11-26;17;4185
17;2025-11-26;18;4622
17;2025-11-26;19;3218
17;2025-11-26;20;2196
17;2025-11-26;21;1380
17;2025-11-26;22;694
17;2025-11-26;23;333
17;2025-11-27;0;88
17;2025-11-27;1;3
17;2025-11-27;2;0
17;2025-11-27;3;0
17;2025-11-27;4;15
17;2025-11-27;5;284
17;2025-11-27;6;1455
17;2025-11-27;7;3746
17;2025-11-27;8;5072
17;2025-11-27;9;3652
17;2025-11-27;10;2871
17;2025-11-27;11;2726
17;2025-11-27;12;2729
17;2025-11-27;13;2893
17;2025-11-27;14;2886
17;2025-11-27;15;3093
17;2025-11-27;16;3553
17;2025-11-27;17;4226
17;2025-11-27;18;4552
17;2025-11-27;19;3209
17;2025-11-27;20;2196
17;2025-11-27;21;1398
17;2025-11-27;22;672
17;2025-11-27;23;308
17;2025-11-28;0;110
17;2025-11-28;1;4
17;2025-11-28;2;0
17;2025-11-28;3;0
17;2025-11-28;4;14
17;2025-11-28;5;282
17;2025-11-28;6;1439
17;2025-11-28;7;3687
17;2025-11-28;8;4961
17;2025-11-28;9;3596
17;2025-11-28;10;2864
17;2025-11-28;11;2860
17;2025-11-28;12;2891
17;2025-11-28;13;2958
17;2025-11-28;14;3013
17;2025-11-28;15;3182
17;2025-11-28;16;3694
17;2025-11-28;17;4313
17;2025-11-28;18;4303
17;2025-11-28;19;3167
17;2025-11-28;20;2233
17;2025-11-28;21;1484
17;2025-11-28;22;731
17;2025-11-28;23;372
17;2025-11-29;0;116
17;2025-11-29;1;11
17;2025-11-29;2;0
17;2025-11-29;3;0
17;2025-11-29;4;0
17;2025-11-29;5;113
17;2025-11-29;6;499
17;2025-11-29;7;1094
17;2025-11-29;8;1483
17;2025-11-29;9;1905
17;2025-11-29;10;2136
17;2025-11-29;11;2432
17;2025-11-29;12;2612
17;2025-11-29;13;2628
17;2025-11-29;14;2661
17;2025-11-29;15;2677
17;2025-11-29;16;2729
17;2025-11-29;17;2729
17;2025-11-29;18;2565
17;2025-11-29;19;2237
17;2025-11-29;20;1743
17;2025-11-29;21;1226
17;2025-11-29;22;679
17;2025-11-29;23;379
17;2025-11-30;0;76
17;2025-11-30;1;15
17;2025-11-30;2;0
17;2025-11-30;3;0
17;2025-11-30;4;0
17;2025-11-30;5;62
17;2025-11-30;6;349
17;2025-11-30;7;809
17;2025-11-30;8;1068
17;2025-11-30;9;1489
17;2025-11-30;10;1778
17;2025-11-30;11;2125
17;2025-11-30;12;2366
17;2025-11-30;13;2499
17;2025-11-30;14;2539
17;2025-11-30;15;2567
17;2025-11-30;16;2555
17;2025-11-30;17;2585
17;2025-11-30;18;2345
17;2025-11-30;19;1886
17;2025-11-30;20;1526
17;2025-11-30;21;1086
17;2025-11-30;22;617
17;2025-11-30;23;284
17;2025-12-01;0;77
17;2025-12-01;1;3
17;2025-12-01;2;0
17;2025-12-01;3;0
17;2025-12-01;4;16
17;2025-12-01;5;245
17;2025-12-01;6;1442
17;2025-12-01;7;3731
17;2025-12-01;8;5062
17;2025-12-01;9;3616
17;2025-12-01;10;2807
17;2025-12-01;11;2775
17;2025-12-01;12;2801
17;2025-12-01;13;2886
17;2025-12-01;14;2906
17;2025-12-01;15;3024
17;2025-12-01;16;3479
17;2025-12-01;17;4280
17;2025-12-01;18;4666
17;2025-12-01;19;3312
17;2025-12-01;20;2250
17;2025-12-01;21;1368
17;2025-12-01;22;657
17;2025-12-01;23;291
17;2025-12-02;0;85
17;2025-12-02;1;6
17;2025-12-02;2;0
17;2025-12-02;3;0
17;2025-12-02;4;19
17;2025-12-02;5;277
17;2025-12-02;6;1487
17;2025-12-02;7;3813
17;2025-12-02;8;5113
17;2025-12-02;9;3667
17;2025-12-02;10;2860
17;2025-12-02;11;2820
17;2025-12-02;12;2852
17;2025-12-02;13;2939
17;2025-12-02;14;2979
17;2025-12-02;15;3091
17;2025-12-02;16;3539
17;2025-12-02;17;4358
17;2025-12-02;18;4722
17;2025-12-02;19;3382
17;2025-12-02;20;2295
17;2025-12-02;21;1436
17;2025-12-02;22;710
17;2025-12-02;23;319
17;2025-12-03;0;89
17;2025-12-03;1;3
17;2025-12-03;2;0
17;2025-12-03;3;0
17;2025-12-03;4;19
17;2025-12-03;5;282
17;2025-12-03;6;1466
17;2025-12-03;7;3761
17;2025-12-03;8;5067
17;2025-12-03;9;3636
17;2025-12-03;10;2868
17;2025-12-03;11;2843
17;2025-12-03;12;2880
17;2025-12-03;13;2957
17;2025-12-03;14;2980
17;2025-12-03;15;3101
17;2025-12-03;16;3534
17;2025-12-03;17;4337
17;2025-12-03;18;4669
17;2025-12-03;19;3304
17;2025-12-03;20;2278
17;2025-12-03;21;1453
17;2025-12-03;22;727
17;2025-12-03;23;342
17;2025-12-04;0;95
17;2025-12-04;1;3
17;2025-12-04;2;0
17;2025-12-04;3;0
17;2025-12-04;4;14
17;2025-12-04;5;288
17;2025-12-04;6;1464
17;2025-12-04;7;3774
17;2025-12-04;8;5095
17;2025-12-04;9;3656
17;2025-12-04;10;2884
17;2025-12-04;11;2847
17;2025-12-04;12;2875
17;2025-12-04;13;2958
17;2025-12-04;14;2985
17;2025-12-04;15;3091
17;2025-12-04;16;3552
17;2025-12-04;17;4333
17;2025-12-04;18;4703
17;2025-12-04;19;3362
17;2025-12-04;20;2293
17;2025-12-04;21;1469
17;2025-12-04;22;740
17;2025-12-04;23;347
17;2025-12-05;0;83
17;2025-12-05;1;8
17;2025-12-05;2;0
17;2025-12-05;3;0
17;2025-12-05;4;18
17;2025-12-05;5;249
17;2025-12-05;6;1435
17;2025-12-05;7;3690
17;2025-12-05;8;4948
17;2025-12-05;9;3583
17;2025-12-05;10;2849
17;2025-12-05;11;2845
17;2025-12-05;12;2874
17;2025-12-05;13;2942
17;2025-12-05;14;2996
17;2025-12-05;15;3165
17;2025-12-05;16;3679
17;2025-12-05;17;4317
17;2025-12-05;18;4303
17;2025-12-05;19;3167
17;2025-12-05;20;2250
17;2025-12-05;21;1485
17;2025-12-05;22;730
17;2025-12-05;23;369
17;2025-12-06;0;114
17;2025-12-06;1;13
17;2025-12-06;2;0
17;2025-12-06;3;0
17;2025-12-06;4;0
17;2025-12-06;5;115
17;2025-12-06;6;500
17;2025-12-06;7;1092
17;2025-12-06;8;1478
17;2025-12-06;9;1905
17;2025-12-06;10;2138
17;2025-12-06;11;2445
17;2025-12-06;12;2625
17;2025-12-06;13;2641
17;2025-12-06;14;2673
17;2025-12-06;15;2694
17;2025-12-06;16;2744
17;2025-12-06;17;2744
17;2025-12-06;18;2577
17;2025-12-06;19;2236
17;2025-12-06;20;1740
17;2025-12-06;21;1244
17;2025-12-06;22;679
17;2025-12-06;23;378
17;2025-12-07;0;91
17;2025-12-07;1;17
17;2025-12-07;2;0
17;2025-12-07;3;0
17;2025-12-07;4;0
17;2025-12-07;5;62
17;2025-12-07;6;349
17;2025-12-07;7;809
17;2025-12-07;8;1068
17;2025-12-07;9;1489
17;2025-12-07;10;1775
17;2025-12-07;11;2122
17;2025-12-07;12;2365
17;2025-12-07;13;2498
17;2025-12-07;14;2535
17;2025-12-07;15;2550
17;2025-12-07;16;2542
17;2025-12-07;17;2570
17;2025-12-07;18;2329
17;2025-12-07;19;1868
17;2025-12-07;20;1506
17;2025-12-07;21;1066
17;2025-12-07;22;597
17;2025-12-07;23;268
17;2025-12-08;0;75
17;2025-12-08;1;3
17;2025-12-08;2;0
17;2025-12-08;3;0
17;2025-12-08;4;17
17;2025-12-08;5;256
17;2025-12-08;6;1446
17;2025-12-08;7;3731
17;2025-12-08;8;5062
17;2025-12-08;9;3614
17;2025-12-08;10;2806
17;2025-12-08;11;2777
17;2025-12-08;12;2801
17;2025-12-08;13;2885
17;2025-12-08;14;2905
17;2025-12-08;15;3024
17;2025-12-08;16;3477
17;2025-12-08;17;4280
17;2025-12-08;18;4666
17;2025-12-08;19;3316
17;2025-12-08;20;2251
17;2025-12-08;21;1370
17;2025-12-08;22;660
17;2025-12-08;23;292
17;2025-12-09;0;85
17;2025-12-09;1;8
17;2025-12-09;2;0
17;2025-12-09;3;0
17;2025-12-09;4;19
17;2025-12-09;5;272
17;2025-12-09;6;1486
17;2025-12-09;7;3810
17;2025-12-09;8;5107
17;2025-12-09;9;3669
17;2025-12-09;10;2860
17;2025-12-09;11;2821
17;2025-12-09;12;2854
17;2025-12-09;13;2941
17;2025-12-09;14;2981
17;2025-12-09;15;3089
17;2025-12-09;16;3541
17;2025-12-09;17;4360
17;2025-12-09;18;4723
17;2025-12-09;19;3382
17;2025-12-09;20;2297
17;2025-12-09;21;1435
17;2025-12-09;22;690
17;2025-12-09;23;301
17;2025-12-10;0;72
17;2025-12-10;1;0
17;2025-12-10;2;0
17;2025-12-10;3;0
17;2025-12-10;4;12
17;2025-12-10;5;245
17;2025-12-10;6;1443
17;2025-12-10;7;3713
17;2025-12-10;8;5037
17;2025-12-10;9;3616
17;2025-12-10;10;2837
17;2025-12-10;11;2808
17;2025-12-10;12;2884
17;2025-12-10;13;2964
17;2025-12-10;14;2982
17;2025-12-10;15;3105
17;2025-12-10;16;3539
17;2025-12-10;17;4340
17;2025-12-10;18;4674
17;2025-12-10;19;3307
17;2025-12-10;20;2282
17;2025-12-10;21;1454
17;2025-12-10;22;727
17;2025-12-10;23;341
17;2025-12-11;0;95
17;2025-12-11;1;3
17;2025-12-11;2;0
17;2025-12-11;3;0
17;2025-12-11;4;14
17;2025-12-11;5;289
17;2025-12-11;6;1464
17;2025-12-11;7;3775
17;2025-12-11;8;4960
17;2025-12-11;9;3543
17;2025-12-11;10;2791
17;2025-12-11;11;2774
17;2025-12-11;12;2803
17;2025-12-11;13;2916
17;2025-12-11;14;2985
17;2025-12-11;15;3049
17;2025-12-11;16;3488
17;2025-12-11;17;4234
17;2025-12-11;18;4607
17;2025-12-11;19;3214
17;2025-12-11;20;2193
17;2025-12-11;21;1383
17;2025-12-11;22;722
17;2025-12-11;23;346
17;2025-12-12;0;100
17;2025-12-12;1;7
17;2025-12-12;2;0
17;2025-12-12;3;0
17;2025-12-12;4;15
17;2025-12-12;5;254
17;2025-12-12;6;1431
17;2025-12-12;7;3689
17;2025-12-12;8;4895
17;2025-12-12;9;3592
17;2025-12-12;10;2812
17;2025-12-12;11;2847
17;2025-12-12;12;2754
17;2025-12-12;13;2833
17;2025-12-12;14;2914
17;2025-12-12;15;3015
17;2025-12-12;16;3514
17;2025-12-12;17;4278
17;2025-12-12;18;4283
17;2025-12-12;19;3179
17;2025-12-12;20;2226
17;2025-12-12;21;1478
17;2025-12-12;22;710
17;2025-12-12;23;347
17;2025-12-13;0;114
17;2025-12-13;1;2
17;2025-12-13;2;0
17;2025-12-13;3;0
17;2025-12-13;4;0
17;2025-12-13;5;84
17;2025-12-13;6;493
17;2025-12-13;7;1083
17;2025-12-13;8;1442
17;2025-12-13;9;1893
17;2025-12-13;10;2126
17;2025-12-13;11;2421
17;2025-12-13;12;2600
17;2025-12-13;13;2622
17;2025-12-13;14;2657
17;2025-12-13;15;2667
17;2025-12-13;16;2728
17;2025-12-13;17;2719
17;2025-12-13;18;2559
17;2025-12-13;19;2192
17;2025-12-13;20;1701
17;2025-12-13;21;1181
17;2025-12-13;22;672
17;2025-12-13;23;357
17;2025-12-14;0;62
17;2025-12-14;1;8
17;2025-12-14;2;0
17;2025-12-14;3;0
17;2025-12-14;4;0
17;2025-12-14;5;45
17;2025-12-14;6;337
17;2025-12-14;7;802
17;2025-12-14;8;1049
17;2025-12-14;9;1483
17;2025-12-14;10;1761
17;2025-12-14;11;2102
17;2025-12-14;12;2352
17;2025-12-14;13;2488
17;2025-12-14;14;2530
17;2025-12-14;15;2540
17;2025-12-14;16;2541
17;2025-12-14;17;2556
17;2025-12-14;18;2307
17;2025-12-14;19;1846
17;2025-12-14;20;1493
17;2025-12-14;21;1051
17;2025-12-14;22;587
17;2025-12-14;23;261
17;2025-12-15;0;72
17;2025-12-15;1;0
17;2025-12-15;2;0
17;2025-12-15;3;0
17;2025-12-15;4;12
17;2025-12-15;5;251
17;2025-12-15;6;1437
17;2025-12-15;7;3732
17;2025-12-15;8;5058
17;2025-12-15;9;3623
17;2025-12-15;10;2815
17;2025-12-15;11;2735
17;2025-12-15;12;2799
17;2025-12-15;13;2879
17;2025-12-15;14;2905
17;2025-12-15;15;3019
17;2025-12-15;16;3484
17;2025-12-15;17;4273
17;2025-12-15;18;4662
17;2025-12-15;19;3319
17;2025-12-15;20;2252
17;2025-12-15;21;1369
17;2025-12-15;22;659
17;2025-12-15;23;294
17;2025-12-16;0;76
17;2025-12-16;1;6
17;2025-12-16;2;0
17;2025-12-16;3;0
17;2025-12-16;4;16
17;2025-12-16;5;268
17;2025-12-16;6;1485
17;2025-12-16;7;3807
17;2025-12-16;8;5103
17;2025-12-16;9;3675
17;2025-12-16;10;2824
17;2025-12-16;11;2764
17;2025-12-16;12;2724
17;2025-12-16;13;2805
17;2025-12-16;14;2952
17;2025-12-16;15;3104
17;2025-12-16;16;3555
17;2025-12-16;17;4361
17;2025-12-16;18;4728
17;2025-12-16;19;3384
17;2025-12-16;20;2302
17;2025-12-16;21;1437
17;2025-12-16;22;715
17;2025-12-16;23;318
17;2025-12-17;0;88
17;2025-12-17;1;2
17;2025-12-17;2;0
17;2025-12-17;3;0
17;2025-12-17;4;22
17;2025-12-17;5;285
17;2025-12-17;6;1467
17;2025-12-17;7;3763
17;2025-12-17;8;5068
17;2025-12-17;9;3636
17;2025-12-17;10;2869
17;2025-12-17;11;2844
17;2025-12-17;12;2881
17;2025-12-17;13;2960
17;2025-12-17;14;2984
17;2025-12-17;15;3102
17;2025-12-17;16;3534
17;2025-12-17;17;4339
17;2025-12-17;18;4670
17;2025-12-17;19;3306
17;2025-12-17;20;2279
17;2025-12-17;21;1453
17;2025-12-17;22;727
17;2025-12-17;23;341
17;2025-12-18;0;98
17;2025-12-18;1;5
17;2025-12-18;2;0
17;2025-12-18;3;0
17;2025-12-18;4;17
17;2025-12-18;5;291
17;2025-12-18;6;1467
17;2025-12-18;7;3776
17;2025-12-18;8;5100
17;2025-12-18;9;3663
17;2025-12-18;10;2887
17;2025-12-18;11;2848
17;2025-12-18;12;2876
17;2025-12-18;13;2960
17;2025-12-18;14;2987
17;2025-12-18;15;3094
17;2025-12-18;16;3556
17;2025-12-18;17;4339
17;2025-12-18;18;4713
17;2025-12-18;19;3367
17;2025-12-18;20;2298
17;2025-12-18;21;1468
17;2025-12-18;22;740
17;2025-12-18;23;351
17;2025-12-19;0;83
17;2025-12-19;1;9
17;2025-12-19;2;0
17;2025-12-19;3;0
17;2025-12-19;4;18
17;2025-12-19;5;250
17;2025-12-19;6;1436
17;2025-12-19;7;3690
17;2025-12-19;8;4949
17;2025-12-19;9;3586
17;2025-12-19;10;2849
17;2025-12-19;11;2848
17;2025-12-19;12;2875
17;2025-12-19;13;2945
17;2025-12-19;14;2996
17;2025-12-19;15;3165
17;2025-12-19;16;3681
17;2025-12-19;17;4243
17;2025-12-19;18;4258
17;2025-12-19;19;3169
17;2025-12-19;20;2230
17;2025-12-19;21;1481
17;2025-12-19;22;728
17;2025-12-19;23;370
17;2025-12-20;0;114
17;2025-12-20;1;12
17;2025-12-20;2;0
17;2025-12-20;3;0
17;2025-12-20;4;0
17;2025-12-20;5;112
17;2025-12-20;6;501
17;2025-12-20;7;1094
17;2025-12-20;8;1483
17;2025-12-20;9;1900
17;2025-12-20;10;2134
17;2025-12-20;11;2430
17;2025-12-20;12;2611
17;2025-12-20;13;2631
17;2025-12-20;14;2664
17;2025-12-20;15;2677
17;2025-12-20;16;2731
17;2025-12-20;17;2729
17;2025-12-20;18;2564
17;2025-12-20;19;2238
17;2025-12-20;20;1740
17;2025-12-20;21;1223
17;2025-12-20;22;678
17;2025-12-20;23;377
17;2025-12-21;0;90
17;2025-12-21;1;16
17;2025-12-21;2;0
17;2025-12-21;3;0
17;2025-12-21;4;0
17;2025-12-21;5;64
17;2025-12-21;6;330
17;2025-12-21;7;805
17;2025-12-21;8;1062
17;2025-12-21;9;1490
17;2025-12-21;10;1768
17;2025-12-21;11;2112
17;2025-12-21;12;2363
17;2025-12-21;13;2497
17;2025-12-21;14;2534
17;2025-12-21;15;2550
17;2025-12-21;16;2542
17;2025-12-21;17;2571
17;2025-12-21;18;2330
17;2025-12-21;19;1868
17;2025-12-21;20;1506
17;2025-12-21;21;1065
17;2025-12-21;22;576
17;2025-12-21;23;269
17;2025-12-22;0;55
17;2025-12-22;1;0
17;2025-12-22;2;0
17;2025-12-22;3;0
17;2025-12-22;4;16
17;2025-12-22;5;254
17;2025-12-22;6;1444
17;2025-12-22;7;3730
17;2025-12-22;8;5057
17;2025-12-22;9;3551
17;2025-12-22;10;2711
17;2025-12-22;11;2707
17;2025-12-22;12;2732
17;2025-12-22;13;2886
17;2025-12-22;14;2905
17;2025-12-22;15;2977
17;2025-12-22;16;3480
17;2025-12-22;17;4273
17;2025-12-22;18;4625
17;2025-12-22;19;3323
17;2025-12-22;20;2247
17;2025-12-22;21;1364
17;2025-12-22;22;617
17;2025-12-22;23;269
17;2025-12-23;0;76
17;2025-12-23;1;7
17;2025-12-23;2;0
17;2025-12-23;3;0
17;2025-12-23;4;16
17;2025-12-23;5;274
17;2025-12-23;6;1489
17;2025-12-23;7;3813
17;2025-12-23;8;5108
17;2025-12-23;9;3672
17;2025-12-23;10;2861
17;2025-12-23;11;2819
17;2025-12-23;12;2848
17;2025-12-23;13;2933
17;2025-12-23;14;2977
17;2025-12-23;15;3084
17;2025-12-23;16;3532
17;2025-12-23;17;4344
17;2025-12-23;18;4710
17;2025-12-23;19;3378
17;2025-12-23;20;2293
17;2025-12-23;21;1427
17;2025-12-23;22;702
17;2025-12-23;23;315
17;2025-12-24;0;83
17;2025-12-24;1;3
17;2025-12-24;2;0
17;2025-12-24;3;0
17;2025-12-24;4;17
17;2025-12-24;5;279
17;2025-12-24;6;1459
17;2025-12-24;7;3758
17;2025-12-24;8;5066
17;2025-12-24;9;3634
17;2025-12-24;10;2866
17;2025-12-24;11;2835
17;2025-12-24;12;2815
17;2025-12-24;13;2900
17;2025-12-24;14;2969
17;2025-12-24;15;3046
17;2025-12-24;16;3526
17;2025-12-24;17;4323
17;2025-12-24;18;4624
17;2025-12-24;19;3292
17;2025-12-24;20;2250
17;2025-12-24;21;1415
17;2025-12-24;22;694
17;2025-12-24;23;314
17;2025-12-25;0;76
17;2025-12-25;1;0
17;2025-12-25;2;0
17;2025-12-25;3;0
17;2025-12-25;4;16
17;2025-12-25;5;287
17;2025-12-25;6;1444
17;2025-12-25;7;3781
17;2025-12-25;8;5095
17;2025-12-25;9;3663
17;2025-12-25;10;2888
17;2025-12-25;11;2850
17;2025-12-25;12;2878
17;2025-12-25;13;2961
17;2025-12-25;14;2989
17;2025-12-25;15;3095
17;2025-12-25;16;3557
17;2025-12-25;17;4291
17;2025-12-25;18;4593
17;2025-12-25;19;3352
17;2025-12-25;20;2226
17;2025-12-25;21;1451
17;2025-12-25;22;667
17;2025-12-25;23;293
17;2025-12-26;0;50
17;2025-12-26;1;2
17;2025-12-26;2;0
17;2025-12-26;3;0
17;2025-12-26;4;17
17;2025-12-26;5;261
17;2025-12-26;6;1410
17;2025-12-26;7;3619
17;2025-12-26;8;4936
17;2025-12-26;9;3489
17;2025-12-26;10;2787
17;2025-12-26;11;2741
17;2025-12-26;12;2752
17;2025-12-26;13;2941
17;2025-12-26;14;3010
17;2025-12-26;15;3171
17;2025-12-26;16;3680
17;2025-12-26;17;4310
17;2025-12-26;18;4313
17;2025-12-26;19;3046
17;2025-12-26;20;2211
17;2025-12-26;21;1468
17;2025-12-26;22;734
17;2025-12-26;23;376
17;2025-12-27;0;113
17;2025-12-27;1;10
17;2025-12-27;2;0
17;2025-12-27;3;0
17;2025-12-27;4;0
17;2025-12-27;5;111
17;2025-12-27;6;495
17;2025-12-27;7;1100
17;2025-12-27;8;1490
17;2025-12-27;9;1882
17;2025-12-27;10;2149
17;2025-12-27;11;2447
17;2025-12-27;12;2619
17;2025-12-27;13;2646
17;2025-12-27;14;2679
17;2025-12-27;15;2697
17;2025-12-27;16;2746
17;2025-12-27;17;2741
17;2025-12-27;18;2566
17;2025-12-27;19;2233
17;2025-12-27;20;1740
17;2025-12-27;21;1195
17;2025-12-27;22;638
17;2025-12-27;23;369
17;2025-12-28;0;67
17;2025-12-28;1;5
17;2025-12-28;2;0
17;2025-12-28;3;0
17;2025-12-28;4;0
17;2025-12-28;5;36
17;2025-12-28;6;324
17;2025-12-28;7;782
17;2025-12-28;8;1052
17;2025-12-28;9;1455
17;2025-12-28;10;1755
17;2025-12-28;11;2055
17;2025-12-28;12;2312
17;2025-12-28;13;2453
17;2025-12-28;14;2497
17;2025-12-28;15;2507
17;2025-12-28;16;2552
17;2025-12-28;17;2572
17;2025-12-28;18;2317
17;2025-12-28;19;1853
17;2025-12-28;20;1487
17;2025-12-28;21;1032
17;2025-12-28;22;585
17;2025-12-28;23;258
17;2025-12-29;0;72
17;2025-12-29;1;0
17;2025-12-29;2;0
17;2025-12-29;3;0
17;2025-12-29;4;16
17;2025-12-29;5;234
17;2025-12-29;6;1446
17;2025-12-29;7;3737
17;2025-12-29;8;5023
17;2025-12-29;9;3610
17;2025-12-29;10;2795
17;2025-12-29;11;2734
17;2025-12-29;12;2759
17;2025-12-29;13;2831
17;2025-12-29;14;2869
17;2025-12-29;15;2974
17;2025-12-29;16;3419
17;2025-12-29;17;4218
17;2025-12-29;18;4636
17;2025-12-29;19;3245
17;2025-12-29;20;2223
17;2025-12-29;21;1330
17;2025-12-29;22;619
17;2025-12-29;23;256
17;2025-12-30;0;69
17;2025-12-30;1;3
17;2025-12-30;2;0
17;2025-12-30;3;0
17;2025-12-30;4;10
17;2025-12-30;5;212
17;2025-12-30;6;1468
17;2025-12-30;7;3753
17;2025-12-30;8;4979
17;2025-12-30;9;3551
17;2025-12-30;10;2791
17;2025-12-30;11;2747
17;2025-12-30;12;2836
17;2025-12-30;13;2906
17;2025-12-30;14;2991
17;2025-12-30;15;3115
17;2025-12-30;16;3556
17;2025-12-30;17;4341
17;2025-12-30;18;4730
17;2025-12-30;19;3253
17;2025-12-30;20;2241
17;2025-12-30;21;1427
17;2025-12-30;22;718
17;2025-12-30;23;329
17;2025-12-31;0;71
17;2025-12-31;1;3
17;2025-12-31;2;0
17;2025-12-31;3;0
17;2025-12-31;4;0
17;2025-12-31;5;126
17;2025-12-31;6;492
17;2025-12-31;7;1122
17;2025-12-31;8;1416
17;2025-12-31;9;1729
17;2025-12-31;10;1916
17;2025-12-31;11;2107
17;2025-12-31;12;2375
17;2025-12-31;13;2406
17;2025-12-31;14;2430
17;2025-12-31;15;2439
17;2025-12-31;16;2567
17;2025-12-31;17;2617
17;2025-12-31;18;2527
17;2025-12-31;19;2088
17;2025-12-31;20;1633
17;2025-12-31;21;1140
17;2025-12-31;22;667
17;2025-12-31;23;335
25;2025-11-01;0;5
25;2025-11-01;1;0
25;2025-11-01;2;0
25;2025-11-01;3;0
25;2025-11-01;4;0
25;2025-11-01;5;18
25;2025-11-01;6;161
25;2025-11-01;7;486
25;2025-11-01;8;795
25;2025-11-01;9;437
25;2025-11-01;10;347
25;2025-11-01;11;403
25;2025-11-01;12;410
25;2025-11-01;13;527
25;2025-11-01;14;526
25;2025-11-01;15;632
25;2025-11-01;16;698
25;2025-11-01;17;687
25;2025-11-01;18;631
25;2025-11-01;19;460
25;2025-11-01;20;275
25;2025-11-01;21;199
25;2025-11-01;22;87
25;2025-11-01;23;0
25;2025-11-02;0;0
25;2025-11-02;1;0
25;2025-11-02;2;0
25;2025-11-02;3;0
25;2025-11-02;4;0
25;2025-11-02;5;0
25;2025-11-02;6;40
25;2025-11-02;7;74
25;2025-11-02;8;180
25;2025-11-02;9;150
25;2025-11-02;10;162
25;2025-11-02;11;258
25;2025-11-02;12;299
25;2025-11-02;13;374
25;2025-11-02;14;396
25;2025-11-02;15;498
25;2025-11-02;16;438
25;2025-11-02;17;416
25;2025-11-02;18;383
25;2025-11-02;19;309
25;2025-11-02;20;192
25;2025-11-02;21;125
25;2025-11-02;22;49
25;2025-11-02;23;0
25;2025-11-03;0;0
25;2025-11-03;1;0
25;2025-11-03;2;0
25;2025-11-03;3;0
25;2025-11-03;4;0
25;2025-11-03;5;0
25;2025-11-03;6;84
25;2025-11-03;7;118
25;2025-11-03;8;214
25;2025-11-03;9;197
25;2025-11-03;10;195
25;2025-11-03;11;251
25;2025-11-03;12;256
25;2025-11-03;13;348
25;2025-11-03;14;321
25;2025-11-03;15;400
25;2025-11-03;16;414
25;2025-11-03;17;405
25;2025-11-03;18;418
25;2025-11-03;19;364
25;2025-11-03;20;220
25;2025-11-03;21;176
25;2025-11-03;22;92
25;2025-11-03;23;26
25;2025-11-04;0;8
25;2025-11-04;1;0
25;2025-11-04;2;0
25;2025-11-04;3;0
25;2025-11-04;4;0
25;2025-11-04;5;11
25;2025-11-04;6;108
25;2025-11-04;7;150
25;2025-11-04;8;233
25;2025-11-04;9;181
25;2025-11-04;10;186
25;2025-11-04;11;237
25;2025-11-04;12;247
25;2025-11-04;13;342
25;2025-11-04;14;414
25;2025-11-04;15;476
25;2025-11-04;16;434
25;2025-11-04;17;411
25;2025-11-04;18;410
25;2025-11-04;19;380
25;2025-11-04;20;221
25;2025-11-04;21;182
25;2025-11-04;22;100
25;2025-11-04;23;26
25;2025-11-05;0;6
25;2025-11-05;1;0
25;2025-11-05;2;0
25;2025-11-05;3;0
25;2025-11-05;4;0
25;2025-11-05;5;12
25;2025-11-05;6;142
25;2025-11-05;7;471
25;2025-11-05;8;814
25;2025-11-05;9;403
25;2025-11-05;10;326
25;2025-11-05;11;375
25;2025-11-05;12;383
25;2025-11-05;13;511
25;2025-11-05;14;446
25;2025-11-05;15;554
25;2025-11-05;16;637
25;2025-11-05;17;689
25;2025-11-05;18;751
25;2025-11-05;19;535
25;2025-11-05;20;300
25;2025-11-05;21;199
25;2025-11-05;22;96
25;2025-11-05;23;4
25;2025-11-06;0;0
25;2025-11-06;1;0
25;2025-11-06;2;0
25;2025-11-06;3;0
25;2025-11-06;4;0
25;2025-11-06;5;16
25;2025-11-06;6;180
25;2025-11-06;7;511
25;2025-11-06;8;831
25;2025-11-06;9;429
25;2025-11-06;10;332
25;2025-11-06;11;359
25;2025-11-06;12;384
25;2025-11-06;13;489
25;2025-11-06;14;456
25;2025-11-06;15;544
25;2025-11-06;16;624
25;2025-11-06;17;692
25;2025-11-06;18;754
25;2025-11-06;19;552
25;2025-11-06;20;264
25;2025-11-06;21;204
25;2025-11-06;22;111
25;2025-11-06;23;8
25;2025-11-07;0;7
25;2025-11-07;1;0
25;2025-11-07;2;0
25;2025-11-07;3;0
25;2025-11-07;4;0
25;2025-11-07;5;18
25;2025-11-07;6;174
25;2025-11-07;7;496
25;2025-11-07;8;796
25;2025-11-07;9;402
25;2025-11-07;10;323
25;2025-11-07;11;378
25;2025-11-07;12;386
25;2025-11-07;13;512
25;2025-11-07;14;476
25;2025-11-07;15;585
25;2025-11-07;16;671
25;2025-11-07;17;705
25;2025-11-07;18;651
25;2025-11-07;19;505
25;2025-11-07;20;287
25;2025-11-07;21;203
25;2025-11-07;22;116
25;2025-11-07;23;16
25;2025-11-08;0;8
25;2025-11-08;1;0
25;2025-11-08;2;0
25;2025-11-08;3;0
25;2025-11-08;4;0
25;2025-11-08;5;16
25;2025-11-08;6;97
25;2025-11-08;7;155
25;2025-11-08;8;279
25;2025-11-08;9;237
25;2025-11-08;10;243
25;2025-11-08;11;315
25;2025-11-08;12;344
25;2025-11-08;13;456
25;2025-11-08;14;460
25;2025-11-08;15;547
25;2025-11-08;16;488
25;2025-11-08;17;457
25;2025-11-08;18;438
25;2025-11-08;19;386
25;2025-11-08;20;245
25;2025-11-08;21;196
25;2025-11-08;22;117
25;2025-11-08;23;43
25;2025-11-09;0;13
25;2025-11-09;1;0
25;2025-11-09;2;0
25;2025-11-09;3;0
25;2025-11-09;4;0
25;2025-11-09;5;7
25;2025-11-09;6;79
25;2025-11-09;7;113
25;2025-11-09;8;206
25;2025-11-09;9;184
25;2025-11-09;10;196
25;2025-11-09;11;262
25;2025-11-09;12;296
25;2025-11-09;13;396
25;2025-11-09;14;394
25;2025-11-09;15;485
25;2025-11-09;16;429
25;2025-11-09;17;383
25;2025-11-09;18;350
25;2025-11-09;19;280
25;2025-11-09;20;168
25;2025-11-09;21;129
25;2025-11-09;22;52
25;2025-11-09;23;0
25;2025-11-10;0;0
25;2025-11-10;1;0
25;2025-11-10;2;0
25;2025-11-10;3;0
25;2025-11-10;4;0
25;2025-11-10;5;0
25;2025-11-10;6;142
25;2025-11-10;7;474
25;2025-11-10;8;786
25;2025-11-10;9;389
25;2025-11-10;10;272
25;2025-11-10;11;323
25;2025-11-10;12;328
25;2025-11-10;13;448
25;2025-11-10;14;384
25;2025-11-10;15;490
25;2025-11-10;16;571
25;2025-11-10;17;647
25;2025-11-10;18;702
25;2025-11-10;19;482
25;2025-11-10;20;248
25;2025-11-10;21;155
25;2025-11-10;22;57
25;2025-11-10;23;0
25;2025-11-11;0;0
25;2025-11-11;1;0
25;2025-11-11;2;0
25;2025-11-11;3;0
25;2025-11-11;4;0
25;2025-11-11;5;0
25;2025-11-11;6;135
25;2025-11-11;7;481
25;2025-11-11;8;813
25;2025-11-11;9;408
25;2025-11-11;10;298
25;2025-11-11;11;337
25;2025-11-11;12;334
25;2025-11-11;13;476
25;2025-11-11;14;428
25;2025-11-11;15;493
25;2025-11-11;16;586
25;2025-11-11;17;652
25;2025-11-11;18;707
25;2025-11-11;19;500
25;2025-11-11;20;260
25;2025-11-11;21;156
25;2025-11-11;22;59
25;2025-11-11;23;0
25;2025-11-12;0;0
25;2025-11-12;1;0
25;2025-11-12;2;0
25;2025-11-12;3;0
25;2025-11-12;4;0
25;2025-11-12;5;0
25;2025-11-12;6;143
25;2025-11-12;7;481
25;2025-11-12;8;815
25;2025-11-12;9;408
25;2025-11-12;10;291
25;2025-11-12;11;333
25;2025-11-12;12;330
25;2025-11-12;13;452
25;2025-11-12;14;392
25;2025-11-12;15;487
25;2025-11-12;16;591
25;2025-11-12;17;665
25;2025-11-12;18;693
25;2025-11-12;19;503
25;2025-11-12;20;270
25;2025-11-12;21;171
25;2025-11-12;22;69
25;2025-11-12;23;0
25;2025-11-13;0;0
25;2025-11-13;1;0
25;2025-11-13;2;0
25;2025-11-13;3;0
25;2025-11-13;4;0
25;2025-11-13;5;0
25;2025-11-13;6;136
25;2025-11-13;7;474
25;2025-11-13;8;796
25;2025-11-13;9;398
25;2025-11-13;10;301
25;2025-11-13;11;367
25;2025-11-13;12;376
25;2025-11-13;13;487
25;2025-11-13;14;448
25;2025-11-13;15;559
25;2025-11-13;16;634
25;2025-11-13;17;689
25;2025-11-13;18;739
25;2025-11-13;19;537
25;2025-11-13;20;275
25;2025-11-13;21;179
25;2025-11-13;22;62
25;2025-11-13;23;0
25;2025-11-14;0;0
25;2025-11-14;1;0
25;2025-11-14;2;0
25;2025-11-14;3;0
25;2025-11-14;4;0
25;2025-11-14;5;0
25;2025-11-14;6;137
25;2025-11-14;7;450
25;2025-11-14;8;757
25;2025-11-14;9;409
25;2025-11-14;10;314
25;2025-11-14;11;368
25;2025-11-14;12;373
25;2025-11-14;13;501
25;2025-11-14;14;465
25;2025-11-14;15;579
25;2025-11-14;16;665
25;2025-11-14;17;700
25;2025-11-14;18;646
25;2025-11-14;19;496
25;2025-11-14;20;272
25;2025-11-14;21;182
25;2025-11-14;22;89
25;2025-11-14;23;2
25;2025-11-15;0;0
25;2025-11-15;1;0
25;2025-11-15;2;0
25;2025-11-15;3;0
25;2025-11-15;4;0
25;2025-11-15;5;0
25;2025-11-15;6;36
25;2025-11-15;7;75
25;2025-11-15;8;210
25;2025-11-15;9;161
25;2025-11-15;10;159
25;2025-11-15;11;234
25;2025-11-15;12;255
25;2025-11-15;13;403
25;2025-11-15;14;440
25;2025-11-15;15;506
25;2025-11-15;16;458
25;2025-11-15;17;434
25;2025-11-15;18;402
25;2025-11-15;19;348
25;2025-11-15;20;219
25;2025-11-15;21;171
25;2025-11-15;22;81
25;2025-11-15;23;5
25;2025-11-16;0;0
25;2025-11-16;1;0
25;2025-11-16;2;0
25;2025-11-16;3;0
25;2025-11-16;4;0
25;2025-11-16;5;0
25;2025-11-16;6;43
25;2025-11-16;7;79
25;2025-11-16;8;187
25;2025-11-16;9;169
25;2025-11-16;10;184
25;2025-11-16;11;246
25;2025-11-16;12;283
25;2025-11-16;13;383
25;2025-11-16;14;394
25;2025-11-16;15;455
25;2025-11-16;16;416
25;2025-11-16;17;396
25;2025-11-16;18;363
25;2025-11-16;19;285
25;2025-11-16;20;166
25;2025-11-16;21;135
25;2025-11-16;22;56
25;2025-11-16;23;0
25;2025-11-17;0;0
25;2025-11-17;1;0
25;2025-11-17;2;0
25;2025-11-17;3;0
25;2025-11-17;4;0
25;2025-11-17;5;0
25;2025-11-17;6;142
25;2025-11-17;7;485
25;2025-11-17;8;796
25;2025-11-17;9;400
25;2025-11-17;10;264
25;2025-11-17;11;328
25;2025-11-17;12;302
25;2025-11-17;13;398
25;2025-11-17;14;358
25;2025-11-17;15;456
25;2025-11-17;16;556
25;2025-11-17;17;628
25;2025-11-17;18;701
25;2025-11-17;19;481
25;2025-11-17;20;245
25;2025-11-17;21;140
25;2025-11-17;22;53
25;2025-11-17;23;0
25;2025-11-18;0;0
25;2025-11-18;1;0
25;2025-11-18;2;0
25;2025-11-18;3;0
25;2025-11-18;4;0
25;2025-11-18;5;0
25;2025-11-18;6;173
25;2025-11-18;7;513
25;2025-11-18;8;816
25;2025-11-18;9;416
25;2025-11-18;10;289
25;2025-11-18;11;363
25;2025-11-18;12;363
25;2025-11-18;13;464
25;2025-11-18;14;424
25;2025-11-18;15;517
25;2025-11-18;16;608
25;2025-11-18;17;654
25;2025-11-18;18;688
25;2025-11-18;19;487
25;2025-11-18;20;239
25;2025-11-18;21;156
25;2025-11-18;22;57
25;2025-11-18;23;0
25;2025-11-19;0;0
25;2025-11-19;1;0
25;2025-11-19;2;0
25;2025-11-19;3;0
25;2025-11-19;4;0
25;2025-11-19;5;0
25;2025-11-19;6;140
25;2025-11-19;7;480
25;2025-11-19;8;817
25;2025-11-19;9;415
25;2025-11-19;10;300
25;2025-11-19;11;351
25;2025-11-19;12;352
25;2025-11-19;13;470
25;2025-11-19;14;414
25;2025-11-19;15;509
25;2025-11-19;16;594
25;2025-11-19;17;670
25;2025-11-19;18;732
25;2025-11-19;19;500
25;2025-11-19;20;267
25;2025-11-19;21;169
25;2025-11-19;22;69
25;2025-11-19;23;0
25;2025-11-20;0;0
25;2025-11-20;1;0
25;2025-11-20;2;0
25;2025-11-20;3;0
25;2025-11-20;4;0
25;2025-11-20;5;0
25;2025-11-20;6;143
25;2025-11-20;7;479
25;2025-11-20;8;818
25;2025-11-20;9;413
25;2025-11-20;10;302
25;2025-11-20;11;357
25;2025-11-20;12;352
25;2025-11-20;13;465
25;2025-11-20;14;424
25;2025-11-20;15;524
25;2025-11-20;16;605
25;2025-11-20;17;671
25;2025-11-20;18;728
25;2025-11-20;19;509
25;2025-11-20;20;260
25;2025-11-20;21;165
25;2025-11-20;22;68
25;2025-11-20;23;0
25;2025-11-21;0;0
25;2025-11-21;1;0
25;2025-11-21;2;0
25;2025-11-21;3;0
25;2025-11-21;4;0
25;2025-11-21;5;0
25;2025-11-21;6;135
25;2025-11-21;7;460
25;2025-11-21;8;783
25;2025-11-21;9;390
25;2025-11-21;10;286
25;2025-11-21;11;347
25;2025-11-21;12;329
25;2025-11-21;13;474
25;2025-11-21;14;441
25;2025-11-21;15;542
25;2025-11-21;16;633
25;2025-11-21;17;674
25;2025-11-21;18;617
25;2025-11-21;19;450
25;2025-11-21;20;236
25;2025-11-21;21;155
25;2025-11-21;22;66
25;2025-11-21;23;0
25;2025-11-22;0;0
25;2025-11-22;1;0
25;2025-11-22;2;0
25;2025-11-22;3;0
25;2025-11-22;4;0
25;2025-11-22;5;0
25;2025-11-22;6;52
25;2025-11-22;7;105
25;2025-11-22;8;241
25;2025-11-22;9;192
25;2025-11-22;10;207
25;2025-11-22;11;281
25;2025-11-22;12;307
25;2025-11-22;13;413
25;2025-11-22;14;419
25;2025-11-22;15;499
25;2025-11-22;16;447
25;2025-11-22;17;423
25;2025-11-22;18;395
25;2025-11-22;19;338
25;2025-11-22;20;202
25;2025-11-22;21;121
25;2025-11-22;22;40
25;2025-11-22;23;0
25;2025-11-23;0;0
25;2025-11-23;1;0
25;2025-11-23;2;0
25;2025-11-23;3;0
25;2025-11-23;4;0
25;2025-11-23;5;0
25;2025-11-23;6;40
25;2025-11-23;7;75
25;2025-11-23;8;184
25;2025-11-23;9;159
25;2025-11-23;10;164
25;2025-11-23;11;242
25;2025-11-23;12;281
25;2025-11-23;13;380
25;2025-11-23;14;395
25;2025-11-23;15;473
25;2025-11-23;16;412
25;2025-11-23;17;391
25;2025-11-23;18;354
25;2025-11-23;19;279
25;2025-11-23;20;167
25;2025-11-23;21;131
25;2025-11-23;22;52
25;2025-11-23;23;0
25;2025-11-24;0;0
25;2025-11-24;1;0
25;2025-11-24;2;0
25;2025-11-24;3;0
25;2025-11-24;4;0
25;2025-11-24;5;0
25;2025-11-24;6;129
25;2025-11-24;7;474
25;2025-11-24;8;769
25;2025-11-24;9;371
25;2025-11-24;10;258
25;2025-11-24;11;271
25;2025-11-24;12;300
25;2025-11-24;13;431
25;2025-11-24;14;361
25;2025-11-24;15;471
25;2025-11-24;16;568
25;2025-11-24;17;650
25;2025-11-24;18;704
25;2025-11-24;19;484
25;2025-11-24;20;247
25;2025-11-24;21;156
25;2025-11-24;22;55
25;2025-11-24;23;0
25;2025-11-25;0;0
25;2025-11-25;1;0
25;2025-11-25;2;0
25;2025-11-25;3;0
25;2025-11-25;4;0
25;2025-11-25;5;0
25;2025-11-25;6;135
25;2025-11-25;7;481
25;2025-11-25;8;814
25;2025-11-25;9;412
25;2025-11-25;10;295
25;2025-11-25;11;346
25;2025-11-25;12;339
25;2025-11-25;13;451
25;2025-11-25;14;409
25;2025-11-25;15;503
25;2025-11-25;16;589
25;2025-11-25;17;654
25;2025-11-25;18;717
25;2025-11-25;19;498
25;2025-11-25;20;255
25;2025-11-25;21;152
25;2025-11-25;22;57
25;2025-11-25;23;0
25;2025-11-26;0;0
25;2025-11-26;1;0
25;2025-11-26;2;0
25;2025-11-26;3;0
25;2025-11-26;4;0
25;2025-11-26;5;0
25;2025-11-26;6;125
25;2025-11-26;7;477
25;2025-11-26;8;812
25;2025-11-26;9;380
25;2025-11-26;10;262
25;2025-11-26;11;321
25;2025-11-26;12;346
25;2025-11-26;13;458
25;2025-11-26;14;400
25;2025-11-26;15;500
25;2025-11-26;16;556
25;2025-11-26;17;628
25;2025-11-26;18;707
25;2025-11-26;19;491
25;2025-11-26;20;255
25;2025-11-26;21;154
25;2025-11-26;22;59
25;2025-11-26;23;0
25;2025-11-27;0;0
25;2025-11-27;1;0
25;2025-11-27;2;0
25;2025-11-27;3;0
25;2025-11-27;4;0
25;2025-11-27;5;0
25;2025-11-27;6;143
25;2025-11-27;7;475
25;2025-11-27;8;808
25;2025-11-27;9;397
25;2025-11-27;10;300
25;2025-11-27;11;321
25;2025-11-27;12;319
25;2025-11-27;13;435
25;2025-11-27;14;392
25;2025-11-27;15;514
25;2025-11-27;16;598
25;2025-11-27;17;630
25;2025-11-27;18;670
25;2025-11-27;19;483
25;2025-11-27;20;240
25;2025-11-27;21;162
25;2025-11-27;22;65
25;2025-11-27;23;0
25;2025-11-28;0;0
25;2025-11-28;1;0
25;2025-11-28;2;0
25;2025-11-28;3;0
25;2025-11-28;4;0
25;2025-11-28;5;5
25;2025-11-28;6;138
25;2025-11-28;7;451
25;2025-11-28;8;777
25;2025-11-28;9;385
25;2025-11-28;10;288
25;2025-11-28;11;344
25;2025-11-28;12;346
25;2025-11-28;13;472
25;2025-11-28;14;442
25;2025-11-28;15;546
25;2025-11-28;16;636
25;2025-11-28;17;676
25;2025-11-28;18;612
25;2025-11-28;19;455
25;2025-11-28;20;238
25;2025-11-28;21;159
25;2025-11-28;22;66
25;2025-11-28;23;0
25;2025-11-29;0;0
25;2025-11-29;1;0
25;2025-11-29;2;0
25;2025-11-29;3;0
25;2025-11-29;4;0
25;2025-11-29;5;0
25;2025-11-29;6;59
25;2025-11-29;7;112
25;2025-11-29;8;251
25;2025-11-29;9;208
25;2025-11-29;10;207
25;2025-11-29;11;282
25;2025-11-29;12;310
25;2025-11-29;13;420
25;2025-11-29;14;423
25;2025-11-29;15;500
25;2025-11-29;16;447
25;2025-11-29;17;425
25;2025-11-29;18;398
25;2025-11-29;19;338
25;2025-11-29;20;205
25;2025-11-29;21;159
25;2025-11-29;22;71
25;2025-11-29;23;6
25;2025-11-30;0;0
25;2025-11-30;1;0
25;2025-11-30;2;0
25;2025-11-30;3;0
25;2025-11-30;4;0
25;2025-11-30;5;0
25;2025-11-30;6;41
25;2025-11-30;7;76
25;2025-11-30;8;183
25;2025-11-30;9;157
25;2025-11-30;10;163
25;2025-11-30;11;234
25;2025-11-30;12;269
25;2025-11-30;13;365
25;2025-11-30;14;369
25;2025-11-30;15;464
25;2025-11-30;16;412
25;2025-11-30;17;394
25;2025-11-30;18;358
25;2025-11-30;19;282
25;2025-11-30;20;168
25;2025-11-30;21;132
25;2025-11-30;22;55
25;2025-11-30;23;0
25;2025-12-01;0;0
25;2025-12-01;1;0
25;2025-12-01;2;0
25;2025-12-01;3;0
25;2025-12-01;4;0
25;2025-12-01;5;0
25;2025-12-01;6;142
25;2025-12-01;7;477
25;2025-12-01;8;794
25;2025-12-01;9;396
25;2025-12-01;10;271
25;2025-12-01;11;330
25;2025-12-01;12;330
25;2025-12-01;13;456
25;2025-12-01;14;388
25;2025-12-01;15;490
25;2025-12-01;16;577
25;2025-12-01;17;654
25;2025-12-01;18;711
25;2025-12-01;19;484
25;2025-12-01;20;248
25;2025-12-01;21;156
25;2025-12-01;22;55
25;2025-12-01;23;0
25;2025-12-02;0;0
25;2025-12-02;1;0
25;2025-12-02;2;0
25;2025-12-02;3;0
25;2025-12-02;4;0
25;2025-12-02;5;0
25;2025-12-02;6;135
25;2025-12-02;7;480
25;2025-12-02;8;814
25;2025-12-02;9;409
25;2025-12-02;10;294
25;2025-12-02;11;345
25;2025-12-02;12;339
25;2025-12-02;13;447
25;2025-12-02;14;407
25;2025-12-02;15;502
25;2025-12-02;16;589
25;2025-12-02;17;654
25;2025-12-02;18;719
25;2025-12-02;19;499
25;2025-12-02;20;256
25;2025-12-02;21;155
25;2025-12-02;22;56
25;2025-12-02;23;0
25;2025-12-03;0;0
25;2025-12-03;1;0
25;2025-12-03;2;0
25;2025-12-03;3;0
25;2025-12-03;4;0
25;2025-12-03;5;0
25;2025-12-03;6;141
25;2025-12-03;7;481
25;2025-12-03;8;817
25;2025-12-03;9;410
25;2025-12-03;10;299
25;2025-12-03;11;351
25;2025-12-03;12;354
25;2025-12-03;13;471
25;2025-12-03;14;413
25;2025-12-03;15;510
25;2025-12-03;16;595
25;2025-12-03;17;668
25;2025-12-03;18;730
25;2025-12-03;19;502
25;2025-12-03;20;266
25;2025-12-03;21;171
25;2025-12-03;22;67
25;2025-12-03;23;0
25;2025-12-04;0;0
25;2025-12-04;1;0
25;2025-12-04;2;0
25;2025-12-04;3;0
25;2025-12-04;4;0
25;2025-12-04;5;0
25;2025-12-04;6;143
25;2025-12-04;7;479
25;2025-12-04;8;817
25;2025-12-04;9;410
25;2025-12-04;10;302
25;2025-12-04;11;355
25;2025-12-04;12;351
25;2025-12-04;13;463
25;2025-12-04;14;424
25;2025-12-04;15;525
25;2025-12-04;16;604
25;2025-12-04;17;669
25;2025-12-04;18;719
25;2025-12-04;19;510
25;2025-12-04;20;259
25;2025-12-04;21;166
25;2025-12-04;22;71
25;2025-12-04;23;0
25;2025-12-05;0;0
25;2025-12-05;1;0
25;2025-12-05;2;0
25;2025-12-05;3;0
25;2025-12-05;4;0
25;2025-12-05;5;0
25;2025-12-05;6;134
25;2025-12-05;7;461
25;2025-12-05;8;783
25;2025-12-05;9;387
25;2025-12-05;10;288
25;2025-12-05;11;344
25;2025-12-05;12;346
25;2025-12-05;13;473
25;2025-12-05;14;442
25;2025-12-05;15;546
25;2025-12-05;16;633
25;2025-12-05;17;673
25;2025-12-05;18;612
25;2025-12-05;19;455
25;2025-12-05;20;255
25;2025-12-05;21;160
25;2025-12-05;22;66
25;2025-12-05;23;0
25;2025-12-06;0;0
25;2025-12-06;1;0
25;2025-12-06;2;0
25;2025-12-06;3;0
25;2025-12-06;4;0
25;2025-12-06;5;0
25;2025-12-06;6;59
25;2025-12-06;7;114
25;2025-12-06;8;250
25;2025-12-06;9;206
25;2025-12-06;10;209
25;2025-12-06;11;281
25;2025-12-06;12;307
25;2025-12-06;13;412
25;2025-12-06;14;420
25;2025-12-06;15;504
25;2025-12-06;16;448
25;2025-12-06;17;424
25;2025-12-06;18;395
25;2025-12-06;19;340
25;2025-12-06;20;205
25;2025-12-06;21;159
25;2025-12-06;22;75
25;2025-12-06;23;7
25;2025-12-07;0;0
25;2025-12-07;1;0
25;2025-12-07;2;0
25;2025-12-07;3;0
25;2025-12-07;4;0
25;2025-12-07;5;0
25;2025-12-07;6;42
25;2025-12-07;7;75
25;2025-12-07;8;182
25;2025-12-07;9;157
25;2025-12-07;10;163
25;2025-12-07;11;236
25;2025-12-07;12;271
25;2025-12-07;13;367
25;2025-12-07;14;367
25;2025-12-07;15;454
25;2025-12-07;16;407
25;2025-12-07;17;391
25;2025-12-07;18;353
25;2025-12-07;19;282
25;2025-12-07;20;167
25;2025-12-07;21;132
25;2025-12-07;22;53
25;2025-12-07;23;0
25;2025-12-08;0;0
25;2025-12-08;1;0
25;2025-12-08;2;0
25;2025-12-08;3;0
25;2025-12-08;4;0
25;2025-12-08;5;0
25;2025-12-08;6;142
25;2025-12-08;7;477
25;2025-12-08;8;794
25;2025-12-08;9;395
25;2025-12-08;10;270
25;2025-12-08;11;329
25;2025-12-08;12;330
25;2025-12-08;13;455
25;2025-12-08;14;389
25;2025-12-08;15;490
25;2025-12-08;16;575
25;2025-12-08;17;652
25;2025-12-08;18;709
25;2025-12-08;19;484
25;2025-12-08;20;248
25;2025-12-08;21;156
25;2025-12-08;22;55
25;2025-12-08;23;0
25;2025-12-09;0;0
25;2025-12-09;1;0
25;2025-12-09;2;0
25;2025-12-09;3;0
25;2025-12-09;4;0
25;2025-12-09;5;0
25;2025-12-09;6;135
25;2025-12-09;7;481
25;2025-12-09;8;813
25;2025-12-09;9;410
25;2025-12-09;10;295
25;2025-12-09;11;346
25;2025-12-09;12;340
25;2025-12-09;13;451
25;2025-12-09;14;410
25;2025-12-09;15;503
25;2025-12-09;16;591
25;2025-12-09;17;658
25;2025-12-09;18;721
25;2025-12-09;19;499
25;2025-12-09;20;257
25;2025-12-09;21;157
25;2025-12-09;22;57
25;2025-12-09;23;0
25;2025-12-10;0;0
25;2025-12-10;1;0
25;2025-12-10;2;0
25;2025-12-10;3;0
25;2025-12-10;4;0
25;2025-12-10;5;0
25;2025-12-10;6;137
25;2025-12-10;7;483
25;2025-12-10;8;819
25;2025-12-10;9;413
25;2025-12-10;10;302
25;2025-12-10;11;356
25;2025-12-10;12;352
25;2025-12-10;13;474
25;2025-12-10;14;417
25;2025-12-10;15;509
25;2025-12-10;16;597
25;2025-12-10;17;672
25;2025-12-10;18;733
25;2025-12-10;19;501
25;2025-12-10;20;267
25;2025-12-10;21;169
25;2025-12-10;22;68
25;2025-12-10;23;0
25;2025-12-11;0;0
25;2025-12-11;1;0
25;2025-12-11;2;0
25;2025-12-11;3;0
25;2025-12-11;4;0
25;2025-12-11;5;0
25;2025-12-11;6;143
25;2025-12-11;7;480
25;2025-12-11;8;800
25;2025-12-11;9;387
25;2025-12-11;10;285
25;2025-12-11;11;335
25;2025-12-11;12;326
25;2025-12-11;13;441
25;2025-12-11;14;422
25;2025-12-11;15;498
25;2025-12-11;16;582
25;2025-12-11;17;640
25;2025-12-11;18;685
25;2025-12-11;19;485
25;2025-12-11;20;241
25;2025-12-11;21;147
25;2025-12-11;22;62
25;2025-12-11;23;0
25;2025-12-12;0;0
25;2025-12-12;1;0
25;2025-12-12;2;0
25;2025-12-12;3;0
25;2025-12-12;4;0
25;2025-12-12;5;0
25;2025-12-12;6;133
25;2025-12-12;7;455
25;2025-12-12;8;758
25;2025-12-12;9;378
25;2025-12-12;10;274
25;2025-12-12;11;338
25;2025-12-12;12;321
25;2025-12-12;13;443
25;2025-12-12;14;419
25;2025-12-12;15;498
25;2025-12-12;16;594
25;2025-12-12;17;674
25;2025-12-12;18;621
25;2025-12-12;19;457
25;2025-12-12;20;244
25;2025-12-12;21;160
25;2025-12-12;22;65
25;2025-12-12;23;0
25;2025-12-13;0;0
25;2025-12-13;1;0
25;2025-12-13;2;0
25;2025-12-13;3;0
25;2025-12-13;4;0
25;2025-12-13;5;0
25;2025-12-13;6;62
25;2025-12-13;7;110
25;2025-12-13;8;249
25;2025-12-13;9;214
25;2025-12-13;10;219
25;2025-12-13;11;288
25;2025-12-13;12;316
25;2025-12-13;13;426
25;2025-12-13;14;432
25;2025-12-13;15;508
25;2025-12-13;16;461
25;2025-12-13;17;433
25;2025-12-13;18;408
25;2025-12-13;19;349
25;2025-12-13;20;198
25;2025-12-13;21;155
25;2025-12-13;22;73
25;2025-12-13;23;3
25;2025-12-14;0;0
25;2025-12-14;1;0
25;2025-12-14;2;0
25;2025-12-14;3;0
25;2025-12-14;4;0
25;2025-12-14;5;0
25;2025-12-14;6;43
25;2025-12-14;7;82
25;2025-12-14;8;179
25;2025-12-14;9;162
25;2025-12-14;10;166
25;2025-12-14;11;240
25;2025-12-14;12;276
25;2025-12-14;13;370
25;2025-12-14;14;373
25;2025-12-14;15;457
25;2025-12-14;16;418
25;2025-12-14;17;394
25;2025-12-14;18;364
25;2025-12-14;19;283
25;2025-12-14;20;156
25;2025-12-14;21;128
25;2025-12-14;22;56
25;2025-12-14;23;0
25;2025-12-15;0;0
25;2025-12-15;1;0
25;2025-12-15;2;0
25;2025-12-15;3;0
25;2025-12-15;4;0
25;2025-12-15;5;0
25;2025-12-15;6;136
25;2025-12-15;7;477
25;2025-12-15;8;794
25;2025-12-15;9;390
25;2025-12-15;10;270
25;2025-12-15;11;334
25;2025-12-15;12;327
25;2025-12-15;13;452
25;2025-12-15;14;397
25;2025-12-15;15;490
25;2025-12-15;16;584
25;2025-12-15;17;656
25;2025-12-15;18;714
25;2025-12-15;19;488
25;2025-12-15;20;253
25;2025-12-15;21;153
25;2025-12-15;22;57
25;2025-12-15;23;0
25;2025-12-16;0;0
25;2025-12-16;1;0
25;2025-12-16;2;0
25;2025-12-16;3;0
25;2025-12-16;4;0
25;2025-12-16;5;0
25;2025-12-16;6;139
25;2025-12-16;7;489
25;2025-12-16;8;817
25;2025-12-16;9;417
25;2025-12-16;10;297
25;2025-12-16;11;346
25;2025-12-16;12;294
25;2025-12-16;13;398
25;2025-12-16;14;399
25;2025-12-16;15;502
25;2025-12-16;16;594
25;2025-12-16;17;655
25;2025-12-16;18;718
25;2025-12-16;19;498
25;2025-12-16;20;254
25;2025-12-16;21;149
25;2025-12-16;22;59
25;2025-12-16;23;0
25;2025-12-17;0;0
25;2025-12-17;1;0
25;2025-12-17;2;0
25;2025-12-17;3;0
25;2025-12-17;4;0
25;2025-12-17;5;0
25;2025-12-17;6;140
25;2025-12-17;7;482
25;2025-12-17;8;818
25;2025-12-17;9;411
25;2025-12-17;10;301
25;2025-12-17;11;351
25;2025-12-17;12;352
25;2025-12-17;13;470
25;2025-12-17;14;409
25;2025-12-17;15;509
25;2025-12-17;16;594
25;2025-12-17;17;668
25;2025-12-17;18;730
25;2025-12-17;19;500
25;2025-12-17;20;266
25;2025-12-17;21;169
25;2025-12-17;22;68
25;2025-12-17;23;0
25;2025-12-18;0;0
25;2025-12-18;1;0
25;2025-12-18;2;0
25;2025-12-18;3;0
25;2025-12-18;4;0
25;2025-12-18;5;0
25;2025-12-18;6;145
25;2025-12-18;7;480
25;2025-12-18;8;819
25;2025-12-18;9;413
25;2025-12-18;10;303
25;2025-12-18;11;357
25;2025-12-18;12;351
25;2025-12-18;13;465
25;2025-12-18;14;425
25;2025-12-18;15;522
25;2025-12-18;16;603
25;2025-12-18;17;667
25;2025-12-18;18;724
25;2025-12-18;19;506
25;2025-12-18;20;258
25;2025-12-18;21;160
25;2025-12-18;22;69
25;2025-12-18;23;0
25;2025-12-19;0;0
25;2025-12-19;1;0
25;2025-12-19;2;0
25;2025-12-19;3;0
25;2025-12-19;4;0
25;2025-12-19;5;0
25;2025-12-19;6;134
25;2025-12-19;7;460
25;2025-12-19;8;782
25;2025-12-19;9;390
25;2025-12-19;10;286
25;2025-12-19;11;348
25;2025-12-19;12;345
25;2025-12-19;13;477
25;2025-12-19;14;443
25;2025-12-19;15;543
25;2025-12-19;16;638
25;2025-12-19;17;656
25;2025-12-19;18;598
25;2025-12-19;19;450
25;2025-12-19;20;238
25;2025-12-19;21;156
25;2025-12-19;22;66
25;2025-12-19;23;0
25;2025-12-20;0;0
25;2025-12-20;1;0
25;2025-12-20;2;0
25;2025-12-20;3;0
25;2025-12-20;4;0
25;2025-12-20;5;0
25;2025-12-20;6;59
25;2025-12-20;7;112
25;2025-12-20;8;251
25;2025-12-20;9;207
25;2025-12-20;10;207
25;2025-12-20;11;282
25;2025-12-20;12;310
25;2025-12-20;13;420
25;2025-12-20;14;426
25;2025-12-20;15;500
25;2025-12-20;16;449
25;2025-12-20;17;427
25;2025-12-20;18;398
25;2025-12-20;19;338
25;2025-12-20;20;205
25;2025-12-20;21;159
25;2025-12-20;22;71
25;2025-12-20;23;9
25;2025-12-21;0;0
25;2025-12-21;1;0
25;2025-12-21;2;0
25;2025-12-21;3;0
25;2025-12-21;4;0
25;2025-12-21;5;0
25;2025-12-21;6;30
25;2025-12-21;7;72
25;2025-12-21;8;181
25;2025-12-21;9;161
25;2025-12-21;10;164
25;2025-12-21;11;237
25;2025-12-21;12;270
25;2025-12-21;13;367
25;2025-12-21;14;368
25;2025-12-21;15;454
25;2025-12-21;16;407
25;2025-12-21;17;392
25;2025-12-21;18;353
25;2025-12-21;19;282
25;2025-12-21;20;167
25;2025-12-21;21;130
25;2025-12-21;22;45
25;2025-12-21;23;0
25;2025-12-22;0;0
25;2025-12-22;1;0
25;2025-12-22;2;0
25;2025-12-22;3;0
25;2025-12-22;4;0
25;2025-12-22;5;0
25;2025-12-22;6;140
25;2025-12-22;7;476
25;2025-12-22;8;794
25;2025-12-22;9;382
25;2025-12-22;10;266
25;2025-12-22;11;321
25;2025-12-22;12;314
25;2025-12-22;13;456
25;2025-12-22;14;389
25;2025-12-22;15;482
25;2025-12-22;16;575
25;2025-12-22;17;655
25;2025-12-22;18;708
25;2025-12-22;19;492
25;2025-12-22;20;255
25;2025-12-22;21;159
25;2025-12-22;22;53
25;2025-12-22;23;0
25;2025-12-23;0;0
25;2025-12-23;1;0
25;2025-12-23;2;0
25;2025-12-23;3;0
25;2025-12-23;4;0
25;2025-12-23;5;0
25;2025-12-23;6;139
25;2025-12-23;7;493
25;2025-12-23;8;822
25;2025-12-23;9;420
25;2025-12-23;10;302
25;2025-12-23;11;356
25;2025-12-23;12;349
25;2025-12-23;13;452
25;2025-12-23;14;410
25;2025-12-23;15;504
25;2025-12-23;16;602
25;2025-12-23;17;667
25;2025-12-23;18;729
25;2025-12-23;19;507
25;2025-12-23;20;263
25;2025-12-23;21;155
25;2025-12-23;22;61
25;2025-12-23;23;0
25;2025-12-24;0;0
25;2025-12-24;1;0
25;2025-12-24;2;0
25;2025-12-24;3;0
25;2025-12-24;4;0
25;2025-12-24;5;0
25;2025-12-24;6;146
25;2025-12-24;7;491
25;2025-12-24;8;824
25;2025-12-24;9;420
25;2025-12-24;10;308
25;2025-12-24;11;359
25;2025-12-24;12;349
25;2025-12-24;13;470
25;2025-12-24;14;408
25;2025-12-24;15;502
25;2025-12-24;16;605
25;2025-12-24;17;678
25;2025-12-24;18;724
25;2025-12-24;19;508
25;2025-12-24;20;265
25;2025-12-24;21;162
25;2025-12-24;22;69
25;2025-12-24;23;0
25;2025-12-25;0;0
25;2025-12-25;1;0
25;2025-12-25;2;0
25;2025-12-25;3;0
25;2025-12-25;4;0
25;2025-12-25;5;0
25;2025-12-25;6;133
25;2025-12-25;7;484
25;2025-12-25;8;818
25;2025-12-25;9;413
25;2025-12-25;10;310
25;2025-12-25;11;356
25;2025-12-25;12;353
25;2025-12-25;13;464
25;2025-12-25;14;426
25;2025-12-25;15;526
25;2025-12-25;16;616
25;2025-12-25;17;666
25;2025-12-25;18;687
25;2025-12-25;19;504
25;2025-12-25;20;216
25;2025-12-25;21;155
25;2025-12-25;22;38
25;2025-12-25;23;0
25;2025-12-26;0;0
25;2025-12-26;1;0
25;2025-12-26;2;0
25;2025-12-26;3;0
25;2025-12-26;4;0
25;2025-12-26;5;0
25;2025-12-26;6;116
25;2025-12-26;7;441
25;2025-12-26;8;782
25;2025-12-26;9;367
25;2025-12-26;10;253
25;2025-12-26;11;314
25;2025-12-26;12;298
25;2025-12-26;13;478
25;2025-12-26;14;440
25;2025-12-26;15;542
25;2025-12-26;16;635
25;2025-12-26;17;680
25;2025-12-26;18;617
25;2025-12-26;19;422
25;2025-12-26;20;239
25;2025-12-26;21;153
25;2025-12-26;22;70
25;2025-12-26;23;0
25;2025-12-27;0;0
25;2025-12-27;1;0
25;2025-12-27;2;0
25;2025-12-27;3;0
25;2025-12-27;4;0
25;2025-12-27;5;0
25;2025-12-27;6;59
25;2025-12-27;7;115
25;2025-12-27;8;253
25;2025-12-27;9;210
25;2025-12-27;10;213
25;2025-12-27;11;296
25;2025-12-27;12;314
25;2025-12-27;13;432
25;2025-12-27;14;439
25;2025-12-27;15;510
25;2025-12-27;16;467
25;2025-12-27;17;443
25;2025-12-27;18;407
25;2025-12-27;19;343
25;2025-12-27;20;207
25;2025-12-27;21;155
25;2025-12-27;22;59
25;2025-12-27;23;9
25;2025-12-28;0;0
25;2025-12-28;1;0
25;2025-12-28;2;0
25;2025-12-28;3;0
25;2025-12-28;4;0
25;2025-12-28;5;0
25;2025-12-28;6;37
25;2025-12-28;7;58
25;2025-12-28;8;164
25;2025-12-28;9;163
25;2025-12-28;10;169
25;2025-12-28;11;248
25;2025-12-28;12;271
25;2025-12-28;13;357
25;2025-12-28;14;365
25;2025-12-28;15;449
25;2025-12-28;16;427
25;2025-12-28;17;408
25;2025-12-28;18;367
25;2025-12-28;19;288
25;2025-12-28;20;166
25;2025-12-28;21;128
25;2025-12-28;22;62
25;2025-12-28;23;0
25;2025-12-29;0;0
25;2025-12-29;1;0
25;2025-12-29;2;0
25;2025-12-29;3;0
25;2025-12-29;4;0
25;2025-12-29;5;0
25;2025-12-29;6;142
25;2025-12-29;7;487
25;2025-12-29;8;797
25;2025-12-29;9;402
25;2025-12-29;10;284
25;2025-12-29;11;349
25;2025-12-29;12;334
25;2025-12-29;13;460
25;2025-12-29;14;395
25;2025-12-29;15;491
25;2025-12-29;16;587
25;2025-12-29;17;660
25;2025-12-29;18;716
25;2025-12-29;19;491
25;2025-12-29;20;258
25;2025-12-29;21;156
25;2025-12-29;22;63
25;2025-12-29;23;0
25;2025-12-30;0;0
25;2025-12-30;1;0
25;2025-12-30;2;0
25;2025-12-30;3;0
25;2025-12-30;4;0
25;2025-12-30;5;0
25;2025-12-30;6;127
25;2025-12-30;7;484
25;2025-12-30;8;777
25;2025-12-30;9;386
25;2025-12-30;10;263
25;2025-12-30;11;315
25;2025-12-30;12;333
25;2025-12-30;13;440
25;2025-12-30;14;404
25;2025-12-30;15;502
25;2025-12-30;16;597
25;2025-12-30;17;656
25;2025-12-30;18;721
25;2025-12-30;19;471
25;2025-12-30;20;225
25;2025-12-30;21;152
25;2025-12-30;22;63
25;2025-12-30;23;0
25;2025-12-31;0;0
25;2025-12-31;1;0
25;2025-12-31;2;0
25;2025-12-31;3;0
25;2025-12-31;4;0
25;2025-12-31;5;0
25;2025-12-31;6;84
25;2025-12-31;7;151
25;2025-12-31;8;249
25;2025-12-31;9;197
25;2025-12-31;10;191
25;2025-12-31;11;260
25;2025-12-31;12;286
25;2025-12-31;13;371
25;2025-12-31;14;335
25;2025-12-31;15;407
25;2025-12-31;16;404
25;2025-12-31;17;406
25;2025-12-31;18;370
25;2025-12-31;19;322
25;2025-12-31;20;197
25;2025-12-31;21;157
25;2025-12-31;22;69
25;2025-12-31;23;0
26;2025-11-01;0;49
26;2025-11-01;1;2
26;2025-11-01;2;0
26;2025-11-01;3;0
26;2025-11-01;4;1
26;2025-11-01;5;91
26;2025-11-01;6;474
26;2025-11-01;7;1043
26;2025-11-01;8;1913
26;2025-11-01;9;1391
26;2025-11-01;10;1194
26;2025-11-01;11;1176
26;2025-11-01;12;1219
26;2025-11-01;13;1248
26;2025-11-01;14;1328
26;2025-11-01;15;1360
26;2025-11-01;16;1502
26;2025-11-01;17;1680
26;2025-11-01;18;1649
26;2025-11-01;19;1172
26;2025-11-01;20;778
26;2025-11-01;21;489
26;2025-11-01;22;186
26;2025-11-01;23;115
26;2025-11-02;0;12
26;2025-11-02;1;6
26;2025-11-02;2;0
26;2025-11-02;3;0
26;2025-11-02;4;0
26;2025-11-02;5;0
26;2025-11-02;6;141
26;2025-11-02;7;212
26;2025-11-02;8;345
26;2025-11-02;9;462
26;2025-11-02;10;530
26;2025-11-02;11;689
26;2025-11-02;12;740
26;2025-11-02;13;740
26;2025-11-02;14;769
26;2025-11-02;15;727
26;2025-11-02;16;735
26;2025-11-02;17;744
26;2025-11-02;18;655
26;2025-11-02;19;538
26;2025-11-02;20;385
26;2025-11-02;21;276
26;2025-11-02;22;131
26;2025-11-02;23;70
26;2025-11-03;0;2
26;2025-11-03;1;3
26;2025-11-03;2;0
26;2025-11-03;3;0
26;2025-11-03;4;0
26;2025-11-03;5;13
26;2025-11-03;6;209
26;2025-11-03;7;243
26;2025-11-03;8;411
26;2025-11-03;9;493
26;2025-11-03;10;574
26;2025-11-03;11;646
26;2025-11-03;12;682
26;2025-11-03;13;691
26;2025-11-03;14;709
26;2025-11-03;15;682
26;2025-11-03;16;706
26;2025-11-03;17;734
26;2025-11-03;18;720
26;2025-11-03;19;583
26;2025-11-03;20;386
26;2025-11-03;21;327
26;2025-11-03;22;164
26;2025-11-03;23;116
26;2025-11-04;0;42
26;2025-11-04;1;3
26;2025-11-04;2;0
26;2025-11-04;3;0
26;2025-11-04;4;0
26;2025-11-04;5;45
26;2025-11-04;6;249
26;2025-11-04;7;273
26;2025-11-04;8;381
26;2025-11-04;9;468
26;2025-11-04;10;517
26;2025-11-04;11;596
26;2025-11-04;12;594
26;2025-11-04;13;626
26;2025-11-04;14;691
26;2025-11-04;15;654
26;2025-11-04;16;658
26;2025-11-04;17;686
26;2025-11-04;18;662
26;2025-11-04;19;558
26;2025-11-04;20;389
26;2025-11-04;21;334
26;2025-11-04;22;173
26;2025-11-04;23;116
26;2025-11-05;0;46
26;2025-11-05;1;7
26;2025-11-05;2;0
26;2025-11-05;3;0
26;2025-11-05;4;5
26;2025-11-05;5;99
26;2025-11-05;6;438
26;2025-11-05;7;1041
26;2025-11-05;8;1994
26;2025-11-05;9;1371
26;2025-11-05;10;1183
26;2025-11-05;11;1118
26;2025-11-05;12;1166
26;2025-11-05;13;1185
26;2025-11-05;14;1236
26;2025-11-05;15;1281
26;2025-11-05;16;1420
26;2025-11-05;17;1672
26;2025-11-05;18;1797
26;2025-11-05;19;1225
26;2025-11-05;20;768
26;2025-11-05;21;481
26;2025-11-05;22;209
26;2025-11-05;23;126
26;2025-11-06;0;45
26;2025-11-06;1;6
26;2025-11-06;2;0
26;2025-11-06;3;0
26;2025-11-06;4;5
26;2025-11-06;5;102
26;2025-11-06;6;486
26;2025-11-06;7;1081
26;2025-11-06;8;2021
26;2025-11-06;9;1415
26;2025-11-06;10;1192
26;2025-11-06;11;1081
26;2025-11-06;12;1166
26;2025-11-06;13;1192
26;2025-11-06;14;1228
26;2025-11-06;15;1271
26;2025-11-06;16;1407
26;2025-11-06;17;1691
26;2025-11-06;18;1832
26;2025-11-06;19;1252
26;2025-11-06;20;714
26;2025-11-06;21;489
26;2025-11-06;22;228
26;2025-11-06;23;141
26;2025-11-07;0;39
26;2025-11-07;1;2
26;2025-11-07;2;0
26;2025-11-07;3;0
26;2025-11-07;4;0
26;2025-11-07;5;95
26;2025-11-07;6;476
26;2025-11-07;7;1047
26;2025-11-07;8;1894
26;2025-11-07;9;1350
26;2025-11-07;10;1161
26;2025-11-07;11;1099
26;2025-11-07;12;1138
26;2025-11-07;13;1191
26;2025-11-07;14;1228
26;2025-11-07;15;1312
26;2025-11-07;16;1462
26;2025-11-07;17;1664
26;2025-11-07;18;1477
26;2025-11-07;19;1095
26;2025-11-07;20;714
26;2025-11-07;21;472
26;2025-11-07;22;218
26;2025-11-07;23;146
26;2025-11-08;0;57
26;2025-11-08;1;6
26;2025-11-08;2;0
26;2025-11-08;3;0
26;2025-11-08;4;0
26;2025-11-08;5;53
26;2025-11-08;6;257
26;2025-11-08;7;330
26;2025-11-08;8;489
26;2025-11-08;9;611
26;2025-11-08;10;681
26;2025-11-08;11;814
26;2025-11-08;12;846
26;2025-11-08;13;852
26;2025-11-08;14;887
26;2025-11-08;15;803
26;2025-11-08;16;805
26;2025-11-08;17;803
26;2025-11-08;18;709
26;2025-11-08;19;690
26;2025-11-08;20;508
26;2025-11-08;21;390
26;2025-11-08;22;201
26;2025-11-08;23;158
26;2025-11-09;0;54
26;2025-11-09;1;10
26;2025-11-09;2;0
26;2025-11-09;3;0
26;2025-11-09;4;0
26;2025-11-09;5;27
26;2025-11-09;6;174
26;2025-11-09;7;245
26;2025-11-09;8;375
26;2025-11-09;9;495
26;2025-11-09;10;564
26;2025-11-09;11;691
26;2025-11-09;12;737
26;2025-11-09;13;767
26;2025-11-09;14;764
26;2025-11-09;15;723
26;2025-11-09;16;723
26;2025-11-09;17;711
26;2025-11-09;18;621
26;2025-11-09;19;506
26;2025-11-09;20;356
26;2025-11-09;21;277
26;2025-11-09;22;131
26;2025-11-09;23;70
26;2025-11-10;0;0
26;2025-11-10;1;2
26;2025-11-10;2;0
26;2025-11-10;3;0
26;2025-11-10;4;0
26;2025-11-10;5;54
26;2025-11-10;6;441
26;2025-11-10;7;1031
26;2025-11-10;8;1932
26;2025-11-10;9;1349
26;2025-11-10;10;1121
26;2025-11-10;11;1037
26;2025-11-10;12;1087
26;2025-11-10;13;1123
26;2025-11-10;14;1149
26;2025-11-10;15;1228
26;2025-11-10;16;1365
26;2025-11-10;17;1629
26;2025-11-10;18;1744
26;2025-11-10;19;1157
26;2025-11-10;20;713
26;2025-11-10;21;408
26;2025-11-10;22;157
26;2025-11-10;23;69
26;2025-11-11;0;0
26;2025-11-11;1;0
26;2025-11-11;2;0
26;2025-11-11;3;0
26;2025-11-11;4;0
26;2025-11-11;5;57
26;2025-11-11;6;453
26;2025-11-11;7;1051
26;2025-11-11;8;1984
26;2025-11-11;9;1381
26;2025-11-11;10;1149
26;2025-11-11;11;1078
26;2025-11-11;12;1111
26;2025-11-11;13;1166
26;2025-11-11;14;1203
26;2025-11-11;15;1238
26;2025-11-11;16;1378
26;2025-11-11;17;1651
26;2025-11-11;18;1783
26;2025-11-11;19;1207
26;2025-11-11;20;739
26;2025-11-11;21;426
26;2025-11-11;22;170
26;2025-11-11;23;79
26;2025-11-12;0;1
26;2025-11-12;1;0
26;2025-11-12;2;0
26;2025-11-12;3;0
26;2025-11-12;4;0
26;2025-11-12;5;67
26;2025-11-12;6;440
26;2025-11-12;7;1046
26;2025-11-12;8;1979
26;2025-11-12;9;1372
26;2025-11-12;10;1136
26;2025-11-12;11;1050
26;2025-11-12;12;1101
26;2025-11-12;13;1114
26;2025-11-12;14;1168
26;2025-11-12;15;1228
26;2025-11-12;16;1377
26;2025-11-12;17;1634
26;2025-11-12;18;1741
26;2025-11-12;19;1189
26;2025-11-12;20;736
26;2025-11-12;21;446
26;2025-11-12;22;180
26;2025-11-12;23;91
26;2025-11-13;0;8
26;2025-11-13;1;4
26;2025-11-13;2;0
26;2025-11-13;3;0
26;2025-11-13;4;0
26;2025-11-13;5;67
26;2025-11-13;6;446
26;2025-11-13;7;1046
26;2025-11-13;8;1981
26;2025-11-13;9;1382
26;2025-11-13;10;1154
26;2025-11-13;11;1108
26;2025-11-13;12;1159
26;2025-11-13;13;1185
26;2025-11-13;14;1223
26;2025-11-13;15;1290
26;2025-11-13;16;1424
26;2025-11-13;17;1686
26;2025-11-13;18;1828
26;2025-11-13;19;1245
26;2025-11-13;20;764
26;2025-11-13;21;465
26;2025-11-13;22;183
26;2025-11-13;23;95
26;2025-11-14;0;0
26;2025-11-14;1;0
26;2025-11-14;2;0
26;2025-11-14;3;0
26;2025-11-14;4;0
26;2025-11-14;5;55
26;2025-11-14;6;439
26;2025-11-14;7;1006
26;2025-11-14;8;1864
26;2025-11-14;9;1354
26;2025-11-14;10;1151
26;2025-11-14;11;1087
26;2025-11-14;12;1129
26;2025-11-14;13;1182
26;2025-11-14;14;1221
26;2025-11-14;15;1310
26;2025-11-14;16;1457
26;2025-11-14;17;1661
26;2025-11-14;18;1474
26;2025-11-14;19;1095
26;2025-11-14;20;703
26;2025-11-14;21;452
26;2025-11-14;22;203
26;2025-11-14;23;130
26;2025-11-15;0;15
26;2025-11-15;1;3
26;2025-11-15;2;0
26;2025-11-15;3;0
26;2025-11-15;4;0
26;2025-11-15;5;5
26;2025-11-15;6;220
26;2025-11-15;7;277
26;2025-11-15;8;427
26;2025-11-15;9;551
26;2025-11-15;10;597
26;2025-11-15;11;715
26;2025-11-15;12;751
26;2025-11-15;13;780
26;2025-11-15;14;835
26;2025-11-15;15;779
26;2025-11-15;16;771
26;2025-11-15;17;773
26;2025-11-15;18;679
26;2025-11-15;19;659
26;2025-11-15;20;485
26;2025-11-15;21;364
26;2025-11-15;22;181
26;2025-11-15;23;121
26;2025-11-16;0;15
26;2025-11-16;1;6
26;2025-11-16;2;0
26;2025-11-16;3;0
26;2025-11-16;4;0
26;2025-11-16;5;0
26;2025-11-16;6;144
26;2025-11-16;7;214
26;2025-11-16;8;354
26;2025-11-16;9;475
26;2025-11-16;10;561
26;2025-11-16;11;679
26;2025-11-16;12;716
26;2025-11-16;13;741
26;2025-11-16;14;734
26;2025-11-16;15;689
26;2025-11-16;16;703
26;2025-11-16;17;712
26;2025-11-16;18;627
26;2025-11-16;19;510
26;2025-11-16;20;356
26;2025-11-16;21;282
26;2025-11-16;22;131
26;2025-11-16;23;71
26;2025-11-17;0;0
26;2025-11-17;1;2
26;2025-11-17;2;0
26;2025-11-17;3;0
26;2025-11-17;4;1
26;2025-11-17;5;56
26;2025-11-17;6;449
26;2025-11-17;7;1036
26;2025-11-17;8;1943
26;2025-11-17;9;1355
26;2025-11-17;10;1106
26;2025-11-17;11;1025
26;2025-11-17;12;1041
26;2025-11-17;13;1027
26;2025-11-17;14;1095
26;2025-11-17;15;1190
26;2025-11-17;16;1343
26;2025-11-17;17;1606
26;2025-11-17;18;1742
26;2025-11-17;19;1158
26;2025-11-17;20;711
26;2025-11-17;21;398
26;2025-11-17;22;155
26;2025-11-17;23;68
26;2025-11-18;0;0
26;2025-11-18;1;0
26;2025-11-18;2;0
26;2025-11-18;3;0
26;2025-11-18;4;0
26;2025-11-18;5;55
26;2025-11-18;6;485
26;2025-11-18;7;1080
26;2025-11-18;8;1984
26;2025-11-18;9;1389
26;2025-11-18;10;1115
26;2025-11-18;11;1090
26;2025-11-18;12;1130
26;2025-11-18;13;1122
26;2025-11-18;14;1170
26;2025-11-18;15;1251
26;2025-11-18;16;1400
26;2025-11-18;17;1652
26;2025-11-18;18;1753
26;2025-11-18;19;1192
26;2025-11-18;20;727
26;2025-11-18;21;427
26;2025-11-18;22;168
26;2025-11-18;23;77
26;2025-11-19;0;0
26;2025-11-19;1;0
26;2025-11-19;2;0
26;2025-11-19;3;0
26;2025-11-19;4;0
26;2025-11-19;5;66
26;2025-11-19;6;441
26;2025-11-19;7;1046
26;2025-11-19;8;1980
26;2025-11-19;9;1375
26;2025-11-19;10;1150
26;2025-11-19;11;1079
26;2025-11-19;12;1126
26;2025-11-19;13;1146
26;2025-11-19;14;1190
26;2025-11-19;15;1244
26;2025-11-19;16;1379
26;2025-11-19;17;1636
26;2025-11-19;18;1760
26;2025-11-19;19;1193
26;2025-11-19;20;738
26;2025-11-19;21;449
26;2025-11-19;22;181
26;2025-11-19;23;91
26;2025-11-20;0;8
26;2025-11-20;1;4
26;2025-11-20;2;0
26;2025-11-20;3;0
26;2025-11-20;4;1
26;2025-11-20;5;69
26;2025-11-20;6;453
26;2025-11-20;7;1047
26;2025-11-20;8;1989
26;2025-11-20;9;1385
26;2025-11-20;10;1154
26;2025-11-20;11;1088
26;2025-11-20;12;1125
26;2025-11-20;13;1146
26;2025-11-20;14;1182
26;2025-11-20;15;1249
26;2025-11-20;16;1385
26;2025-11-20;17;1652
26;2025-11-20;18;1793
26;2025-11-20;19;1213
26;2025-11-20;20;745
26;2025-11-20;21;445
26;2025-11-20;22;183
26;2025-11-20;23;94
26;2025-11-21;0;0
26;2025-11-21;1;0
26;2025-11-21;2;0
26;2025-11-21;3;0
26;2025-11-21;4;1
26;2025-11-21;5;54
26;2025-11-21;6;439
26;2025-11-21;7;1006
26;2025-11-21;8;1872
26;2025-11-21;9;1325
26;2025-11-21;10;1121
26;2025-11-21;11;1063
26;2025-11-21;12;1083
26;2025-11-21;13;1146
26;2025-11-21;14;1183
26;2025-11-21;15;1273
26;2025-11-21;16;1424
26;2025-11-21;17;1628
26;2025-11-21;18;1439
26;2025-11-21;19;1059
26;2025-11-21;20;681
26;2025-11-21;21;430
26;2025-11-21;22;178
26;2025-11-21;23;102
26;2025-11-22;0;18
26;2025-11-22;1;2
26;2025-11-22;2;0
26;2025-11-22;3;0
26;2025-11-22;4;3
26;2025-11-22;5;4
26;2025-11-22;6;220
26;2025-11-22;7;286
26;2025-11-22;8;448
26;2025-11-22;9;570
26;2025-11-22;10;646
26;2025-11-22;11;783
26;2025-11-22;12;814
26;2025-11-22;13;816
26;2025-11-22;14;852
26;2025-11-22;15;770
26;2025-11-22;16;773
26;2025-11-22;17;771
26;2025-11-22;18;676
26;2025-11-22;19;653
26;2025-11-22;20;471
26;2025-11-22;21;314
26;2025-11-22;22;143
26;2025-11-22;23;101
26;2025-11-23;0;10
26;2025-11-23;1;7
26;2025-11-23;2;0
26;2025-11-23;3;0
26;2025-11-23;4;0
26;2025-11-23;5;0
26;2025-11-23;6;142
26;2025-11-23;7;214
26;2025-11-23;8;348
26;2025-11-23;9;465
26;2025-11-23;10;531
26;2025-11-23;11;669
26;2025-11-23;12;712
26;2025-11-23;13;742
26;2025-11-23;14;746
26;2025-11-23;15;703
26;2025-11-23;16;707
26;2025-11-23;17;711
26;2025-11-23;18;623
26;2025-11-23;19;509
26;2025-11-23;20;358
26;2025-11-23;21;280
26;2025-11-23;22;134
26;2025-11-23;23;71
26;2025-11-24;0;0
26;2025-11-24;1;0
26;2025-11-24;2;0
26;2025-11-24;3;0
26;2025-11-24;4;0
26;2025-11-24;5;31
26;2025-11-24;6;439
26;2025-11-24;7;1023
26;2025-11-24;8;1904
26;2025-11-24;9;1329
26;2025-11-24;10;1081
26;2025-11-24;11;947
26;2025-11-24;12;1041
26;2025-11-24;13;1097
26;2025-11-24;14;1111
26;2025-11-24;15;1212
26;2025-11-24;16;1362
26;2025-11-24;17;1629
26;2025-11-24;18;1743
26;2025-11-24;19;1158
26;2025-11-24;20;714
26;2025-11-24;21;409
26;2025-11-24;22;155
26;2025-11-24;23;67
26;2025-11-25;0;0
26;2025-11-25;1;0
26;2025-11-25;2;0
26;2025-11-25;3;0
26;2025-11-25;4;0
26;2025-11-25;5;58
26;2025-11-25;6;456
26;2025-11-25;7;1052
26;2025-11-25;8;1986
26;2025-11-25;9;1383
26;2025-11-25;10;1149
26;2025-11-25;11;1082
26;2025-11-25;12;1115
26;2025-11-25;13;1135
26;2025-11-25;14;1169
26;2025-11-25;15;1239
26;2025-11-25;16;1380
26;2025-11-25;17;1654
26;2025-11-25;18;1785
26;2025-11-25;19;1210
26;2025-11-25;20;742
26;2025-11-25;21;429
26;2025-11-25;22;169
26;2025-11-25;23;78
26;2025-11-26;0;0
26;2025-11-26;1;0
26;2025-11-26;2;0
26;2025-11-26;3;0
26;2025-11-26;4;0
26;2025-11-26;5;48
26;2025-11-26;6;429
26;2025-11-26;7;1026
26;2025-11-26;8;1965
26;2025-11-26;9;1360
26;2025-11-26;10;1094
26;2025-11-26;11;1015
26;2025-11-26;12;1101
26;2025-11-26;13;1128
26;2025-11-26;14;1172
26;2025-11-26;15;1234
26;2025-11-26;16;1343
26;2025-11-26;17;1584
26;2025-11-26;18;1741
26;2025-11-26;19;1176
26;2025-11-26;20;715
26;2025-11-26;21;436
26;2025-11-26;22;168
26;2025-11-26;23;86
26;2025-11-27;0;4
26;2025-11-27;1;4
26;2025-11-27;2;0
26;2025-11-27;3;0
26;2025-11-27;4;0
26;2025-11-27;5;68
26;2025-11-27;6;451
26;2025-11-27;7;1047
26;2025-11-27;8;1987
26;2025-11-27;9;1379
26;2025-11-27;10;1153
26;2025-11-27;11;1038
26;2025-11-27;12;1088
26;2025-11-27;13;1111
26;2025-11-27;14;1139
26;2025-11-27;15;1249
26;2025-11-27;16;1383
26;2025-11-27;17;1612
26;2025-11-27;18;1752
26;2025-11-27;19;1174
26;2025-11-27;20;713
26;2025-11-27;21;445
26;2025-11-27;22;188
26;2025-11-27;23;105
26;2025-11-28;0;21
26;2025-11-28;1;0
26;2025-11-28;2;0
26;2025-11-28;3;0
26;2025-11-28;4;0
26;2025-11-28;5;83
26;2025-11-28;6;440
26;2025-11-28;7;1006
26;2025-11-28;8;1872
26;2025-11-28;9;1325
26;2025-11-28;10;1121
26;2025-11-28;11;1061
26;2025-11-28;12;1098
26;2025-11-28;13;1145
26;2025-11-28;14;1183
26;2025-11-28;15;1272
26;2025-11-28;16;1424
26;2025-11-28;17;1628
26;2025-11-28;18;1438
26;2025-11-28;19;1058
26;2025-11-28;20;680
26;2025-11-28;21;429
26;2025-11-28;22;176
26;2025-11-28;23;102
26;2025-11-29;0;17
26;2025-11-29;1;2
26;2025-11-29;2;0
26;2025-11-29;3;0
26;2025-11-29;4;0
26;2025-11-29;5;19
26;2025-11-29;6;226
26;2025-11-29;7;299
26;2025-11-29;8;459
26;2025-11-29;9;577
26;2025-11-29;10;646
26;2025-11-29;11;782
26;2025-11-29;12;815
26;2025-11-29;13;818
26;2025-11-29;14;852
26;2025-11-29;15;771
26;2025-11-29;16;773
26;2025-11-29;17;771
26;2025-11-29;18;677
26;2025-11-29;19;654
26;2025-11-29;20;471
26;2025-11-29;21;353
26;2025-11-29;22;161
26;2025-11-29;23;117
26;2025-11-30;0;10
26;2025-11-30;1;6
26;2025-11-30;2;0
26;2025-11-30;3;0
26;2025-11-30;4;0
26;2025-11-30;5;0
26;2025-11-30;6;143
26;2025-11-30;7;214
26;2025-11-30;8;348
26;2025-11-30;9;464
26;2025-11-30;10;530
26;2025-11-30;11;662
26;2025-11-30;12;706
26;2025-11-30;13;734
26;2025-11-30;14;733
26;2025-11-30;15;688
26;2025-11-30;16;701
26;2025-11-30;17;711
26;2025-11-30;18;621
26;2025-11-30;19;508
26;2025-11-30;20;357
26;2025-11-30;21;278
26;2025-11-30;22;131
26;2025-11-30;23;70
26;2025-12-01;0;0
26;2025-12-01;1;2
26;2025-12-01;2;0
26;2025-12-01;3;0
26;2025-12-01;4;0
26;2025-12-01;5;51
26;2025-12-01;6;444
26;2025-12-01;7;1031
26;2025-12-01;8;1933
26;2025-12-01;9;1348
26;2025-12-01;10;1120
26;2025-12-01;11;1036
26;2025-12-01;12;1086
26;2025-12-01;13;1122
26;2025-12-01;14;1149
26;2025-12-01;15;1227
26;2025-12-01;16;1364
26;2025-12-01;17;1629
26;2025-12-01;18;1743
26;2025-12-01;19;1159
26;2025-12-01;20;714
26;2025-12-01;21;410
26;2025-12-01;22;155
26;2025-12-01;23;68
26;2025-12-02;0;0
26;2025-12-02;1;0
26;2025-12-02;2;0
26;2025-12-02;3;0
26;2025-12-02;4;0
26;2025-12-02;5;57
26;2025-12-02;6;456
26;2025-12-02;7;1052
26;2025-12-02;8;1985
26;2025-12-02;9;1382
26;2025-12-02;10;1148
26;2025-12-02;11;1081
26;2025-12-02;12;1113
26;2025-12-02;13;1133
26;2025-12-02;14;1168
26;2025-12-02;15;1238
26;2025-12-02;16;1380
26;2025-12-02;17;1653
26;2025-12-02;18;1784
26;2025-12-02;19;1209
26;2025-12-02;20;741
26;2025-12-02;21;428
26;2025-12-02;22;168
26;2025-12-02;23;78
26;2025-12-03;0;1
26;2025-12-03;1;1
26;2025-12-03;2;0
26;2025-12-03;3;0
26;2025-12-03;4;0
26;2025-12-03;5;66
26;2025-12-03;6;442
26;2025-12-03;7;1046
26;2025-12-03;8;1980
26;2025-12-03;9;1374
26;2025-12-03;10;1149
26;2025-12-03;11;1078
26;2025-12-03;12;1124
26;2025-12-03;13;1144
26;2025-12-03;14;1188
26;2025-12-03;15;1244
26;2025-12-03;16;1379
26;2025-12-03;17;1635
26;2025-12-03;18;1758
26;2025-12-03;19;1190
26;2025-12-03;20;738
26;2025-12-03;21;448
26;2025-12-03;22;179
26;2025-12-03;23;90
26;2025-12-04;0;8
26;2025-12-04;1;4
26;2025-12-04;2;0
26;2025-12-04;3;0
26;2025-12-04;4;1
26;2025-12-04;5;68
26;2025-12-04;6;453
26;2025-12-04;7;1047
26;2025-12-04;8;1989
26;2025-12-04;9;1385
26;2025-12-04;10;1154
26;2025-12-04;11;1088
26;2025-12-04;12;1126
26;2025-12-04;13;1147
26;2025-12-04;14;1183
26;2025-12-04;15;1249
26;2025-12-04;16;1386
26;2025-12-04;17;1652
26;2025-12-04;18;1793
26;2025-12-04;19;1214
26;2025-12-04;20;745
26;2025-12-04;21;444
26;2025-12-04;22;186
26;2025-12-04;23;95
26;2025-12-05;0;0
26;2025-12-05;1;0
26;2025-12-05;2;0
26;2025-12-05;3;0
26;2025-12-05;4;0
26;2025-12-05;5;56
26;2025-12-05;6;442
26;2025-12-05;7;1012
26;2025-12-05;8;1872
26;2025-12-05;9;1324
26;2025-12-05;10;1120
26;2025-12-05;11;1061
26;2025-12-05;12;1099
26;2025-12-05;13;1145
26;2025-12-05;14;1183
26;2025-12-05;15;1272
26;2025-12-05;16;1424
26;2025-12-05;17;1628
26;2025-12-05;18;1438
26;2025-12-05;19;1058
26;2025-12-05;20;689
26;2025-12-05;21;428
26;2025-12-05;22;176
26;2025-12-05;23;102
26;2025-12-06;0;17
26;2025-12-06;1;0
26;2025-12-06;2;0
26;2025-12-06;3;0
26;2025-12-06;4;0
26;2025-12-06;5;18
26;2025-12-06;6;223
26;2025-12-06;7;297
26;2025-12-06;8;458
26;2025-12-06;9;576
26;2025-12-06;10;638
26;2025-12-06;11;775
26;2025-12-06;12;806
26;2025-12-06;13;809
26;2025-12-06;14;845
26;2025-12-06;15;765
26;2025-12-06;16;768
26;2025-12-06;17;765
26;2025-12-06;18;669
26;2025-12-06;19;652
26;2025-12-06;20;470
26;2025-12-06;21;350
26;2025-12-06;22;159
26;2025-12-06;23;116
26;2025-12-07;0;14
26;2025-12-07;1;6
26;2025-12-07;2;0
26;2025-12-07;3;0
26;2025-12-07;4;0
26;2025-12-07;5;0
26;2025-12-07;6;143
26;2025-12-07;7;214
26;2025-12-07;8;348
26;2025-12-07;9;464
26;2025-12-07;10;530
26;2025-12-07;11;662
26;2025-12-07;12;709
26;2025-12-07;13;736
26;2025-12-07;14;734
26;2025-12-07;15;688
26;2025-12-07;16;700
26;2025-12-07;17;711
26;2025-12-07;18;622
26;2025-12-07;19;510
26;2025-12-07;20;357
26;2025-12-07;21;280
26;2025-12-07;22;132
26;2025-12-07;23;70
26;2025-12-08;0;0
26;2025-12-08;1;2
26;2025-12-08;2;0
26;2025-12-08;3;0
26;2025-12-08;4;1
26;2025-12-08;5;54
26;2025-12-08;6;444
26;2025-12-08;7;1031
26;2025-12-08;8;1933
26;2025-12-08;9;1348
26;2025-12-08;10;1120
26;2025-12-08;11;1036
26;2025-12-08;12;1086
26;2025-12-08;13;1122
26;2025-12-08;14;1148
26;2025-12-08;15;1227
26;2025-12-08;16;1364
26;2025-12-08;17;1629
26;2025-12-08;18;1743
26;2025-12-08;19;1159
26;2025-12-08;20;714
26;2025-12-08;21;410
26;2025-12-08;22;155
26;2025-12-08;23;68
26;2025-12-09;0;0
26;2025-12-09;1;0
26;2025-12-09;2;0
26;2025-12-09;3;0
26;2025-12-09;4;0
26;2025-12-09;5;57
26;2025-12-09;6;456
26;2025-12-09;7;1051
26;2025-12-09;8;1984
26;2025-12-09;9;1382
26;2025-12-09;10;1148
26;2025-12-09;11;1081
26;2025-12-09;12;1113
26;2025-12-09;13;1133
26;2025-12-09;14;1168
26;2025-12-09;15;1238
26;2025-12-09;16;1379
26;2025-12-09;17;1653
26;2025-12-09;18;1784
26;2025-12-09;19;1209
26;2025-12-09;20;741
26;2025-12-09;21;428
26;2025-12-09;22;169
26;2025-12-09;23;71
26;2025-12-10;0;0
26;2025-12-10;1;0
26;2025-12-10;2;0
26;2025-12-10;3;0
26;2025-12-10;4;5
26;2025-12-10;5;65
26;2025-12-10;6;447
26;2025-12-10;7;1038
26;2025-12-10;8;1973
26;2025-12-10;9;1375
26;2025-12-10;10;1137
26;2025-12-10;11;1064
26;2025-12-10;12;1127
26;2025-12-10;13;1147
26;2025-12-10;14;1191
26;2025-12-10;15;1244
26;2025-12-10;16;1379
26;2025-12-10;17;1636
26;2025-12-10;18;1760
26;2025-12-10;19;1193
26;2025-12-10;20;738
26;2025-12-10;21;449
26;2025-12-10;22;180
26;2025-12-10;23;91
26;2025-12-11;0;8
26;2025-12-11;1;4
26;2025-12-11;2;0
26;2025-12-11;3;0
26;2025-12-11;4;0
26;2025-12-11;5;69
26;2025-12-11;6;454
26;2025-12-11;7;1047
26;2025-12-11;8;1960
26;2025-12-11;9;1361
26;2025-12-11;10;1115
26;2025-12-11;11;1054
26;2025-12-11;12;1101
26;2025-12-11;13;1124
26;2025-12-11;14;1184
26;2025-12-11;15;1225
26;2025-12-11;16;1362
26;2025-12-11;17;1613
26;2025-12-11;18;1754
26;2025-12-11;19;1178
26;2025-12-11;20;710
26;2025-12-11;21;427
26;2025-12-11;22;180
26;2025-12-11;23;96
26;2025-12-12;0;0
26;2025-12-12;1;0
26;2025-12-12;2;0
26;2025-12-12;3;0
26;2025-12-12;4;0
26;2025-12-12;5;54
26;2025-12-12;6;436
26;2025-12-12;7;1010
26;2025-12-12;8;1856
26;2025-12-12;9;1322
26;2025-12-12;10;1107
26;2025-12-12;11;1058
26;2025-12-12;12;1059
26;2025-12-12;13;1090
26;2025-12-12;14;1134
26;2025-12-12;15;1210
26;2025-12-12;16;1385
26;2025-12-12;17;1599
26;2025-12-12;18;1437
26;2025-12-12;19;1063
26;2025-12-12;20;683
26;2025-12-12;21;431
26;2025-12-12;22;178
26;2025-12-12;23;94
26;2025-12-13;0;17
26;2025-12-13;1;0
26;2025-12-13;2;0
26;2025-12-13;3;0
26;2025-12-13;4;0
26;2025-12-13;5;13
26;2025-12-13;6;226
26;2025-12-13;7;285
26;2025-12-13;8;444
26;2025-12-13;9;576
26;2025-12-13;10;650
26;2025-12-13;11;782
26;2025-12-13;12;815
26;2025-12-13;13;814
26;2025-12-13;14;850
26;2025-12-13;15;769
26;2025-12-13;16;773
26;2025-12-13;17;771
26;2025-12-13;18;682
26;2025-12-13;19;655
26;2025-12-13;20;448
26;2025-12-13;21;331
26;2025-12-13;22;157
26;2025-12-13;23;103
26;2025-12-14;0;6
26;2025-12-14;1;0
26;2025-12-14;2;0
26;2025-12-14;3;0
26;2025-12-14;4;0
26;2025-12-14;5;0
26;2025-12-14;6;144
26;2025-12-14;7;213
26;2025-12-14;8;335
26;2025-12-14;9;465
26;2025-12-14;10;537
26;2025-12-14;11;662
26;2025-12-14;12;709
26;2025-12-14;13;733
26;2025-12-14;14;732
26;2025-12-14;15;689
26;2025-12-14;16;701
26;2025-12-14;17;712
26;2025-12-14;18;629
26;2025-12-14;19;512
26;2025-12-14;20;360
26;2025-12-14;21;280
26;2025-12-14;22;132
26;2025-12-14;23;69
26;2025-12-15;0;0
26;2025-12-15;1;2
26;2025-12-15;2;0
26;2025-12-15;3;0
26;2025-12-15;4;3
26;2025-12-15;5;54
26;2025-12-15;6;447
26;2025-12-15;7;1034
26;2025-12-15;8;1941
26;2025-12-15;9;1357
26;2025-12-15;10;1128
26;2025-12-15;11;1018
26;2025-12-15;12;1090
26;2025-12-15;13;1121
26;2025-12-15;14;1147
26;2025-12-15;15;1229
26;2025-12-15;16;1366
26;2025-12-15;17;1628
26;2025-12-15;18;1749
26;2025-12-15;19;1164
26;2025-12-15;20;715
26;2025-12-15;21;410
26;2025-12-15;22;157
26;2025-12-15;23;69
26;2025-12-16;0;0
26;2025-12-16;1;1
26;2025-12-16;2;0
26;2025-12-16;3;0
26;2025-12-16;4;0
26;2025-12-16;5;57
26;2025-12-16;6;460
26;2025-12-16;7;1053
26;2025-12-16;8;1993
26;2025-12-16;9;1386
26;2025-12-16;10;1140
26;2025-12-16;11;1055
26;2025-12-16;12;1063
26;2025-12-16;13;1061
26;2025-12-16;14;1141
26;2025-12-16;15;1239
26;2025-12-16;16;1381
26;2025-12-16;17;1655
26;2025-12-16;18;1786
26;2025-12-16;19;1209
26;2025-12-16;20;741
26;2025-12-16;21;427
26;2025-12-16;22;168
26;2025-12-16;23;77
26;2025-12-17;0;0
26;2025-12-17;1;0
26;2025-12-17;2;0
26;2025-12-17;3;0
26;2025-12-17;4;0
26;2025-12-17;5;67
26;2025-12-17;6;441
26;2025-12-17;7;1046
26;2025-12-17;8;1980
26;2025-12-17;9;1374
26;2025-12-17;10;1150
26;2025-12-17;11;1079
26;2025-12-17;12;1126
26;2025-12-17;13;1146
26;2025-12-17;14;1189
26;2025-12-17;15;1244
26;2025-12-17;16;1379
26;2025-12-17;17;1636
26;2025-12-17;18;1760
26;2025-12-17;19;1192
26;2025-12-17;20;738
26;2025-12-17;21;449
26;2025-12-17;22;181
26;2025-12-17;23;91
26;2025-12-18;0;8
26;2025-12-18;1;4
26;2025-12-18;2;0
26;2025-12-18;3;0
26;2025-12-18;4;1
26;2025-12-18;5;68
26;2025-12-18;6;454
26;2025-12-18;7;1047
26;2025-12-18;8;1989
26;2025-12-18;9;1385
26;2025-12-18;10;1154
26;2025-12-18;11;1089
26;2025-12-18;12;1125
26;2025-12-18;13;1147
26;2025-12-18;14;1182
26;2025-12-18;15;1250
26;2025-12-18;16;1386
26;2025-12-18;17;1653
26;2025-12-18;18;1793
26;2025-12-18;19;1214
26;2025-12-18;20;746
26;2025-12-18;21;446
26;2025-12-18;22;184
26;2025-12-18;23;95
26;2025-12-19;0;0
26;2025-12-19;1;0
26;2025-12-19;2;0
26;2025-12-19;3;0
26;2025-12-19;4;0
26;2025-12-19;5;57
26;2025-12-19;6;443
26;2025-12-19;7;1013
26;2025-12-19;8;1872
26;2025-12-19;9;1325
26;2025-12-19;10;1121
26;2025-12-19;11;1063
26;2025-12-19;12;1100
26;2025-12-19;13;1147
26;2025-12-19;14;1183
26;2025-12-19;15;1275
26;2025-12-19;16;1425
26;2025-12-19;17;1607
26;2025-12-19;18;1430
26;2025-12-19;19;1061
26;2025-12-19;20;683
26;2025-12-19;21;429
26;2025-12-19;22;180
26;2025-12-19;23;103
26;2025-12-20;0;18
26;2025-12-20;1;2
26;2025-12-20;2;0
26;2025-12-20;3;0
26;2025-12-20;4;0
26;2025-12-20;5;19
26;2025-12-20;6;226
26;2025-12-20;7;299
26;2025-12-20;8;459
26;2025-12-20;9;576
26;2025-12-20;10;645
26;2025-12-20;11;782
26;2025-12-20;12;815
26;2025-12-20;13;818
26;2025-12-20;14;853
26;2025-12-20;15;771
26;2025-12-20;16;773
26;2025-12-20;17;771
26;2025-12-20;18;677
26;2025-12-20;19;653
26;2025-12-20;20;471
26;2025-12-20;21;351
26;2025-12-20;22;160
26;2025-12-20;23;118
26;2025-12-21;0;14
26;2025-12-21;1;6
26;2025-12-21;2;0
26;2025-12-21;3;0
26;2025-12-21;4;0
26;2025-12-21;5;0
26;2025-12-21;6;136
26;2025-12-21;7;205
26;2025-12-21;8;337
26;2025-12-21;9;465
26;2025-12-21;10;531
26;2025-12-21;11;662
26;2025-12-21;12;709
26;2025-12-21;13;738
26;2025-12-21;14;735
26;2025-12-21;15;688
26;2025-12-21;16;700
26;2025-12-21;17;711
26;2025-12-21;18;622
26;2025-12-21;19;510
26;2025-12-21;20;357
26;2025-12-21;21;280
26;2025-12-21;22;125
26;2025-12-21;23;70
26;2025-12-22;0;0
26;2025-12-22;1;0
26;2025-12-22;2;0
26;2025-12-22;3;0
26;2025-12-22;4;1
26;2025-12-22;5;54
26;2025-12-22;6;443
26;2025-12-22;7;1030
26;2025-12-22;8;1932
26;2025-12-22;9;1340
26;2025-12-22;10;1090
26;2025-12-22;11;1022
26;2025-12-22;12;1068
26;2025-12-22;13;1122
26;2025-12-22;14;1148
26;2025-12-22;15;1215
26;2025-12-22;16;1364
26;2025-12-22;17;1629
26;2025-12-22;18;1719
26;2025-12-22;19;1163
26;2025-12-22;20;713
26;2025-12-22;21;411
26;2025-12-22;22;157
26;2025-12-22;23;66
26;2025-12-23;0;0
26;2025-12-23;1;1
26;2025-12-23;2;0
26;2025-12-23;3;0
26;2025-12-23;4;0
26;2025-12-23;5;57
26;2025-12-23;6;458
26;2025-12-23;7;1058
26;2025-12-23;8;1995
26;2025-12-23;9;1394
26;2025-12-23;10;1152
26;2025-12-23;11;1080
26;2025-12-23;12;1118
26;2025-12-23;13;1132
26;2025-12-23;14;1165
26;2025-12-23;15;1239
26;2025-12-23;16;1383
26;2025-12-23;17;1649
26;2025-12-23;18;1789
26;2025-12-23;19;1217
26;2025-12-23;20;741
26;2025-12-23;21;428
26;2025-12-23;22;171
26;2025-12-23;23;80
26;2025-12-24;0;0
26;2025-12-24;1;0
26;2025-12-24;2;0
26;2025-12-24;3;0
26;2025-12-24;4;1
26;2025-12-24;5;66
26;2025-12-24;6;450
26;2025-12-24;7;1048
26;2025-12-24;8;1981
26;2025-12-24;9;1379
26;2025-12-24;10;1151
26;2025-12-24;11;1077
26;2025-12-24;12;1097
26;2025-12-24;13;1114
26;2025-12-24;14;1188
26;2025-12-24;15;1229
26;2025-12-24;16;1381
26;2025-12-24;17;1634
26;2025-12-24;18;1738
26;2025-12-24;19;1197
26;2025-12-24;20;724
26;2025-12-24;21;438
26;2025-12-24;22;175
26;2025-12-24;23;81
26;2025-12-25;0;4
26;2025-12-25;1;5
26;2025-12-25;2;0
26;2025-12-25;3;0
26;2025-12-25;4;0
26;2025-12-25;5;68
26;2025-12-25;6;458
26;2025-12-25;7;1053
26;2025-12-25;8;1999
26;2025-12-25;9;1390
26;2025-12-25;10;1157
26;2025-12-25;11;1088
26;2025-12-25;12;1126
26;2025-12-25;13;1145
26;2025-12-25;14;1183
26;2025-12-25;15;1251
26;2025-12-25;16;1387
26;2025-12-25;17;1630
26;2025-12-25;18;1752
26;2025-12-25;19;1221
26;2025-12-25;20;686
26;2025-12-25;21;438
26;2025-12-25;22;158
26;2025-12-25;23;78
26;2025-12-26;0;0
26;2025-12-26;1;1
26;2025-12-26;2;0
26;2025-12-26;3;0
26;2025-12-26;4;0
26;2025-12-26;5;60
26;2025-12-26;6;436
26;2025-12-26;7;994
26;2025-12-26;8;1864
26;2025-12-26;9;1328
26;2025-12-26;10;1084
26;2025-12-26;11;1023
26;2025-12-26;12;1054
26;2025-12-26;13;1131
26;2025-12-26;14;1175
26;2025-12-26;15;1273
26;2025-12-26;16;1428
26;2025-12-26;17;1617
26;2025-12-26;18;1429
26;2025-12-26;19;1046
26;2025-12-26;20;663
26;2025-12-26;21;424
26;2025-12-26;22;185
26;2025-12-26;23;105
26;2025-12-27;0;17
26;2025-12-27;1;0
26;2025-12-27;2;0
26;2025-12-27;3;0
26;2025-12-27;4;0
26;2025-12-27;5;23
26;2025-12-27;6;226
26;2025-12-27;7;300
26;2025-12-27;8;463
26;2025-12-27;9;582
26;2025-12-27;10;647
26;2025-12-27;11;796
26;2025-12-27;12;824
26;2025-12-27;13;830
26;2025-12-27;14;866
26;2025-12-27;15;784
26;2025-12-27;16;785
26;2025-12-27;17;784
26;2025-12-27;18;689
26;2025-12-27;19;659
26;2025-12-27;20;474
26;2025-12-27;21;341
26;2025-12-27;22;150
26;2025-12-27;23;117
26;2025-12-28;0;10
26;2025-12-28;1;1
26;2025-12-28;2;0
26;2025-12-28;3;0
26;2025-12-28;4;0
26;2025-12-28;5;1
26;2025-12-28;6;145
26;2025-12-28;7;195
26;2025-12-28;8;333
26;2025-12-28;9;471
26;2025-12-28;10;522
26;2025-12-28;11;650
26;2025-12-28;12;684
26;2025-12-28;13;711
26;2025-12-28;14;712
26;2025-12-28;15;681
26;2025-12-28;16;709
26;2025-12-28;17;720
26;2025-12-28;18;630
26;2025-12-28;19;511
26;2025-12-28;20;349
26;2025-12-28;21;269
26;2025-12-28;22;136
26;2025-12-28;23;72
26;2025-12-29;0;0
26;2025-12-29;1;2
26;2025-12-29;2;0
26;2025-12-29;3;0
26;2025-12-29;4;3
26;2025-12-29;5;59
26;2025-12-29;6;452
26;2025-12-29;7;1036
26;2025-12-29;8;1920
26;2025-12-29;9;1356
26;2025-12-29;10;1124
26;2025-12-29;11;1032
26;2025-12-29;12;1071
26;2025-12-29;13;1096
26;2025-12-29;14;1125
26;2025-12-29;15;1224
26;2025-12-29;16;1359
26;2025-12-29;17;1611
26;2025-12-29;18;1724
26;2025-12-29;19;1159
26;2025-12-29;20;709
26;2025-12-29;21;407
26;2025-12-29;22;161
26;2025-12-29;23;72
26;2025-12-30;0;0
26;2025-12-30;1;0
26;2025-12-30;2;0
26;2025-12-30;3;0
26;2025-12-30;4;0
26;2025-12-30;5;56
26;2025-12-30;6;463
26;2025-12-30;7;1044
26;2025-12-30;8;1964
26;2025-12-30;9;1367
26;2025-12-30;10;1100
26;2025-12-30;11;1027
26;2025-12-30;12;1092
26;2025-12-30;13;1098
26;2025-12-30;14;1149
26;2025-12-30;15;1245
26;2025-12-30;16;1385
26;2025-12-30;17;1646
26;2025-12-30;18;1764
26;2025-12-30;19;1182
26;2025-12-30;20;688
26;2025-12-30;21;418
26;2025-12-30;22;178
26;2025-12-30;23;82
26;2025-12-31;0;4
26;2025-12-31;1;0
26;2025-12-31;2;0
26;2025-12-31;3;0
26;2025-12-31;4;0
26;2025-12-31;5;25
26;2025-12-31;6;231
26;2025-12-31;7;260
26;2025-12-31;8;429
26;2025-12-31;9;497
26;2025-12-31;10;541
26;2025-12-31;11;637
26;2025-12-31;12;692
26;2025-12-31;13;670
26;2025-12-31;14;700
26;2025-12-31;15;663
26;2025-12-31;16;662
26;2025-12-31;17;687
26;2025-12-31;18;666
26;2025-12-31;19;562
26;2025-12-31;20;363
26;2025-12-31;21;318
26;2025-12-31;22;142
26;2025-12-31;23;84
28;2025-11-01;0;5
28;2025-11-01;1;0
28;2025-11-01;2;0
28;2025-11-01;3;0
28;2025-11-01;4;0
28;2025-11-01;5;70
28;2025-11-01;6;235
28;2025-11-01;7;715
28;2025-11-01;8;1088
28;2025-11-01;9;814
28;2025-11-01;10;633
28;2025-11-01;11;585
28;2025-11-01;12;705
28;2025-11-01;13;722
28;2025-11-01;14;701
28;2025-11-01;15;743
28;2025-11-01;16;872
28;2025-11-01;17;933
28;2025-11-01;18;834
28;2025-11-01;19;647
28;2025-11-01;20;438
28;2025-11-01;21;302
28;2025-11-01;22;84
28;2025-11-01;23;0
28;2025-11-02;0;0
28;2025-11-02;1;0
28;2025-11-02;2;0
28;2025-11-02;3;0
28;2025-11-02;4;0
28;2025-11-02;5;0
28;2025-11-02;6;43
28;2025-11-02;7;117
28;2025-11-02;8;215
28;2025-11-02;9;264
28;2025-11-02;10;315
28;2025-11-02;11;355
28;2025-11-02;12;421
28;2025-11-02;13;447
28;2025-11-02;14;446
28;2025-11-02;15;456
28;2025-11-02;16;439
28;2025-11-02;17;441
28;2025-11-02;18;380
28;2025-11-02;19;330
28;2025-11-02;20;272
28;2025-11-02;21;186
28;2025-11-02;22;38
28;2025-11-02;23;0
28;2025-11-03;0;0
28;2025-11-03;1;0
28;2025-11-03;2;0
28;2025-11-03;3;0
28;2025-11-03;4;0
28;2025-11-03;5;0
28;2025-11-03;6;70
28;2025-11-03;7;139
28;2025-11-03;8;264
28;2025-11-03;9;303
28;2025-11-03;10;351
28;2025-11-03;11;331
28;2025-11-03;12;396
28;2025-11-03;13;420
28;2025-11-03;14;418
28;2025-11-03;15;443
28;2025-11-03;16;440
28;2025-11-03;17;458
28;2025-11-03;18;434
28;2025-11-03;19;357
28;2025-11-03;20;279
28;2025-11-03;21;226
28;2025-11-03;22;86
28;2025-11-03;23;8
28;2025-11-04;0;9
28;2025-11-04;1;0
28;2025-11-04;2;0
28;2025-11-04;3;0
28;2025-11-04;4;0
28;2025-11-04;5;24
28;2025-11-04;6;103
28;2025-11-04;7;190
28;2025-11-04;8;284
28;2025-11-04;9;279
28;2025-11-04;10;311
28;2025-11-04;11;312
28;2025-11-04;12;352
28;2025-11-04;13;375
28;2025-11-04;14;424
28;2025-11-04;15;436
28;2025-11-04;16;410
28;2025-11-04;17;440
28;2025-11-04;18;412
28;2025-11-04;19;341
28;2025-11-04;20;283
28;2025-11-04;21;240
28;2025-11-04;22;94
28;2025-11-04;23;11
28;2025-11-05;0;9
28;2025-11-05;1;0
28;2025-11-05;2;0
28;2025-11-05;3;0
28;2025-11-05;4;2
28;2025-11-05;5;69
28;2025-11-05;6;212
28;2025-11-05;7;708
28;2025-11-05;8;1145
28;2025-11-05;9;779
28;2025-11-05;10;629
28;2025-11-05;11;582
28;2025-11-05;12;694
28;2025-11-05;13;708
28;2025-11-05;14;650
28;2025-11-05;15;691
28;2025-11-05;16;827
28;2025-11-05;17;962
28;2025-11-05;18;975
28;2025-11-05;19;721
28;2025-11-05;20;478
28;2025-11-05;21;307
28;2025-11-05;22;125
28;2025-11-05;23;14
28;2025-11-06;0;1
28;2025-11-06;1;0
28;2025-11-06;2;0
28;2025-11-06;3;0
28;2025-11-06;4;0
28;2025-11-06;5;75
28;2025-11-06;6;265
28;2025-11-06;7;770
28;2025-11-06;8;1179
28;2025-11-06;9;827
28;2025-11-06;10;639
28;2025-11-06;11;565
28;2025-11-06;12;688
28;2025-11-06;13;707
28;2025-11-06;14;660
28;2025-11-06;15;692
28;2025-11-06;16;822
28;2025-11-06;17;973
28;2025-11-06;18;999
28;2025-11-06;19;728
28;2025-11-06;20;455
28;2025-11-06;21;311
28;2025-11-06;22;134
28;2025-11-06;23;11
28;2025-11-07;0;11
28;2025-11-07;1;0
28;2025-11-07;2;0
28;2025-11-07;3;0
28;2025-11-07;4;5
28;2025-11-07;5;81
28;2025-11-07;6;259
28;2025-11-07;7;758
28;2025-11-07;8;1120
28;2025-11-07;9;785
28;2025-11-07;10;619
28;2025-11-07;11;569
28;2025-11-07;12;690
28;2025-11-07;13;718
28;2025-11-07;14;663
28;2025-11-07;15;729
28;2025-11-07;16;873
28;2025-11-07;17;955
28;2025-11-07;18;850
28;2025-11-07;19;664
28;2025-11-07;20;443
28;2025-11-07;21;308
28;2025-11-07;22;135
28;2025-11-07;23;28
28;2025-11-08;0;6
28;2025-11-08;1;0
28;2025-11-08;2;0
28;2025-11-08;3;0
28;2025-11-08;4;0
28;2025-11-08;5;29
28;2025-11-08;6;100
28;2025-11-08;7;210
28;2025-11-08;8;336
28;2025-11-08;9;392
28;2025-11-08;10;425
28;2025-11-08;11;418
28;2025-11-08;12;491
28;2025-11-08;13;503
28;2025-11-08;14;499
28;2025-11-08;15;503
28;2025-11-08;16;478
28;2025-11-08;17;483
28;2025-11-08;18;422
28;2025-11-08;19;390
28;2025-11-08;20;303
28;2025-11-08;21;260
28;2025-11-08;22;107
28;2025-11-08;23;20
28;2025-11-09;0;8
28;2025-11-09;1;0
28;2025-11-09;2;0
28;2025-11-09;3;0
28;2025-11-09;4;0
28;2025-11-09;5;17
28;2025-11-09;6;84
28;2025-11-09;7;157
28;2025-11-09;8;255
28;2025-11-09;9;300
28;2025-11-09;10;354
28;2025-11-09;11;359
28;2025-11-09;12;419
28;2025-11-09;13;459
28;2025-11-09;14;446
28;2025-11-09;15;446
28;2025-11-09;16;423
28;2025-11-09;17;403
28;2025-11-09;18;337
28;2025-11-09;19;289
28;2025-11-09;20;233
28;2025-11-09;21;187
28;2025-11-09;22;39
28;2025-11-09;23;0
28;2025-11-10;0;0
28;2025-11-10;1;0
28;2025-11-10;2;0
28;2025-11-10;3;0
28;2025-11-10;4;0
28;2025-11-10;5;32
28;2025-11-10;6;212
28;2025-11-10;7;703
28;2025-11-10;8;1082
28;2025-11-10;9;758
28;2025-11-10;10;565
28;2025-11-10;11;501
28;2025-11-10;12;618
28;2025-11-10;13;649
28;2025-11-10;14;586
28;2025-11-10;15;634
28;2025-11-10;16;776
28;2025-11-10;17;886
28;2025-11-10;18;889
28;2025-11-10;19;653
28;2025-11-10;20;406
28;2025-11-10;21;238
28;2025-11-10;22;68
28;2025-11-10;23;0
28;2025-11-11;0;0
28;2025-11-11;1;0
28;2025-11-11;2;0
28;2025-11-11;3;0
28;2025-11-11;4;0
28;2025-11-11;5;30
28;2025-11-11;6;211
28;2025-11-11;7;723
28;2025-11-11;8;1129
28;2025-11-11;9;776
28;2025-11-11;10;597
28;2025-11-11;11;535
28;2025-11-11;12;642
28;2025-11-11;13;692
28;2025-11-11;14;633
28;2025-11-11;15;643
28;2025-11-11;16;783
28;2025-11-11;17;906
28;2025-11-11;18;920
28;2025-11-11;19;680
28;2025-11-11;20;435
28;2025-11-11;21;259
28;2025-11-11;22;77
28;2025-11-11;23;0
28;2025-11-12;0;0
28;2025-11-12;1;0
28;2025-11-12;2;0
28;2025-11-12;3;0
28;2025-11-12;4;0
28;2025-11-12;5;37
28;2025-11-12;6;215
28;2025-11-12;7;710
28;2025-11-12;8;1129
28;2025-11-12;9;778
28;2025-11-12;10;578
28;2025-11-12;11;527
28;2025-11-12;12;636
28;2025-11-12;13;648
28;2025-11-12;14;592
28;2025-11-12;15;625
28;2025-11-12;16;791
28;2025-11-12;17;915
28;2025-11-12;18;914
28;2025-11-12;19;678
28;2025-11-12;20;437
28;2025-11-12;21;264
28;2025-11-12;22;83
28;2025-11-12;23;0
28;2025-11-13;0;0
28;2025-11-13;1;0
28;2025-11-13;2;0
28;2025-11-13;3;0
28;2025-11-13;4;0
28;2025-11-13;5;37
28;2025-11-13;6;210
28;2025-11-13;7;726
28;2025-11-13;8;1134
28;2025-11-13;9;788
28;2025-11-13;10;602
28;2025-11-13;11;564
28;2025-11-13;12;686
28;2025-11-13;13;707
28;2025-11-13;14;658
28;2025-11-13;15;706
28;2025-11-13;16;839
28;2025-11-13;17;973
28;2025-11-13;18;992
28;2025-11-13;19;723
28;2025-11-13;20;463
28;2025-11-13;21;292
28;2025-11-13;22;84
28;2025-11-13;23;0
28;2025-11-14;0;0
28;2025-11-14;1;0
28;2025-11-14;2;0
28;2025-11-14;3;0
28;2025-11-14;4;0
28;2025-11-14;5;35
28;2025-11-14;6;210
28;2025-11-14;7;703
28;2025-11-14;8;1071
28;2025-11-14;9;781
28;2025-11-14;10;617
28;2025-11-14;11;562
28;2025-11-14;12;687
28;2025-11-14;13;720
28;2025-11-14;14;660
28;2025-11-14;15;723
28;2025-11-14;16;869
28;2025-11-14;17;951
28;2025-11-14;18;847
28;2025-11-14;19;665
28;2025-11-14;20;443
28;2025-11-14;21;294
28;2025-11-14;22;114
28;2025-11-14;23;12
28;2025-11-15;0;0
28;2025-11-15;1;0
28;2025-11-15;2;0
28;2025-11-15;3;0
28;2025-11-15;4;0
28;2025-11-15;5;0
28;2025-11-15;6;48
28;2025-11-15;7;143
28;2025-11-15;8;270
28;2025-11-15;9;331
28;2025-11-15;10;351
28;2025-11-15;11;339
28;2025-11-15;12;409
28;2025-11-15;13;456
28;2025-11-15;14;455
28;2025-11-15;15;449
28;2025-11-15;16;428
28;2025-11-15;17;449
28;2025-11-15;18;375
28;2025-11-15;19;343
28;2025-11-15;20;266
28;2025-11-15;21;216
28;2025-11-15;22;51
28;2025-11-15;23;0
28;2025-11-16;0;0
28;2025-11-16;1;0
28;2025-11-16;2;0
28;2025-11-16;3;0
28;2025-11-16;4;0
28;2025-11-16;5;0
28;2025-11-16;6;44
28;2025-11-16;7;117
28;2025-11-16;8;215
28;2025-11-16;9;262
28;2025-11-16;10;317
28;2025-11-16;11;321
28;2025-11-16;12;388
28;2025-11-16;13;425
28;2025-11-16;14;405
28;2025-11-16;15;410
28;2025-11-16;16;402
28;2025-11-16;17;400
28;2025-11-16;18;339
28;2025-11-16;19;288
28;2025-11-16;20;237
28;2025-11-16;21;189
28;2025-11-16;22;39
28;2025-11-16;23;0
28;2025-11-17;0;0
28;2025-11-17;1;0
28;2025-11-17;2;0
28;2025-11-17;3;0
28;2025-11-17;4;0
28;2025-11-17;5;33
28;2025-11-17;6;218
28;2025-11-17;7;701
28;2025-11-17;8;1083
28;2025-11-17;9;764
28;2025-11-17;10;552
28;2025-11-17;11;495
28;2025-11-17;12;598
28;2025-11-17;13;597
28;2025-11-17;14;563
28;2025-11-17;15;614
28;2025-11-17;16;758
28;2025-11-17;17;867
28;2025-11-17;18;887
28;2025-11-17;19;650
28;2025-11-17;20;402
28;2025-11-17;21;229
28;2025-11-17;22;66
28;2025-11-17;23;0
28;2025-11-18;0;0
28;2025-11-18;1;0
28;2025-11-18;2;0
28;2025-11-18;3;0
28;2025-11-18;4;0
28;2025-11-18;5;46
28;2025-11-18;6;248
28;2025-11-18;7;765
28;2025-11-18;8;1162
28;2025-11-18;9;807
28;2025-11-18;10;591
28;2025-11-18;11;564
28;2025-11-18;12;666
28;2025-11-18;13;672
28;2025-11-18;14;629
28;2025-11-18;15;674
28;2025-11-18;16;806
28;2025-11-18;17;907
28;2025-11-18;18;907
28;2025-11-18;19;664
28;2025-11-18;20;419
28;2025-11-18;21;259
28;2025-11-18;22;76
28;2025-11-18;23;0
28;2025-11-19;0;0
28;2025-11-19;1;0
28;2025-11-19;2;0
28;2025-11-19;3;0
28;2025-11-19;4;0
28;2025-11-19;5;37
28;2025-11-19;6;218
28;2025-11-19;7;707
28;2025-11-19;8;1127
28;2025-11-19;9;782
28;2025-11-19;10;593
28;2025-11-19;11;537
28;2025-11-19;12;647
28;2025-11-19;13;665
28;2025-11-19;14;608
28;2025-11-19;15;644
28;2025-11-19;16;787
28;2025-11-19;17;912
28;2025-11-19;18;928
28;2025-11-19;19;677
28;2025-11-19;20;439
28;2025-11-19;21;264
28;2025-11-19;22;82
28;2025-11-19;23;0
28;2025-11-20;0;0
28;2025-11-20;1;0
28;2025-11-20;2;0
28;2025-11-20;3;0
28;2025-11-20;4;0
28;2025-11-20;5;35
28;2025-11-20;6;224
28;2025-11-20;7;725
28;2025-11-20;8;1140
28;2025-11-20;9;791
28;2025-11-20;10;605
28;2025-11-20;11;539
28;2025-11-20;12;646
28;2025-11-20;13;666
28;2025-11-20;14;614
28;2025-11-20;15;651
28;2025-11-20;16;795
28;2025-11-20;17;930
28;2025-11-20;18;949
28;2025-11-20;19;685
28;2025-11-20;20;446
28;2025-11-20;21;269
28;2025-11-20;22;85
28;2025-11-20;23;0
28;2025-11-21;0;0
28;2025-11-21;1;0
28;2025-11-21;2;0
28;2025-11-21;3;0
28;2025-11-21;4;0
28;2025-11-21;5;28
28;2025-11-21;6;208
28;2025-11-21;7;698
28;2025-11-21;8;1075
28;2025-11-21;9;747
28;2025-11-21;10;580
28;2025-11-21;11;520
28;2025-11-21;12;625
28;2025-11-21;13;676
28;2025-11-21;14;614
28;2025-11-21;15;667
28;2025-11-21;16;817
28;2025-11-21;17;901
28;2025-11-21;18;790
28;2025-11-21;19;615
28;2025-11-21;20;395
28;2025-11-21;21;257
28;2025-11-21;22;80
28;2025-11-21;23;0
28;2025-11-22;0;0
28;2025-11-22;1;0
28;2025-11-22;2;0
28;2025-11-22;3;0
28;2025-11-22;4;0
28;2025-11-22;5;0
28;2025-11-22;6;50
28;2025-11-22;7;159
28;2025-11-22;8;287
28;2025-11-22;9;344
28;2025-11-22;10;389
28;2025-11-22;11;379
28;2025-11-22;12;453
28;2025-11-22;13;468
28;2025-11-22;14;459
28;2025-11-22;15;455
28;2025-11-22;16;439
28;2025-11-22;17;445
28;2025-11-22;18;372
28;2025-11-22;19;346
28;2025-11-22;20;257
28;2025-11-22;21;195
28;2025-11-22;22;41
28;2025-11-22;23;0
28;2025-11-23;0;0
28;2025-11-23;1;0
28;2025-11-23;2;0
28;2025-11-23;3;0
28;2025-11-23;4;0
28;2025-11-23;5;0
28;2025-11-23;6;44
28;2025-11-23;7;118
28;2025-11-23;8;215
28;2025-11-23;9;264
28;2025-11-23;10;316
28;2025-11-23;11;312
28;2025-11-23;12;379
28;2025-11-23;13;420
28;2025-11-23;14;420
28;2025-11-23;15;412
28;2025-11-23;16;396
28;2025-11-23;17;401
28;2025-11-23;18;337
28;2025-11-23;19;288
28;2025-11-23;20;237
28;2025-11-23;21;188
28;2025-11-23;22;40
28;2025-11-23;23;0
28;2025-11-24;0;0
28;2025-11-24;1;0
28;2025-11-24;2;0
28;2025-11-24;3;0
28;2025-11-24;4;0
28;2025-11-24;5;12
28;2025-11-24;6;195
28;2025-11-24;7;688
28;2025-11-24;8;1071
28;2025-11-24;9;748
28;2025-11-24;10;535
28;2025-11-24;11;457
28;2025-11-24;12;603
28;2025-11-24;13;631
28;2025-11-24;14;572
28;2025-11-24;15;639
28;2025-11-24;16;777
28;2025-11-24;17;885
28;2025-11-24;18;887
28;2025-11-24;19;653
28;2025-11-24;20;403
28;2025-11-24;21;239
28;2025-11-24;22;66
28;2025-11-24;23;0
28;2025-11-25;0;0
28;2025-11-25;1;0
28;2025-11-25;2;0
28;2025-11-25;3;0
28;2025-11-25;4;0
28;2025-11-25;5;30
28;2025-11-25;6;215
28;2025-11-25;7;721
28;2025-11-25;8;1128
28;2025-11-25;9;778
28;2025-11-25;10;599
28;2025-11-25;11;538
28;2025-11-25;12;645
28;2025-11-25;13;661
28;2025-11-25;14;599
28;2025-11-25;15;638
28;2025-11-25;16;777
28;2025-11-25;17;903
28;2025-11-25;18;921
28;2025-11-25;19;678
28;2025-11-25;20;430
28;2025-11-25;21;259
28;2025-11-25;22;76
28;2025-11-25;23;0
28;2025-11-26;0;0
28;2025-11-26;1;0
28;2025-11-26;2;0
28;2025-11-26;3;0
28;2025-11-26;4;0
28;2025-11-26;5;29
28;2025-11-26;6;206
28;2025-11-26;7;690
28;2025-11-26;8;1120
28;2025-11-26;9;769
28;2025-11-26;10;567
28;2025-11-26;11;511
28;2025-11-26;12;629
28;2025-11-26;13;649
28;2025-11-26;14;593
28;2025-11-26;15;630
28;2025-11-26;16;757
28;2025-11-26;17;887
28;2025-11-26;18;916
28;2025-11-26;19;664
28;2025-11-26;20;423
28;2025-11-26;21;251
28;2025-11-26;22;69
28;2025-11-26;23;0
28;2025-11-27;0;0
28;2025-11-27;1;0
28;2025-11-27;2;0
28;2025-11-27;3;0
28;2025-11-27;4;0
28;2025-11-27;5;36
28;2025-11-27;6;220
28;2025-11-27;7;727
28;2025-11-27;8;1140
28;2025-11-27;9;787
28;2025-11-27;10;600
28;2025-11-27;11;519
28;2025-11-27;12;619
28;2025-11-27;13;642
28;2025-11-27;14;592
28;2025-11-27;15;656
28;2025-11-27;16;796
28;2025-11-27;17;906
28;2025-11-27;18;929
28;2025-11-27;19;656
28;2025-11-27;20;414
28;2025-11-27;21;273
28;2025-11-27;22;84
28;2025-11-27;23;0
28;2025-11-28;0;0
28;2025-11-28;1;0
28;2025-11-28;2;0
28;2025-11-28;3;0
28;2025-11-28;4;0
28;2025-11-28;5;62
28;2025-11-28;6;211
28;2025-11-28;7;703
28;2025-11-28;8;1077
28;2025-11-28;9;745
28;2025-11-28;10;579
28;2025-11-28;11;524
28;2025-11-28;12;644
28;2025-11-28;13;676
28;2025-11-28;14;614
28;2025-11-28;15;669
28;2025-11-28;16;820
28;2025-11-28;17;903
28;2025-11-28;18;792
28;2025-11-28;19;614
28;2025-11-28;20;398
28;2025-11-28;21;257
28;2025-11-28;22;80
28;2025-11-28;23;0
28;2025-11-29;0;0
28;2025-11-29;1;0
28;2025-11-29;2;0
28;2025-11-29;3;0
28;2025-11-29;4;0
28;2025-11-29;5;0
28;2025-11-29;6;59
28;2025-11-29;7;170
28;2025-11-29;8;294
28;2025-11-29;9;357
28;2025-11-29;10;392
28;2025-11-29;11;381
28;2025-11-29;12;457
28;2025-11-29;13;473
28;2025-11-29;14;458
28;2025-11-29;15;456
28;2025-11-29;16;441
28;2025-11-29;17;442
28;2025-11-29;18;373
28;2025-11-29;19;347
28;2025-11-29;20;264
28;2025-11-29;21;217
28;2025-11-29;22;55
28;2025-11-29;23;0
28;2025-11-30;0;0
28;2025-11-30;1;0
28;2025-11-30;2;0
28;2025-11-30;3;0
28;2025-11-30;4;0
28;2025-11-30;5;0
28;2025-11-30;6;45
28;2025-11-30;7;117
28;2025-11-30;8;214
28;2025-11-30;9;264
28;2025-11-30;10;315
28;2025-11-30;11;319
28;2025-11-30;12;381
28;2025-11-30;13;420
28;2025-11-30;14;403
28;2025-11-30;15;409
28;2025-11-30;16;401
28;2025-11-30;17;400
28;2025-11-30;18;337
28;2025-11-30;19;289
28;2025-11-30;20;233
28;2025-11-30;21;187
28;2025-11-30;22;39
28;2025-11-30;23;0
28;2025-12-01;0;0
28;2025-12-01;1;0
28;2025-12-01;2;0
28;2025-12-01;3;0
28;2025-12-01;4;0
28;2025-12-01;5;33
28;2025-12-01;6;215
28;2025-12-01;7;703
28;2025-12-01;8;1081
28;2025-12-01;9;760
28;2025-12-01;10;567
28;2025-12-01;11;497
28;2025-12-01;12;614
28;2025-12-01;13;650
28;2025-12-01;14;584
28;2025-12-01;15;631
28;2025-12-01;16;777
28;2025-12-01;17;887
28;2025-12-01;18;889
28;2025-12-01;19;654
28;2025-12-01;20;410
28;2025-12-01;21;238
28;2025-12-01;22;66
28;2025-12-01;23;0
28;2025-12-02;0;0
28;2025-12-02;1;0
28;2025-12-02;2;0
28;2025-12-02;3;0
28;2025-12-02;4;0
28;2025-12-02;5;30
28;2025-12-02;6;215
28;2025-12-02;7;724
28;2025-12-02;8;1127
28;2025-12-02;9;777
28;2025-12-02;10;594
28;2025-12-02;11;531
28;2025-12-02;12;638
28;2025-12-02;13;655
28;2025-12-02;14;599
28;2025-12-02;15;637
28;2025-12-02;16;777
28;2025-12-02;17;904
28;2025-12-02;18;921
28;2025-12-02;19;680
28;2025-12-02;20;432
28;2025-12-02;21;259
28;2025-12-02;22;76
28;2025-12-02;23;0
28;2025-12-03;0;0
28;2025-12-03;1;0
28;2025-12-03;2;0
28;2025-12-03;3;0
28;2025-12-03;4;0
28;2025-12-03;5;37
28;2025-12-03;6;218
28;2025-12-03;7;708
28;2025-12-03;8;1127
28;2025-12-03;9;780
28;2025-12-03;10;592
28;2025-12-03;11;536
28;2025-12-03;12;650
28;2025-12-03;13;668
28;2025-12-03;14;607
28;2025-12-03;15;643
28;2025-12-03;16;788
28;2025-12-03;17;913
28;2025-12-03;18;926
28;2025-12-03;19;678
28;2025-12-03;20;433
28;2025-12-03;21;263
28;2025-12-03;22;81
28;2025-12-03;23;0
28;2025-12-04;0;0
28;2025-12-04;1;0
28;2025-12-04;2;0
28;2025-12-04;3;0
28;2025-12-04;4;0
28;2025-12-04;5;37
28;2025-12-04;6;222
28;2025-12-04;7;725
28;2025-12-04;8;1139
28;2025-12-04;9;789
28;2025-12-04;10;601
28;2025-12-04;11;542
28;2025-12-04;12;649
28;2025-12-04;13;669
28;2025-12-04;14;615
28;2025-12-04;15;654
28;2025-12-04;16;794
28;2025-12-04;17;930
28;2025-12-04;18;948
28;2025-12-04;19;684
28;2025-12-04;20;444
28;2025-12-04;21;269
28;2025-12-04;22;87
28;2025-12-04;23;0
28;2025-12-05;0;0
28;2025-12-05;1;0
28;2025-12-05;2;0
28;2025-12-05;3;0
28;2025-12-05;4;0
28;2025-12-05;5;34
28;2025-12-05;6;212
28;2025-12-05;7;707
28;2025-12-05;8;1073
28;2025-12-05;9;745
28;2025-12-05;10;577
28;2025-12-05;11;523
28;2025-12-05;12;643
28;2025-12-05;13;676
28;2025-12-05;14;614
28;2025-12-05;15;669
28;2025-12-05;16;820
28;2025-12-05;17;903
28;2025-12-05;18;792
28;2025-12-05;19;614
28;2025-12-05;20;404
28;2025-12-05;21;257
28;2025-12-05;22;80
28;2025-12-05;23;0
28;2025-12-06;0;0
28;2025-12-06;1;0
28;2025-12-06;2;0
28;2025-12-06;3;0
28;2025-12-06;4;0
28;2025-12-06;5;0
28;2025-12-06;6;59
28;2025-12-06;7;169
28;2025-12-06;8;293
28;2025-12-06;9;356
28;2025-12-06;10;386
28;2025-12-06;11;378
28;2025-12-06;12;452
28;2025-12-06;13;467
28;2025-12-06;14;460
28;2025-12-06;15;457
28;2025-12-06;16;439
28;2025-12-06;17;445
28;2025-12-06;18;375
28;2025-12-06;19;346
28;2025-12-06;20;260
28;2025-12-06;21;218
28;2025-12-06;22;56
28;2025-12-06;23;0
28;2025-12-07;0;0
28;2025-12-07;1;0
28;2025-12-07;2;0
28;2025-12-07;3;0
28;2025-12-07;4;0
28;2025-12-07;5;0
28;2025-12-07;6;45
28;2025-12-07;7;116
28;2025-12-07;8;214
28;2025-12-07;9;264
28;2025-12-07;10;315
28;2025-12-07;11;316
28;2025-12-07;12;378
28;2025-12-07;13;417
28;2025-12-07;14;404
28;2025-12-07;15;406
28;2025-12-07;16;401
28;2025-12-07;17;397
28;2025-12-07;18;337
28;2025-12-07;19;288
28;2025-12-07;20;230
28;2025-12-07;21;186
28;2025-12-07;22;38
28;2025-12-07;23;0
28;2025-12-08;0;0
28;2025-12-08;1;0
28;2025-12-08;2;0
28;2025-12-08;3;0
28;2025-12-08;4;0
28;2025-12-08;5;33
28;2025-12-08;6;217
28;2025-12-08;7;703
28;2025-12-08;8;1081
28;2025-12-08;9;759
28;2025-12-08;10;563
28;2025-12-08;11;496
28;2025-12-08;12;614
28;2025-12-08;13;647
28;2025-12-08;14;584
28;2025-12-08;15;631
28;2025-12-08;16;773
28;2025-12-08;17;883
28;2025-12-08;18;889
28;2025-12-08;19;654
28;2025-12-08;20;410
28;2025-12-08;21;238
28;2025-12-08;22;67
28;2025-12-08;23;0
28;2025-12-09;0;0
28;2025-12-09;1;0
28;2025-12-09;2;0
28;2025-12-09;3;0
28;2025-12-09;4;0
28;2025-12-09;5;30
28;2025-12-09;6;215
28;2025-12-09;7;720
28;2025-12-09;8;1125
28;2025-12-09;9;778
28;2025-12-09;10;599
28;2025-12-09;11;538
28;2025-12-09;12;645
28;2025-12-09;13;660
28;2025-12-09;14;599
28;2025-12-09;15;640
28;2025-12-09;16;783
28;2025-12-09;17;908
28;2025-12-09;18;923
28;2025-12-09;19;681
28;2025-12-09;20;438
28;2025-12-09;21;259
28;2025-12-09;22;67
28;2025-12-09;23;0
28;2025-12-10;0;0
28;2025-12-10;1;0
28;2025-12-10;2;0
28;2025-12-10;3;0
28;2025-12-10;4;0
28;2025-12-10;5;31
28;2025-12-10;6;212
28;2025-12-10;7;698
28;2025-12-10;8;1125
28;2025-12-10;9;776
28;2025-12-10;10;579
28;2025-12-10;11;531
28;2025-12-10;12;655
28;2025-12-10;13;671
28;2025-12-10;14;608
28;2025-12-10;15;646
28;2025-12-10;16;792
28;2025-12-10;17;917
28;2025-12-10;18;929
28;2025-12-10;19;678
28;2025-12-10;20;439
28;2025-12-10;21;264
28;2025-12-10;22;82
28;2025-12-10;23;0
28;2025-12-11;0;0
28;2025-12-11;1;0
28;2025-12-11;2;0
28;2025-12-11;3;0
28;2025-12-11;4;0
28;2025-12-11;5;37
28;2025-12-11;6;220
28;2025-12-11;7;722
28;2025-12-11;8;1120
28;2025-12-11;9;776
28;2025-12-11;10;576
28;2025-12-11;11;522
28;2025-12-11;12;625
28;2025-12-11;13;647
28;2025-12-11;14;614
28;2025-12-11;15;632
28;2025-12-11;16;767
28;2025-12-11;17;902
28;2025-12-11;18;926
28;2025-12-11;19;661
28;2025-12-11;20;424
28;2025-12-11;21;254
28;2025-12-11;22;79
28;2025-12-11;23;0
28;2025-12-12;0;0
28;2025-12-12;1;0
28;2025-12-12;2;0
28;2025-12-12;3;0
28;2025-12-12;4;1
28;2025-12-12;5;34
28;2025-12-12;6;201
28;2025-12-12;7;707
28;2025-12-12;8;1067
28;2025-12-12;9;744
28;2025-12-12;10;564
28;2025-12-12;11;523
28;2025-12-12;12;625
28;2025-12-12;13;641
28;2025-12-12;14;591
28;2025-12-12;15;637
28;2025-12-12;16;786
28;2025-12-12;17;887
28;2025-12-12;18;790
28;2025-12-12;19;616
28;2025-12-12;20;401
28;2025-12-12;21;259
28;2025-12-12;22;69
28;2025-12-12;23;0
28;2025-12-13;0;0
28;2025-12-13;1;0
28;2025-12-13;2;0
28;2025-12-13;3;0
28;2025-12-13;4;0
28;2025-12-13;5;0
28;2025-12-13;6;61
28;2025-12-13;7;160
28;2025-12-13;8;288
28;2025-12-13;9;361
28;2025-12-13;10;396
28;2025-12-13;11;381
28;2025-12-13;12;457
28;2025-12-13;13;476
28;2025-12-13;14;460
28;2025-12-13;15;459
28;2025-12-13;16;445
28;2025-12-13;17;449
28;2025-12-13;18;378
28;2025-12-13;19;345
28;2025-12-13;20;252
28;2025-12-13;21;210
28;2025-12-13;22;58
28;2025-12-13;23;0
28;2025-12-14;0;0
28;2025-12-14;1;0
28;2025-12-14;2;0
28;2025-12-14;3;0
28;2025-12-14;4;0
28;2025-12-14;5;0
28;2025-12-14;6;44
28;2025-12-14;7;116
28;2025-12-14;8;201
28;2025-12-14;9;266
28;2025-12-14;10;325
28;2025-12-14;11;320
28;2025-12-14;12;384
28;2025-12-14;13;423
28;2025-12-14;14;404
28;2025-12-14;15;409
28;2025-12-14;16;402
28;2025-12-14;17;401
28;2025-12-14;18;344
28;2025-12-14;19;292
28;2025-12-14;20;241
28;2025-12-14;21;191
28;2025-12-14;22;45
28;2025-12-14;23;0
28;2025-12-15;0;0
28;2025-12-15;1;0
28;2025-12-15;2;0
28;2025-12-15;3;0
28;2025-12-15;4;0
28;2025-12-15;5;30
28;2025-12-15;6;219
28;2025-12-15;7;704
28;2025-12-15;8;1079
28;2025-12-15;9;763
28;2025-12-15;10;577
28;2025-12-15;11;485
28;2025-12-15;12;623
28;2025-12-15;13;653
28;2025-12-15;14;585
28;2025-12-15;15;635
28;2025-12-15;16;777
28;2025-12-15;17;889
28;2025-12-15;18;899
28;2025-12-15;19;657
28;2025-12-15;20;409
28;2025-12-15;21;236
28;2025-12-15;22;68
28;2025-12-15;23;0
28;2025-12-16;0;0
28;2025-12-16;1;0
28;2025-12-16;2;0
28;2025-12-16;3;0
28;2025-12-16;4;0
28;2025-12-16;5;27
28;2025-12-16;6;211
28;2025-12-16;7;715
28;2025-12-16;8;1129
28;2025-12-16;9;780
28;2025-12-16;10;584
28;2025-12-16;11;527
28;2025-12-16;12;616
28;2025-12-16;13;627
28;2025-12-16;14;593
28;2025-12-16;15;639
28;2025-12-16;16;779
28;2025-12-16;17;906
28;2025-12-16;18;922
28;2025-12-16;19;677
28;2025-12-16;20;432
28;2025-12-16;21;258
28;2025-12-16;22;75
28;2025-12-16;23;0
28;2025-12-17;0;0
28;2025-12-17;1;0
28;2025-12-17;2;0
28;2025-12-17;3;0
28;2025-12-17;4;0
28;2025-12-17;5;35
28;2025-12-17;6;214
28;2025-12-17;7;705
28;2025-12-17;8;1127
28;2025-12-17;9;780
28;2025-12-17;10;592
28;2025-12-17;11;540
28;2025-12-17;12;651
28;2025-12-17;13;668
28;2025-12-17;14;608
28;2025-12-17;15;643
28;2025-12-17;16;788
28;2025-12-17;17;912
28;2025-12-17;18;927
28;2025-12-17;19;677
28;2025-12-17;20;433
28;2025-12-17;21;263
28;2025-12-17;22;81
28;2025-12-17;23;0
28;2025-12-18;0;0
28;2025-12-18;1;0
28;2025-12-18;2;0
28;2025-12-18;3;0
28;2025-12-18;4;0
28;2025-12-18;5;37
28;2025-12-18;6;225
28;2025-12-18;7;728
28;2025-12-18;8;1141
28;2025-12-18;9;791
28;2025-12-18;10;606
28;2025-12-18;11;545
28;2025-12-18;12;654
28;2025-12-18;13;671
28;2025-12-18;14;614
28;2025-12-18;15;652
28;2025-12-18;16;791
28;2025-12-18;17;927
28;2025-12-18;18;948
28;2025-12-18;19;685
28;2025-12-18;20;441
28;2025-12-18;21;270
28;2025-12-18;22;86
28;2025-12-18;23;0
28;2025-12-19;0;0
28;2025-12-19;1;0
28;2025-12-19;2;0
28;2025-12-19;3;0
28;2025-12-19;4;0
28;2025-12-19;5;35
28;2025-12-19;6;213
28;2025-12-19;7;708
28;2025-12-19;8;1075
28;2025-12-19;9;747
28;2025-12-19;10;584
28;2025-12-19;11;527
28;2025-12-19;12;648
28;2025-12-19;13;682
28;2025-12-19;14;614
28;2025-12-19;15;667
28;2025-12-19;16;820
28;2025-12-19;17;884
28;2025-12-19;18;783
28;2025-12-19;19;616
28;2025-12-19;20;401
28;2025-12-19;21;257
28;2025-12-19;22;80
28;2025-12-19;23;0
28;2025-12-20;0;0
28;2025-12-20;1;0
28;2025-12-20;2;0
28;2025-12-20;3;0
28;2025-12-20;4;0
28;2025-12-20;5;0
28;2025-12-20;6;61
28;2025-12-20;7;171
28;2025-12-20;8;294
28;2025-12-20;9;357
28;2025-12-20;10;392
28;2025-12-20;11;382
28;2025-12-20;12;457
28;2025-12-20;13;473
28;2025-12-20;14;458
28;2025-12-20;15;457
28;2025-12-20;16;441
28;2025-12-20;17;446
28;2025-12-20;18;373
28;2025-12-20;19;348
28;2025-12-20;20;265
28;2025-12-20;21;218
28;2025-12-20;22;55
28;2025-12-20;23;0
28;2025-12-21;0;0
28;2025-12-21;1;0
28;2025-12-21;2;0
28;2025-12-21;3;0
28;2025-12-21;4;0
28;2025-12-21;5;0
28;2025-12-21;6;35
28;2025-12-21;7;102
28;2025-12-21;8;202
28;2025-12-21;9;265
28;2025-12-21;10;318
28;2025-12-21;11;317
28;2025-12-21;12;378
28;2025-12-21;13;418
28;2025-12-21;14;404
28;2025-12-21;15;407
28;2025-12-21;16;401
28;2025-12-21;17;401
28;2025-12-21;18;337
28;2025-12-21;19;288
28;2025-12-21;20;230
28;2025-12-21;21;187
28;2025-12-21;22;29
28;2025-12-21;23;0
28;2025-12-22;0;0
28;2025-12-22;1;0
28;2025-12-22;2;0
28;2025-12-22;3;0
28;2025-12-22;4;0
28;2025-12-22;5;33
28;2025-12-22;6;215
28;2025-12-22;7;701
28;2025-12-22;8;1079
28;2025-12-22;9;749
28;2025-12-22;10;542
28;2025-12-22;11;486
28;2025-12-22;12;604
28;2025-12-22;13;648
28;2025-12-22;14;584
28;2025-12-22;15;623
28;2025-12-22;16;778
28;2025-12-22;17;888
28;2025-12-22;18;881
28;2025-12-22;19;658
28;2025-12-22;20;411
28;2025-12-22;21;239
28;2025-12-22;22;59
28;2025-12-22;23;0
28;2025-12-23;0;0
28;2025-12-23;1;0
28;2025-12-23;2;0
28;2025-12-23;3;0
28;2025-12-23;4;0
28;2025-12-23;5;29
28;2025-12-23;6;214
28;2025-12-23;7;724
28;2025-12-23;8;1125
28;2025-12-23;9;779
28;2025-12-23;10;606
28;2025-12-23;11;535
28;2025-12-23;12;648
28;2025-12-23;13;654
28;2025-12-23;14;595
28;2025-12-23;15;637
28;2025-12-23;16;779
28;2025-12-23;17;907
28;2025-12-23;18;930
28;2025-12-23;19;689
28;2025-12-23;20;438
28;2025-12-23;21;262
28;2025-12-23;22;78
28;2025-12-23;23;0
28;2025-12-24;0;0
28;2025-12-24;1;0
28;2025-12-24;2;0
28;2025-12-24;3;0
28;2025-12-24;4;0
28;2025-12-24;5;36
28;2025-12-24;6;215
28;2025-12-24;7;713
28;2025-12-24;8;1127
28;2025-12-24;9;783
28;2025-12-24;10;605
28;2025-12-24;11;541
28;2025-12-24;12;639
28;2025-12-24;13;654
28;2025-12-24;14;603
28;2025-12-24;15;631
28;2025-12-24;16;789
28;2025-12-24;17;914
28;2025-12-24;18;924
28;2025-12-24;19;688
28;2025-12-24;20;426
28;2025-12-24;21;251
28;2025-12-24;22;69
28;2025-12-24;23;0
28;2025-12-25;0;0
28;2025-12-25;1;0
28;2025-12-25;2;0
28;2025-12-25;3;0
28;2025-12-25;4;0
28;2025-12-25;5;34
28;2025-12-25;6;215
28;2025-12-25;7;719
28;2025-12-25;8;1141
28;2025-12-25;9;794
28;2025-12-25;10;608
28;2025-12-25;11;544
28;2025-12-25;12;651
28;2025-12-25;13;667
28;2025-12-25;14;612
28;2025-12-25;15;654
28;2025-12-25;16;795
28;2025-12-25;17;923
28;2025-12-25;18;931
28;2025-12-25;19;680
28;2025-12-25;20;416
28;2025-12-25;21;259
28;2025-12-25;22;71
28;2025-12-25;23;0
28;2025-12-26;0;0
28;2025-12-26;1;0
28;2025-12-26;2;0
28;2025-12-26;3;0
28;2025-12-26;4;0
28;2025-12-26;5;34
28;2025-12-26;6;201
28;2025-12-26;7;700
28;2025-12-26;8;1078
28;2025-12-26;9;756
28;2025-12-26;10;571
28;2025-12-26;11;499
28;2025-12-26;12;631
28;2025-12-26;13;681
28;2025-12-26;14;626
28;2025-12-26;15;676
28;2025-12-26;16;820
28;2025-12-26;17;903
28;2025-12-26;18;795
28;2025-12-26;19;606
28;2025-12-26;20;389
28;2025-12-26;21;254
28;2025-12-26;22;83
28;2025-12-26;23;0
28;2025-12-27;0;0
28;2025-12-27;1;0
28;2025-12-27;2;0
28;2025-12-27;3;0
28;2025-12-27;4;0
28;2025-12-27;5;0
28;2025-12-27;6;63
28;2025-12-27;7;178
28;2025-12-27;8;300
28;2025-12-27;9;368
28;2025-12-27;10;404
28;2025-12-27;11;398
28;2025-12-27;12;471
28;2025-12-27;13;494
28;2025-12-27;14;477
28;2025-12-27;15;474
28;2025-12-27;16;461
28;2025-12-27;17;465
28;2025-12-27;18;380
28;2025-12-27;19;343
28;2025-12-27;20;261
28;2025-12-27;21;219
28;2025-12-27;22;57
28;2025-12-27;23;0
28;2025-12-28;0;0
28;2025-12-28;1;0
28;2025-12-28;2;0
28;2025-12-28;3;0
28;2025-12-28;4;0
28;2025-12-28;5;0
28;2025-12-28;6;39
28;2025-12-28;7;110
28;2025-12-28;8;210
28;2025-12-28;9;274
28;2025-12-28;10;313
28;2025-12-28;11;328
28;2025-12-28;12;388
28;2025-12-28;13;434
28;2025-12-28;14;423
28;2025-12-28;15;418
28;2025-12-28;16;416
28;2025-12-28;17;414
28;2025-12-28;18;345
28;2025-12-28;19;286
28;2025-12-28;20;228
28;2025-12-28;21;184
28;2025-12-28;22;40
28;2025-12-28;23;0
28;2025-12-29;0;0
28;2025-12-29;1;0
28;2025-12-29;2;0
28;2025-12-29;3;0
28;2025-12-29;4;0
28;2025-12-29;5;30
28;2025-12-29;6;216
28;2025-12-29;7;706
28;2025-12-29;8;1080
28;2025-12-29;9;773
28;2025-12-29;10;563
28;2025-12-29;11;502
28;2025-12-29;12;619
28;2025-12-29;13;649
28;2025-12-29;14;596
28;2025-12-29;15;642
28;2025-12-29;16;778
28;2025-12-29;17;890
28;2025-12-29;18;891
28;2025-12-29;19;656
28;2025-12-29;20;401
28;2025-12-29;21;233
28;2025-12-29;22;71
28;2025-12-29;23;0
28;2025-12-30;0;0
28;2025-12-30;1;0
28;2025-12-30;2;0
28;2025-12-30;3;0
28;2025-12-30;4;0
28;2025-12-30;5;25
28;2025-12-30;6;204
28;2025-12-30;7;708
28;2025-12-30;8;1125
28;2025-12-30;9;778
28;2025-12-30;10;581
28;2025-12-30;11;518
28;2025-12-30;12;644
28;2025-12-30;13;659
28;2025-12-30;14;605
28;2025-12-30;15;645
28;2025-12-30;16;779
28;2025-12-30;17;910
28;2025-12-30;18;926
28;2025-12-30;19;662
28;2025-12-30;20;414
28;2025-12-30;21;260
28;2025-12-30;22;78
28;2025-12-30;23;0
28;2025-12-31;0;0
28;2025-12-31;1;0
28;2025-12-31;2;0
28;2025-12-31;3;0
28;2025-12-31;4;0
28;2025-12-31;5;0
28;2025-12-31;6;67
28;2025-12-31;7;147
28;2025-12-31;8;290
28;2025-12-31;9;305
28;2025-12-31;10;329
28;2025-12-31;11;334
28;2025-12-31;12;412
28;2025-12-31;13;415
28;2025-12-31;14;409
28;2025-12-31;15;406
28;2025-12-31;16;402
28;2025-12-31;17;429
28;2025-12-31;18;404
28;2025-12-31;19;329
28;2025-12-31;20;267
28;2025-12-31;21;207
28;2025-12-31;22;53
28;2025-12-31;23;0
50;2025-11-01;0;4
50;2025-11-01;1;0
50;2025-11-01;2;0
50;2025-11-01;3;0
50;2025-11-01;4;0
50;2025-11-01;5;43
50;2025-11-01;6;387
50;2025-11-01;7;1541
50;2025-11-01;8;2512
50;2025-11-01;9;1862
50;2025-11-01;10;1518
50;2025-11-01;11;1428
50;2025-11-01;12;1430
50;2025-11-01;13;1437
50;2025-11-01;14;1433
50;2025-11-01;15;1584
50;2025-11-01;16;1693
50;2025-11-01;17;2151
50;2025-11-01;18;2117
50;2025-11-01;19;1308
50;2025-11-01;20;794
50;2025-11-01;21;499
50;2025-11-01;22;87
50;2025-11-01;23;40
50;2025-11-02;0;0
50;2025-11-02;1;0
50;2025-11-02;2;0
50;2025-11-02;3;0
50;2025-11-02;4;0
50;2025-11-02;5;0
50;2025-11-02;6;0
50;2025-11-02;7;73
50;2025-11-02;8;167
50;2025-11-02;9;267
50;2025-11-02;10;293
50;2025-11-02;11;416
50;2025-11-02;12;458
50;2025-11-02;13;463
50;2025-11-02;14;465
50;2025-11-02;15;448
50;2025-11-02;16;465
50;2025-11-02;17;481
50;2025-11-02;18;392
50;2025-11-02;19;316
50;2025-11-02;20;252
50;2025-11-02;21;123
50;2025-11-02;22;10
50;2025-11-02;23;0
50;2025-11-03;0;0
50;2025-11-03;1;0
50;2025-11-03;2;0
50;2025-11-03;3;0
50;2025-11-03;4;0
50;2025-11-03;5;0
50;2025-11-03;6;114
50;2025-11-03;7;199
50;2025-11-03;8;325
50;2025-11-03;9;409
50;2025-11-03;10;427
50;2025-11-03;11;511
50;2025-11-03;12;506
50;2025-11-03;13;510
50;2025-11-03;14;498
50;2025-11-03;15;530
50;2025-11-03;16;541
50;2025-11-03;17;554
50;2025-11-03;18;547
50;2025-11-03;19;442
50;2025-11-03;20;352
50;2025-11-03;21;280
50;2025-11-03;22;172
50;2025-11-03;23;118
50;2025-11-04;0;42
50;2025-11-04;1;6
50;2025-11-04;2;0
50;2025-11-04;3;0
50;2025-11-04;4;2
50;2025-11-04;5;71
50;2025-11-04;6;190
50;2025-11-04;7;273
50;2025-11-04;8;347
50;2025-11-04;9;430
50;2025-11-04;10;440
50;2025-11-04;11;483
50;2025-11-04;12;459
50;2025-11-04;13;460
50;2025-11-04;14;495
50;2025-11-04;15;526
50;2025-11-04;16;526
50;2025-11-04;17;553
50;2025-11-04;18;556
50;2025-11-04;19;474
50;2025-11-04;20;381
50;2025-11-04;21;303
50;2025-11-04;22;187
50;2025-11-04;23;140
50;2025-11-05;0;39
50;2025-11-05;1;4
50;2025-11-05;2;0
50;2025-11-05;3;0
50;2025-11-05;4;1
50;2025-11-05;5;81
50;2025-11-05;6;469
50;2025-11-05;7;1657
50;2025-11-05;8;2693
50;2025-11-05;9;1955
50;2025-11-05;10;1601
50;2025-11-05;11;1521
50;2025-11-05;12;1489
50;2025-11-05;13;1454
50;2025-11-05;14;1427
50;2025-11-05;15;1555
50;2025-11-05;16;1671
50;2025-11-05;17;2253
50;2025-11-05;18;2388
50;2025-11-05;19;1497
50;2025-11-05;20;936
50;2025-11-05;21;644
50;2025-11-05;22;242
50;2025-11-05;23;156
50;2025-11-06;0;27
50;2025-11-06;1;0
50;2025-11-06;2;0
50;2025-11-06;3;0
50;2025-11-06;4;3
50;2025-11-06;5;103
50;2025-11-06;6;523
50;2025-11-06;7;1711
50;2025-11-06;8;2705
50;2025-11-06;9;1993
50;2025-11-06;10;1609
50;2025-11-06;11;1491
50;2025-11-06;12;1473
50;2025-11-06;13;1457
50;2025-11-06;14;1425
50;2025-11-06;15;1555
50;2025-11-06;16;1663
50;2025-11-06;17;2251
50;2025-11-06;18;2392
50;2025-11-06;19;1494
50;2025-11-06;20;917
50;2025-11-06;21;661
50;2025-11-06;22;262
50;2025-11-06;23;162
50;2025-11-07;0;35
50;2025-11-07;1;1
50;2025-11-07;2;0
50;2025-11-07;3;0
50;2025-11-07;4;1
50;2025-11-07;5;78
50;2025-11-07;6;514
50;2025-11-07;7;1659
50;2025-11-07;8;2583
50;2025-11-07;9;1896
50;2025-11-07;10;1557
50;2025-11-07;11;1484
50;2025-11-07;12;1471
50;2025-11-07;13;1490
50;2025-11-07;14;1434
50;2025-11-07;15;1652
50;2025-11-07;16;1807
50;2025-11-07;17;2142
50;2025-11-07;18;1905
50;2025-11-07;19;1331
50;2025-11-07;20;851
50;2025-11-07;21;605
50;2025-11-07;22;259
50;2025-11-07;23;174
50;2025-11-08;0;33
50;2025-11-08;1;0
50;2025-11-08;2;0
50;2025-11-08;3;0
50;2025-11-08;4;0
50;2025-11-08;5;17
50;2025-11-08;6;74
50;2025-11-08;7;204
50;2025-11-08;8;319
50;2025-11-08;9;427
50;2025-11-08;10;451
50;2025-11-08;11;484
50;2025-11-08;12;503
50;2025-11-08;13;499
50;2025-11-08;14;497
50;2025-11-08;15;483
50;2025-11-08;16;479
50;2025-11-08;17;483
50;2025-11-08;18;436
50;2025-11-08;19;415
50;2025-11-08;20;305
50;2025-11-08;21;209
50;2025-11-08;22;86
50;2025-11-08;23;57
50;2025-11-09;0;22
50;2025-11-09;1;0
50;2025-11-09;2;0
50;2025-11-09;3;0
50;2025-11-09;4;0
50;2025-11-09;5;1
50;2025-11-09;6;39
50;2025-11-09;7;117
50;2025-11-09;8;214
50;2025-11-09;9;320
50;2025-11-09;10;345
50;2025-11-09;11;433
50;2025-11-09;12;442
50;2025-11-09;13;458
50;2025-11-09;14;461
50;2025-11-09;15;429
50;2025-11-09;16;431
50;2025-11-09;17;428
50;2025-11-09;18;338
50;2025-11-09;19;275
50;2025-11-09;20;219
50;2025-11-09;21;128
50;2025-11-09;22;17
50;2025-11-09;23;0
50;2025-11-10;0;0
50;2025-11-10;1;0
50;2025-11-10;2;0
50;2025-11-10;3;0
50;2025-11-10;4;0
50;2025-11-10;5;39
50;2025-11-10;6;465
50;2025-11-10;7;1638
50;2025-11-10;8;2624
50;2025-11-10;9;1931
50;2025-11-10;10;1515
50;2025-11-10;11;1443
50;2025-11-10;12;1390
50;2025-11-10;13;1396
50;2025-11-10;14;1347
50;2025-11-10;15;1523
50;2025-11-10;16;1620
50;2025-11-10;17;2207
50;2025-11-10;18;2322
50;2025-11-10;19;1401
50;2025-11-10;20;855
50;2025-11-10;21;565
50;2025-11-10;22;190
50;2025-11-10;23;92
50;2025-11-11;0;0
50;2025-11-11;1;1
50;2025-11-11;2;0
50;2025-11-11;3;0
50;2025-11-11;4;0
50;2025-11-11;5;58
50;2025-11-11;6;495
50;2025-11-11;7;1683
50;2025-11-11;8;2698
50;2025-11-11;9;1979
50;2025-11-11;10;1571
50;2025-11-11;11;1479
50;2025-11-11;12;1443
50;2025-11-11;13;1462
50;2025-11-11;14;1420
50;2025-11-11;15;1558
50;2025-11-11;16;1648
50;2025-11-11;17;2248
50;2025-11-11;18;2385
50;2025-11-11;19;1478
50;2025-11-11;20;901
50;2025-11-11;21;603
50;2025-11-11;22;205
50;2025-11-11;23;113
50;2025-11-12;0;0
50;2025-11-12;1;0
50;2025-11-12;2;0
50;2025-11-12;3;0
50;2025-11-12;4;0
50;2025-11-12;5;57
50;2025-11-12;6;477
50;2025-11-12;7;1663
50;2025-11-12;8;2682
50;2025-11-12;9;1957
50;2025-11-12;10;1552
50;2025-11-12;11;1473
50;2025-11-12;12;1424
50;2025-11-12;13;1404
50;2025-11-12;14;1354
50;2025-11-12;15;1524
50;2025-11-12;16;1644
50;2025-11-12;17;2233
50;2025-11-12;18;2375
50;2025-11-12;19;1458
50;2025-11-12;20;881
50;2025-11-12;21;592
50;2025-11-12;22;217
50;2025-11-12;23;117
50;2025-11-13;0;0
50;2025-11-13;1;0
50;2025-11-13;2;0
50;2025-11-13;3;0
50;2025-11-13;4;0
50;2025-11-13;5;49
50;2025-11-13;6;474
50;2025-11-13;7;1660
50;2025-11-13;8;2650
50;2025-11-13;9;1942
50;2025-11-13;10;1561
50;2025-11-13;11;1484
50;2025-11-13;12;1465
50;2025-11-13;13;1462
50;2025-11-13;14;1428
50;2025-11-13;15;1583
50;2025-11-13;16;1694
50;2025-11-13;17;2273
50;2025-11-13;18;2404
50;2025-11-13;19;1491
50;2025-11-13;20;915
50;2025-11-13;21;629
50;2025-11-13;22;204
50;2025-11-13;23;112
50;2025-11-14;0;0
50;2025-11-14;1;0
50;2025-11-14;2;0
50;2025-11-14;3;0
50;2025-11-14;4;0
50;2025-11-14;5;38
50;2025-11-14;6;463
50;2025-11-14;7;1611
50;2025-11-14;8;2547
50;2025-11-14;9;1926
50;2025-11-14;10;1565
50;2025-11-14;11;1498
50;2025-11-14;12;1477
50;2025-11-14;13;1484
50;2025-11-14;14;1427
50;2025-11-14;15;1645
50;2025-11-14;16;1801
50;2025-11-14;17;2155
50;2025-11-14;18;1925
50;2025-11-14;19;1334
50;2025-11-14;20;853
50;2025-11-14;21;609
50;2025-11-14;22;235
50;2025-11-14;23;156
50;2025-11-15;0;0
50;2025-11-15;1;0
50;2025-11-15;2;0
50;2025-11-15;3;0
50;2025-11-15;4;0
50;2025-11-15;5;0
50;2025-11-15;6;24
50;2025-11-15;7;148
50;2025-11-15;8;259
50;2025-11-15;9;364
50;2025-11-15;10;371
50;2025-11-15;11;406
50;2025-11-15;12;414
50;2025-11-15;13;445
50;2025-11-15;14;466
50;2025-11-15;15;456
50;2025-11-15;16;445
50;2025-11-15;17;461
50;2025-11-15;18;412
50;2025-11-15;19;379
50;2025-11-15;20;289
50;2025-11-15;21;177
50;2025-11-15;22;63
50;2025-11-15;23;0
50;2025-11-16;0;0
50;2025-11-16;1;0
50;2025-11-16;2;0
50;2025-11-16;3;0
50;2025-11-16;4;0
50;2025-11-16;5;0
50;2025-11-16;6;0
50;2025-11-16;7;75
50;2025-11-16;8;174
50;2025-11-16;9;288
50;2025-11-16;10;322
50;2025-11-16;11;408
50;2025-11-16;12;424
50;2025-11-16;13;441
50;2025-11-16;14;416
50;2025-11-16;15;411
50;2025-11-16;16;419
50;2025-11-16;17;441
50;2025-11-16;18;365
50;2025-11-16;19;285
50;2025-11-16;20;227
50;2025-11-16;21;138
50;2025-11-16;22;20
50;2025-11-16;23;0
50;2025-11-17;0;0
50;2025-11-17;1;1
50;2025-11-17;2;0
50;2025-11-17;3;0
50;2025-11-17;4;0
50;2025-11-17;5;39
50;2025-11-17;6;475
50;2025-11-17;7;1644
50;2025-11-17;8;2634
50;2025-11-17;9;1943
50;2025-11-17;10;1516
50;2025-11-17;11;1443
50;2025-11-17;12;1376
50;2025-11-17;13;1349
50;2025-11-17;14;1323
50;2025-11-17;15;1520
50;2025-11-17;16;1622
50;2025-11-17;17;2202
50;2025-11-17;18;2332
50;2025-11-17;19;1411
50;2025-11-17;20;850
50;2025-11-17;21;570
50;2025-11-17;22;188
50;2025-11-17;23;90
50;2025-11-18;0;0
50;2025-11-18;1;0
50;2025-11-18;2;0
50;2025-11-18;3;0
50;2025-11-18;4;0
50;2025-11-18;5;49
50;2025-11-18;6;531
50;2025-11-18;7;1724
50;2025-11-18;8;2750
50;2025-11-18;9;1937
50;2025-11-18;10;1529
50;2025-11-18;11;1507
50;2025-11-18;12;1468
50;2025-11-18;13;1417
50;2025-11-18;14;1375
50;2025-11-18;15;1598
50;2025-11-18;16;1669
50;2025-11-18;17;2250
50;2025-11-18;18;2405
50;2025-11-18;19;1469
50;2025-11-18;20;899
50;2025-11-18;21;604
50;2025-11-18;22;207
50;2025-11-18;23;113
50;2025-11-19;0;0
50;2025-11-19;1;0
50;2025-11-19;2;0
50;2025-11-19;3;0
50;2025-11-19;4;0
50;2025-11-19;5;58
50;2025-11-19;6;477
50;2025-11-19;7;1666
50;2025-11-19;8;2687
50;2025-11-19;9;1959
50;2025-11-19;10;1562
50;2025-11-19;11;1485
50;2025-11-19;12;1443
50;2025-11-19;13;1425
50;2025-11-19;14;1379
50;2025-11-19;15;1550
50;2025-11-19;16;1647
50;2025-11-19;17;2235
50;2025-11-19;18;2392
50;2025-11-19;19;1456
50;2025-11-19;20;878
50;2025-11-19;21;591
50;2025-11-19;22;217
50;2025-11-19;23;115
50;2025-11-20;0;0
50;2025-11-20;1;0
50;2025-11-20;2;0
50;2025-11-20;3;0
50;2025-11-20;4;0
50;2025-11-20;5;50
50;2025-11-20;6;474
50;2025-11-20;7;1663
50;2025-11-20;8;2664
50;2025-11-20;9;1948
50;2025-11-20;10;1564
50;2025-11-20;11;1476
50;2025-11-20;12;1431
50;2025-11-20;13;1411
50;2025-11-20;14;1373
50;2025-11-20;15;1535
50;2025-11-20;16;1637
50;2025-11-20;17;2219
50;2025-11-20;18;2368
50;2025-11-20;19;1455
50;2025-11-20;20;897
50;2025-11-20;21;611
50;2025-11-20;22;214
50;2025-11-20;23;113
50;2025-11-21;0;0
50;2025-11-21;1;0
50;2025-11-21;2;0
50;2025-11-21;3;0
50;2025-11-21;4;0
50;2025-11-21;5;25
50;2025-11-21;6;472
50;2025-11-21;7;1617
50;2025-11-21;8;2563
50;2025-11-21;9;1893
50;2025-11-21;10;1522
50;2025-11-21;11;1466
50;2025-11-21;12;1417
50;2025-11-21;13;1436
50;2025-11-21;14;1382
50;2025-11-21;15;1602
50;2025-11-21;16;1761
50;2025-11-21;17;2114
50;2025-11-21;18;1884
50;2025-11-21;19;1293
50;2025-11-21;20;809
50;2025-11-21;21;565
50;2025-11-21;22;211
50;2025-11-21;23;123
50;2025-11-22;0;0
50;2025-11-22;1;0
50;2025-11-22;2;0
50;2025-11-22;3;0
50;2025-11-22;4;0
50;2025-11-22;5;0
50;2025-11-22;6;33
50;2025-11-22;7;162
50;2025-11-22;8;273
50;2025-11-22;9;370
50;2025-11-22;10;408
50;2025-11-22;11;459
50;2025-11-22;12;464
50;2025-11-22;13;464
50;2025-11-22;14;460
50;2025-11-22;15;445
50;2025-11-22;16;444
50;2025-11-22;17;449
50;2025-11-22;18;395
50;2025-11-22;19;374
50;2025-11-22;20;257
50;2025-11-22;21;145
50;2025-11-22;22;30
50;2025-11-22;23;0
50;2025-11-23;0;0
50;2025-11-23;1;0
50;2025-11-23;2;0
50;2025-11-23;3;0
50;2025-11-23;4;0
50;2025-11-23;5;0
50;2025-11-23;6;0
50;2025-11-23;7;73
50;2025-11-23;8;174
50;2025-11-23;9;271
50;2025-11-23;10;295
50;2025-11-23;11;384
50;2025-11-23;12;407
50;2025-11-23;13;431
50;2025-11-23;14;423
50;2025-11-23;15;414
50;2025-11-23;16;409
50;2025-11-23;17;430
50;2025-11-23;18;350
50;2025-11-23;19;275
50;2025-11-23;20;220
50;2025-11-23;21;131
50;2025-11-23;22;17
50;2025-11-23;23;0
50;2025-11-24;0;0
50;2025-11-24;1;0
50;2025-11-24;2;0
50;2025-11-24;3;0
50;2025-11-24;4;0
50;2025-11-24;5;9
50;2025-11-24;6;463
50;2025-11-24;7;1641
50;2025-11-24;8;2627
50;2025-11-24;9;1917
50;2025-11-24;10;1488
50;2025-11-24;11;1403
50;2025-11-24;12;1370
50;2025-11-24;13;1386
50;2025-11-24;14;1335
50;2025-11-24;15;1528
50;2025-11-24;16;1617
50;2025-11-24;17;2207
50;2025-11-24;18;2325
50;2025-11-24;19;1401
50;2025-11-24;20;855
50;2025-11-24;21;555
50;2025-11-24;22;190
50;2025-11-24;23;91
50;2025-11-25;0;0
50;2025-11-25;1;2
50;2025-11-25;2;0
50;2025-11-25;3;0
50;2025-11-25;4;0
50;2025-11-25;5;58
50;2025-11-25;6;494
50;2025-11-25;7;1685
50;2025-11-25;8;2710
50;2025-11-25;9;1980
50;2025-11-25;10;1569
50;2025-11-25;11;1490
50;2025-11-25;12;1444
50;2025-11-25;13;1426
50;2025-11-25;14;1385
50;2025-11-25;15;1565
50;2025-11-25;16;1651
50;2025-11-25;17;2249
50;2025-11-25;18;2408
50;2025-11-25;19;1477
50;2025-11-25;20;902
50;2025-11-25;21;603
50;2025-11-25;22;207
50;2025-11-25;23;113
50;2025-11-26;0;0
50;2025-11-26;1;0
50;2025-11-26;2;0
50;2025-11-26;3;0
50;2025-11-26;4;0
50;2025-11-26;5;26
50;2025-11-26;6;461
50;2025-11-26;7;1655
50;2025-11-26;8;2686
50;2025-11-26;9;1928
50;2025-11-26;10;1516
50;2025-11-26;11;1439
50;2025-11-26;12;1420
50;2025-11-26;13;1405
50;2025-11-26;14;1363
50;2025-11-26;15;1536
50;2025-11-26;16;1584
50;2025-11-26;17;2184
50;2025-11-26;18;2404
50;2025-11-26;19;1457
50;2025-11-26;20;874
50;2025-11-26;21;598
50;2025-11-26;22;213
50;2025-11-26;23;110
50;2025-11-27;0;0
50;2025-11-27;1;0
50;2025-11-27;2;0
50;2025-11-27;3;0
50;2025-11-27;4;0
50;2025-11-27;5;49
50;2025-11-27;6;474
50;2025-11-27;7;1660
50;2025-11-27;8;2658
50;2025-11-27;9;1941
50;2025-11-27;10;1560
50;2025-11-27;11;1452
50;2025-11-27;12;1403
50;2025-11-27;13;1394
50;2025-11-27;14;1340
50;2025-11-27;15;1530
50;2025-11-27;16;1636
50;2025-11-27;17;2194
50;2025-11-27;18;2319
50;2025-11-27;19;1425
50;2025-11-27;20;884
50;2025-11-27;21;617
50;2025-11-27;22;218
50;2025-11-27;23;105
50;2025-11-28;0;0
50;2025-11-28;1;0
50;2025-11-28;2;0
50;2025-11-28;3;0
50;2025-11-28;4;0
50;2025-11-28;5;60
50;2025-11-28;6;463
50;2025-11-28;7;1610
50;2025-11-28;8;2557
50;2025-11-28;9;1892
50;2025-11-28;10;1522
50;2025-11-28;11;1463
50;2025-11-28;12;1434
50;2025-11-28;13;1436
50;2025-11-28;14;1382
50;2025-11-28;15;1598
50;2025-11-28;16;1761
50;2025-11-28;17;2114
50;2025-11-28;18;1879
50;2025-11-28;19;1293
50;2025-11-28;20;809
50;2025-11-28;21;565
50;2025-11-28;22;211
50;2025-11-28;23;124
50;2025-11-29;0;0
50;2025-11-29;1;0
50;2025-11-29;2;0
50;2025-11-29;3;0
50;2025-11-29;4;0
50;2025-11-29;5;0
50;2025-11-29;6;34
50;2025-11-29;7;162
50;2025-11-29;8;288
50;2025-11-29;9;389
50;2025-11-29;10;409
50;2025-11-29;11;459
50;2025-11-29;12;463
50;2025-11-29;13;463
50;2025-11-29;14;459
50;2025-11-29;15;445
50;2025-11-29;16;443
50;2025-11-29;17;449
50;2025-11-29;18;396
50;2025-11-29;19;375
50;2025-11-29;20;257
50;2025-11-29;21;169
50;2025-11-29;22;47
50;2025-11-29;23;8
50;2025-11-30;0;0
50;2025-11-30;1;0
50;2025-11-30;2;0
50;2025-11-30;3;0
50;2025-11-30;4;0
50;2025-11-30;5;0
50;2025-11-30;6;0
50;2025-11-30;7;72
50;2025-11-30;8;169
50;2025-11-30;9;273
50;2025-11-30;10;295
50;2025-11-30;11;387
50;2025-11-30;12;406
50;2025-11-30;13;422
50;2025-11-30;14;412
50;2025-11-30;15;397
50;2025-11-30;16;412
50;2025-11-30;17;428
50;2025-11-30;18;343
50;2025-11-30;19;274
50;2025-11-30;20;221
50;2025-11-30;21;130
50;2025-11-30;22;19
50;2025-11-30;23;0
50;2025-12-01;0;0
50;2025-12-01;1;1
50;2025-12-01;2;0
50;2025-12-01;3;0
50;2025-12-01;4;0
50;2025-12-01;5;26
50;2025-12-01;6;464
50;2025-12-01;7;1640
50;2025-12-01;8;2628
50;2025-12-01;9;1931
50;2025-12-01;10;1515
50;2025-12-01;11;1445
50;2025-12-01;12;1390
50;2025-12-01;13;1396
50;2025-12-01;14;1346
50;2025-12-01;15;1527
50;2025-12-01;16;1618
50;2025-12-01;17;2208
50;2025-12-01;18;2326
50;2025-12-01;19;1402
50;2025-12-01;20;853
50;2025-12-01;21;564
50;2025-12-01;22;188
50;2025-12-01;23;89
50;2025-12-02;0;0
50;2025-12-02;1;1
50;2025-12-02;2;0
50;2025-12-02;3;0
50;2025-12-02;4;0
50;2025-12-02;5;57
50;2025-12-02;6;493
50;2025-12-02;7;1685
50;2025-12-02;8;2701
50;2025-12-02;9;1979
50;2025-12-02;10;1570
50;2025-12-02;11;1490
50;2025-12-02;12;1446
50;2025-12-02;13;1428
50;2025-12-02;14;1383
50;2025-12-02;15;1563
50;2025-12-02;16;1651
50;2025-12-02;17;2250
50;2025-12-02;18;2397
50;2025-12-02;19;1476
50;2025-12-02;20;902
50;2025-12-02;21;604
50;2025-12-02;22;207
50;2025-12-02;23;113
50;2025-12-03;0;0
50;2025-12-03;1;0
50;2025-12-03;2;0
50;2025-12-03;3;0
50;2025-12-03;4;0
50;2025-12-03;5;56
50;2025-12-03;6;475
50;2025-12-03;7;1665
50;2025-12-03;8;2687
50;2025-12-03;9;1960
50;2025-12-03;10;1562
50;2025-12-03;11;1485
50;2025-12-03;12;1443
50;2025-12-03;13;1425
50;2025-12-03;14;1377
50;2025-12-03;15;1548
50;2025-12-03;16;1647
50;2025-12-03;17;2236
50;2025-12-03;18;2381
50;2025-12-03;19;1455
50;2025-12-03;20;881
50;2025-12-03;21;594
50;2025-12-03;22;219
50;2025-12-03;23;117
50;2025-12-04;0;0
50;2025-12-04;1;0
50;2025-12-04;2;0
50;2025-12-04;3;0
50;2025-12-04;4;0
50;2025-12-04;5;50
50;2025-12-04;6;474
50;2025-12-04;7;1664
50;2025-12-04;8;2665
50;2025-12-04;9;1950
50;2025-12-04;10;1563
50;2025-12-04;11;1475
50;2025-12-04;12;1430
50;2025-12-04;13;1411
50;2025-12-04;14;1373
50;2025-12-04;15;1535
50;2025-12-04;16;1639
50;2025-12-04;17;2219
50;2025-12-04;18;2364
50;2025-12-04;19;1456
50;2025-12-04;20;899
50;2025-12-04;21;614
50;2025-12-04;22;215
50;2025-12-04;23;115
50;2025-12-05;0;0
50;2025-12-05;1;0
50;2025-12-05;2;0
50;2025-12-05;3;0
50;2025-12-05;4;0
50;2025-12-05;5;41
50;2025-12-05;6;472
50;2025-12-05;7;1622
50;2025-12-05;8;2561
50;2025-12-05;9;1895
50;2025-12-05;10;1522
50;2025-12-05;11;1462
50;2025-12-05;12;1434
50;2025-12-05;13;1436
50;2025-12-05;14;1382
50;2025-12-05;15;1601
50;2025-12-05;16;1761
50;2025-12-05;17;2114
50;2025-12-05;18;1879
50;2025-12-05;19;1293
50;2025-12-05;20;836
50;2025-12-05;21;565
50;2025-12-05;22;211
50;2025-12-05;23;124
50;2025-12-06;0;0
50;2025-12-06;1;0
50;2025-12-06;2;0
50;2025-12-06;3;0
50;2025-12-06;4;0
50;2025-12-06;5;0
50;2025-12-06;6;35
50;2025-12-06;7;164
50;2025-12-06;8;287
50;2025-12-06;9;392
50;2025-12-06;10;409
50;2025-12-06;11;460
50;2025-12-06;12;464
50;2025-12-06;13;463
50;2025-12-06;14;460
50;2025-12-06;15;445
50;2025-12-06;16;445
50;2025-12-06;17;448
50;2025-12-06;18;396
50;2025-12-06;19;375
50;2025-12-06;20;258
50;2025-12-06;21;170
50;2025-12-06;22;48
50;2025-12-06;23;7
50;2025-12-07;0;0
50;2025-12-07;1;0
50;2025-12-07;2;0
50;2025-12-07;3;0
50;2025-12-07;4;0
50;2025-12-07;5;0
50;2025-12-07;6;0
50;2025-12-07;7;72
50;2025-12-07;8;170
50;2025-12-07;9;272
50;2025-12-07;10;295
50;2025-12-07;11;387
50;2025-12-07;12;409
50;2025-12-07;13;424
50;2025-12-07;14;414
50;2025-12-07;15;399
50;2025-12-07;16;412
50;2025-12-07;17;431
50;2025-12-07;18;346
50;2025-12-07;19;276
50;2025-12-07;20;220
50;2025-12-07;21;130
50;2025-12-07;22;18
50;2025-12-07;23;0
50;2025-12-08;0;0
50;2025-12-08;1;1
50;2025-12-08;2;0
50;2025-12-08;3;0
50;2025-12-08;4;0
50;2025-12-08;5;39
50;2025-12-08;6;464
50;2025-12-08;7;1640
50;2025-12-08;8;2628
50;2025-12-08;9;1930
50;2025-12-08;10;1515
50;2025-12-08;11;1446
50;2025-12-08;12;1390
50;2025-12-08;13;1396
50;2025-12-08;14;1346
50;2025-12-08;15;1527
50;2025-12-08;16;1618
50;2025-12-08;17;2208
50;2025-12-08;18;2325
50;2025-12-08;19;1402
50;2025-12-08;20;853
50;2025-12-08;21;564
50;2025-12-08;22;188
50;2025-12-08;23;89
50;2025-12-09;0;0
50;2025-12-09;1;1
50;2025-12-09;2;0
50;2025-12-09;3;0
50;2025-12-09;4;0
50;2025-12-09;5;59
50;2025-12-09;6;494
50;2025-12-09;7;1684
50;2025-12-09;8;2702
50;2025-12-09;9;1977
50;2025-12-09;10;1570
50;2025-12-09;11;1490
50;2025-12-09;12;1445
50;2025-12-09;13;1427
50;2025-12-09;14;1384
50;2025-12-09;15;1560
50;2025-12-09;16;1647
50;2025-12-09;17;2250
50;2025-12-09;18;2396
50;2025-12-09;19;1477
50;2025-12-09;20;900
50;2025-12-09;21;602
50;2025-12-09;22;211
50;2025-12-09;23;99
50;2025-12-10;0;0
50;2025-12-10;1;0
50;2025-12-10;2;0
50;2025-12-10;3;0
50;2025-12-10;4;0
50;2025-12-10;5;37
50;2025-12-10;6;472
50;2025-12-10;7;1661
50;2025-12-10;8;2679
50;2025-12-10;9;1938
50;2025-12-10;10;1540
50;2025-12-10;11;1453
50;2025-12-10;12;1441
50;2025-12-10;13;1422
50;2025-12-10;14;1379
50;2025-12-10;15;1549
50;2025-12-10;16;1645
50;2025-12-10;17;2235
50;2025-12-10;18;2392
50;2025-12-10;19;1456
50;2025-12-10;20;878
50;2025-12-10;21;591
50;2025-12-10;22;217
50;2025-12-10;23;115
50;2025-12-11;0;0
50;2025-12-11;1;0
50;2025-12-11;2;0
50;2025-12-11;3;0
50;2025-12-11;4;0
50;2025-12-11;5;50
50;2025-12-11;6;476
50;2025-12-11;7;1665
50;2025-12-11;8;2643
50;2025-12-11;9;1921
50;2025-12-11;10;1546
50;2025-12-11;11;1470
50;2025-12-11;12;1415
50;2025-12-11;13;1397
50;2025-12-11;14;1373
50;2025-12-11;15;1521
50;2025-12-11;16;1627
50;2025-12-11;17;2194
50;2025-12-11;18;2361
50;2025-12-11;19;1430
50;2025-12-11;20;886
50;2025-12-11;21;603
50;2025-12-11;22;211
50;2025-12-11;23;115
50;2025-12-12;0;0
50;2025-12-12;1;0
50;2025-12-12;2;0
50;2025-12-12;3;0
50;2025-12-12;4;0
50;2025-12-12;5;37
50;2025-12-12;6;472
50;2025-12-12;7;1615
50;2025-12-12;8;2551
50;2025-12-12;9;1888
50;2025-12-12;10;1512
50;2025-12-12;11;1459
50;2025-12-12;12;1409
50;2025-12-12;13;1396
50;2025-12-12;14;1341
50;2025-12-12;15;1569
50;2025-12-12;16;1711
50;2025-12-12;17;2078
50;2025-12-12;18;1863
50;2025-12-12;19;1298
50;2025-12-12;20;810
50;2025-12-12;21;569
50;2025-12-12;22;212
50;2025-12-12;23;115
50;2025-12-13;0;0
50;2025-12-13;1;0
50;2025-12-13;2;0
50;2025-12-13;3;0
50;2025-12-13;4;0
50;2025-12-13;5;0
50;2025-12-13;6;37
50;2025-12-13;7;169
50;2025-12-13;8;279
50;2025-12-13;9;394
50;2025-12-13;10;409
50;2025-12-13;11;456
50;2025-12-13;12;472
50;2025-12-13;13;465
50;2025-12-13;14;461
50;2025-12-13;15;455
50;2025-12-13;16;442
50;2025-12-13;17;451
50;2025-12-13;18;402
50;2025-12-13;19;377
50;2025-12-13;20;253
50;2025-12-13;21;163
50;2025-12-13;22;49
50;2025-12-13;23;0
50;2025-12-14;0;0
50;2025-12-14;1;0
50;2025-12-14;2;0
50;2025-12-14;3;0
50;2025-12-14;4;0
50;2025-12-14;5;0
50;2025-12-14;6;0
50;2025-12-14;7;75
50;2025-12-14;8;161
50;2025-12-14;9;265
50;2025-12-14;10;289
50;2025-12-14;11;376
50;2025-12-14;12;403
50;2025-12-14;13;421
50;2025-12-14;14;408
50;2025-12-14;15;396
50;2025-12-14;16;403
50;2025-12-14;17;424
50;2025-12-14;18;344
50;2025-12-14;19;263
50;2025-12-14;20;210
50;2025-12-14;21;128
50;2025-12-14;22;17
50;2025-12-14;23;0
50;2025-12-15;0;0
50;2025-12-15;1;0
50;2025-12-15;2;0
50;2025-12-15;3;0
50;2025-12-15;4;0
50;2025-12-15;5;40
50;2025-12-15;6;472
50;2025-12-15;7;1647
50;2025-12-15;8;2633
50;2025-12-15;9;1943
50;2025-12-15;10;1531
50;2025-12-15;11;1422
50;2025-12-15;12;1394
50;2025-12-15;13;1395
50;2025-12-15;14;1352
50;2025-12-15;15;1537
50;2025-12-15;16;1623
50;2025-12-15;17;2211
50;2025-12-15;18;2337
50;2025-12-15;19;1423
50;2025-12-15;20;853
50;2025-12-15;21;574
50;2025-12-15;22;196
50;2025-12-15;23;94
50;2025-12-16;0;0
50;2025-12-16;1;1
50;2025-12-16;2;0
50;2025-12-16;3;0
50;2025-12-16;4;0
50;2025-12-16;5;60
50;2025-12-16;6;506
50;2025-12-16;7;1686
50;2025-12-16;8;2712
50;2025-12-16;9;1988
50;2025-12-16;10;1553
50;2025-12-16;11;1457
50;2025-12-16;12;1395
50;2025-12-16;13;1362
50;2025-12-16;14;1370
50;2025-12-16;15;1569
50;2025-12-16;16;1657
50;2025-12-16;17;2255
50;2025-12-16;18;2420
50;2025-12-16;19;1486
50;2025-12-16;20;899
50;2025-12-16;21;610
50;2025-12-16;22;208
50;2025-12-16;23;112
50;2025-12-17;0;0
50;2025-12-17;1;0
50;2025-12-17;2;0
50;2025-12-17;3;0
50;2025-12-17;4;0
50;2025-12-17;5;57
50;2025-12-17;6;484
50;2025-12-17;7;1666
50;2025-12-17;8;2695
50;2025-12-17;9;1963
50;2025-12-17;10;1562
50;2025-12-17;11;1485
50;2025-12-17;12;1443
50;2025-12-17;13;1425
50;2025-12-17;14;1379
50;2025-12-17;15;1550
50;2025-12-17;16;1647
50;2025-12-17;17;2235
50;2025-12-17;18;2392
50;2025-12-17;19;1456
50;2025-12-17;20;880
50;2025-12-17;21;591
50;2025-12-17;22;217
50;2025-12-17;23;115
50;2025-12-18;0;0
50;2025-12-18;1;0
50;2025-12-18;2;0
50;2025-12-18;3;0
50;2025-12-18;4;0
50;2025-12-18;5;48
50;2025-12-18;6;473
50;2025-12-18;7;1664
50;2025-12-18;8;2663
50;2025-12-18;9;1948
50;2025-12-18;10;1563
50;2025-12-18;11;1476
50;2025-12-18;12;1429
50;2025-12-18;13;1409
50;2025-12-18;14;1373
50;2025-12-18;15;1535
50;2025-12-18;16;1637
50;2025-12-18;17;2218
50;2025-12-18;18;2368
50;2025-12-18;19;1455
50;2025-12-18;20;898
50;2025-12-18;21;613
50;2025-12-18;22;215
50;2025-12-18;23;115
50;2025-12-19;0;0
50;2025-12-19;1;0
50;2025-12-19;2;0
50;2025-12-19;3;0
50;2025-12-19;4;0
50;2025-12-19;5;41
50;2025-12-19;6;472
50;2025-12-19;7;1622
50;2025-12-19;8;2560
50;2025-12-19;9;1893
50;2025-12-19;10;1522
50;2025-12-19;11;1466
50;2025-12-19;12;1431
50;2025-12-19;13;1433
50;2025-12-19;14;1382
50;2025-12-19;15;1602
50;2025-12-19;16;1758
50;2025-12-19;17;2097
50;2025-12-19;18;1893
50;2025-12-19;19;1293
50;2025-12-19;20;807
50;2025-12-19;21;565
50;2025-12-19;22;212
50;2025-12-19;23;121
50;2025-12-20;0;0
50;2025-12-20;1;0
50;2025-12-20;2;0
50;2025-12-20;3;0
50;2025-12-20;4;0
50;2025-12-20;5;0
50;2025-12-20;6;33
50;2025-12-20;7;162
50;2025-12-20;8;288
50;2025-12-20;9;390
50;2025-12-20;10;410
50;2025-12-20;11;459
50;2025-12-20;12;464
50;2025-12-20;13;462
50;2025-12-20;14;460
50;2025-12-20;15;445
50;2025-12-20;16;443
50;2025-12-20;17;449
50;2025-12-20;18;400
50;2025-12-20;19;375
50;2025-12-20;20;258
50;2025-12-20;21;171
50;2025-12-20;22;47
50;2025-12-20;23;8
50;2025-12-21;0;0
50;2025-12-21;1;0
50;2025-12-21;2;0
50;2025-12-21;3;0
50;2025-12-21;4;0
50;2025-12-21;5;0
50;2025-12-21;6;0
50;2025-12-21;7;70
50;2025-12-21;8;155
50;2025-12-21;9;271
50;2025-12-21;10;295
50;2025-12-21;11;387
50;2025-12-21;12;408
50;2025-12-21;13;423
50;2025-12-21;14;415
50;2025-12-21;15;399
50;2025-12-21;16;412
50;2025-12-21;17;431
50;2025-12-21;18;346
50;2025-12-21;19;276
50;2025-12-21;20;220
50;2025-12-21;21;130
50;2025-12-21;22;15
50;2025-12-21;23;0
50;2025-12-22;0;0
50;2025-12-22;1;0
50;2025-12-22;2;0
50;2025-12-22;3;0
50;2025-12-22;4;0
50;2025-12-22;5;40
50;2025-12-22;6;465
50;2025-12-22;7;1641
50;2025-12-22;8;2629
50;2025-12-22;9;1929
50;2025-12-22;10;1499
50;2025-12-22;11;1439
50;2025-12-22;12;1376
50;2025-12-22;13;1396
50;2025-12-22;14;1346
50;2025-12-22;15;1513
50;2025-12-22;16;1614
50;2025-12-22;17;2205
50;2025-12-22;18;2312
50;2025-12-22;19;1405
50;2025-12-22;20;854
50;2025-12-22;21;568
50;2025-12-22;22;188
50;2025-12-22;23;79
50;2025-12-23;0;0
50;2025-12-23;1;0
50;2025-12-23;2;0
50;2025-12-23;3;0
50;2025-12-23;4;0
50;2025-12-23;5;59
50;2025-12-23;6;498
50;2025-12-23;7;1692
50;2025-12-23;8;2709
50;2025-12-23;9;1991
50;2025-12-23;10;1576
50;2025-12-23;11;1488
50;2025-12-23;12;1453
50;2025-12-23;13;1426
50;2025-12-23;14;1380
50;2025-12-23;15;1571
50;2025-12-23;16;1646
50;2025-12-23;17;2251
50;2025-12-23;18;2392
50;2025-12-23;19;1482
50;2025-12-23;20;904
50;2025-12-23;21;603
50;2025-12-23;22;212
50;2025-12-23;23;113
50;2025-12-24;0;0
50;2025-12-24;1;0
50;2025-12-24;2;0
50;2025-12-24;3;0
50;2025-12-24;4;0
50;2025-12-24;5;56
50;2025-12-24;6;477
50;2025-12-24;7;1670
50;2025-12-24;8;2698
50;2025-12-24;9;1964
50;2025-12-24;10;1566
50;2025-12-24;11;1480
50;2025-12-24;12;1424
50;2025-12-24;13;1403
50;2025-12-24;14;1373
50;2025-12-24;15;1537
50;2025-12-24;16;1640
50;2025-12-24;17;2238
50;2025-12-24;18;2379
50;2025-12-24;19;1459
50;2025-12-24;20;877
50;2025-12-24;21;590
50;2025-12-24;22;220
50;2025-12-24;23;102
50;2025-12-25;0;0
50;2025-12-25;1;0
50;2025-12-25;2;0
50;2025-12-25;3;0
50;2025-12-25;4;0
50;2025-12-25;5;49
50;2025-12-25;6;477
50;2025-12-25;7;1664
50;2025-12-25;8;2673
50;2025-12-25;9;1952
50;2025-12-25;10;1564
50;2025-12-25;11;1473
50;2025-12-25;12;1424
50;2025-12-25;13;1402
50;2025-12-25;14;1370
50;2025-12-25;15;1538
50;2025-12-25;16;1635
50;2025-12-25;17;2194
50;2025-12-25;18;2356
50;2025-12-25;19;1452
50;2025-12-25;20;860
50;2025-12-25;21;615
50;2025-12-25;22;191
50;2025-12-25;23;89
50;2025-12-26;0;0
50;2025-12-26;1;0
50;2025-12-26;2;0
50;2025-12-26;3;0
50;2025-12-26;4;0
50;2025-12-26;5;43
50;2025-12-26;6;468
50;2025-12-26;7;1636
50;2025-12-26;8;2559
50;2025-12-26;9;1899
50;2025-12-26;10;1513
50;2025-12-26;11;1443
50;2025-12-26;12;1407
50;2025-12-26;13;1429
50;2025-12-26;14;1389
50;2025-12-26;15;1612
50;2025-12-26;16;1754
50;2025-12-26;17;2095
50;2025-12-26;18;1896
50;2025-12-26;19;1284
50;2025-12-26;20;808
50;2025-12-26;21;572
50;2025-12-26;22;231
50;2025-12-26;23;125
50;2025-12-27;0;0
50;2025-12-27;1;0
50;2025-12-27;2;0
50;2025-12-27;3;0
50;2025-12-27;4;0
50;2025-12-27;5;0
50;2025-12-27;6;42
50;2025-12-27;7;176
50;2025-12-27;8;302
50;2025-12-27;9;402
50;2025-12-27;10;433
50;2025-12-27;11;477
50;2025-12-27;12;485
50;2025-12-27;13;489
50;2025-12-27;14;483
50;2025-12-27;15;475
50;2025-12-27;16;466
50;2025-12-27;17;478
50;2025-12-27;18;428
50;2025-12-27;19;389
50;2025-12-27;20;268
50;2025-12-27;21;164
50;2025-12-27;22;49
50;2025-12-27;23;2
50;2025-12-28;0;0
50;2025-12-28;1;0
50;2025-12-28;2;0
50;2025-12-28;3;0
50;2025-12-28;4;0
50;2025-12-28;5;0
50;2025-12-28;6;0
50;2025-12-28;7;89
50;2025-12-28;8;178
50;2025-12-28;9;294
50;2025-12-28;10;300
50;2025-12-28;11;393
50;2025-12-28;12;415
50;2025-12-28;13;430
50;2025-12-28;14;421
50;2025-12-28;15;420
50;2025-12-28;16;438
50;2025-12-28;17;457
50;2025-12-28;18;376
50;2025-12-28;19;290
50;2025-12-28;20;224
50;2025-12-28;21;130
50;2025-12-28;22;27
50;2025-12-28;23;0
50;2025-12-29;0;0
50;2025-12-29;1;1
50;2025-12-29;2;0
50;2025-12-29;3;0
50;2025-12-29;4;0
50;2025-12-29;5;33
50;2025-12-29;6;479
50;2025-12-29;7;1662
50;2025-12-29;8;2643
50;2025-12-29;9;1946
50;2025-12-29;10;1532
50;2025-12-29;11;1434
50;2025-12-29;12;1397
50;2025-12-29;13;1403
50;2025-12-29;14;1355
50;2025-12-29;15;1549
50;2025-12-29;16;1629
50;2025-12-29;17;2204
50;2025-12-29;18;2342
50;2025-12-29;19;1410
50;2025-12-29;20;857
50;2025-12-29;21;567
50;2025-12-29;22;201
50;2025-12-29;23;86
50;2025-12-30;0;0
50;2025-12-30;1;0
50;2025-12-30;2;0
50;2025-12-30;3;0
50;2025-12-30;4;0
50;2025-12-30;5;48
50;2025-12-30;6;503
50;2025-12-30;7;1706
50;2025-12-30;8;2711
50;2025-12-30;9;1979
50;2025-12-30;10;1568
50;2025-12-30;11;1455
50;2025-12-30;12;1455
50;2025-12-30;13;1437
50;2025-12-30;14;1395
50;2025-12-30;15;1573
50;2025-12-30;16;1654
50;2025-12-30;17;2238
50;2025-12-30;18;2435
50;2025-12-30;19;1473
50;2025-12-30;20;900
50;2025-12-30;21;621
50;2025-12-30;22;234
50;2025-12-30;23;108
50;2025-12-31;0;0
50;2025-12-31;1;0
50;2025-12-31;2;0
50;2025-12-31;3;0
50;2025-12-31;4;0
50;2025-12-31;5;7
50;2025-12-31;6;141
50;2025-12-31;7;242
50;2025-12-31;8;381
50;2025-12-31;9;412
50;2025-12-31;10;427
50;2025-12-31;11;468
50;2025-12-31;12;527
50;2025-12-31;13;493
50;2025-12-31;14;472
50;2025-12-31;15;506
50;2025-12-31;16;502
50;2025-12-31;17;546
50;2025-12-31;18;570
50;2025-12-31;19;433
50;2025-12-31;20;336
50;2025-12-31;21;263
50;2025-12-31;22;160
50;2025-12-31;23;73
